2026-09-26T21:56:31.191056Z	debug	dynamo_generic_rpc_split	generic gRPC response headers	stage="prefill" request_id=30ff0cb6-fd7f-460d-81cb-e17ffc543000 headers_us=4519
2026-09-26T21:56:31.193459Z	debug	dynamo_generic_rpc_split	generic gRPC unary response	stage="selector" request_id=30ff0cb6-fd7f-460d-81cb-e17ffc543000 elapsed_us=2284
2026-09-26T21:56:31.204300Z	debug	dynamo_generic_rpc_split	generic gRPC response headers	stage="prefill" request_id=c9936cdb-7e0e-4720-813a-72eef6f32500 headers_us=729
2026-09-26T21:56:31.205085Z	debug	dynamo_generic_rpc_split	generic gRPC unary response	stage="selector" request_id=c9936cdb-7e0e-4720-813a-72eef6f32500 elapsed_us=714
2026-09-26T21:56:31.211908Z	debug	dynamo_generic_rpc_split	generic gRPC response headers	stage="prefill" request_id=83c71536-90b6-4502-960f-ca5079127500 headers_us=882
2026-09-26T21:56:31.212733Z	debug	dynamo_generic_rpc_split	generic gRPC unary response	stage="selector" request_id=83c71536-90b6-4502-960f-ca5079127500 elapsed_us=719
2026-09-26T21:56:31.240398Z	debug	dynamo_generic_rpc_split	generic gRPC response headers	stage="prefill" request_id=04adf33b-ec42-4559-9287-b7ef68992c00 headers_us=913
2026-09-26T21:56:31.241610Z	debug	dynamo_generic_rpc_split	generic gRPC unary response	stage="selector" request_id=04adf33b-ec42-4559-9287-b7ef68992c00 elapsed_us=959
2026-09-26T21:56:31.249099Z	debug	dynamo_generic_rpc_split	generic gRPC response headers	stage="prefill" request_id=9f629f46-c822-4f28-9488-9dddf0d32c00 headers_us=1499
2026-09-26T21:56:31.252111Z	debug	dynamo_generic_rpc_split	generic gRPC unary response	stage="selector" request_id=9f629f46-c822-4f28-9488-9dddf0d32c00 elapsed_us=2898
2026-09-26T21:56:31.271640Z	debug	dynamo_generic_rpc_split	generic gRPC response headers	stage="prefill" request_id=60aa6588-e798-442c-b0f0-bd36b3658600 headers_us=2389
2026-09-26T21:56:31.273097Z	debug	dynamo_generic_rpc_split	generic gRPC response headers	stage="prefill" request_id=2f87cf43-0cca-4fd6-9d8f-14b7a31d2f00 headers_us=3022
2026-09-26T21:56:31.275521Z	debug	dynamo_generic_rpc_split	generic gRPC unary response	stage="selector" request_id=60aa6588-e798-442c-b0f0-bd36b3658600 elapsed_us=3437
2026-09-26T21:56:31.275869Z	debug	dynamo_generic_rpc_split	generic gRPC unary response	stage="selector" request_id=2f87cf43-0cca-4fd6-9d8f-14b7a31d2f00 elapsed_us=2585
2026-09-26T21:56:31.285563Z	debug	dynamo_generic_rpc_split	generic gRPC response headers	stage="prefill" request_id=11b14129-a07f-4230-806e-030bb5b88d00 headers_us=5333
2026-09-26T21:56:31.290027Z	debug	dynamo_generic_rpc_split	generic gRPC unary response	stage="selector" request_id=11b14129-a07f-4230-806e-030bb5b88d00 elapsed_us=4376
2026-09-26T21:56:31.305773Z	debug	dynamo_generic_rpc_split	generic gRPC response headers	stage="prefill" request_id=1fc20d14-d9c7-4b16-b740-b8642de00f00 headers_us=789
2026-09-26T21:56:31.306688Z	debug	dynamo_generic_rpc_split	generic gRPC unary response	stage="selector" request_id=1fc20d14-d9c7-4b16-b740-b8642de00f00 elapsed_us=799
2026-09-26T21:56:31.326415Z	debug	dynamo_generic_rpc_split	generic gRPC response headers	stage="prefill" request_id=e05a8784-8ddd-457e-8dd1-3eeb4d7f2700 headers_us=1052
2026-09-26T21:56:31.327531Z	debug	dynamo_generic_rpc_split	generic gRPC unary response	stage="selector" request_id=e05a8784-8ddd-457e-8dd1-3eeb4d7f2700 elapsed_us=1023
2026-09-26T21:56:31.328877Z	debug	dynamo_generic_rpc_split	generic gRPC response headers	stage="prefill" request_id=10cb004d-ffaa-489c-ab92-6affc254a100 headers_us=1651
2026-09-26T21:56:31.330366Z	debug	dynamo_generic_rpc_split	generic gRPC unary response	stage="selector" request_id=10cb004d-ffaa-489c-ab92-6affc254a100 elapsed_us=1384
2026-09-26T21:56:31.334762Z	debug	dynamo_generic_rpc_split	generic gRPC response headers	stage="prefill" request_id=f931dacc-18d8-4b4a-935b-7cf741b26200 headers_us=1459
2026-09-26T21:56:31.335748Z	debug	dynamo_generic_rpc_split	generic gRPC unary response	stage="selector" request_id=f931dacc-18d8-4b4a-935b-7cf741b26200 elapsed_us=900
2026-09-26T21:56:31.336874Z	debug	dynamo_generic_rpc_split	generic gRPC response headers	stage="prefill" request_id=8ac3baeb-cca4-433c-b17c-9291bbd3a400 headers_us=3258
2026-09-26T21:56:31.338651Z	debug	dynamo_generic_rpc_split	generic gRPC unary response	stage="selector" request_id=8ac3baeb-cca4-433c-b17c-9291bbd3a400 elapsed_us=1422
2026-09-26T21:56:31.342333Z	debug	dynamo_generic_rpc_split	generic gRPC response headers	stage="prefill" request_id=d77d11b2-b126-49de-bd0d-a53831bf6400 headers_us=1859
2026-09-26T21:56:31.343057Z	debug	dynamo_generic_rpc_split	generic gRPC response headers	stage="prefill" request_id=946183c6-fb76-445e-a8e2-434aba996700 headers_us=2435
2026-09-26T21:56:31.343508Z	debug	dynamo_generic_rpc_split	generic gRPC unary response	stage="selector" request_id=d77d11b2-b126-49de-bd0d-a53831bf6400 elapsed_us=1083
2026-09-26T21:56:31.344682Z	debug	dynamo_generic_rpc_split	generic gRPC unary response	stage="selector" request_id=946183c6-fb76-445e-a8e2-434aba996700 elapsed_us=1555
2026-09-26T21:56:31.352021Z	debug	dynamo_generic_rpc_split	generic gRPC response headers	stage="prefill" request_id=ac224cd4-2744-4cd3-8b0b-79a8faad6400 headers_us=2161
2026-09-26T21:56:31.353815Z	debug	dynamo_generic_rpc_split	generic gRPC unary response	stage="selector" request_id=ac224cd4-2744-4cd3-8b0b-79a8faad6400 elapsed_us=1627
2026-09-26T21:56:31.360704Z	debug	dynamo_generic_rpc_split	generic gRPC response headers	stage="prefill" request_id=f0d84696-173c-4ab7-b081-bbf6db9eaf00 headers_us=1649
2026-09-26T21:56:31.362734Z	debug	dynamo_generic_rpc_split	generic gRPC unary response	stage="selector" request_id=f0d84696-173c-4ab7-b081-bbf6db9eaf00 elapsed_us=1923
2026-09-26T21:56:31.374280Z	debug	dynamo_generic_rpc_split	generic gRPC response headers	stage="prefill" request_id=d45533c6-03a1-40f8-ac4a-b6b5926b9400 headers_us=1037
2026-09-26T21:56:31.375603Z	debug	dynamo_generic_rpc_split	generic gRPC unary response	stage="selector" request_id=d45533c6-03a1-40f8-ac4a-b6b5926b9400 elapsed_us=1174
2026-09-26T21:56:31.400459Z	debug	dynamo_generic_rpc_split	generic gRPC response headers	stage="prefill" request_id=93f5ecbe-bb15-4888-a90c-3e6129066d00 headers_us=1757
2026-09-26T21:56:31.402179Z	debug	dynamo_generic_rpc_split	generic gRPC unary response	stage="selector" request_id=93f5ecbe-bb15-4888-a90c-3e6129066d00 elapsed_us=1611
2026-09-26T21:56:31.461797Z	debug	dynamo_generic_rpc_split	generic gRPC response headers	stage="prefill" request_id=6c4dcf3b-afbd-4da3-96d0-e026430dd900 headers_us=2963
2026-09-26T21:56:31.465154Z	debug	dynamo_generic_rpc_split	generic gRPC unary response	stage="selector" request_id=6c4dcf3b-afbd-4da3-96d0-e026430dd900 elapsed_us=3235
2026-09-26T21:56:31.512990Z	debug	dynamo_generic_rpc_split	generic gRPC response headers	stage="prefill" request_id=9d5d42fa-e2c9-408e-a605-c39b70760300 headers_us=1908
2026-09-26T21:56:31.514903Z	debug	dynamo_generic_rpc_split	generic gRPC unary response	stage="selector" request_id=9d5d42fa-e2c9-408e-a605-c39b70760300 elapsed_us=1788
2026-09-26T21:56:31.530087Z	debug	dynamo_generic_rpc_split	generic gRPC response headers	stage="prefill" request_id=56cf049a-5f05-46a8-b57a-4dcd2f8baa00 headers_us=3441
2026-09-26T21:56:31.532451Z	debug	dynamo_generic_rpc_split	generic gRPC unary response	stage="selector" request_id=56cf049a-5f05-46a8-b57a-4dcd2f8baa00 elapsed_us=2280
2026-09-26T21:56:31.593144Z	debug	dynamo_generic_rpc_split	generic gRPC response headers	stage="prefill" request_id=86396801-2ed9-4515-99f1-310a320aa300 headers_us=2340
2026-09-26T21:56:31.597167Z	debug	dynamo_generic_rpc_split	generic gRPC unary response	stage="selector" request_id=86396801-2ed9-4515-99f1-310a320aa300 elapsed_us=3897
2026-09-26T21:56:31.647629Z	debug	dynamo_generic_rpc_split	generic gRPC response headers	stage="prefill" request_id=26598b79-fa37-49ad-b887-9c51ec15aa00 headers_us=2334
2026-09-26T21:56:31.650710Z	debug	dynamo_generic_rpc_split	generic gRPC unary response	stage="selector" request_id=26598b79-fa37-49ad-b887-9c51ec15aa00 elapsed_us=2325
2026-09-26T21:56:31.654851Z	debug	dynamo_generic_rpc_split	generic gRPC response headers	stage="prefill" request_id=3ae4276c-e7d2-448e-8a90-4d736fd3ce00 headers_us=2738
2026-09-26T21:56:31.656632Z	debug	dynamo_generic_rpc_split	generic gRPC response headers	stage="prefill" request_id=5bd56094-e1ca-4c40-92b6-7505d923ad00 headers_us=3449
2026-09-26T21:56:31.658191Z	debug	dynamo_generic_rpc_split	generic gRPC unary response	stage="selector" request_id=5bd56094-e1ca-4c40-92b6-7505d923ad00 elapsed_us=1500
2026-09-26T21:56:31.658198Z	debug	dynamo_generic_rpc_split	generic gRPC unary response	stage="selector" request_id=3ae4276c-e7d2-448e-8a90-4d736fd3ce00 elapsed_us=3276
2026-09-26T21:56:31.691203Z	debug	dynamo_generic_rpc_split	generic gRPC response headers	stage="prefill" request_id=0751b824-8ca9-4fbf-a533-ab0192224e00 headers_us=4689
2026-09-26T21:56:31.695764Z	debug	dynamo_generic_rpc_split	generic gRPC unary response	stage="selector" request_id=0751b824-8ca9-4fbf-a533-ab0192224e00 elapsed_us=4504
2026-09-26T21:56:31.712912Z	debug	dynamo_generic_rpc_split	generic gRPC response headers	stage="prefill" request_id=9bed6b3d-69cb-42b5-95eb-1bd9c31e3200 headers_us=2294
2026-09-26T21:56:31.716432Z	debug	dynamo_generic_rpc_split	generic gRPC unary response	stage="selector" request_id=9bed6b3d-69cb-42b5-95eb-1bd9c31e3200 elapsed_us=3412
2026-09-26T21:56:31.729791Z	debug	dynamo_generic_rpc_split	generic gRPC response headers	stage="prefill" request_id=2b0371fc-422c-439a-97fd-db56813eae00 headers_us=749
2026-09-26T21:56:31.731461Z	debug	dynamo_generic_rpc_split	generic gRPC unary response	stage="selector" request_id=2b0371fc-422c-439a-97fd-db56813eae00 elapsed_us=1582
2026-09-26T21:56:31.732243Z	debug	dynamo_generic_rpc_split	generic gRPC response headers	stage="prefill" request_id=9df148b0-8e07-4876-a823-8f4934c96a00 headers_us=1197
2026-09-26T21:56:31.733674Z	debug	dynamo_generic_rpc_split	generic gRPC unary response	stage="selector" request_id=9df148b0-8e07-4876-a823-8f4934c96a00 elapsed_us=1356
2026-09-26T21:56:31.739539Z	debug	dynamo_generic_rpc_split	generic gRPC response headers	stage="prefill" request_id=51dc8fd1-9d95-4117-be4d-53c263537100 headers_us=1368
2026-09-26T21:56:31.742217Z	debug	dynamo_generic_rpc_split	generic gRPC unary response	stage="selector" request_id=51dc8fd1-9d95-4117-be4d-53c263537100 elapsed_us=2544
2026-09-26T21:56:31.753998Z	debug	dynamo_generic_rpc_split	generic gRPC response headers	stage="prefill" request_id=ad8c41fa-4db3-4981-9d35-ea252ffb5c00 headers_us=1973
2026-09-26T21:56:31.756225Z	debug	dynamo_generic_rpc_split	generic gRPC unary response	stage="selector" request_id=ad8c41fa-4db3-4981-9d35-ea252ffb5c00 elapsed_us=2165
2026-09-26T21:56:31.768672Z	debug	dynamo_generic_rpc_split	generic gRPC response headers	stage="prefill" request_id=04633fd6-fd02-400b-853f-abbaa6852900 headers_us=1408
2026-09-26T21:56:31.770330Z	debug	dynamo_generic_rpc_split	generic gRPC unary response	stage="selector" request_id=04633fd6-fd02-400b-853f-abbaa6852900 elapsed_us=1580
2026-09-26T21:56:31.787356Z	debug	dynamo_generic_rpc_split	generic gRPC response headers	stage="prefill" request_id=73778ee5-4175-4c31-b439-aa043f55b800 headers_us=4127
2026-09-26T21:56:31.789748Z	debug	dynamo_generic_rpc_split	generic gRPC unary response	stage="selector" request_id=73778ee5-4175-4c31-b439-aa043f55b800 elapsed_us=2305
2026-09-26T21:56:31.800380Z	debug	dynamo_generic_rpc_split	generic gRPC response headers	stage="prefill" request_id=102d3063-a5e6-4da4-8210-c0ea9e69bb00 headers_us=1765
2026-09-26T21:56:31.803838Z	debug	dynamo_generic_rpc_split	generic gRPC unary response	stage="selector" request_id=102d3063-a5e6-4da4-8210-c0ea9e69bb00 elapsed_us=3066
2026-09-26T21:56:31.872536Z	debug	dynamo_generic_rpc_split	generic gRPC response headers	stage="prefill" request_id=9563cdd7-c0a8-4e72-8d78-84910a8b8700 headers_us=4696
2026-09-26T21:56:31.876364Z	debug	dynamo_generic_rpc_split	generic gRPC unary response	stage="selector" request_id=9563cdd7-c0a8-4e72-8d78-84910a8b8700 elapsed_us=3750
2026-09-26T21:56:31.903105Z	debug	dynamo_generic_rpc_split	generic gRPC response headers	stage="prefill" request_id=bdc64d06-9388-4606-9503-fa7317d94600 headers_us=3759
2026-09-26T21:56:31.908599Z	debug	dynamo_generic_rpc_split	generic gRPC unary response	stage="selector" request_id=bdc64d06-9388-4606-9503-fa7317d94600 elapsed_us=5361
2026-09-26T21:56:31.957516Z	debug	dynamo_generic_rpc_split	generic gRPC response headers	stage="prefill" request_id=0c80c6e9-37cd-41d8-b8bb-b481ab24f200 headers_us=1977
2026-09-26T21:56:31.961862Z	debug	dynamo_generic_rpc_split	generic gRPC unary response	stage="selector" request_id=0c80c6e9-37cd-41d8-b8bb-b481ab24f200 elapsed_us=4246
2026-09-26T21:56:31.976897Z	debug	dynamo_generic_rpc_split	generic gRPC response headers	stage="prefill" request_id=434d792e-0e66-4b6c-8cf0-5b1b3b324700 headers_us=2002
2026-09-26T21:56:31.978254Z	debug	dynamo_generic_rpc_split	generic gRPC unary response	stage="selector" request_id=434d792e-0e66-4b6c-8cf0-5b1b3b324700 elapsed_us=1279
2026-09-26T21:56:32.013946Z	debug	dynamo_generic_rpc_split	generic gRPC response headers	stage="prefill" request_id=e764b5ff-d1fa-44d0-bafb-5cd2e683ef00 headers_us=1560
2026-09-26T21:56:32.015366Z	debug	dynamo_generic_rpc_split	generic gRPC unary response	stage="selector" request_id=e764b5ff-d1fa-44d0-bafb-5cd2e683ef00 elapsed_us=1329
2026-09-26T21:56:32.056160Z	debug	dynamo_generic_rpc_split	generic gRPC response headers	stage="prefill" request_id=64bea250-21b6-4bb3-9484-452708c7ea00 headers_us=2267
2026-09-26T21:56:32.056529Z	debug	dynamo_generic_rpc_split	generic gRPC response headers	stage="prefill" request_id=fd7e6e4a-9466-4d76-a3e3-d8d194928900 headers_us=2961
2026-09-26T21:56:32.058016Z	debug	dynamo_generic_rpc_split	generic gRPC unary response	stage="selector" request_id=fd7e6e4a-9466-4d76-a3e3-d8d194928900 elapsed_us=1407
2026-09-26T21:56:32.059630Z	debug	dynamo_generic_rpc_split	generic gRPC unary response	stage="selector" request_id=64bea250-21b6-4bb3-9484-452708c7ea00 elapsed_us=3119
2026-09-26T21:56:32.091633Z	debug	dynamo_generic_rpc_split	generic gRPC response headers	stage="prefill" request_id=891e958f-0917-425f-8e18-6258d002b400 headers_us=1375
2026-09-26T21:56:32.092621Z	debug	dynamo_generic_rpc_split	generic gRPC response headers	stage="prefill" request_id=936fefdd-4c73-4740-a2cf-4acc921fb800 headers_us=1646
2026-09-26T21:56:32.094458Z	debug	dynamo_generic_rpc_split	generic gRPC unary response	stage="selector" request_id=891e958f-0917-425f-8e18-6258d002b400 elapsed_us=2734
2026-09-26T21:56:32.095477Z	debug	dynamo_generic_rpc_split	generic gRPC unary response	stage="selector" request_id=936fefdd-4c73-4740-a2cf-4acc921fb800 elapsed_us=2738
2026-09-26T21:56:32.126432Z	debug	dynamo_generic_rpc_split	generic gRPC response headers	stage="prefill" request_id=d2ef8c91-1155-4507-8544-846c7fdf8f00 headers_us=1755
2026-09-26T21:56:32.128380Z	debug	dynamo_generic_rpc_split	generic gRPC unary response	stage="selector" request_id=d2ef8c91-1155-4507-8544-846c7fdf8f00 elapsed_us=1847
2026-09-26T21:56:32.257185Z	debug	dynamo_generic_rpc_split	generic gRPC response headers	stage="prefill" request_id=09bcdfc3-a8c0-4ac2-9422-43f3af764800 headers_us=1585
2026-09-26T21:56:32.259335Z	debug	dynamo_generic_rpc_split	generic gRPC unary response	stage="selector" request_id=09bcdfc3-a8c0-4ac2-9422-43f3af764800 elapsed_us=1694
2026-09-26T21:56:32.266689Z	debug	dynamo_generic_rpc_split	generic gRPC response headers	stage="prefill" request_id=5624d158-d12a-49e3-9cf2-fcae9945fa00 headers_us=1885
2026-09-26T21:56:32.268808Z	debug	dynamo_generic_rpc_split	generic gRPC unary response	stage="selector" request_id=5624d158-d12a-49e3-9cf2-fcae9945fa00 elapsed_us=2034
2026-09-26T21:56:32.299072Z	debug	dynamo_generic_rpc_split	generic gRPC response headers	stage="prefill" request_id=5e54cc99-1c82-4cdc-a563-7ceb2a3a7300 headers_us=1839
2026-09-26T21:56:32.301706Z	debug	dynamo_generic_rpc_split	generic gRPC unary response	stage="selector" request_id=5e54cc99-1c82-4cdc-a563-7ceb2a3a7300 elapsed_us=2477
2026-09-26T21:56:32.363284Z	debug	dynamo_generic_rpc_split	generic gRPC response headers	stage="prefill" request_id=87b6fdfc-1c62-4ccf-832c-a6c4cec9db00 headers_us=1573
2026-09-26T21:56:32.364815Z	debug	dynamo_generic_rpc_split	generic gRPC unary response	stage="selector" request_id=87b6fdfc-1c62-4ccf-832c-a6c4cec9db00 elapsed_us=1250
2026-09-26T21:56:32.366638Z	debug	dynamo_generic_rpc_split	generic gRPC response headers	stage="prefill" request_id=3b5ad166-df6c-4a68-ad99-84e60424b700 headers_us=917
2026-09-26T21:56:32.368108Z	debug	dynamo_generic_rpc_split	generic gRPC unary response	stage="selector" request_id=3b5ad166-df6c-4a68-ad99-84e60424b700 elapsed_us=1352
2026-09-26T21:56:32.369880Z	debug	dynamo_generic_rpc_split	generic gRPC response headers	stage="prefill" request_id=7f01571a-3ea1-4a0b-b704-a2543cb2f200 headers_us=1456
2026-09-26T21:56:32.371248Z	debug	dynamo_generic_rpc_split	generic gRPC unary response	stage="selector" request_id=7f01571a-3ea1-4a0b-b704-a2543cb2f200 elapsed_us=1280
2026-09-26T21:56:32.374988Z	debug	dynamo_generic_rpc_split	generic gRPC response headers	stage="prefill" request_id=31e11e29-ae6a-49ef-aba8-0bf447d1fd00 headers_us=1146
2026-09-26T21:56:32.375889Z	debug	dynamo_generic_rpc_split	generic gRPC unary response	stage="selector" request_id=31e11e29-ae6a-49ef-aba8-0bf447d1fd00 elapsed_us=827
2026-09-26T21:56:32.402779Z	debug	dynamo_generic_rpc_split	generic gRPC response headers	stage="prefill" request_id=b4d597d7-c28f-487c-a923-def99c939400 headers_us=1491
2026-09-26T21:56:32.405650Z	debug	dynamo_generic_rpc_split	generic gRPC unary response	stage="selector" request_id=b4d597d7-c28f-487c-a923-def99c939400 elapsed_us=2788
2026-09-26T21:56:32.419077Z	debug	dynamo_generic_rpc_split	generic gRPC response headers	stage="prefill" request_id=cda20752-25c8-4b1f-b71e-220e9b7e9900 headers_us=3232
2026-09-26T21:56:32.420516Z	debug	dynamo_generic_rpc_split	generic gRPC unary response	stage="selector" request_id=cda20752-25c8-4b1f-b71e-220e9b7e9900 elapsed_us=1365
2026-09-26T21:56:32.444845Z	debug	dynamo_generic_rpc_split	generic gRPC response headers	stage="prefill" request_id=7a4219ba-e4be-459d-92bc-fb699c835700 headers_us=3183
2026-09-26T21:56:32.446351Z	debug	dynamo_generic_rpc_split	generic gRPC unary response	stage="selector" request_id=7a4219ba-e4be-459d-92bc-fb699c835700 elapsed_us=1296
2026-09-26T21:56:32.460199Z	debug	dynamo_generic_rpc_split	generic gRPC response headers	stage="prefill" request_id=461e89d0-8206-41e6-acec-caed6a7d5600 headers_us=1169
2026-09-26T21:56:32.462016Z	debug	dynamo_generic_rpc_split	generic gRPC unary response	stage="selector" request_id=461e89d0-8206-41e6-acec-caed6a7d5600 elapsed_us=1109
2026-09-26T21:56:32.505609Z	debug	dynamo_generic_rpc_split	generic gRPC response headers	stage="prefill" request_id=cfcb582d-1259-41e7-b556-fc38e8388000 headers_us=2999
2026-09-26T21:56:32.507403Z	debug	dynamo_generic_rpc_split	generic gRPC unary response	stage="selector" request_id=cfcb582d-1259-41e7-b556-fc38e8388000 elapsed_us=1708
2026-09-26T21:56:32.516418Z	debug	dynamo_generic_rpc_split	generic gRPC response headers	stage="prefill" request_id=e33b4243-a33e-4f74-8539-f2f1f13a3a00 headers_us=2122
2026-09-26T21:56:32.518158Z	debug	dynamo_generic_rpc_split	generic gRPC unary response	stage="selector" request_id=e33b4243-a33e-4f74-8539-f2f1f13a3a00 elapsed_us=1653
2026-09-26T21:56:32.524675Z	debug	dynamo_generic_rpc_split	generic gRPC response headers	stage="prefill" request_id=21ebb2ce-59f6-4d05-ae8c-bc329aa61100 headers_us=1026
2026-09-26T21:56:32.525959Z	debug	dynamo_generic_rpc_split	generic gRPC response headers	stage="prefill" request_id=8c2d884b-6d3e-4570-8efb-8e3da1bb3500 headers_us=1805
2026-09-26T21:56:32.526127Z	debug	dynamo_generic_rpc_split	generic gRPC unary response	stage="selector" request_id=21ebb2ce-59f6-4d05-ae8c-bc329aa61100 elapsed_us=1341
2026-09-26T21:56:32.529860Z	debug	dynamo_generic_rpc_split	generic gRPC unary response	stage="selector" request_id=8c2d884b-6d3e-4570-8efb-8e3da1bb3500 elapsed_us=3519
2026-09-26T21:56:32.596381Z	debug	dynamo_generic_rpc_split	generic gRPC response headers	stage="prefill" request_id=0c3604a5-f8df-465b-97c6-2afc5204be00 headers_us=5367
2026-09-26T21:56:32.597988Z	debug	dynamo_generic_rpc_split	generic gRPC unary response	stage="selector" request_id=0c3604a5-f8df-465b-97c6-2afc5204be00 elapsed_us=1518
2026-09-26T21:56:32.690676Z	debug	dynamo_generic_rpc_split	generic gRPC response headers	stage="prefill" request_id=5b754843-ae40-4600-ae29-5f0ade9c9d00 headers_us=1474
2026-09-26T21:56:32.693206Z	debug	dynamo_generic_rpc_split	generic gRPC unary response	stage="selector" request_id=5b754843-ae40-4600-ae29-5f0ade9c9d00 elapsed_us=2116
2026-09-26T21:56:32.710965Z	debug	dynamo_generic_rpc_split	generic gRPC response headers	stage="prefill" request_id=119a9227-aee4-4649-800c-61871a0eda00 headers_us=2752
2026-09-26T21:56:32.713753Z	debug	dynamo_generic_rpc_split	generic gRPC unary response	stage="selector" request_id=119a9227-aee4-4649-800c-61871a0eda00 elapsed_us=2715
2026-09-26T21:56:32.718329Z	debug	dynamo_generic_rpc_split	generic gRPC response headers	stage="prefill" request_id=68ac4f0d-c302-4ff3-8583-43d625c91500 headers_us=1613
2026-09-26T21:56:32.719989Z	debug	dynamo_generic_rpc_split	generic gRPC unary response	stage="selector" request_id=68ac4f0d-c302-4ff3-8583-43d625c91500 elapsed_us=1580
2026-09-26T21:56:32.815010Z	debug	dynamo_generic_rpc_split	generic gRPC response headers	stage="prefill" request_id=31f3140d-f32d-4cbe-8efb-fbcb35f40200 headers_us=2550
2026-09-26T21:56:32.816252Z	debug	dynamo_generic_rpc_split	generic gRPC unary response	stage="selector" request_id=31f3140d-f32d-4cbe-8efb-fbcb35f40200 elapsed_us=1043
2026-09-26T21:56:32.824449Z	debug	dynamo_generic_rpc_split	generic gRPC response headers	stage="prefill" request_id=d2344cea-1b48-4254-8ff8-f5927bbe2000 headers_us=3876
2026-09-26T21:56:32.828503Z	debug	dynamo_generic_rpc_split	generic gRPC unary response	stage="selector" request_id=d2344cea-1b48-4254-8ff8-f5927bbe2000 elapsed_us=3894
2026-09-26T21:56:32.842208Z	debug	dynamo_generic_rpc_split	generic gRPC response headers	stage="prefill" request_id=ddfc14a2-4caa-4cbd-b5b1-31350703ff00 headers_us=4999
2026-09-26T21:56:32.844047Z	debug	dynamo_generic_rpc_split	generic gRPC unary response	stage="selector" request_id=ddfc14a2-4caa-4cbd-b5b1-31350703ff00 elapsed_us=1791
2026-09-26T21:56:32.901912Z	debug	dynamo_generic_rpc_split	generic gRPC response headers	stage="prefill" request_id=9c92a461-55ce-4295-b51c-47435886b800 headers_us=1714
2026-09-26T21:56:32.903305Z	debug	dynamo_generic_rpc_split	generic gRPC unary response	stage="selector" request_id=9c92a461-55ce-4295-b51c-47435886b800 elapsed_us=1274
2026-09-26T21:56:32.936718Z	debug	dynamo_generic_rpc_split	generic gRPC response headers	stage="prefill" request_id=8fde9f6d-ea64-4f2e-83a4-177df614fd00 headers_us=1405
2026-09-26T21:56:32.941157Z	debug	dynamo_generic_rpc_split	generic gRPC unary response	stage="selector" request_id=8fde9f6d-ea64-4f2e-83a4-177df614fd00 elapsed_us=4365
2026-09-26T21:56:32.971040Z	debug	dynamo_generic_rpc_split	generic gRPC response headers	stage="prefill" request_id=51826c6f-06aa-4ded-b211-f567efc5a200 headers_us=3556
2026-09-26T21:56:32.974140Z	debug	dynamo_generic_rpc_split	generic gRPC unary response	stage="selector" request_id=51826c6f-06aa-4ded-b211-f567efc5a200 elapsed_us=3030
2026-09-26T21:56:33.025840Z	debug	dynamo_generic_rpc_split	generic gRPC response headers	stage="prefill" request_id=b9c29125-7871-4ad6-9691-246b929ad400 headers_us=3661
2026-09-26T21:56:33.031855Z	debug	dynamo_generic_rpc_split	generic gRPC unary response	stage="selector" request_id=b9c29125-7871-4ad6-9691-246b929ad400 elapsed_us=5861
2026-09-26T21:56:33.035650Z	debug	dynamo_generic_rpc_split	generic gRPC response headers	stage="prefill" request_id=a76cc2e5-0b39-4c5d-a89d-7f4ac1926b00 headers_us=3841
2026-09-26T21:56:33.039022Z	debug	dynamo_generic_rpc_split	generic gRPC unary response	stage="selector" request_id=a76cc2e5-0b39-4c5d-a89d-7f4ac1926b00 elapsed_us=3231
2026-09-26T21:56:33.045548Z	debug	dynamo_generic_rpc_split	generic gRPC response headers	stage="prefill" request_id=7ebb200b-c2dc-4743-9dea-33aeef785300 headers_us=2885
2026-09-26T21:56:33.047080Z	debug	dynamo_generic_rpc_split	generic gRPC response headers	stage="prefill" request_id=669ab776-e937-41aa-9392-6996c9112e00 headers_us=3053
2026-09-26T21:56:33.049959Z	debug	dynamo_generic_rpc_split	generic gRPC unary response	stage="selector" request_id=7ebb200b-c2dc-4743-9dea-33aeef785300 elapsed_us=4342
2026-09-26T21:56:33.053468Z	debug	dynamo_generic_rpc_split	generic gRPC unary response	stage="selector" request_id=669ab776-e937-41aa-9392-6996c9112e00 elapsed_us=6335
2026-09-26T21:56:33.097057Z	debug	dynamo_generic_rpc_split	generic gRPC response headers	stage="prefill" request_id=603285e4-3734-4213-b5c2-4e1e20381200 headers_us=3321
2026-09-26T21:56:33.101245Z	debug	dynamo_generic_rpc_split	generic gRPC unary response	stage="selector" request_id=603285e4-3734-4213-b5c2-4e1e20381200 elapsed_us=3586
2026-09-26T21:56:33.113173Z	debug	dynamo_generic_rpc_split	generic gRPC response headers	stage="prefill" request_id=b387abe2-32e3-4f88-baba-0f58ef895600 headers_us=5008
2026-09-26T21:56:33.117981Z	debug	dynamo_generic_rpc_split	generic gRPC unary response	stage="selector" request_id=b387abe2-32e3-4f88-baba-0f58ef895600 elapsed_us=4695
2026-09-26T21:56:33.119085Z	debug	dynamo_generic_rpc_split	generic gRPC response headers	stage="prefill" request_id=b44cc0ba-ddf2-4fba-9897-c434f2791000 headers_us=6288
2026-09-26T21:56:33.121807Z	debug	dynamo_generic_rpc_split	generic gRPC unary response	stage="selector" request_id=b44cc0ba-ddf2-4fba-9897-c434f2791000 elapsed_us=2668
2026-09-26T21:56:33.159551Z	debug	dynamo_generic_rpc_split	generic gRPC response headers	stage="prefill" request_id=42dce16e-b68d-4f9f-8ad0-866d073ea300 headers_us=2731
2026-09-26T21:56:33.160760Z	debug	dynamo_generic_rpc_split	generic gRPC response headers	stage="prefill" request_id=d71486bd-efd5-47fa-b3ec-5ad853925c00 headers_us=3171
2026-09-26T21:56:33.162638Z	debug	dynamo_generic_rpc_split	generic gRPC unary response	stage="selector" request_id=d71486bd-efd5-47fa-b3ec-5ad853925c00 elapsed_us=1800
2026-09-26T21:56:33.162657Z	debug	dynamo_generic_rpc_split	generic gRPC unary response	stage="selector" request_id=42dce16e-b68d-4f9f-8ad0-866d073ea300 elapsed_us=2382
2026-09-26T21:56:33.171499Z	debug	dynamo_generic_rpc_split	generic gRPC response headers	stage="prefill" request_id=8ce7ba6b-35d4-47bd-a5e7-262ca3e89b00 headers_us=4833
2026-09-26T21:56:33.174040Z	debug	dynamo_generic_rpc_split	generic gRPC unary response	stage="selector" request_id=8ce7ba6b-35d4-47bd-a5e7-262ca3e89b00 elapsed_us=2408
2026-09-26T21:56:33.176422Z	debug	dynamo_generic_rpc_split	generic gRPC response headers	stage="prefill" request_id=2f577e00-c41c-4b56-a68e-9c758cb19000 headers_us=2265
2026-09-26T21:56:33.181564Z	debug	dynamo_generic_rpc_split	generic gRPC unary response	stage="selector" request_id=2f577e00-c41c-4b56-a68e-9c758cb19000 elapsed_us=5082
2026-09-26T21:56:33.209123Z	debug	dynamo_generic_rpc_split	generic gRPC response headers	stage="prefill" request_id=3addb203-66c7-451d-b9e4-88a33b705200 headers_us=987
2026-09-26T21:56:33.210455Z	debug	dynamo_generic_rpc_split	generic gRPC unary response	stage="selector" request_id=3addb203-66c7-451d-b9e4-88a33b705200 elapsed_us=1225
2026-09-26T21:56:33.232265Z	debug	dynamo_generic_rpc_split	generic gRPC response headers	stage="prefill" request_id=405fed96-3646-44bd-9592-03a7ccd50300 headers_us=2740
2026-09-26T21:56:33.234481Z	debug	dynamo_generic_rpc_split	generic gRPC unary response	stage="selector" request_id=405fed96-3646-44bd-9592-03a7ccd50300 elapsed_us=2149
2026-09-26T21:56:33.272123Z	debug	dynamo_generic_rpc_split	generic gRPC response headers	stage="prefill" request_id=8ce7ce73-bd5a-4536-a118-9e00629b0200 headers_us=3602
2026-09-26T21:56:33.274743Z	debug	dynamo_generic_rpc_split	generic gRPC unary response	stage="selector" request_id=8ce7ce73-bd5a-4536-a118-9e00629b0200 elapsed_us=2279
2026-09-26T21:56:33.290618Z	debug	dynamo_generic_rpc_split	generic gRPC response headers	stage="prefill" request_id=49c1e1a4-7b48-4cf8-ad00-00f739d84700 headers_us=3791
2026-09-26T21:56:33.294283Z	debug	dynamo_generic_rpc_split	generic gRPC unary response	stage="selector" request_id=49c1e1a4-7b48-4cf8-ad00-00f739d84700 elapsed_us=3578
2026-09-26T21:56:33.376984Z	debug	dynamo_generic_rpc_split	generic gRPC response headers	stage="prefill" request_id=ddcc8d7e-ebaa-4ac5-97e1-1838db205600 headers_us=2367
2026-09-26T21:56:33.378588Z	debug	dynamo_generic_rpc_split	generic gRPC unary response	stage="selector" request_id=ddcc8d7e-ebaa-4ac5-97e1-1838db205600 elapsed_us=1273
2026-09-26T21:56:33.414244Z	debug	dynamo_generic_rpc_split	generic gRPC response headers	stage="prefill" request_id=3e19862e-ebbc-46d8-a692-bc1da8fec300 headers_us=2017
2026-09-26T21:56:33.417429Z	debug	dynamo_generic_rpc_split	generic gRPC unary response	stage="selector" request_id=3e19862e-ebbc-46d8-a692-bc1da8fec300 elapsed_us=2428
2026-09-26T21:56:33.421549Z	debug	dynamo_generic_rpc_split	generic gRPC response headers	stage="prefill" request_id=921b3541-09cd-46f8-9c26-f18cc295e700 headers_us=1960
2026-09-26T21:56:33.422497Z	debug	dynamo_generic_rpc_split	generic gRPC unary response	stage="selector" request_id=921b3541-09cd-46f8-9c26-f18cc295e700 elapsed_us=840
2026-09-26T21:56:33.443888Z	debug	dynamo_generic_rpc_split	generic gRPC response headers	stage="prefill" request_id=74b73311-c482-482d-abc9-a91a265b1000 headers_us=2685
2026-09-26T21:56:33.446257Z	debug	dynamo_generic_rpc_split	generic gRPC unary response	stage="selector" request_id=74b73311-c482-482d-abc9-a91a265b1000 elapsed_us=2249
2026-09-26T21:56:33.465546Z	debug	dynamo_generic_rpc_split	generic gRPC response headers	stage="prefill" request_id=44dc3da5-0801-4af5-bd39-c7b97aa5b500 headers_us=8752
2026-09-26T21:56:33.471605Z	debug	dynamo_generic_rpc_split	generic gRPC unary response	stage="selector" request_id=44dc3da5-0801-4af5-bd39-c7b97aa5b500 elapsed_us=5954
2026-09-26T21:56:33.498162Z	debug	dynamo_generic_rpc_split	generic gRPC response headers	stage="prefill" request_id=f9dfab38-c52a-4e43-ab33-7ce3b30c8900 headers_us=5470
2026-09-26T21:56:33.521611Z	debug	dynamo_generic_rpc_split	generic gRPC unary response	stage="selector" request_id=f9dfab38-c52a-4e43-ab33-7ce3b30c8900 elapsed_us=23315
2026-09-26T21:56:33.564384Z	debug	dynamo_generic_rpc_split	generic gRPC response headers	stage="prefill" request_id=9fd75c8c-e2d8-4a91-bf76-18873beb7600 headers_us=9917
2026-09-26T21:56:33.566230Z	debug	dynamo_generic_rpc_split	generic gRPC response headers	stage="prefill" request_id=1eb07036-ac41-43f0-b0ff-dbc10079d700 headers_us=6425
2026-09-26T21:56:33.573880Z	debug	dynamo_generic_rpc_split	generic gRPC unary response	stage="selector" request_id=9fd75c8c-e2d8-4a91-bf76-18873beb7600 elapsed_us=9225
2026-09-26T21:56:33.578575Z	debug	dynamo_generic_rpc_split	generic gRPC unary response	stage="selector" request_id=1eb07036-ac41-43f0-b0ff-dbc10079d700 elapsed_us=12276
2026-09-26T21:56:33.594746Z	debug	dynamo_generic_rpc_split	generic gRPC response headers	stage="prefill" request_id=0fc1b68c-e280-4479-8d9b-142fda3fe500 headers_us=2416
2026-09-26T21:56:33.596587Z	debug	dynamo_generic_rpc_split	generic gRPC response headers	stage="prefill" request_id=90598f6b-3bdd-459c-b899-8ffea7a8a900 headers_us=4206
2026-09-26T21:56:33.597096Z	debug	dynamo_generic_rpc_split	generic gRPC unary response	stage="selector" request_id=0fc1b68c-e280-4479-8d9b-142fda3fe500 elapsed_us=2142
2026-09-26T21:56:33.602460Z	debug	dynamo_generic_rpc_split	generic gRPC unary response	stage="selector" request_id=90598f6b-3bdd-459c-b899-8ffea7a8a900 elapsed_us=5764
2026-09-26T21:56:33.635149Z	debug	dynamo_generic_rpc_split	generic gRPC response headers	stage="prefill" request_id=2eb8f6bd-2c17-4206-b89b-42718cda6f00 headers_us=1809
2026-09-26T21:56:33.636952Z	debug	dynamo_generic_rpc_split	generic gRPC unary response	stage="selector" request_id=2eb8f6bd-2c17-4206-b89b-42718cda6f00 elapsed_us=1715
2026-09-26T21:56:33.663922Z	debug	dynamo_generic_rpc_split	generic gRPC response headers	stage="prefill" request_id=1629349a-b140-434e-b3b5-47e89ad91500 headers_us=2026
2026-09-26T21:56:33.667774Z	debug	dynamo_generic_rpc_split	generic gRPC unary response	stage="selector" request_id=1629349a-b140-434e-b3b5-47e89ad91500 elapsed_us=2549
2026-09-26T21:56:33.675700Z	debug	dynamo_generic_rpc_split	generic gRPC response headers	stage="prefill" request_id=7c5a910d-00a8-4135-9a7a-c8ee7e6c9c00 headers_us=3277
2026-09-26T21:56:33.677825Z	debug	dynamo_generic_rpc_split	generic gRPC unary response	stage="selector" request_id=7c5a910d-00a8-4135-9a7a-c8ee7e6c9c00 elapsed_us=1975
2026-09-26T21:56:33.699283Z	debug	dynamo_generic_rpc_split	generic gRPC response headers	stage="prefill" request_id=f927e11b-6c21-424d-8b0b-e0d601e36500 headers_us=3643
2026-09-26T21:56:33.702176Z	debug	dynamo_generic_rpc_split	generic gRPC unary response	stage="selector" request_id=f927e11b-6c21-424d-8b0b-e0d601e36500 elapsed_us=2767
2026-09-26T21:56:33.813751Z	debug	dynamo_generic_rpc_split	generic gRPC response headers	stage="prefill" request_id=b15142e2-b49e-4b29-a0cc-947575d59500 headers_us=898
2026-09-26T21:56:33.815423Z	debug	dynamo_generic_rpc_split	generic gRPC unary response	stage="selector" request_id=b15142e2-b49e-4b29-a0cc-947575d59500 elapsed_us=925
2026-09-26T21:56:33.834735Z	debug	dynamo_generic_rpc_split	generic gRPC response headers	stage="prefill" request_id=24c291fa-bc79-499f-a630-bb2cd8fb4d00 headers_us=3258
2026-09-26T21:56:33.835774Z	debug	dynamo_generic_rpc_split	generic gRPC unary response	stage="selector" request_id=24c291fa-bc79-499f-a630-bb2cd8fb4d00 elapsed_us=969
2026-09-26T21:56:33.942451Z	debug	dynamo_generic_rpc_split	generic gRPC response headers	stage="prefill" request_id=7058b5ea-f8cb-47b9-9463-2d4380eb0f00 headers_us=4328
2026-09-26T21:56:33.945372Z	debug	dynamo_generic_rpc_split	generic gRPC unary response	stage="selector" request_id=7058b5ea-f8cb-47b9-9463-2d4380eb0f00 elapsed_us=2796
2026-09-26T21:56:33.952910Z	debug	dynamo_generic_rpc_split	generic gRPC response headers	stage="prefill" request_id=c434b992-751b-4404-983f-3a607ebbdb00 headers_us=3369
2026-09-26T21:56:33.956352Z	debug	dynamo_generic_rpc_split	generic gRPC unary response	stage="selector" request_id=c434b992-751b-4404-983f-3a607ebbdb00 elapsed_us=3321
2026-09-26T21:56:33.964054Z	debug	dynamo_generic_rpc_split	generic gRPC response headers	stage="prefill" request_id=c1693429-5cb3-4a91-b8e0-b378a1963f00 headers_us=2368
2026-09-26T21:56:33.966132Z	debug	dynamo_generic_rpc_split	generic gRPC unary response	stage="selector" request_id=c1693429-5cb3-4a91-b8e0-b378a1963f00 elapsed_us=1997
2026-09-26T21:56:34.015299Z	debug	dynamo_generic_rpc_split	generic gRPC response headers	stage="prefill" request_id=e7099c30-6d40-4c71-a9f5-ddf407ab2000 headers_us=1545
2026-09-26T21:56:34.021371Z	debug	dynamo_generic_rpc_split	generic gRPC unary response	stage="selector" request_id=e7099c30-6d40-4c71-a9f5-ddf407ab2000 elapsed_us=5968
2026-09-26T21:56:34.028592Z	debug	dynamo_generic_rpc_split	generic gRPC response headers	stage="prefill" request_id=eec6b60f-6dd3-4016-8f0f-4cdb53006100 headers_us=3211
2026-09-26T21:56:34.033363Z	debug	dynamo_generic_rpc_split	generic gRPC response headers	stage="prefill" request_id=ac519a6e-081a-4222-a9fe-ed27e5a5e900 headers_us=2018
2026-09-26T21:56:34.034062Z	debug	dynamo_generic_rpc_split	generic gRPC unary response	stage="selector" request_id=eec6b60f-6dd3-4016-8f0f-4cdb53006100 elapsed_us=5357
2026-09-26T21:56:34.041651Z	debug	dynamo_generic_rpc_split	generic gRPC unary response	stage="selector" request_id=ac519a6e-081a-4222-a9fe-ed27e5a5e900 elapsed_us=5452
2026-09-26T21:56:34.093288Z	debug	dynamo_generic_rpc_split	generic gRPC response headers	stage="prefill" request_id=16880720-01db-43f6-992d-d15053362700 headers_us=4488
2026-09-26T21:56:34.104204Z	debug	dynamo_generic_rpc_split	generic gRPC unary response	stage="selector" request_id=16880720-01db-43f6-992d-d15053362700 elapsed_us=10846
2026-09-26T21:56:34.123735Z	debug	dynamo_generic_rpc_split	generic gRPC response headers	stage="prefill" request_id=b8c4f0b1-23a1-4e7f-a8e6-841b0f003800 headers_us=3620
2026-09-26T21:56:34.129376Z	debug	dynamo_generic_rpc_split	generic gRPC unary response	stage="selector" request_id=b8c4f0b1-23a1-4e7f-a8e6-841b0f003800 elapsed_us=5529
2026-09-26T21:56:34.194204Z	debug	dynamo_generic_rpc_split	generic gRPC response headers	stage="prefill" request_id=6df587ea-7768-4c44-8898-e932643fc200 headers_us=4749
2026-09-26T21:56:34.198398Z	debug	dynamo_generic_rpc_split	generic gRPC unary response	stage="selector" request_id=6df587ea-7768-4c44-8898-e932643fc200 elapsed_us=4086
2026-09-26T21:56:34.209688Z	debug	dynamo_generic_rpc_split	generic gRPC response headers	stage="prefill" request_id=50b28ebe-140c-4434-9c3b-856111b48800 headers_us=3631
2026-09-26T21:56:34.220323Z	debug	dynamo_generic_rpc_split	generic gRPC unary response	stage="selector" request_id=50b28ebe-140c-4434-9c3b-856111b48800 elapsed_us=10566
2026-09-26T21:56:34.246108Z	debug	dynamo_generic_rpc_split	generic gRPC response headers	stage="prefill" request_id=82013518-6500-49a4-9fee-15fe66c6b200 headers_us=2570
2026-09-26T21:56:34.249679Z	debug	dynamo_generic_rpc_split	generic gRPC unary response	stage="selector" request_id=82013518-6500-49a4-9fee-15fe66c6b200 elapsed_us=3479
2026-09-26T21:56:34.250274Z	debug	dynamo_generic_rpc_split	generic gRPC response headers	stage="prefill" request_id=3d27ec27-ded3-4f24-ba4f-5fab8f5c2e00 headers_us=4894
2026-09-26T21:56:34.256212Z	debug	dynamo_generic_rpc_split	generic gRPC unary response	stage="selector" request_id=3d27ec27-ded3-4f24-ba4f-5fab8f5c2e00 elapsed_us=5838
2026-09-26T21:56:34.357228Z	debug	dynamo_generic_rpc_split	generic gRPC response headers	stage="prefill" request_id=216f972c-43b9-46a0-86b6-1ec901039900 headers_us=8013
2026-09-26T21:56:34.363666Z	debug	dynamo_generic_rpc_split	generic gRPC response headers	stage="prefill" request_id=0889eb26-cd78-49ea-915c-b9867f372e00 headers_us=5626
2026-09-26T21:56:34.364507Z	debug	dynamo_generic_rpc_split	generic gRPC unary response	stage="selector" request_id=216f972c-43b9-46a0-86b6-1ec901039900 elapsed_us=7187
2026-09-26T21:56:34.369335Z	debug	dynamo_generic_rpc_split	generic gRPC unary response	stage="selector" request_id=0889eb26-cd78-49ea-915c-b9867f372e00 elapsed_us=5597
2026-09-26T21:56:34.614401Z	debug	dynamo_generic_rpc_split	generic gRPC response headers	stage="prefill" request_id=ba86bc72-09e8-4798-82ef-6bcf9f906000 headers_us=7994
2026-09-26T21:56:34.616842Z	debug	dynamo_generic_rpc_split	generic gRPC unary response	stage="selector" request_id=ba86bc72-09e8-4798-82ef-6bcf9f906000 elapsed_us=2372
2026-09-26T21:56:34.709847Z	debug	dynamo_generic_rpc_split	generic gRPC response headers	stage="prefill" request_id=553f5f8d-c305-4346-8123-1ddb74f3a700 headers_us=2419
2026-09-26T21:56:34.711899Z	debug	dynamo_generic_rpc_split	generic gRPC unary response	stage="selector" request_id=553f5f8d-c305-4346-8123-1ddb74f3a700 elapsed_us=1970
2026-09-26T21:56:34.729233Z	debug	dynamo_generic_rpc_split	generic gRPC response headers	stage="prefill" request_id=7cab31bd-2ea1-4943-9d65-66bd41982900 headers_us=2515
2026-09-26T21:56:34.733753Z	debug	dynamo_generic_rpc_split	generic gRPC response headers	stage="prefill" request_id=179dc5ad-488d-4f61-a875-d0545b8be100 headers_us=2047
2026-09-26T21:56:34.735557Z	debug	dynamo_generic_rpc_split	generic gRPC unary response	stage="selector" request_id=7cab31bd-2ea1-4943-9d65-66bd41982900 elapsed_us=6216
2026-09-26T21:56:34.736624Z	debug	dynamo_generic_rpc_split	generic gRPC unary response	stage="selector" request_id=179dc5ad-488d-4f61-a875-d0545b8be100 elapsed_us=2803
2026-09-26T21:56:34.749127Z	debug	dynamo_generic_rpc_split	generic gRPC response headers	stage="prefill" request_id=ac561431-f4bb-43fc-bf07-146fdd096e00 headers_us=3092
2026-09-26T21:56:34.751224Z	debug	dynamo_generic_rpc_split	generic gRPC unary response	stage="selector" request_id=ac561431-f4bb-43fc-bf07-146fdd096e00 elapsed_us=1902
2026-09-26T21:56:34.762728Z	debug	dynamo_generic_rpc_split	generic gRPC response headers	stage="prefill" request_id=0f00ca8d-58d3-4a0a-8c49-272de1e29d00 headers_us=3271
2026-09-26T21:56:34.770059Z	debug	dynamo_generic_rpc_split	generic gRPC unary response	stage="selector" request_id=0f00ca8d-58d3-4a0a-8c49-272de1e29d00 elapsed_us=4685
2026-09-26T21:56:34.782608Z	debug	dynamo_generic_rpc_split	generic gRPC response headers	stage="prefill" request_id=24b58b7f-f12c-47a3-8b88-536029cf8e00 headers_us=4124
2026-09-26T21:56:34.787072Z	debug	dynamo_generic_rpc_split	generic gRPC unary response	stage="selector" request_id=24b58b7f-f12c-47a3-8b88-536029cf8e00 elapsed_us=4279
2026-09-26T21:56:34.859162Z	debug	dynamo_generic_rpc_split	generic gRPC response headers	stage="prefill" request_id=8f2f57ce-4bc5-403f-8b22-828c7a799900 headers_us=5091
2026-09-26T21:56:34.863299Z	debug	dynamo_generic_rpc_split	generic gRPC unary response	stage="selector" request_id=8f2f57ce-4bc5-403f-8b22-828c7a799900 elapsed_us=3968
2026-09-26T21:56:34.870118Z	debug	dynamo_generic_rpc_split	generic gRPC response headers	stage="prefill" request_id=63ad5461-631b-40cf-991a-b09b37dff900 headers_us=2260
2026-09-26T21:56:34.874619Z	debug	dynamo_generic_rpc_split	generic gRPC response headers	stage="prefill" request_id=d315bfa6-3ca3-4294-97f0-39f9da3f5500 headers_us=4747
2026-09-26T21:56:34.875523Z	debug	dynamo_generic_rpc_split	generic gRPC unary response	stage="selector" request_id=63ad5461-631b-40cf-991a-b09b37dff900 elapsed_us=5353
2026-09-26T21:56:34.875564Z	debug	dynamo_generic_rpc_split	generic gRPC response headers	stage="prefill" request_id=6ef7ad0e-8bfe-457f-b9eb-64fc6d28d300 headers_us=4387
2026-09-26T21:56:34.878972Z	debug	dynamo_generic_rpc_split	generic gRPC unary response	stage="selector" request_id=d315bfa6-3ca3-4294-97f0-39f9da3f5500 elapsed_us=4281
2026-09-26T21:56:34.881089Z	debug	dynamo_generic_rpc_split	generic gRPC unary response	stage="selector" request_id=6ef7ad0e-8bfe-457f-b9eb-64fc6d28d300 elapsed_us=5384
2026-09-26T21:56:34.976590Z	debug	dynamo_generic_rpc_split	generic gRPC response headers	stage="prefill" request_id=4f14ae4b-e229-4ad6-826e-bbd37bb2e500 headers_us=2166
2026-09-26T21:56:34.978024Z	debug	dynamo_generic_rpc_split	generic gRPC unary response	stage="selector" request_id=4f14ae4b-e229-4ad6-826e-bbd37bb2e500 elapsed_us=1304
2026-09-26T21:56:34.984139Z	debug	dynamo_generic_rpc_split	generic gRPC response headers	stage="prefill" request_id=77627102-adc3-4dd0-b597-7f08cb744500 headers_us=3782
2026-09-26T21:56:34.987415Z	debug	dynamo_generic_rpc_split	generic gRPC unary response	stage="selector" request_id=77627102-adc3-4dd0-b597-7f08cb744500 elapsed_us=3184
2026-09-26T21:56:35.028178Z	debug	dynamo_generic_rpc_split	generic gRPC response headers	stage="prefill" request_id=fd4b0970-31d2-4847-a017-83841a9c0700 headers_us=1912
2026-09-26T21:56:35.032449Z	debug	dynamo_generic_rpc_split	generic gRPC unary response	stage="selector" request_id=fd4b0970-31d2-4847-a017-83841a9c0700 elapsed_us=4195
2026-09-26T21:56:35.078246Z	debug	dynamo_generic_rpc_split	generic gRPC response headers	stage="prefill" request_id=b0f89627-5870-487c-9520-ad49888ceb00 headers_us=3650
2026-09-26T21:56:35.080087Z	debug	dynamo_generic_rpc_split	generic gRPC unary response	stage="selector" request_id=b0f89627-5870-487c-9520-ad49888ceb00 elapsed_us=1748
2026-09-26T21:56:35.107837Z	debug	dynamo_generic_rpc_split	generic gRPC response headers	stage="prefill" request_id=93f87c3c-9625-4323-a927-e5216f39e600 headers_us=4739
2026-09-26T21:56:35.118241Z	debug	dynamo_generic_rpc_split	generic gRPC unary response	stage="selector" request_id=93f87c3c-9625-4323-a927-e5216f39e600 elapsed_us=8414
2026-09-26T21:56:35.160819Z	debug	dynamo_generic_rpc_split	generic gRPC response headers	stage="prefill" request_id=46dd758a-c583-4f8e-b46f-1e01f958e400 headers_us=9490
2026-09-26T21:56:35.164122Z	debug	dynamo_generic_rpc_split	generic gRPC response headers	stage="prefill" request_id=fb3d2b0c-2993-48db-90c6-c45f69710900 headers_us=2959
2026-09-26T21:56:35.167010Z	debug	dynamo_generic_rpc_split	generic gRPC unary response	stage="selector" request_id=46dd758a-c583-4f8e-b46f-1e01f958e400 elapsed_us=6083
2026-09-26T21:56:35.168691Z	debug	dynamo_generic_rpc_split	generic gRPC response headers	stage="prefill" request_id=99e983a3-b84e-49c0-b73d-158918abd900 headers_us=4776
2026-09-26T21:56:35.171880Z	debug	dynamo_generic_rpc_split	generic gRPC unary response	stage="selector" request_id=fb3d2b0c-2993-48db-90c6-c45f69710900 elapsed_us=7583
2026-09-26T21:56:35.176244Z	debug	dynamo_generic_rpc_split	generic gRPC unary response	stage="selector" request_id=99e983a3-b84e-49c0-b73d-158918abd900 elapsed_us=7495
2026-09-26T21:56:35.180766Z	debug	dynamo_generic_rpc_split	generic gRPC response headers	stage="prefill" request_id=76c939fb-8c13-491b-9bca-6ed8a6e9e600 headers_us=3634
2026-09-26T21:56:35.186274Z	debug	dynamo_generic_rpc_split	generic gRPC unary response	stage="selector" request_id=76c939fb-8c13-491b-9bca-6ed8a6e9e600 elapsed_us=5313
2026-09-26T21:56:35.202505Z	debug	dynamo_generic_rpc_split	generic gRPC response headers	stage="prefill" request_id=8790394b-fedd-4479-ad44-778f990b0900 headers_us=894
2026-09-26T21:56:35.206654Z	debug	dynamo_generic_rpc_split	generic gRPC response headers	stage="prefill" request_id=e9903d10-0e03-4f2b-874b-bea0e1da6300 headers_us=3199
2026-09-26T21:56:35.207840Z	debug	dynamo_generic_rpc_split	generic gRPC unary response	stage="selector" request_id=8790394b-fedd-4479-ad44-778f990b0900 elapsed_us=5234
2026-09-26T21:56:35.213659Z	debug	dynamo_generic_rpc_split	generic gRPC unary response	stage="selector" request_id=e9903d10-0e03-4f2b-874b-bea0e1da6300 elapsed_us=5915
2026-09-26T21:56:35.231687Z	debug	dynamo_generic_rpc_split	generic gRPC response headers	stage="prefill" request_id=35750d55-e0c1-4ef0-9e9d-ae22b4092e00 headers_us=4265
2026-09-26T21:56:35.234165Z	debug	dynamo_generic_rpc_split	generic gRPC unary response	stage="selector" request_id=35750d55-e0c1-4ef0-9e9d-ae22b4092e00 elapsed_us=2301
2026-09-26T21:56:35.329207Z	debug	dynamo_generic_rpc_split	generic gRPC response headers	stage="prefill" request_id=a3303e55-edb9-449b-9297-adb95b25f000 headers_us=5824
2026-09-26T21:56:35.337385Z	debug	dynamo_generic_rpc_split	generic gRPC unary response	stage="selector" request_id=a3303e55-edb9-449b-9297-adb95b25f000 elapsed_us=8086
2026-09-26T21:56:35.347717Z	debug	dynamo_generic_rpc_split	generic gRPC response headers	stage="prefill" request_id=54b3bb95-3a1d-467e-bb54-1e1635a38f00 headers_us=9624
2026-09-26T21:56:35.350018Z	debug	dynamo_generic_rpc_split	generic gRPC response headers	stage="prefill" request_id=74fcba6f-c29d-42a3-b812-461493eb4800 headers_us=4394
2026-09-26T21:56:35.350854Z	debug	dynamo_generic_rpc_split	generic gRPC unary response	stage="selector" request_id=54b3bb95-3a1d-467e-bb54-1e1635a38f00 elapsed_us=3053
2026-09-26T21:56:35.353205Z	debug	dynamo_generic_rpc_split	generic gRPC unary response	stage="selector" request_id=74fcba6f-c29d-42a3-b812-461493eb4800 elapsed_us=3126
2026-09-26T21:56:35.368816Z	debug	dynamo_generic_rpc_split	generic gRPC response headers	stage="prefill" request_id=bfb5ab1b-7384-4416-901b-9f33dff5f900 headers_us=4942
2026-09-26T21:56:35.373168Z	debug	dynamo_generic_rpc_split	generic gRPC unary response	stage="selector" request_id=bfb5ab1b-7384-4416-901b-9f33dff5f900 elapsed_us=4298
2026-09-26T21:56:35.396383Z	debug	dynamo_generic_rpc_split	generic gRPC response headers	stage="prefill" request_id=71ec5545-3532-49ef-bea0-5710df8ef400 headers_us=6770
2026-09-26T21:56:35.400019Z	debug	dynamo_generic_rpc_split	generic gRPC unary response	stage="selector" request_id=71ec5545-3532-49ef-bea0-5710df8ef400 elapsed_us=3559
2026-09-26T21:56:35.410987Z	debug	dynamo_generic_rpc_split	generic gRPC response headers	stage="prefill" request_id=e4d95f06-1515-4b36-9aee-6abddad50c00 headers_us=4844
2026-09-26T21:56:35.413930Z	debug	dynamo_generic_rpc_split	generic gRPC unary response	stage="selector" request_id=e4d95f06-1515-4b36-9aee-6abddad50c00 elapsed_us=2856
2026-09-26T21:56:35.433034Z	debug	dynamo_generic_rpc_split	generic gRPC response headers	stage="prefill" request_id=8a1da533-b4aa-4f5f-ba15-6beeb405a100 headers_us=2047
2026-09-26T21:56:35.434584Z	debug	dynamo_generic_rpc_split	generic gRPC unary response	stage="selector" request_id=8a1da533-b4aa-4f5f-ba15-6beeb405a100 elapsed_us=1462
2026-09-26T21:56:35.534339Z	debug	dynamo_generic_rpc_split	generic gRPC response headers	stage="prefill" request_id=7979ce73-5ce4-4469-9d77-e9df785f9200 headers_us=1883
2026-09-26T21:56:35.540203Z	debug	dynamo_generic_rpc_split	generic gRPC unary response	stage="selector" request_id=7979ce73-5ce4-4469-9d77-e9df785f9200 elapsed_us=5765
2026-09-26T21:56:35.632069Z	debug	dynamo_generic_rpc_split	generic gRPC response headers	stage="prefill" request_id=09aa4d62-a010-4567-b831-a83684749300 headers_us=3209
2026-09-26T21:56:35.636373Z	debug	dynamo_generic_rpc_split	generic gRPC unary response	stage="selector" request_id=09aa4d62-a010-4567-b831-a83684749300 elapsed_us=4204
2026-09-26T21:56:35.657907Z	debug	dynamo_generic_rpc_split	generic gRPC response headers	stage="prefill" request_id=a27d7771-9635-4b43-ac35-802742069d00 headers_us=5637
2026-09-26T21:56:35.662732Z	debug	dynamo_generic_rpc_split	generic gRPC unary response	stage="selector" request_id=a27d7771-9635-4b43-ac35-802742069d00 elapsed_us=4163
2026-09-26T21:56:35.698273Z	debug	dynamo_generic_rpc_split	generic gRPC response headers	stage="prefill" request_id=c208aab6-ab87-4fc7-ac9e-0d9de9fc4600 headers_us=3860
2026-09-26T21:56:35.703314Z	debug	dynamo_generic_rpc_split	generic gRPC unary response	stage="selector" request_id=c208aab6-ab87-4fc7-ac9e-0d9de9fc4600 elapsed_us=4959
2026-09-26T21:56:35.724902Z	debug	dynamo_generic_rpc_split	generic gRPC response headers	stage="prefill" request_id=7919bb4e-8fdc-441d-b84b-51e5862a6900 headers_us=3526
2026-09-26T21:56:35.728098Z	debug	dynamo_generic_rpc_split	generic gRPC unary response	stage="selector" request_id=7919bb4e-8fdc-441d-b84b-51e5862a6900 elapsed_us=3105
2026-09-26T21:56:35.746880Z	debug	dynamo_generic_rpc_split	generic gRPC response headers	stage="prefill" request_id=20a32e76-9f7a-486d-99a2-ecfcced52a00 headers_us=4722
2026-09-26T21:56:35.750812Z	debug	dynamo_generic_rpc_split	generic gRPC unary response	stage="selector" request_id=20a32e76-9f7a-486d-99a2-ecfcced52a00 elapsed_us=3828
2026-09-26T21:56:35.780470Z	debug	dynamo_generic_rpc_split	generic gRPC response headers	stage="prefill" request_id=8adceade-709d-4e70-9bd1-a00191737a00 headers_us=4315
2026-09-26T21:56:35.780491Z	debug	dynamo_generic_rpc_split	generic gRPC response headers	stage="prefill" request_id=6242063d-bf6c-4b0d-96ba-ee6bc29a2d00 headers_us=4705
2026-09-26T21:56:35.783497Z	debug	dynamo_generic_rpc_split	generic gRPC unary response	stage="selector" request_id=6242063d-bf6c-4b0d-96ba-ee6bc29a2d00 elapsed_us=2852
2026-09-26T21:56:35.785024Z	debug	dynamo_generic_rpc_split	generic gRPC unary response	stage="selector" request_id=8adceade-709d-4e70-9bd1-a00191737a00 elapsed_us=4460
2026-09-26T21:56:35.800411Z	debug	dynamo_generic_rpc_split	generic gRPC response headers	stage="prefill" request_id=03ffc714-af25-42fd-a38e-07eff9065500 headers_us=3822
2026-09-26T21:56:35.801348Z	debug	dynamo_generic_rpc_split	generic gRPC unary response	stage="selector" request_id=03ffc714-af25-42fd-a38e-07eff9065500 elapsed_us=836
2026-09-26T21:56:35.809205Z	debug	dynamo_generic_rpc_split	generic gRPC response headers	stage="prefill" request_id=ed9647ac-71b8-4821-8cd9-bfe090df1300 headers_us=11653
2026-09-26T21:56:35.816373Z	debug	dynamo_generic_rpc_split	generic gRPC unary response	stage="selector" request_id=ed9647ac-71b8-4821-8cd9-bfe090df1300 elapsed_us=7114
2026-09-26T21:56:35.849928Z	debug	dynamo_generic_rpc_split	generic gRPC response headers	stage="prefill" request_id=909781d6-5686-4bc9-af37-a98dd1579400 headers_us=5743
2026-09-26T21:56:35.856429Z	debug	dynamo_generic_rpc_split	generic gRPC unary response	stage="selector" request_id=909781d6-5686-4bc9-af37-a98dd1579400 elapsed_us=6334
2026-09-26T21:56:35.857019Z	debug	dynamo_generic_rpc_split	generic gRPC response headers	stage="prefill" request_id=2fbce6c2-66fa-40b1-a9f8-505b5ac6a100 headers_us=9894
2026-09-26T21:56:35.861953Z	debug	dynamo_generic_rpc_split	generic gRPC unary response	stage="selector" request_id=2fbce6c2-66fa-40b1-a9f8-505b5ac6a100 elapsed_us=4843
2026-09-26T21:56:35.979087Z	debug	dynamo_generic_rpc_split	generic gRPC response headers	stage="prefill" request_id=2102356d-5900-4f40-8732-a4ee209d3000 headers_us=5410
2026-09-26T21:56:35.984015Z	debug	dynamo_generic_rpc_split	generic gRPC response headers	stage="prefill" request_id=da2776cb-e2d8-45be-be3c-e16f43b36a00 headers_us=5743
2026-09-26T21:56:35.985598Z	debug	dynamo_generic_rpc_split	generic gRPC unary response	stage="selector" request_id=2102356d-5900-4f40-8732-a4ee209d3000 elapsed_us=6427
2026-09-26T21:56:35.988508Z	debug	dynamo_generic_rpc_split	generic gRPC response headers	stage="prefill" request_id=61afb5d9-3fd6-496a-839f-548bce938900 headers_us=3138
2026-09-26T21:56:35.989762Z	debug	dynamo_generic_rpc_split	generic gRPC unary response	stage="selector" request_id=da2776cb-e2d8-45be-be3c-e16f43b36a00 elapsed_us=5694
2026-09-26T21:56:35.993405Z	debug	dynamo_generic_rpc_split	generic gRPC unary response	stage="selector" request_id=61afb5d9-3fd6-496a-839f-548bce938900 elapsed_us=4820
2026-09-26T21:56:36.025140Z	debug	dynamo_generic_rpc_split	generic gRPC response headers	stage="prefill" request_id=4b75dd72-51b4-4459-8f8f-a3968762f400 headers_us=1389
2026-09-26T21:56:36.032515Z	debug	dynamo_generic_rpc_split	generic gRPC unary response	stage="selector" request_id=4b75dd72-51b4-4459-8f8f-a3968762f400 elapsed_us=4062
2026-09-26T21:56:36.120161Z	debug	dynamo_generic_rpc_split	generic gRPC response headers	stage="prefill" request_id=0c3ed0ae-314c-421c-aabe-3c12f4fb5e00 headers_us=5652
2026-09-26T21:56:36.124557Z	debug	dynamo_generic_rpc_split	generic gRPC unary response	stage="selector" request_id=0c3ed0ae-314c-421c-aabe-3c12f4fb5e00 elapsed_us=4279
2026-09-26T21:56:36.177763Z	debug	dynamo_generic_rpc_split	generic gRPC response headers	stage="prefill" request_id=68b68670-1dd8-4675-bfda-6b6131ed6100 headers_us=2277
2026-09-26T21:56:36.179943Z	debug	dynamo_generic_rpc_split	generic gRPC unary response	stage="selector" request_id=68b68670-1dd8-4675-bfda-6b6131ed6100 elapsed_us=2050
2026-09-26T21:56:36.203426Z	debug	dynamo_generic_rpc_split	generic gRPC response headers	stage="prefill" request_id=081a5840-9e9a-4b56-adb6-9fc7a415c800 headers_us=2214
2026-09-26T21:56:36.205607Z	debug	dynamo_generic_rpc_split	generic gRPC unary response	stage="selector" request_id=081a5840-9e9a-4b56-adb6-9fc7a415c800 elapsed_us=2093
2026-09-26T21:56:36.206452Z	debug	dynamo_generic_rpc_split	generic gRPC response headers	stage="prefill" request_id=604ad722-6040-4159-8495-e33b7b1c2900 headers_us=2391
2026-09-26T21:56:36.210746Z	debug	dynamo_generic_rpc_split	generic gRPC unary response	stage="selector" request_id=604ad722-6040-4159-8495-e33b7b1c2900 elapsed_us=4237
2026-09-26T21:56:36.223288Z	debug	dynamo_generic_rpc_split	generic gRPC response headers	stage="prefill" request_id=7f5c8c84-ed33-46be-9e28-3dc846053400 headers_us=830
2026-09-26T21:56:36.224154Z	debug	dynamo_generic_rpc_split	generic gRPC response headers	stage="prefill" request_id=83e3a85b-9b99-4bfd-912f-6815b5c7dc00 headers_us=1540
2026-09-26T21:56:36.224991Z	debug	dynamo_generic_rpc_split	generic gRPC unary response	stage="selector" request_id=7f5c8c84-ed33-46be-9e28-3dc846053400 elapsed_us=1303
2026-09-26T21:56:36.225553Z	debug	dynamo_generic_rpc_split	generic gRPC unary response	stage="selector" request_id=83e3a85b-9b99-4bfd-912f-6815b5c7dc00 elapsed_us=1329
2026-09-26T21:56:36.231485Z	debug	dynamo_generic_rpc_split	generic gRPC response headers	stage="prefill" request_id=f96a7c07-ad4a-4e2c-88e7-49511d507a00 headers_us=4397
2026-09-26T21:56:36.233893Z	debug	dynamo_generic_rpc_split	generic gRPC unary response	stage="selector" request_id=f96a7c07-ad4a-4e2c-88e7-49511d507a00 elapsed_us=2202
2026-09-26T21:56:36.269566Z	debug	dynamo_generic_rpc_split	generic gRPC response headers	stage="prefill" request_id=937f518a-c08e-41cc-9203-74bc63d20000 headers_us=1501
2026-09-26T21:56:36.274231Z	debug	dynamo_generic_rpc_split	generic gRPC unary response	stage="selector" request_id=937f518a-c08e-41cc-9203-74bc63d20000 elapsed_us=2094
2026-09-26T21:56:36.304508Z	debug	dynamo_generic_rpc_split	generic gRPC response headers	stage="prefill" request_id=289dd91a-cdb5-4c1c-83ff-62289eca7700 headers_us=1944
2026-09-26T21:56:36.307096Z	debug	dynamo_generic_rpc_split	generic gRPC unary response	stage="selector" request_id=289dd91a-cdb5-4c1c-83ff-62289eca7700 elapsed_us=2509
2026-09-26T21:56:36.311622Z	debug	dynamo_generic_rpc_split	generic gRPC response headers	stage="prefill" request_id=a01a06f6-a8e5-4a68-bedc-76e0d3b5c600 headers_us=5435
2026-09-26T21:56:36.316837Z	debug	dynamo_generic_rpc_split	generic gRPC unary response	stage="selector" request_id=a01a06f6-a8e5-4a68-bedc-76e0d3b5c600 elapsed_us=5131
2026-09-26T21:56:36.355189Z	debug	dynamo_generic_rpc_split	generic gRPC response headers	stage="prefill" request_id=bf7ac0dd-1a0c-48b6-8a09-c74db2c22900 headers_us=2518
2026-09-26T21:56:36.359788Z	debug	dynamo_generic_rpc_split	generic gRPC unary response	stage="selector" request_id=bf7ac0dd-1a0c-48b6-8a09-c74db2c22900 elapsed_us=4517
2026-09-26T21:56:36.372848Z	debug	dynamo_generic_rpc_split	generic gRPC response headers	stage="prefill" request_id=9fdb2bdc-bd5b-495d-b403-3c9ebe242400 headers_us=2585
2026-09-26T21:56:36.381861Z	debug	dynamo_generic_rpc_split	generic gRPC unary response	stage="selector" request_id=9fdb2bdc-bd5b-495d-b403-3c9ebe242400 elapsed_us=8945
2026-09-26T21:56:36.411697Z	debug	dynamo_generic_rpc_split	generic gRPC response headers	stage="prefill" request_id=37b2f317-be07-42ba-9c31-a96793695f00 headers_us=5544
2026-09-26T21:56:36.416110Z	debug	dynamo_generic_rpc_split	generic gRPC unary response	stage="selector" request_id=37b2f317-be07-42ba-9c31-a96793695f00 elapsed_us=4060
2026-09-26T21:56:36.469385Z	debug	dynamo_generic_rpc_split	generic gRPC response headers	stage="prefill" request_id=f8b94cab-2c2c-4614-ad9f-10648a845c00 headers_us=1217
2026-09-26T21:56:36.470199Z	debug	dynamo_generic_rpc_split	generic gRPC unary response	stage="selector" request_id=f8b94cab-2c2c-4614-ad9f-10648a845c00 elapsed_us=699
2026-09-26T21:56:36.500714Z	debug	dynamo_generic_rpc_split	generic gRPC response headers	stage="prefill" request_id=97fefc5a-bfbd-4d6b-9c86-e32cc897a700 headers_us=1860
2026-09-26T21:56:36.505253Z	debug	dynamo_generic_rpc_split	generic gRPC unary response	stage="selector" request_id=97fefc5a-bfbd-4d6b-9c86-e32cc897a700 elapsed_us=2801
2026-09-26T21:56:36.524446Z	debug	dynamo_generic_rpc_split	generic gRPC response headers	stage="prefill" request_id=3b3160ff-589a-4630-885d-ab328e600f00 headers_us=2951
2026-09-26T21:56:36.527766Z	debug	dynamo_generic_rpc_split	generic gRPC unary response	stage="selector" request_id=3b3160ff-589a-4630-885d-ab328e600f00 elapsed_us=3260
2026-09-26T21:56:36.562707Z	debug	dynamo_generic_rpc_split	generic gRPC response headers	stage="prefill" request_id=c027b6e5-6a35-4c12-8707-5d647a7e8700 headers_us=6355
2026-09-26T21:56:36.566184Z	debug	dynamo_generic_rpc_split	generic gRPC unary response	stage="selector" request_id=c027b6e5-6a35-4c12-8707-5d647a7e8700 elapsed_us=3370
2026-09-26T21:56:36.599379Z	debug	dynamo_generic_rpc_split	generic gRPC response headers	stage="prefill" request_id=40201447-ec22-4219-9f4f-06f618b0d600 headers_us=2892
2026-09-26T21:56:36.602641Z	debug	dynamo_generic_rpc_split	generic gRPC unary response	stage="selector" request_id=40201447-ec22-4219-9f4f-06f618b0d600 elapsed_us=3165
2026-09-26T21:56:36.614696Z	debug	dynamo_generic_rpc_split	generic gRPC response headers	stage="prefill" request_id=5a0f45fc-16d3-4984-8e75-5737c3299b00 headers_us=2013
2026-09-26T21:56:36.616355Z	debug	dynamo_generic_rpc_split	generic gRPC unary response	stage="selector" request_id=5a0f45fc-16d3-4984-8e75-5737c3299b00 elapsed_us=1600
2026-09-26T21:56:36.648315Z	debug	dynamo_generic_rpc_split	generic gRPC response headers	stage="prefill" request_id=303698b1-6988-4e87-8ab3-f632a85bee00 headers_us=3334
2026-09-26T21:56:36.651698Z	debug	dynamo_generic_rpc_split	generic gRPC unary response	stage="selector" request_id=303698b1-6988-4e87-8ab3-f632a85bee00 elapsed_us=3225
2026-09-26T21:56:36.665263Z	debug	dynamo_generic_rpc_split	generic gRPC response headers	stage="prefill" request_id=06614474-7564-4f9b-a6ba-9285a25f0100 headers_us=4014
2026-09-26T21:56:36.667141Z	debug	dynamo_generic_rpc_split	generic gRPC unary response	stage="selector" request_id=06614474-7564-4f9b-a6ba-9285a25f0100 elapsed_us=1756
2026-09-26T21:56:36.720438Z	debug	dynamo_generic_rpc_split	generic gRPC response headers	stage="prefill" request_id=e2c9f6e5-3964-4b16-baa1-c6b1609dca00 headers_us=3206
2026-09-26T21:56:36.726876Z	debug	dynamo_generic_rpc_split	generic gRPC response headers	stage="prefill" request_id=43863ac3-e377-4639-9bf0-d8740f900100 headers_us=6982
2026-09-26T21:56:36.728276Z	debug	dynamo_generic_rpc_split	generic gRPC unary response	stage="selector" request_id=e2c9f6e5-3964-4b16-baa1-c6b1609dca00 elapsed_us=6215
2026-09-26T21:56:36.729395Z	debug	dynamo_generic_rpc_split	generic gRPC unary response	stage="selector" request_id=43863ac3-e377-4639-9bf0-d8740f900100 elapsed_us=2167
2026-09-26T21:56:36.745512Z	debug	dynamo_generic_rpc_split	generic gRPC response headers	stage="prefill" request_id=e28f4f7c-5be5-4d5e-8cf3-55727aafd200 headers_us=3847
2026-09-26T21:56:36.751779Z	debug	dynamo_generic_rpc_split	generic gRPC unary response	stage="selector" request_id=e28f4f7c-5be5-4d5e-8cf3-55727aafd200 elapsed_us=6175
2026-09-26T21:56:36.794597Z	debug	dynamo_generic_rpc_split	generic gRPC response headers	stage="prefill" request_id=05e1cc28-8e48-4463-8bb6-a27bbd4a5200 headers_us=1617
2026-09-26T21:56:36.796740Z	debug	dynamo_generic_rpc_split	generic gRPC unary response	stage="selector" request_id=05e1cc28-8e48-4463-8bb6-a27bbd4a5200 elapsed_us=2013
2026-09-26T21:56:36.807303Z	debug	dynamo_generic_rpc_split	generic gRPC response headers	stage="prefill" request_id=7bf1df22-a980-4f6d-8fc5-234578e5b300 headers_us=1712
2026-09-26T21:56:36.808669Z	debug	dynamo_generic_rpc_split	generic gRPC unary response	stage="selector" request_id=7bf1df22-a980-4f6d-8fc5-234578e5b300 elapsed_us=1205
2026-09-26T21:56:36.836138Z	debug	dynamo_generic_rpc_split	generic gRPC response headers	stage="prefill" request_id=522032e3-31e7-4c8d-93d3-94334d5b2a00 headers_us=4068
2026-09-26T21:56:36.838735Z	debug	dynamo_generic_rpc_split	generic gRPC unary response	stage="selector" request_id=522032e3-31e7-4c8d-93d3-94334d5b2a00 elapsed_us=2537
2026-09-26T21:56:36.855753Z	debug	dynamo_generic_rpc_split	generic gRPC response headers	stage="prefill" request_id=971ab9e9-eacf-4ba9-ae72-2f24b320d500 headers_us=4962
2026-09-26T21:56:36.861036Z	debug	dynamo_generic_rpc_split	generic gRPC unary response	stage="selector" request_id=971ab9e9-eacf-4ba9-ae72-2f24b320d500 elapsed_us=5216
2026-09-26T21:56:36.876175Z	debug	dynamo_generic_rpc_split	generic gRPC response headers	stage="prefill" request_id=476224d9-b984-45ef-a489-820e2fc7b400 headers_us=5066
2026-09-26T21:56:36.876769Z	debug	dynamo_generic_rpc_split	generic gRPC response headers	stage="prefill" request_id=c39505ae-9e03-4379-88f5-6cfcdc75ce00 headers_us=4084
2026-09-26T21:56:36.881148Z	debug	dynamo_generic_rpc_split	generic gRPC unary response	stage="selector" request_id=476224d9-b984-45ef-a489-820e2fc7b400 elapsed_us=4920
2026-09-26T21:56:36.885302Z	debug	dynamo_generic_rpc_split	generic gRPC unary response	stage="selector" request_id=c39505ae-9e03-4379-88f5-6cfcdc75ce00 elapsed_us=8440
2026-09-26T21:56:36.898681Z	debug	dynamo_generic_rpc_split	generic gRPC response headers	stage="prefill" request_id=2d0fc672-b8d8-4a99-a8a0-08d9292c5600 headers_us=5440
2026-09-26T21:56:36.900336Z	debug	dynamo_generic_rpc_split	generic gRPC response headers	stage="prefill" request_id=14ba7d97-b56a-4e44-8c05-b9fd5d6a0d00 headers_us=3322
2026-09-26T21:56:36.902547Z	debug	dynamo_generic_rpc_split	generic gRPC unary response	stage="selector" request_id=2d0fc672-b8d8-4a99-a8a0-08d9292c5600 elapsed_us=3707
2026-09-26T21:56:36.902561Z	debug	dynamo_generic_rpc_split	generic gRPC response headers	stage="prefill" request_id=5199ab6a-f464-42e6-9582-826706241600 headers_us=5533
2026-09-26T21:56:36.903364Z	debug	dynamo_generic_rpc_split	generic gRPC unary response	stage="selector" request_id=14ba7d97-b56a-4e44-8c05-b9fd5d6a0d00 elapsed_us=2957
2026-09-26T21:56:36.905871Z	debug	dynamo_generic_rpc_split	generic gRPC unary response	stage="selector" request_id=5199ab6a-f464-42e6-9582-826706241600 elapsed_us=3202
2026-09-26T21:56:36.914781Z	debug	dynamo_generic_rpc_split	generic gRPC response headers	stage="prefill" request_id=691ca702-6f16-4307-91c2-152cb08cc600 headers_us=2651
2026-09-26T21:56:36.916255Z	debug	dynamo_generic_rpc_split	generic gRPC unary response	stage="selector" request_id=691ca702-6f16-4307-91c2-152cb08cc600 elapsed_us=1347
2026-09-26T21:56:36.929557Z	debug	dynamo_generic_rpc_split	generic gRPC response headers	stage="prefill" request_id=101481ef-35d3-416d-937a-62debb0bdc00 headers_us=1451
2026-09-26T21:56:36.931821Z	debug	dynamo_generic_rpc_split	generic gRPC unary response	stage="selector" request_id=101481ef-35d3-416d-937a-62debb0bdc00 elapsed_us=2125
2026-09-26T21:56:36.945640Z	debug	dynamo_generic_rpc_split	generic gRPC response headers	stage="prefill" request_id=1c632d4c-aaf1-4689-8382-3dd1786bee00 headers_us=2501
2026-09-26T21:56:36.946974Z	debug	dynamo_generic_rpc_split	generic gRPC unary response	stage="selector" request_id=1c632d4c-aaf1-4689-8382-3dd1786bee00 elapsed_us=1275
2026-09-26T21:56:36.955090Z	debug	dynamo_generic_rpc_split	generic gRPC response headers	stage="prefill" request_id=a68ca970-ee2d-4665-92c0-5d4158b0e000 headers_us=2590
2026-09-26T21:56:36.957517Z	debug	dynamo_generic_rpc_split	generic gRPC unary response	stage="selector" request_id=a68ca970-ee2d-4665-92c0-5d4158b0e000 elapsed_us=2311
2026-09-26T21:56:36.980034Z	debug	dynamo_generic_rpc_split	generic gRPC response headers	stage="prefill" request_id=9866264f-5020-4c5c-b280-20e1f129ee00 headers_us=6471
2026-09-26T21:56:36.982169Z	debug	dynamo_generic_rpc_split	generic gRPC unary response	stage="selector" request_id=9866264f-5020-4c5c-b280-20e1f129ee00 elapsed_us=2050
2026-09-26T21:56:37.017189Z	debug	dynamo_generic_rpc_split	generic gRPC response headers	stage="prefill" request_id=353412bf-fba6-4bc2-b20e-5f6ab0e40300 headers_us=4065
2026-09-26T21:56:37.022073Z	debug	dynamo_generic_rpc_split	generic gRPC unary response	stage="selector" request_id=353412bf-fba6-4bc2-b20e-5f6ab0e40300 elapsed_us=4792
2026-09-26T21:56:37.092629Z	debug	dynamo_generic_rpc_split	generic gRPC response headers	stage="prefill" request_id=c1a8be8c-308e-43da-8901-a2fbe5a98400 headers_us=3544
2026-09-26T21:56:37.097712Z	debug	dynamo_generic_rpc_split	generic gRPC unary response	stage="selector" request_id=c1a8be8c-308e-43da-8901-a2fbe5a98400 elapsed_us=4953
2026-09-26T21:56:37.176655Z	debug	dynamo_generic_rpc_split	generic gRPC response headers	stage="prefill" request_id=1346915c-c3dd-4a72-9a8e-96e5e1430500 headers_us=2937
2026-09-26T21:56:37.179478Z	debug	dynamo_generic_rpc_split	generic gRPC unary response	stage="selector" request_id=1346915c-c3dd-4a72-9a8e-96e5e1430500 elapsed_us=2674
2026-09-26T21:56:37.205573Z	debug	dynamo_generic_rpc_split	generic gRPC response headers	stage="prefill" request_id=9b8cd273-7014-444c-8b31-d46b4f2f4b00 headers_us=5335
2026-09-26T21:56:37.212696Z	debug	dynamo_generic_rpc_split	generic gRPC unary response	stage="selector" request_id=9b8cd273-7014-444c-8b31-d46b4f2f4b00 elapsed_us=6986
2026-09-26T21:56:37.212867Z	debug	dynamo_generic_rpc_split	generic gRPC response headers	stage="prefill" request_id=69504fa6-dade-42b2-a18a-333b77dc5400 headers_us=3576
2026-09-26T21:56:37.216292Z	debug	dynamo_generic_rpc_split	generic gRPC unary response	stage="selector" request_id=69504fa6-dade-42b2-a18a-333b77dc5400 elapsed_us=3302
2026-09-26T21:56:37.231542Z	debug	dynamo_generic_rpc_split	generic gRPC response headers	stage="prefill" request_id=9816b001-044a-4894-9c4e-a0f4ba2bd900 headers_us=4441
2026-09-26T21:56:37.238571Z	debug	dynamo_generic_rpc_split	generic gRPC unary response	stage="selector" request_id=9816b001-044a-4894-9c4e-a0f4ba2bd900 elapsed_us=6912
2026-09-26T21:56:37.245867Z	debug	dynamo_generic_rpc_split	generic gRPC response headers	stage="prefill" request_id=06afaed6-d1d3-46e4-a8c2-c2f81e80db00 headers_us=7307
2026-09-26T21:56:37.255958Z	debug	dynamo_generic_rpc_split	generic gRPC unary response	stage="selector" request_id=06afaed6-d1d3-46e4-a8c2-c2f81e80db00 elapsed_us=10000
2026-09-26T21:56:37.263287Z	debug	dynamo_generic_rpc_split	generic gRPC response headers	stage="prefill" request_id=67b12e91-67c9-4af4-a3b3-71dd9a5a2800 headers_us=9568
2026-09-26T21:56:37.263600Z	debug	dynamo_generic_rpc_split	generic gRPC response headers	stage="prefill" request_id=1a487736-d25b-4174-adb2-58e2216b5900 headers_us=13593
2026-09-26T21:56:37.266523Z	debug	dynamo_generic_rpc_split	generic gRPC unary response	stage="selector" request_id=67b12e91-67c9-4af4-a3b3-71dd9a5a2800 elapsed_us=3172
2026-09-26T21:56:37.271352Z	debug	dynamo_generic_rpc_split	generic gRPC unary response	stage="selector" request_id=1a487736-d25b-4174-adb2-58e2216b5900 elapsed_us=7650
2026-09-26T21:56:37.311853Z	debug	dynamo_generic_rpc_split	generic gRPC response headers	stage="prefill" request_id=6742bd67-861c-45e3-8acd-b9c507fe5600 headers_us=4019
2026-09-26T21:56:37.317836Z	debug	dynamo_generic_rpc_split	generic gRPC unary response	stage="selector" request_id=6742bd67-861c-45e3-8acd-b9c507fe5600 elapsed_us=5805
2026-09-26T21:56:37.327465Z	debug	dynamo_generic_rpc_split	generic gRPC response headers	stage="prefill" request_id=36f852ee-8455-4af5-9a79-57e95ff06100 headers_us=2280
2026-09-26T21:56:37.329576Z	debug	dynamo_generic_rpc_split	generic gRPC response headers	stage="prefill" request_id=8a93d2e5-8c9f-414b-a397-1dff2ea9c700 headers_us=3089
2026-09-26T21:56:37.332613Z	debug	dynamo_generic_rpc_split	generic gRPC unary response	stage="selector" request_id=36f852ee-8455-4af5-9a79-57e95ff06100 elapsed_us=5053
2026-09-26T21:56:37.332896Z	debug	dynamo_generic_rpc_split	generic gRPC unary response	stage="selector" request_id=8a93d2e5-8c9f-414b-a397-1dff2ea9c700 elapsed_us=3206
2026-09-26T21:56:37.360725Z	debug	dynamo_generic_rpc_split	generic gRPC response headers	stage="prefill" request_id=e46371af-8eb7-4a8d-92ce-0254a2a95700 headers_us=1323
2026-09-26T21:56:37.361863Z	debug	dynamo_generic_rpc_split	generic gRPC unary response	stage="selector" request_id=e46371af-8eb7-4a8d-92ce-0254a2a95700 elapsed_us=1037
2026-09-26T21:56:37.400791Z	debug	dynamo_generic_rpc_split	generic gRPC response headers	stage="prefill" request_id=d7d6e244-ef52-4f7b-9515-615772a58f00 headers_us=865
2026-09-26T21:56:37.405026Z	debug	dynamo_generic_rpc_split	generic gRPC unary response	stage="selector" request_id=d7d6e244-ef52-4f7b-9515-615772a58f00 elapsed_us=1533
2026-09-26T21:56:37.431456Z	debug	dynamo_generic_rpc_split	generic gRPC response headers	stage="prefill" request_id=c42cd816-ecb4-4d07-9242-815f54dbe600 headers_us=4433
2026-09-26T21:56:37.435399Z	debug	dynamo_generic_rpc_split	generic gRPC unary response	stage="selector" request_id=c42cd816-ecb4-4d07-9242-815f54dbe600 elapsed_us=3807
2026-09-26T21:56:37.444230Z	debug	dynamo_generic_rpc_split	generic gRPC response headers	stage="prefill" request_id=1cddc02f-0991-4dab-80d3-d8694d310d00 headers_us=1776
2026-09-26T21:56:37.447703Z	debug	dynamo_generic_rpc_split	generic gRPC unary response	stage="selector" request_id=1cddc02f-0991-4dab-80d3-d8694d310d00 elapsed_us=3381
2026-09-26T21:56:37.458404Z	debug	dynamo_generic_rpc_split	generic gRPC response headers	stage="prefill" request_id=6296be1e-d1f6-4ed3-be9c-f1d1be885a00 headers_us=2509
2026-09-26T21:56:37.460224Z	debug	dynamo_generic_rpc_split	generic gRPC unary response	stage="selector" request_id=6296be1e-d1f6-4ed3-be9c-f1d1be885a00 elapsed_us=1751
2026-09-26T21:56:37.512563Z	debug	dynamo_generic_rpc_split	generic gRPC response headers	stage="prefill" request_id=c1503f23-1f44-49f6-874c-f1831a6f9d00 headers_us=3845
2026-09-26T21:56:37.516314Z	debug	dynamo_generic_rpc_split	generic gRPC unary response	stage="selector" request_id=c1503f23-1f44-49f6-874c-f1831a6f9d00 elapsed_us=3683
2026-09-26T21:56:37.518525Z	debug	dynamo_generic_rpc_split	generic gRPC response headers	stage="prefill" request_id=48bb7c14-5da8-4db9-a65f-4098a67c1900 headers_us=3747
2026-09-26T21:56:37.522049Z	debug	dynamo_generic_rpc_split	generic gRPC unary response	stage="selector" request_id=48bb7c14-5da8-4db9-a65f-4098a67c1900 elapsed_us=3444
2026-09-26T21:56:37.548438Z	debug	dynamo_generic_rpc_split	generic gRPC response headers	stage="prefill" request_id=a4594706-02b1-435a-ae52-370eddab0900 headers_us=2841
2026-09-26T21:56:37.551974Z	debug	dynamo_generic_rpc_split	generic gRPC unary response	stage="selector" request_id=a4594706-02b1-435a-ae52-370eddab0900 elapsed_us=3390
2026-09-26T21:56:37.552142Z	debug	dynamo_generic_rpc_split	generic gRPC response headers	stage="prefill" request_id=16cdd56d-d511-43a8-8c6d-a7011a2ffe00 headers_us=2485
2026-09-26T21:56:37.555522Z	debug	dynamo_generic_rpc_split	generic gRPC unary response	stage="selector" request_id=16cdd56d-d511-43a8-8c6d-a7011a2ffe00 elapsed_us=3311
2026-09-26T21:56:37.580982Z	debug	dynamo_generic_rpc_split	generic gRPC response headers	stage="prefill" request_id=035f03fd-5bdd-4bcb-af61-a0aa67215f00 headers_us=2858
2026-09-26T21:56:37.583961Z	debug	dynamo_generic_rpc_split	generic gRPC unary response	stage="selector" request_id=035f03fd-5bdd-4bcb-af61-a0aa67215f00 elapsed_us=2928
2026-09-26T21:56:37.609708Z	debug	dynamo_generic_rpc_split	generic gRPC response headers	stage="prefill" request_id=dadd5932-6dbc-4712-989a-1f3b6e372300 headers_us=2920
2026-09-26T21:56:37.613994Z	debug	dynamo_generic_rpc_split	generic gRPC unary response	stage="selector" request_id=dadd5932-6dbc-4712-989a-1f3b6e372300 elapsed_us=3658
2026-09-26T21:56:37.621959Z	debug	dynamo_generic_rpc_split	generic gRPC response headers	stage="prefill" request_id=7f666a3f-77ca-46d5-a8d2-758e96b6b900 headers_us=3869
2026-09-26T21:56:37.624993Z	debug	dynamo_generic_rpc_split	generic gRPC unary response	stage="selector" request_id=7f666a3f-77ca-46d5-a8d2-758e96b6b900 elapsed_us=1977
2026-09-26T21:56:37.640820Z	debug	dynamo_generic_rpc_split	generic gRPC response headers	stage="prefill" request_id=69273615-d686-44ee-a423-368009f50000 headers_us=2654
2026-09-26T21:56:37.641230Z	debug	dynamo_generic_rpc_split	generic gRPC response headers	stage="prefill" request_id=8d38c545-059b-4e3d-bf29-7f054d096d00 headers_us=6144
2026-09-26T21:56:37.644859Z	debug	dynamo_generic_rpc_split	generic gRPC unary response	stage="selector" request_id=8d38c545-059b-4e3d-bf29-7f054d096d00 elapsed_us=3572
2026-09-26T21:56:37.645050Z	debug	dynamo_generic_rpc_split	generic gRPC unary response	stage="selector" request_id=69273615-d686-44ee-a423-368009f50000 elapsed_us=4179
2026-09-26T21:56:37.645766Z	debug	dynamo_generic_rpc_split	generic gRPC response headers	stage="prefill" request_id=d89e20e2-262d-4c15-affd-1f2cb545db00 headers_us=4551
2026-09-26T21:56:37.649901Z	debug	dynamo_generic_rpc_split	generic gRPC unary response	stage="selector" request_id=d89e20e2-262d-4c15-affd-1f2cb545db00 elapsed_us=4072
2026-09-26T21:56:37.670773Z	debug	dynamo_generic_rpc_split	generic gRPC response headers	stage="prefill" request_id=c734d6f8-3e0d-4676-93e4-bf6545432900 headers_us=3019
2026-09-26T21:56:37.672234Z	debug	dynamo_generic_rpc_split	generic gRPC unary response	stage="selector" request_id=c734d6f8-3e0d-4676-93e4-bf6545432900 elapsed_us=1368
2026-09-26T21:56:37.683584Z	debug	dynamo_generic_rpc_split	generic gRPC response headers	stage="prefill" request_id=3fef854b-08ed-4d1a-9861-ab64a2226200 headers_us=3404
2026-09-26T21:56:37.689694Z	debug	dynamo_generic_rpc_split	generic gRPC unary response	stage="selector" request_id=3fef854b-08ed-4d1a-9861-ab64a2226200 elapsed_us=6004
2026-09-26T21:56:37.729466Z	debug	dynamo_generic_rpc_split	generic gRPC response headers	stage="prefill" request_id=0046ebc7-9d19-4f0a-a067-4263d6ef4d00 headers_us=3617
2026-09-26T21:56:37.731850Z	debug	dynamo_generic_rpc_split	generic gRPC unary response	stage="selector" request_id=0046ebc7-9d19-4f0a-a067-4263d6ef4d00 elapsed_us=2299
2026-09-26T21:56:37.738275Z	debug	dynamo_generic_rpc_split	generic gRPC response headers	stage="prefill" request_id=9c6110f0-37f2-48ff-ab17-011a5a39e400 headers_us=2395
2026-09-26T21:56:37.741184Z	debug	dynamo_generic_rpc_split	generic gRPC unary response	stage="selector" request_id=9c6110f0-37f2-48ff-ab17-011a5a39e400 elapsed_us=1831
2026-09-26T21:56:37.773451Z	debug	dynamo_generic_rpc_split	generic gRPC response headers	stage="prefill" request_id=f89b5362-fe74-43b1-a9a6-5b8117c7e100 headers_us=2455
2026-09-26T21:56:37.775293Z	debug	dynamo_generic_rpc_split	generic gRPC unary response	stage="selector" request_id=f89b5362-fe74-43b1-a9a6-5b8117c7e100 elapsed_us=1641
2026-09-26T21:56:37.804945Z	debug	dynamo_generic_rpc_split	generic gRPC response headers	stage="prefill" request_id=3efe4c32-c26c-4655-a37a-c513d8c00500 headers_us=3183
2026-09-26T21:56:37.808224Z	debug	dynamo_generic_rpc_split	generic gRPC unary response	stage="selector" request_id=3efe4c32-c26c-4655-a37a-c513d8c00500 elapsed_us=3223
2026-09-26T21:56:37.852461Z	debug	dynamo_generic_rpc_split	generic gRPC response headers	stage="prefill" request_id=1a530e79-80b1-46c3-8bb3-2ec2eae95c00 headers_us=2421
2026-09-26T21:56:37.855089Z	debug	dynamo_generic_rpc_split	generic gRPC response headers	stage="prefill" request_id=787966ca-3b0b-4e62-ba1a-29be0c580800 headers_us=3236
2026-09-26T21:56:37.856153Z	debug	dynamo_generic_rpc_split	generic gRPC response headers	stage="prefill" request_id=658658f7-d8ba-41f3-8c95-7b03685c1500 headers_us=4157
2026-09-26T21:56:37.857483Z	debug	dynamo_generic_rpc_split	generic gRPC unary response	stage="selector" request_id=1a530e79-80b1-46c3-8bb3-2ec2eae95c00 elapsed_us=4753
2026-09-26T21:56:37.860079Z	debug	dynamo_generic_rpc_split	generic gRPC unary response	stage="selector" request_id=787966ca-3b0b-4e62-ba1a-29be0c580800 elapsed_us=4850
2026-09-26T21:56:37.862723Z	debug	dynamo_generic_rpc_split	generic gRPC unary response	stage="selector" request_id=658658f7-d8ba-41f3-8c95-7b03685c1500 elapsed_us=6442
2026-09-26T21:56:37.880077Z	debug	dynamo_generic_rpc_split	generic gRPC response headers	stage="prefill" request_id=d73bbb7b-ab49-4094-be10-e125ebeee600 headers_us=4256
2026-09-26T21:56:37.881521Z	debug	dynamo_generic_rpc_split	generic gRPC unary response	stage="selector" request_id=d73bbb7b-ab49-4094-be10-e125ebeee600 elapsed_us=1289
2026-09-26T21:56:37.881748Z	debug	dynamo_generic_rpc_split	generic gRPC response headers	stage="prefill" request_id=fdd22314-0ee6-4f69-bf53-22fb03e3b700 headers_us=2588
2026-09-26T21:56:37.884571Z	debug	dynamo_generic_rpc_split	generic gRPC unary response	stage="selector" request_id=fdd22314-0ee6-4f69-bf53-22fb03e3b700 elapsed_us=2709
2026-09-26T21:56:37.921371Z	debug	dynamo_generic_rpc_split	generic gRPC response headers	stage="prefill" request_id=7932b2b1-c518-453c-8320-6f697255b100 headers_us=4749
2026-09-26T21:56:37.924426Z	debug	dynamo_generic_rpc_split	generic gRPC unary response	stage="selector" request_id=7932b2b1-c518-453c-8320-6f697255b100 elapsed_us=2970
2026-09-26T21:56:37.949953Z	debug	dynamo_generic_rpc_split	generic gRPC response headers	stage="prefill" request_id=7ceb560c-0a21-4e64-954b-64ebed042000 headers_us=1241
2026-09-26T21:56:37.954222Z	debug	dynamo_generic_rpc_split	generic gRPC unary response	stage="selector" request_id=7ceb560c-0a21-4e64-954b-64ebed042000 elapsed_us=4177
2026-09-26T21:56:37.956215Z	debug	dynamo_generic_rpc_split	generic gRPC response headers	stage="prefill" request_id=a4267896-e88d-4ce4-9638-f20797e6b600 headers_us=2407
2026-09-26T21:56:37.958274Z	debug	dynamo_generic_rpc_split	generic gRPC unary response	stage="selector" request_id=a4267896-e88d-4ce4-9638-f20797e6b600 elapsed_us=1977
2026-09-26T21:56:37.979035Z	debug	dynamo_generic_rpc_split	generic gRPC response headers	stage="prefill" request_id=e6bc371e-5ef8-47a0-a573-ea6c2881d500 headers_us=4438
2026-09-26T21:56:37.982558Z	debug	dynamo_generic_rpc_split	generic gRPC unary response	stage="selector" request_id=e6bc371e-5ef8-47a0-a573-ea6c2881d500 elapsed_us=3456
2026-09-26T21:56:38.008833Z	debug	dynamo_generic_rpc_split	generic gRPC response headers	stage="prefill" request_id=367d4fef-fbf6-43ad-af66-23b2ce988a00 headers_us=2099
2026-09-26T21:56:38.016682Z	debug	dynamo_generic_rpc_split	generic gRPC unary response	stage="selector" request_id=367d4fef-fbf6-43ad-af66-23b2ce988a00 elapsed_us=7779
2026-09-26T21:56:38.022211Z	debug	dynamo_generic_rpc_split	generic gRPC response headers	stage="prefill" request_id=7b78e859-360c-469b-b343-377911a7c500 headers_us=4710
2026-09-26T21:56:38.027967Z	debug	dynamo_generic_rpc_split	generic gRPC unary response	stage="selector" request_id=7b78e859-360c-469b-b343-377911a7c500 elapsed_us=5678
2026-09-26T21:56:38.033805Z	debug	dynamo_generic_rpc_split	generic gRPC response headers	stage="prefill" request_id=bd76adda-2b2b-4d8e-ad47-6288e057e500 headers_us=2141
2026-09-26T21:56:38.036581Z	debug	dynamo_generic_rpc_split	generic gRPC unary response	stage="selector" request_id=bd76adda-2b2b-4d8e-ad47-6288e057e500 elapsed_us=2706
2026-09-26T21:56:38.054169Z	debug	dynamo_generic_rpc_split	generic gRPC response headers	stage="prefill" request_id=38176cfa-791d-44ba-82ad-a4b89e448100 headers_us=1998
2026-09-26T21:56:38.056095Z	debug	dynamo_generic_rpc_split	generic gRPC unary response	stage="selector" request_id=38176cfa-791d-44ba-82ad-a4b89e448100 elapsed_us=1805
2026-09-26T21:56:38.155343Z	debug	dynamo_generic_rpc_split	generic gRPC response headers	stage="prefill" request_id=dbb54beb-c3c3-470a-bb4d-ed6c7dde0d00 headers_us=2241
2026-09-26T21:56:38.158405Z	debug	dynamo_generic_rpc_split	generic gRPC unary response	stage="selector" request_id=dbb54beb-c3c3-470a-bb4d-ed6c7dde0d00 elapsed_us=2954
2026-09-26T21:56:38.170374Z	debug	dynamo_generic_rpc_split	generic gRPC response headers	stage="prefill" request_id=be7d48ac-a87a-4b74-bc37-eefa0213d600 headers_us=1475
2026-09-26T21:56:38.177418Z	debug	dynamo_generic_rpc_split	generic gRPC unary response	stage="selector" request_id=be7d48ac-a87a-4b74-bc37-eefa0213d600 elapsed_us=6941
2026-09-26T21:56:38.194018Z	debug	dynamo_generic_rpc_split	generic gRPC response headers	stage="prefill" request_id=97dab306-1872-4450-a6d3-6a1ba8253a00 headers_us=1519
2026-09-26T21:56:38.197184Z	debug	dynamo_generic_rpc_split	generic gRPC unary response	stage="selector" request_id=97dab306-1872-4450-a6d3-6a1ba8253a00 elapsed_us=2636
2026-09-26T21:56:38.228546Z	debug	dynamo_generic_rpc_split	generic gRPC response headers	stage="prefill" request_id=18179a47-fe7b-47f0-aa20-683fa3461200 headers_us=2790
2026-09-26T21:56:38.230808Z	debug	dynamo_generic_rpc_split	generic gRPC unary response	stage="selector" request_id=18179a47-fe7b-47f0-aa20-683fa3461200 elapsed_us=2187
2026-09-26T21:56:38.231663Z	debug	dynamo_generic_rpc_split	generic gRPC response headers	stage="prefill" request_id=4c52480c-c210-4d1b-9a10-3e5cef6efa00 headers_us=2000
2026-09-26T21:56:38.234676Z	debug	dynamo_generic_rpc_split	generic gRPC unary response	stage="selector" request_id=4c52480c-c210-4d1b-9a10-3e5cef6efa00 elapsed_us=2944
2026-09-26T21:56:38.260252Z	debug	dynamo_generic_rpc_split	generic gRPC response headers	stage="prefill" request_id=e19b2400-a5a2-40ef-a1e1-089195c2d900 headers_us=1902
2026-09-26T21:56:38.263174Z	debug	dynamo_generic_rpc_split	generic gRPC unary response	stage="selector" request_id=e19b2400-a5a2-40ef-a1e1-089195c2d900 elapsed_us=976
2026-09-26T21:56:38.285028Z	debug	dynamo_generic_rpc_split	generic gRPC response headers	stage="prefill" request_id=f2f106bc-524a-4800-968c-06b54da7eb00 headers_us=1187
2026-09-26T21:56:38.287636Z	debug	dynamo_generic_rpc_split	generic gRPC unary response	stage="selector" request_id=f2f106bc-524a-4800-968c-06b54da7eb00 elapsed_us=2517
2026-09-26T21:56:38.339365Z	debug	dynamo_generic_rpc_split	generic gRPC response headers	stage="prefill" request_id=72260929-7014-4bc5-bb3d-b05daa7fc400 headers_us=1786
2026-09-26T21:56:38.343284Z	debug	dynamo_generic_rpc_split	generic gRPC unary response	stage="selector" request_id=72260929-7014-4bc5-bb3d-b05daa7fc400 elapsed_us=3781
2026-09-26T21:56:38.351135Z	debug	dynamo_generic_rpc_split	generic gRPC response headers	stage="prefill" request_id=00f6f4d5-6a6c-423f-aac9-847aad7db400 headers_us=4227
2026-09-26T21:56:38.356443Z	debug	dynamo_generic_rpc_split	generic gRPC unary response	stage="selector" request_id=00f6f4d5-6a6c-423f-aac9-847aad7db400 elapsed_us=5244
2026-09-26T21:56:38.358166Z	debug	dynamo_generic_rpc_split	generic gRPC response headers	stage="prefill" request_id=91e8a853-1512-4ea7-946a-99d43ae5dc00 headers_us=4294
2026-09-26T21:56:38.361163Z	debug	dynamo_generic_rpc_split	generic gRPC unary response	stage="selector" request_id=91e8a853-1512-4ea7-946a-99d43ae5dc00 elapsed_us=2936
2026-09-26T21:56:38.406568Z	debug	dynamo_generic_rpc_split	generic gRPC response headers	stage="prefill" request_id=b151b471-4817-4ceb-9065-8f86698bea00 headers_us=2354
2026-09-26T21:56:38.421613Z	debug	dynamo_generic_rpc_split	generic gRPC unary response	stage="selector" request_id=b151b471-4817-4ceb-9065-8f86698bea00 elapsed_us=8389
2026-09-26T21:56:38.423191Z	debug	dynamo_generic_rpc_split	generic gRPC response headers	stage="prefill" request_id=d7434fc5-4994-4092-99b9-2562c367d400 headers_us=4106
2026-09-26T21:56:38.428848Z	debug	dynamo_generic_rpc_split	generic gRPC unary response	stage="selector" request_id=d7434fc5-4994-4092-99b9-2562c367d400 elapsed_us=5578
2026-09-26T21:56:38.444892Z	debug	dynamo_generic_rpc_split	generic gRPC response headers	stage="prefill" request_id=845ade4b-d650-481b-b469-19f36d345100 headers_us=5373
2026-09-26T21:56:38.451141Z	debug	dynamo_generic_rpc_split	generic gRPC unary response	stage="selector" request_id=845ade4b-d650-481b-b469-19f36d345100 elapsed_us=6163
2026-09-26T21:56:38.453820Z	debug	dynamo_generic_rpc_split	generic gRPC response headers	stage="prefill" request_id=ad5553ad-74b1-4b6d-b261-5c293ac0dc00 headers_us=5599
2026-09-26T21:56:38.455571Z	debug	dynamo_generic_rpc_split	generic gRPC response headers	stage="prefill" request_id=fcb2d467-65de-4325-ab5b-05bbd0059d00 headers_us=8578
2026-09-26T21:56:38.461292Z	debug	dynamo_generic_rpc_split	generic gRPC unary response	stage="selector" request_id=ad5553ad-74b1-4b6d-b261-5c293ac0dc00 elapsed_us=7401
2026-09-26T21:56:38.461747Z	debug	dynamo_generic_rpc_split	generic gRPC unary response	stage="selector" request_id=fcb2d467-65de-4325-ab5b-05bbd0059d00 elapsed_us=6119
2026-09-26T21:56:38.475211Z	debug	dynamo_generic_rpc_split	generic gRPC response headers	stage="prefill" request_id=5436413d-1345-419a-b597-0b8911441800 headers_us=11579
2026-09-26T21:56:38.481077Z	debug	dynamo_generic_rpc_split	generic gRPC unary response	stage="selector" request_id=5436413d-1345-419a-b597-0b8911441800 elapsed_us=5711
2026-09-26T21:56:38.491542Z	debug	dynamo_generic_rpc_split	generic gRPC response headers	stage="prefill" request_id=5d34d83d-f193-4c8d-a4ba-f3278a8b9500 headers_us=5235
2026-09-26T21:56:38.492238Z	debug	dynamo_generic_rpc_split	generic gRPC response headers	stage="prefill" request_id=a2e1e26f-8caa-448b-b1a3-6cc5c7312900 headers_us=6114
2026-09-26T21:56:38.496585Z	debug	dynamo_generic_rpc_split	generic gRPC unary response	stage="selector" request_id=5d34d83d-f193-4c8d-a4ba-f3278a8b9500 elapsed_us=4940
2026-09-26T21:56:38.497675Z	debug	dynamo_generic_rpc_split	generic gRPC unary response	stage="selector" request_id=a2e1e26f-8caa-448b-b1a3-6cc5c7312900 elapsed_us=5371
2026-09-26T21:56:38.535566Z	debug	dynamo_generic_rpc_split	generic gRPC response headers	stage="prefill" request_id=c02fdf81-73bf-4618-882b-16e4b8ffac00 headers_us=5044
2026-09-26T21:56:38.540094Z	debug	dynamo_generic_rpc_split	generic gRPC unary response	stage="selector" request_id=c02fdf81-73bf-4618-882b-16e4b8ffac00 elapsed_us=4407
2026-09-26T21:56:38.568177Z	debug	dynamo_generic_rpc_split	generic gRPC response headers	stage="prefill" request_id=1132377c-c160-4c24-a112-859386491200 headers_us=5164
2026-09-26T21:56:38.573949Z	debug	dynamo_generic_rpc_split	generic gRPC unary response	stage="selector" request_id=1132377c-c160-4c24-a112-859386491200 elapsed_us=5670
2026-09-26T21:56:38.662283Z	debug	dynamo_generic_rpc_split	generic gRPC response headers	stage="prefill" request_id=9ffc7c0f-ddba-495a-81d3-ede230ae6c00 headers_us=2984
2026-09-26T21:56:38.665841Z	debug	dynamo_generic_rpc_split	generic gRPC unary response	stage="selector" request_id=9ffc7c0f-ddba-495a-81d3-ede230ae6c00 elapsed_us=3489
2026-09-26T21:56:38.696377Z	debug	dynamo_generic_rpc_split	generic gRPC response headers	stage="prefill" request_id=7fb43004-4f73-4fde-abe8-02169e346f00 headers_us=4331
2026-09-26T21:56:38.698852Z	debug	dynamo_generic_rpc_split	generic gRPC unary response	stage="selector" request_id=7fb43004-4f73-4fde-abe8-02169e346f00 elapsed_us=2358
2026-09-26T21:56:38.707468Z	debug	dynamo_generic_rpc_split	generic gRPC response headers	stage="prefill" request_id=8b439561-dcb1-4d44-9c88-b3a735eb0c00 headers_us=3599
2026-09-26T21:56:38.709597Z	debug	dynamo_generic_rpc_split	generic gRPC unary response	stage="selector" request_id=8b439561-dcb1-4d44-9c88-b3a735eb0c00 elapsed_us=1976
2026-09-26T21:56:38.770294Z	debug	dynamo_generic_rpc_split	generic gRPC response headers	stage="prefill" request_id=5bc7f55c-12df-47eb-bb56-4fd983e90a00 headers_us=3168
2026-09-26T21:56:38.773875Z	debug	dynamo_generic_rpc_split	generic gRPC unary response	stage="selector" request_id=5bc7f55c-12df-47eb-bb56-4fd983e90a00 elapsed_us=3515
2026-09-26T21:56:38.830573Z	debug	dynamo_generic_rpc_split	generic gRPC response headers	stage="prefill" request_id=fb1909c0-84d3-4908-970c-7368681a0e00 headers_us=3292
2026-09-26T21:56:38.834677Z	debug	dynamo_generic_rpc_split	generic gRPC unary response	stage="selector" request_id=fb1909c0-84d3-4908-970c-7368681a0e00 elapsed_us=2999
2026-09-26T21:56:38.873901Z	debug	dynamo_generic_rpc_split	generic gRPC response headers	stage="prefill" request_id=fbac5e5c-d482-42cc-8bf1-725c9073a700 headers_us=7226
2026-09-26T21:56:38.878973Z	debug	dynamo_generic_rpc_split	generic gRPC unary response	stage="selector" request_id=fbac5e5c-d482-42cc-8bf1-725c9073a700 elapsed_us=4922
2026-09-26T21:56:38.888262Z	debug	dynamo_generic_rpc_split	generic gRPC response headers	stage="prefill" request_id=afe726ac-d68c-4934-b65c-6e04c4e47f00 headers_us=5128
2026-09-26T21:56:38.888578Z	debug	dynamo_generic_rpc_split	generic gRPC response headers	stage="prefill" request_id=83044b5e-902f-4ca0-aca1-c94cc48f0200 headers_us=5407
2026-09-26T21:56:38.890834Z	debug	dynamo_generic_rpc_split	generic gRPC response headers	stage="prefill" request_id=d49b7fb2-2b42-4606-87aa-5d29d9f5f800 headers_us=6259
2026-09-26T21:56:38.891824Z	debug	dynamo_generic_rpc_split	generic gRPC unary response	stage="selector" request_id=afe726ac-d68c-4934-b65c-6e04c4e47f00 elapsed_us=3467
2026-09-26T21:56:38.892641Z	debug	dynamo_generic_rpc_split	generic gRPC unary response	stage="selector" request_id=83044b5e-902f-4ca0-aca1-c94cc48f0200 elapsed_us=3983
2026-09-26T21:56:38.896113Z	debug	dynamo_generic_rpc_split	generic gRPC response headers	stage="prefill" request_id=75cf2940-6791-4f65-9ab1-fdb30b83aa00 headers_us=4977
2026-09-26T21:56:38.896257Z	debug	dynamo_generic_rpc_split	generic gRPC unary response	stage="selector" request_id=d49b7fb2-2b42-4606-87aa-5d29d9f5f800 elapsed_us=5345
2026-09-26T21:56:38.900271Z	debug	dynamo_generic_rpc_split	generic gRPC unary response	stage="selector" request_id=75cf2940-6791-4f65-9ab1-fdb30b83aa00 elapsed_us=4068
2026-09-26T21:56:38.943093Z	debug	dynamo_generic_rpc_split	generic gRPC response headers	stage="prefill" request_id=14fe98a9-fdc9-4ab6-8391-b75826723700 headers_us=4007
2026-09-26T21:56:38.946805Z	debug	dynamo_generic_rpc_split	generic gRPC unary response	stage="selector" request_id=14fe98a9-fdc9-4ab6-8391-b75826723700 elapsed_us=2880
2026-09-26T21:56:38.970128Z	debug	dynamo_generic_rpc_split	generic gRPC response headers	stage="prefill" request_id=49faff07-e4e4-4a12-9171-9b12457d7500 headers_us=5410
2026-09-26T21:56:38.974411Z	debug	dynamo_generic_rpc_split	generic gRPC unary response	stage="selector" request_id=49faff07-e4e4-4a12-9171-9b12457d7500 elapsed_us=4229
2026-09-26T21:56:38.988229Z	debug	dynamo_generic_rpc_split	generic gRPC response headers	stage="prefill" request_id=19729282-4b8d-4ced-bc5f-49dd744f7400 headers_us=1628
2026-09-26T21:56:38.990331Z	debug	dynamo_generic_rpc_split	generic gRPC unary response	stage="selector" request_id=19729282-4b8d-4ced-bc5f-49dd744f7400 elapsed_us=2017
2026-09-26T21:56:38.994449Z	debug	dynamo_generic_rpc_split	generic gRPC response headers	stage="prefill" request_id=97d0cb62-7c46-4000-bdf1-7237e8409f00 headers_us=2501
2026-09-26T21:56:38.996700Z	debug	dynamo_generic_rpc_split	generic gRPC unary response	stage="selector" request_id=97d0cb62-7c46-4000-bdf1-7237e8409f00 elapsed_us=2147
2026-09-26T21:56:39.007355Z	debug	dynamo_generic_rpc_split	generic gRPC response headers	stage="prefill" request_id=4c0724e0-39f6-45ff-ad42-86a990a0a600 headers_us=2300
2026-09-26T21:56:39.010465Z	debug	dynamo_generic_rpc_split	generic gRPC unary response	stage="selector" request_id=4c0724e0-39f6-45ff-ad42-86a990a0a600 elapsed_us=1994
2026-09-26T21:56:39.073326Z	debug	dynamo_generic_rpc_split	generic gRPC response headers	stage="prefill" request_id=a08553c2-1b6c-46f3-b28b-2967ff1b2f00 headers_us=5560
2026-09-26T21:56:39.082555Z	debug	dynamo_generic_rpc_split	generic gRPC unary response	stage="selector" request_id=a08553c2-1b6c-46f3-b28b-2967ff1b2f00 elapsed_us=9134
2026-09-26T21:56:39.100350Z	debug	dynamo_generic_rpc_split	generic gRPC response headers	stage="prefill" request_id=c203cd9f-4493-4547-ba8c-dc3d5d4c1100 headers_us=5650
2026-09-26T21:56:39.103200Z	debug	dynamo_generic_rpc_split	generic gRPC unary response	stage="selector" request_id=c203cd9f-4493-4547-ba8c-dc3d5d4c1100 elapsed_us=2743
2026-09-26T21:56:39.105584Z	debug	dynamo_generic_rpc_split	generic gRPC response headers	stage="prefill" request_id=2de95169-5107-4507-a4c5-c1dcd451cf00 headers_us=4532
2026-09-26T21:56:39.105975Z	debug	dynamo_generic_rpc_split	generic gRPC response headers	stage="prefill" request_id=9776fbbe-0fae-4ee1-b2fc-463d841be800 headers_us=8467
2026-09-26T21:56:39.112603Z	debug	dynamo_generic_rpc_split	generic gRPC unary response	stage="selector" request_id=9776fbbe-0fae-4ee1-b2fc-463d841be800 elapsed_us=6548
2026-09-26T21:56:39.118637Z	debug	dynamo_generic_rpc_split	generic gRPC unary response	stage="selector" request_id=2de95169-5107-4507-a4c5-c1dcd451cf00 elapsed_us=12959
2026-09-26T21:56:39.135068Z	debug	dynamo_generic_rpc_split	generic gRPC response headers	stage="prefill" request_id=e30b4047-a059-4f6d-958b-4a21a401a900 headers_us=3999
2026-09-26T21:56:39.138579Z	debug	dynamo_generic_rpc_split	generic gRPC unary response	stage="selector" request_id=e30b4047-a059-4f6d-958b-4a21a401a900 elapsed_us=3413
2026-09-26T21:56:39.166852Z	debug	dynamo_generic_rpc_split	generic gRPC response headers	stage="prefill" request_id=779fd243-0759-41a6-8c84-8aa863cdaa00 headers_us=2442
2026-09-26T21:56:39.170316Z	debug	dynamo_generic_rpc_split	generic gRPC unary response	stage="selector" request_id=779fd243-0759-41a6-8c84-8aa863cdaa00 elapsed_us=3347
2026-09-26T21:56:39.204145Z	debug	dynamo_generic_rpc_split	generic gRPC response headers	stage="prefill" request_id=ce7a9197-d8cc-4a1e-8ccb-4a9c7e0a2200 headers_us=3261
2026-09-26T21:56:39.206899Z	debug	dynamo_generic_rpc_split	generic gRPC unary response	stage="selector" request_id=ce7a9197-d8cc-4a1e-8ccb-4a9c7e0a2200 elapsed_us=2677
2026-09-26T21:56:39.262145Z	debug	dynamo_generic_rpc_split	generic gRPC response headers	stage="prefill" request_id=bd32a9f6-5223-4eb4-9e48-cc851afdae00 headers_us=1130
2026-09-26T21:56:39.263304Z	debug	dynamo_generic_rpc_split	generic gRPC unary response	stage="selector" request_id=bd32a9f6-5223-4eb4-9e48-cc851afdae00 elapsed_us=1035
2026-09-26T21:56:39.271617Z	debug	dynamo_generic_rpc_split	generic gRPC response headers	stage="prefill" request_id=f7fec42d-0839-4960-9f94-65eeca127400 headers_us=1160
2026-09-26T21:56:39.273842Z	debug	dynamo_generic_rpc_split	generic gRPC unary response	stage="selector" request_id=f7fec42d-0839-4960-9f94-65eeca127400 elapsed_us=2108
2026-09-26T21:56:39.351870Z	debug	dynamo_generic_rpc_split	generic gRPC response headers	stage="prefill" request_id=ddb3dbee-95bd-4a69-90a2-bce4f8a86700 headers_us=6178
2026-09-26T21:56:39.356076Z	debug	dynamo_generic_rpc_split	generic gRPC unary response	stage="selector" request_id=ddb3dbee-95bd-4a69-90a2-bce4f8a86700 elapsed_us=4111
2026-09-26T21:56:39.397917Z	debug	dynamo_generic_rpc_split	generic gRPC response headers	stage="prefill" request_id=17b84c45-7466-410b-b8b3-6dd2ecf58a00 headers_us=2425
2026-09-26T21:56:39.399178Z	debug	dynamo_generic_rpc_split	generic gRPC unary response	stage="selector" request_id=17b84c45-7466-410b-b8b3-6dd2ecf58a00 elapsed_us=1148
2026-09-26T21:56:39.433143Z	debug	dynamo_generic_rpc_split	generic gRPC response headers	stage="prefill" request_id=c43b90a3-b92f-46a2-a466-283b58067f00 headers_us=1274
2026-09-26T21:56:39.434640Z	debug	dynamo_generic_rpc_split	generic gRPC unary response	stage="selector" request_id=c43b90a3-b92f-46a2-a466-283b58067f00 elapsed_us=1291
2026-09-26T21:56:39.478156Z	debug	dynamo_generic_rpc_split	generic gRPC response headers	stage="prefill" request_id=7d214e05-cbdf-4cd6-b1af-62ae45d1a600 headers_us=2620
2026-09-26T21:56:39.480582Z	debug	dynamo_generic_rpc_split	generic gRPC unary response	stage="selector" request_id=7d214e05-cbdf-4cd6-b1af-62ae45d1a600 elapsed_us=2171
2026-09-26T21:56:39.483397Z	debug	dynamo_generic_rpc_split	generic gRPC response headers	stage="prefill" request_id=18ea86f3-17f8-4b1d-91b0-f79375570600 headers_us=1292
2026-09-26T21:56:39.486638Z	debug	dynamo_generic_rpc_split	generic gRPC unary response	stage="selector" request_id=18ea86f3-17f8-4b1d-91b0-f79375570600 elapsed_us=3075
2026-09-26T21:56:39.521353Z	debug	dynamo_generic_rpc_split	generic gRPC response headers	stage="prefill" request_id=a197948a-00e6-4356-9caa-e87a7a47ae00 headers_us=1713
2026-09-26T21:56:39.524724Z	debug	dynamo_generic_rpc_split	generic gRPC unary response	stage="selector" request_id=a197948a-00e6-4356-9caa-e87a7a47ae00 elapsed_us=3205
2026-09-26T21:56:39.563077Z	debug	dynamo_generic_rpc_split	generic gRPC response headers	stage="prefill" request_id=8233b68d-5bbc-474b-ae88-7035a6df3900 headers_us=5474
2026-09-26T21:56:39.569527Z	debug	dynamo_generic_rpc_split	generic gRPC unary response	stage="selector" request_id=8233b68d-5bbc-474b-ae88-7035a6df3900 elapsed_us=6356
2026-09-26T21:56:39.576380Z	debug	dynamo_generic_rpc_split	generic gRPC response headers	stage="prefill" request_id=09c32517-b34b-46c0-ab2e-7570d5a9aa00 headers_us=3702
2026-09-26T21:56:39.579370Z	debug	dynamo_generic_rpc_split	generic gRPC unary response	stage="selector" request_id=09c32517-b34b-46c0-ab2e-7570d5a9aa00 elapsed_us=2892
2026-09-26T21:56:39.582653Z	debug	dynamo_generic_rpc_split	generic gRPC response headers	stage="prefill" request_id=6d62ce0a-6094-458b-b1df-cb85ca0c1c00 headers_us=3847
2026-09-26T21:56:39.584724Z	debug	dynamo_generic_rpc_split	generic gRPC response headers	stage="prefill" request_id=af6617d3-132f-4e68-b6d3-c65dd26aa800 headers_us=5942
2026-09-26T21:56:39.587152Z	debug	dynamo_generic_rpc_split	generic gRPC unary response	stage="selector" request_id=6d62ce0a-6094-458b-b1df-cb85ca0c1c00 elapsed_us=4376
2026-09-26T21:56:39.590505Z	debug	dynamo_generic_rpc_split	generic gRPC unary response	stage="selector" request_id=af6617d3-132f-4e68-b6d3-c65dd26aa800 elapsed_us=5715
2026-09-26T21:56:39.618659Z	debug	dynamo_generic_rpc_split	generic gRPC response headers	stage="prefill" request_id=303faa38-e955-4779-b20d-d8dbf3851200 headers_us=10189
2026-09-26T21:56:39.621752Z	debug	dynamo_generic_rpc_split	generic gRPC unary response	stage="selector" request_id=303faa38-e955-4779-b20d-d8dbf3851200 elapsed_us=3025
2026-09-26T21:56:39.670582Z	debug	dynamo_generic_rpc_split	generic gRPC response headers	stage="prefill" request_id=f5282d6a-cae1-4531-a2e2-3e8d669c2300 headers_us=2353
2026-09-26T21:56:39.676840Z	debug	dynamo_generic_rpc_split	generic gRPC unary response	stage="selector" request_id=f5282d6a-cae1-4531-a2e2-3e8d669c2300 elapsed_us=3633
2026-09-26T21:56:39.694218Z	debug	dynamo_generic_rpc_split	generic gRPC response headers	stage="prefill" request_id=db2c0ca6-b982-4c85-8089-081b22271400 headers_us=8409
2026-09-26T21:56:39.696879Z	debug	dynamo_generic_rpc_split	generic gRPC response headers	stage="prefill" request_id=6d436f1e-7fce-458c-ba99-889de737f900 headers_us=7662
2026-09-26T21:56:39.697472Z	debug	dynamo_generic_rpc_split	generic gRPC response headers	stage="prefill" request_id=e26ee164-22ed-474d-b3b8-4a662598b100 headers_us=6058
2026-09-26T21:56:39.698974Z	debug	dynamo_generic_rpc_split	generic gRPC unary response	stage="selector" request_id=db2c0ca6-b982-4c85-8089-081b22271400 elapsed_us=4630
2026-09-26T21:56:39.701058Z	debug	dynamo_generic_rpc_split	generic gRPC unary response	stage="selector" request_id=e26ee164-22ed-474d-b3b8-4a662598b100 elapsed_us=3540
2026-09-26T21:56:39.703198Z	debug	dynamo_generic_rpc_split	generic gRPC unary response	stage="selector" request_id=6d436f1e-7fce-458c-ba99-889de737f900 elapsed_us=6192
2026-09-26T21:56:39.717252Z	debug	dynamo_generic_rpc_split	generic gRPC response headers	stage="prefill" request_id=0ee82c03-fe4e-476c-8ebf-fd8f00b22a00 headers_us=3649
2026-09-26T21:56:39.723048Z	debug	dynamo_generic_rpc_split	generic gRPC unary response	stage="selector" request_id=0ee82c03-fe4e-476c-8ebf-fd8f00b22a00 elapsed_us=5722
2026-09-26T21:56:39.730984Z	debug	dynamo_generic_rpc_split	generic gRPC response headers	stage="prefill" request_id=9fab3f43-949f-4ebe-b0dd-369e446b8f00 headers_us=6217
2026-09-26T21:56:39.736927Z	debug	dynamo_generic_rpc_split	generic gRPC unary response	stage="selector" request_id=9fab3f43-949f-4ebe-b0dd-369e446b8f00 elapsed_us=5866
2026-09-26T21:56:39.755946Z	debug	dynamo_generic_rpc_split	generic gRPC response headers	stage="prefill" request_id=fa15d658-9912-4fa2-9b4c-463a81c9b700 headers_us=2098
2026-09-26T21:56:39.758134Z	debug	dynamo_generic_rpc_split	generic gRPC unary response	stage="selector" request_id=fa15d658-9912-4fa2-9b4c-463a81c9b700 elapsed_us=2110
2026-09-26T21:56:39.807569Z	debug	dynamo_generic_rpc_split	generic gRPC response headers	stage="prefill" request_id=1a248097-1a6a-437f-b852-1f1a9eca9800 headers_us=2306
2026-09-26T21:56:39.811268Z	debug	dynamo_generic_rpc_split	generic gRPC unary response	stage="selector" request_id=1a248097-1a6a-437f-b852-1f1a9eca9800 elapsed_us=2058
2026-09-26T21:56:39.916897Z	debug	dynamo_generic_rpc_split	generic gRPC response headers	stage="prefill" request_id=12018036-bc57-4d81-a5c8-bcfc3127e300 headers_us=4061
2026-09-26T21:56:39.919761Z	debug	dynamo_generic_rpc_split	generic gRPC unary response	stage="selector" request_id=12018036-bc57-4d81-a5c8-bcfc3127e300 elapsed_us=2753
2026-09-26T21:56:39.926161Z	debug	dynamo_generic_rpc_split	generic gRPC response headers	stage="prefill" request_id=c4f438df-5a07-4de2-af72-9f60a752d700 headers_us=2754
2026-09-26T21:56:39.927109Z	debug	dynamo_generic_rpc_split	generic gRPC unary response	stage="selector" request_id=c4f438df-5a07-4de2-af72-9f60a752d700 elapsed_us=897
2026-09-26T21:56:39.927217Z	debug	dynamo_generic_rpc_split	generic gRPC response headers	stage="prefill" request_id=44245505-74df-48f8-bacc-2ba72dda2a00 headers_us=3225
2026-09-26T21:56:39.933216Z	debug	dynamo_generic_rpc_split	generic gRPC unary response	stage="selector" request_id=44245505-74df-48f8-bacc-2ba72dda2a00 elapsed_us=5435
2026-09-26T21:56:40.120599Z	debug	dynamo_generic_rpc_split	generic gRPC response headers	stage="prefill" request_id=7b8babba-6520-4592-86b5-c2f32553bd00 headers_us=3340
2026-09-26T21:56:40.122038Z	debug	dynamo_generic_rpc_split	generic gRPC unary response	stage="selector" request_id=7b8babba-6520-4592-86b5-c2f32553bd00 elapsed_us=1368
2026-09-26T21:56:40.183347Z	debug	dynamo_generic_rpc_split	generic gRPC response headers	stage="prefill" request_id=d3504e37-9630-411d-a0ff-5c3051a9cf00 headers_us=1373
2026-09-26T21:56:40.184014Z	debug	dynamo_generic_rpc_split	generic gRPC response headers	stage="prefill" request_id=676e4c2a-ed6d-4e39-ae95-c948332f0c00 headers_us=1957
2026-09-26T21:56:40.185898Z	debug	dynamo_generic_rpc_split	generic gRPC unary response	stage="selector" request_id=676e4c2a-ed6d-4e39-ae95-c948332f0c00 elapsed_us=1786
2026-09-26T21:56:40.187512Z	debug	dynamo_generic_rpc_split	generic gRPC unary response	stage="selector" request_id=d3504e37-9630-411d-a0ff-5c3051a9cf00 elapsed_us=3016
2026-09-26T21:56:40.203035Z	debug	dynamo_generic_rpc_split	generic gRPC response headers	stage="prefill" request_id=610c41a2-6d37-46d0-9a2f-e4016453e500 headers_us=2862
2026-09-26T21:56:40.205787Z	debug	dynamo_generic_rpc_split	generic gRPC unary response	stage="selector" request_id=610c41a2-6d37-46d0-9a2f-e4016453e500 elapsed_us=2672
2026-09-26T21:56:40.217810Z	debug	dynamo_generic_rpc_split	generic gRPC response headers	stage="prefill" request_id=29c6d21e-8a7a-483a-a9e4-98408d692d00 headers_us=2044
2026-09-26T21:56:40.219580Z	debug	dynamo_generic_rpc_split	generic gRPC unary response	stage="selector" request_id=29c6d21e-8a7a-483a-a9e4-98408d692d00 elapsed_us=1667
2026-09-26T21:56:40.232544Z	debug	dynamo_generic_rpc_split	generic gRPC response headers	stage="prefill" request_id=e81e1457-ff59-4251-9a56-20580bf9ff00 headers_us=2997
2026-09-26T21:56:40.235327Z	debug	dynamo_generic_rpc_split	generic gRPC response headers	stage="prefill" request_id=8b4e09c0-a995-4b44-8b55-ba22ad522500 headers_us=4365
2026-09-26T21:56:40.235843Z	debug	dynamo_generic_rpc_split	generic gRPC unary response	stage="selector" request_id=e81e1457-ff59-4251-9a56-20580bf9ff00 elapsed_us=2594
2026-09-26T21:56:40.237884Z	debug	dynamo_generic_rpc_split	generic gRPC unary response	stage="selector" request_id=8b4e09c0-a995-4b44-8b55-ba22ad522500 elapsed_us=2487
2026-09-26T21:56:40.292601Z	debug	dynamo_generic_rpc_split	generic gRPC response headers	stage="prefill" request_id=adaab31c-c79d-4094-a63f-e2a3abce0000 headers_us=8617
2026-09-26T21:56:40.296991Z	debug	dynamo_generic_rpc_split	generic gRPC unary response	stage="selector" request_id=adaab31c-c79d-4094-a63f-e2a3abce0000 elapsed_us=3649
2026-09-26T21:56:40.341566Z	debug	dynamo_generic_rpc_split	generic gRPC response headers	stage="prefill" request_id=ec39725f-133e-4af5-be60-51ae4f483100 headers_us=3833
2026-09-26T21:56:40.343407Z	debug	dynamo_generic_rpc_split	generic gRPC unary response	stage="selector" request_id=ec39725f-133e-4af5-be60-51ae4f483100 elapsed_us=1800
2026-09-26T21:56:40.351812Z	debug	dynamo_generic_rpc_split	generic gRPC response headers	stage="prefill" request_id=0ed1e718-0112-4a7f-8688-d90583308100 headers_us=2365
2026-09-26T21:56:40.354856Z	debug	dynamo_generic_rpc_split	generic gRPC unary response	stage="selector" request_id=0ed1e718-0112-4a7f-8688-d90583308100 elapsed_us=2953
2026-09-26T21:56:40.362734Z	debug	dynamo_generic_rpc_split	generic gRPC response headers	stage="prefill" request_id=c531cf8f-09fa-468f-8969-f37fd2385700 headers_us=3802
2026-09-26T21:56:40.368917Z	debug	dynamo_generic_rpc_split	generic gRPC unary response	stage="selector" request_id=c531cf8f-09fa-468f-8969-f37fd2385700 elapsed_us=6104
2026-09-26T21:56:40.374919Z	debug	dynamo_generic_rpc_split	generic gRPC response headers	stage="prefill" request_id=cf91330f-b08d-40d1-8490-b45729f2b400 headers_us=4401
2026-09-26T21:56:40.381185Z	debug	dynamo_generic_rpc_split	generic gRPC unary response	stage="selector" request_id=cf91330f-b08d-40d1-8490-b45729f2b400 elapsed_us=6191
2026-09-26T21:56:40.383783Z	debug	dynamo_generic_rpc_split	generic gRPC response headers	stage="prefill" request_id=e599d0a3-177d-4f1b-b2e1-661792919f00 headers_us=8006
2026-09-26T21:56:40.391247Z	debug	dynamo_generic_rpc_split	generic gRPC unary response	stage="selector" request_id=e599d0a3-177d-4f1b-b2e1-661792919f00 elapsed_us=7403
2026-09-26T21:56:40.409188Z	debug	dynamo_generic_rpc_split	generic gRPC response headers	stage="prefill" request_id=5ec8404b-99a8-4a88-bd87-94fb1817cb00 headers_us=2669
2026-09-26T21:56:40.411524Z	debug	dynamo_generic_rpc_split	generic gRPC unary response	stage="selector" request_id=5ec8404b-99a8-4a88-bd87-94fb1817cb00 elapsed_us=1761
2026-09-26T21:56:40.489757Z	debug	dynamo_generic_rpc_split	generic gRPC response headers	stage="prefill" request_id=d4e1f15a-ff90-4456-8e65-878c5314e800 headers_us=1609
2026-09-26T21:56:40.491193Z	debug	dynamo_generic_rpc_split	generic gRPC unary response	stage="selector" request_id=d4e1f15a-ff90-4456-8e65-878c5314e800 elapsed_us=1322
2026-09-26T21:56:40.495104Z	debug	dynamo_generic_rpc_split	generic gRPC response headers	stage="prefill" request_id=3e17d6b0-c647-4084-9315-6b9944414a00 headers_us=1998
2026-09-26T21:56:40.497648Z	debug	dynamo_generic_rpc_split	generic gRPC unary response	stage="selector" request_id=3e17d6b0-c647-4084-9315-6b9944414a00 elapsed_us=2282
2026-09-26T21:56:40.504228Z	debug	dynamo_generic_rpc_split	generic gRPC response headers	stage="prefill" request_id=954ceb13-93a9-4bbb-bc3f-cbeeb7a86600 headers_us=2993
2026-09-26T21:56:40.506132Z	debug	dynamo_generic_rpc_split	generic gRPC unary response	stage="selector" request_id=954ceb13-93a9-4bbb-bc3f-cbeeb7a86600 elapsed_us=1753
2026-09-26T21:56:40.522455Z	debug	dynamo_generic_rpc_split	generic gRPC response headers	stage="prefill" request_id=95583d2f-bcd9-4a8b-ab73-1abc29135600 headers_us=1346
2026-09-26T21:56:40.523736Z	debug	dynamo_generic_rpc_split	generic gRPC unary response	stage="selector" request_id=95583d2f-bcd9-4a8b-ab73-1abc29135600 elapsed_us=1174
2026-09-26T21:56:40.524222Z	debug	dynamo_generic_rpc_split	generic gRPC response headers	stage="prefill" request_id=774ce4ae-36b2-4036-ac72-1f1120a05100 headers_us=2295
2026-09-26T21:56:40.525928Z	debug	dynamo_generic_rpc_split	generic gRPC unary response	stage="selector" request_id=774ce4ae-36b2-4036-ac72-1f1120a05100 elapsed_us=1636
2026-09-26T21:56:40.598271Z	debug	dynamo_generic_rpc_split	generic gRPC response headers	stage="prefill" request_id=93936548-3437-4fd9-b30f-14b7889b7600 headers_us=6016
2026-09-26T21:56:40.602948Z	debug	dynamo_generic_rpc_split	generic gRPC unary response	stage="selector" request_id=93936548-3437-4fd9-b30f-14b7889b7600 elapsed_us=4606
2026-09-26T21:56:40.609510Z	debug	dynamo_generic_rpc_split	generic gRPC response headers	stage="prefill" request_id=be933920-cd57-4372-9615-0b2a91792600 headers_us=2826
2026-09-26T21:56:40.611604Z	debug	dynamo_generic_rpc_split	generic gRPC unary response	stage="selector" request_id=be933920-cd57-4372-9615-0b2a91792600 elapsed_us=2008
2026-09-26T21:56:40.640942Z	debug	dynamo_generic_rpc_split	generic gRPC response headers	stage="prefill" request_id=ede0d86c-d6f5-4aa3-bc11-4974ab6d4a00 headers_us=3345
2026-09-26T21:56:40.642561Z	debug	dynamo_generic_rpc_split	generic gRPC unary response	stage="selector" request_id=ede0d86c-d6f5-4aa3-bc11-4974ab6d4a00 elapsed_us=1533
2026-09-26T21:56:40.664902Z	debug	dynamo_generic_rpc_split	generic gRPC response headers	stage="prefill" request_id=ec90c1c0-ea66-4237-91fb-73e7b6b04000 headers_us=1241
2026-09-26T21:56:40.666529Z	debug	dynamo_generic_rpc_split	generic gRPC unary response	stage="selector" request_id=ec90c1c0-ea66-4237-91fb-73e7b6b04000 elapsed_us=959
2026-09-26T21:56:40.672183Z	debug	dynamo_generic_rpc_split	generic gRPC response headers	stage="prefill" request_id=a251ada0-9db4-45e7-a1db-ea9ac9c14b00 headers_us=2345
2026-09-26T21:56:40.674588Z	debug	dynamo_generic_rpc_split	generic gRPC unary response	stage="selector" request_id=a251ada0-9db4-45e7-a1db-ea9ac9c14b00 elapsed_us=2247
2026-09-26T21:56:40.706984Z	debug	dynamo_generic_rpc_split	generic gRPC response headers	stage="prefill" request_id=f7b08fc9-7300-4270-a43f-6a464786ef00 headers_us=3102
2026-09-26T21:56:40.709490Z	debug	dynamo_generic_rpc_split	generic gRPC unary response	stage="selector" request_id=f7b08fc9-7300-4270-a43f-6a464786ef00 elapsed_us=2408
2026-09-26T21:56:40.731459Z	debug	dynamo_generic_rpc_split	generic gRPC response headers	stage="prefill" request_id=7bebb37b-f00a-4bfc-9c03-19356be12700 headers_us=4426
2026-09-26T21:56:40.735429Z	debug	dynamo_generic_rpc_split	generic gRPC unary response	stage="selector" request_id=7bebb37b-f00a-4bfc-9c03-19356be12700 elapsed_us=3901
2026-09-26T21:56:40.767007Z	debug	dynamo_generic_rpc_split	generic gRPC response headers	stage="prefill" request_id=c7e74641-f425-426e-b3bf-e983996d8c00 headers_us=7406
2026-09-26T21:56:40.772270Z	debug	dynamo_generic_rpc_split	generic gRPC unary response	stage="selector" request_id=c7e74641-f425-426e-b3bf-e983996d8c00 elapsed_us=5068
2026-09-26T21:56:40.783055Z	debug	dynamo_generic_rpc_split	generic gRPC response headers	stage="prefill" request_id=122c94fc-ceae-41b5-890b-031899d97f00 headers_us=4621
2026-09-26T21:56:40.786041Z	debug	dynamo_generic_rpc_split	generic gRPC unary response	stage="selector" request_id=122c94fc-ceae-41b5-890b-031899d97f00 elapsed_us=2889
2026-09-26T21:56:40.790699Z	debug	dynamo_generic_rpc_split	generic gRPC response headers	stage="prefill" request_id=31712e53-02f4-4ca2-ae44-12055e3b5b00 headers_us=4711
2026-09-26T21:56:40.792715Z	debug	dynamo_generic_rpc_split	generic gRPC response headers	stage="prefill" request_id=2f57431b-87ec-4c01-82c6-a9ec9bcdf300 headers_us=3344
2026-09-26T21:56:40.794502Z	debug	dynamo_generic_rpc_split	generic gRPC unary response	stage="selector" request_id=31712e53-02f4-4ca2-ae44-12055e3b5b00 elapsed_us=3726
2026-09-26T21:56:40.796352Z	debug	dynamo_generic_rpc_split	generic gRPC unary response	stage="selector" request_id=2f57431b-87ec-4c01-82c6-a9ec9bcdf300 elapsed_us=3575
2026-09-26T21:56:40.803510Z	debug	dynamo_generic_rpc_split	generic gRPC response headers	stage="prefill" request_id=bb8571d4-17e1-40ca-8a77-181e07c92400 headers_us=2539
2026-09-26T21:56:40.805740Z	debug	dynamo_generic_rpc_split	generic gRPC unary response	stage="selector" request_id=bb8571d4-17e1-40ca-8a77-181e07c92400 elapsed_us=1952
2026-09-26T21:56:40.829274Z	debug	dynamo_generic_rpc_split	generic gRPC response headers	stage="prefill" request_id=d00e3531-dc98-4a90-9fea-8fd0618c0200 headers_us=3829
2026-09-26T21:56:40.832633Z	debug	dynamo_generic_rpc_split	generic gRPC unary response	stage="selector" request_id=d00e3531-dc98-4a90-9fea-8fd0618c0200 elapsed_us=3299
2026-09-26T21:56:40.879692Z	debug	dynamo_generic_rpc_split	generic gRPC response headers	stage="prefill" request_id=b6be6408-7fa5-4de8-8421-f3bb73a13e00 headers_us=4218
2026-09-26T21:56:40.886338Z	debug	dynamo_generic_rpc_split	generic gRPC unary response	stage="selector" request_id=b6be6408-7fa5-4de8-8421-f3bb73a13e00 elapsed_us=4549
2026-09-26T21:56:40.931516Z	debug	dynamo_generic_rpc_split	generic gRPC response headers	stage="prefill" request_id=5c02738d-286a-483f-9d52-2d8174fe4200 headers_us=3842
2026-09-26T21:56:40.934282Z	debug	dynamo_generic_rpc_split	generic gRPC unary response	stage="selector" request_id=5c02738d-286a-483f-9d52-2d8174fe4200 elapsed_us=2696
2026-09-26T21:56:40.940581Z	debug	dynamo_generic_rpc_split	generic gRPC response headers	stage="prefill" request_id=554c5f4f-00af-4613-abcc-67b4b580c300 headers_us=2407
2026-09-26T21:56:40.942403Z	debug	dynamo_generic_rpc_split	generic gRPC unary response	stage="selector" request_id=554c5f4f-00af-4613-abcc-67b4b580c300 elapsed_us=1742
2026-09-26T21:56:40.961297Z	debug	dynamo_generic_rpc_split	generic gRPC response headers	stage="prefill" request_id=d679fae7-4e5b-4c69-99ea-189ff14c8b00 headers_us=2889
2026-09-26T21:56:40.963480Z	debug	dynamo_generic_rpc_split	generic gRPC unary response	stage="selector" request_id=d679fae7-4e5b-4c69-99ea-189ff14c8b00 elapsed_us=1527
2026-09-26T21:56:40.983618Z	debug	dynamo_generic_rpc_split	generic gRPC response headers	stage="prefill" request_id=fc696cf2-f6e2-4d27-bec0-89f660b01b00 headers_us=3976
2026-09-26T21:56:40.991045Z	debug	dynamo_generic_rpc_split	generic gRPC unary response	stage="selector" request_id=fc696cf2-f6e2-4d27-bec0-89f660b01b00 elapsed_us=7352
2026-09-26T21:56:41.017171Z	debug	dynamo_generic_rpc_split	generic gRPC response headers	stage="prefill" request_id=6ca19d21-2817-4c65-ac5f-3049a65faf00 headers_us=3142
2026-09-26T21:56:41.022457Z	debug	dynamo_generic_rpc_split	generic gRPC response headers	stage="prefill" request_id=fcea0d3a-7b1b-400b-a2cc-24e240a9ae00 headers_us=8910
2026-09-26T21:56:41.023533Z	debug	dynamo_generic_rpc_split	generic gRPC unary response	stage="selector" request_id=6ca19d21-2817-4c65-ac5f-3049a65faf00 elapsed_us=6210
2026-09-26T21:56:41.028137Z	debug	dynamo_generic_rpc_split	generic gRPC unary response	stage="selector" request_id=fcea0d3a-7b1b-400b-a2cc-24e240a9ae00 elapsed_us=5597
2026-09-26T21:56:41.073497Z	debug	dynamo_generic_rpc_split	generic gRPC response headers	stage="prefill" request_id=99ef0ad3-ad4a-4eac-b781-77ea92436e00 headers_us=2156
2026-09-26T21:56:41.075220Z	debug	dynamo_generic_rpc_split	generic gRPC response headers	stage="prefill" request_id=a9cadd6e-72ec-4500-ac11-0163803d1d00 headers_us=4939
2026-09-26T21:56:41.075372Z	debug	dynamo_generic_rpc_split	generic gRPC unary response	stage="selector" request_id=99ef0ad3-ad4a-4eac-b781-77ea92436e00 elapsed_us=1810
2026-09-26T21:56:41.077452Z	debug	dynamo_generic_rpc_split	generic gRPC unary response	stage="selector" request_id=a9cadd6e-72ec-4500-ac11-0163803d1d00 elapsed_us=2114
2026-09-26T21:56:41.086693Z	debug	dynamo_generic_rpc_split	generic gRPC response headers	stage="prefill" request_id=d36bcb91-bf14-4fb9-b9e2-26bef194a700 headers_us=3332
2026-09-26T21:56:41.090304Z	debug	dynamo_generic_rpc_split	generic gRPC unary response	stage="selector" request_id=d36bcb91-bf14-4fb9-b9e2-26bef194a700 elapsed_us=3525
2026-09-26T21:56:41.090831Z	debug	dynamo_generic_rpc_split	generic gRPC response headers	stage="prefill" request_id=7bcfcd3f-c22e-44ed-9d6d-47a980be5c00 headers_us=1823
2026-09-26T21:56:41.092453Z	debug	dynamo_generic_rpc_split	generic gRPC unary response	stage="selector" request_id=7bcfcd3f-c22e-44ed-9d6d-47a980be5c00 elapsed_us=1572
2026-09-26T21:56:41.136971Z	debug	dynamo_generic_rpc_split	generic gRPC response headers	stage="prefill" request_id=31a91311-e84e-48a2-9ec5-6ddd0610ce00 headers_us=6827
2026-09-26T21:56:41.139664Z	debug	dynamo_generic_rpc_split	generic gRPC unary response	stage="selector" request_id=31a91311-e84e-48a2-9ec5-6ddd0610ce00 elapsed_us=2588
2026-09-26T21:56:41.144865Z	debug	dynamo_generic_rpc_split	generic gRPC response headers	stage="prefill" request_id=b8e1a356-a564-4b30-b985-b3f04b9c6700 headers_us=3631
2026-09-26T21:56:41.148017Z	debug	dynamo_generic_rpc_split	generic gRPC unary response	stage="selector" request_id=b8e1a356-a564-4b30-b985-b3f04b9c6700 elapsed_us=3017
2026-09-26T21:56:41.240296Z	debug	dynamo_generic_rpc_split	generic gRPC response headers	stage="prefill" request_id=d79d3592-904a-4d6f-a3a0-3faa95ac7300 headers_us=2187
2026-09-26T21:56:41.241004Z	debug	dynamo_generic_rpc_split	generic gRPC unary response	stage="selector" request_id=d79d3592-904a-4d6f-a3a0-3faa95ac7300 elapsed_us=626
2026-09-26T21:56:41.249772Z	debug	dynamo_generic_rpc_split	generic gRPC response headers	stage="prefill" request_id=803265d4-2c0d-40a7-a9ba-3004a5998a00 headers_us=1524
2026-09-26T21:56:41.251806Z	debug	dynamo_generic_rpc_split	generic gRPC unary response	stage="selector" request_id=803265d4-2c0d-40a7-a9ba-3004a5998a00 elapsed_us=1742
2026-09-26T21:56:41.256011Z	debug	dynamo_generic_rpc_split	generic gRPC response headers	stage="prefill" request_id=a24a2b10-c312-406c-b8bc-0dbf2a6ab200 headers_us=3308
2026-09-26T21:56:41.257981Z	debug	dynamo_generic_rpc_split	generic gRPC unary response	stage="selector" request_id=a24a2b10-c312-406c-b8bc-0dbf2a6ab200 elapsed_us=1850
2026-09-26T21:56:41.311114Z	debug	dynamo_generic_rpc_split	generic gRPC response headers	stage="prefill" request_id=712a2c9a-7ba8-48ae-841c-9035c07af300 headers_us=794
2026-09-26T21:56:41.312949Z	debug	dynamo_generic_rpc_split	generic gRPC unary response	stage="selector" request_id=712a2c9a-7ba8-48ae-841c-9035c07af300 elapsed_us=1663
2026-09-26T21:56:41.323685Z	debug	dynamo_generic_rpc_split	generic gRPC response headers	stage="prefill" request_id=cca6d1cf-76f5-4952-9f75-927837e86500 headers_us=1467
2026-09-26T21:56:41.326363Z	debug	dynamo_generic_rpc_split	generic gRPC unary response	stage="selector" request_id=cca6d1cf-76f5-4952-9f75-927837e86500 elapsed_us=2563
2026-09-26T21:56:41.330073Z	debug	dynamo_generic_rpc_split	generic gRPC response headers	stage="prefill" request_id=c624a0bd-fef6-4640-8a96-934a25af9d00 headers_us=1505
2026-09-26T21:56:41.332378Z	debug	dynamo_generic_rpc_split	generic gRPC unary response	stage="selector" request_id=c624a0bd-fef6-4640-8a96-934a25af9d00 elapsed_us=2197
2026-09-26T21:56:41.345880Z	debug	dynamo_generic_rpc_split	generic gRPC response headers	stage="prefill" request_id=f21305a1-ba91-4bcc-9c93-757b43778400 headers_us=2726
2026-09-26T21:56:41.346308Z	debug	dynamo_generic_rpc_split	generic gRPC response headers	stage="prefill" request_id=714f34cc-59ba-4acc-a527-23549ea91b00 headers_us=3067
2026-09-26T21:56:41.348165Z	debug	dynamo_generic_rpc_split	generic gRPC unary response	stage="selector" request_id=f21305a1-ba91-4bcc-9c93-757b43778400 elapsed_us=2198
2026-09-26T21:56:41.350889Z	debug	dynamo_generic_rpc_split	generic gRPC unary response	stage="selector" request_id=714f34cc-59ba-4acc-a527-23549ea91b00 elapsed_us=4474
2026-09-26T21:56:41.404831Z	debug	dynamo_generic_rpc_split	generic gRPC response headers	stage="prefill" request_id=8b085306-7f02-4b46-873d-5921eec9e800 headers_us=15589
2026-09-26T21:56:41.412886Z	debug	dynamo_generic_rpc_split	generic gRPC unary response	stage="selector" request_id=8b085306-7f02-4b46-873d-5921eec9e800 elapsed_us=7985
2026-09-26T21:56:41.422691Z	debug	dynamo_generic_rpc_split	generic gRPC response headers	stage="prefill" request_id=82b959a8-c9af-46be-837c-5a8a59b46200 headers_us=4264
2026-09-26T21:56:41.427321Z	debug	dynamo_generic_rpc_split	generic gRPC unary response	stage="selector" request_id=82b959a8-c9af-46be-837c-5a8a59b46200 elapsed_us=4553
2026-09-26T21:56:41.428617Z	debug	dynamo_generic_rpc_split	generic gRPC response headers	stage="prefill" request_id=bad7c5f9-c180-4211-b290-a0d384a07100 headers_us=8338
2026-09-26T21:56:41.432327Z	debug	dynamo_generic_rpc_split	generic gRPC unary response	stage="selector" request_id=bad7c5f9-c180-4211-b290-a0d384a07100 elapsed_us=3645
2026-09-26T21:56:41.433285Z	debug	dynamo_generic_rpc_split	generic gRPC response headers	stage="prefill" request_id=6ccc873a-82eb-4f1a-ab04-593bdc1afb00 headers_us=7612
2026-09-26T21:56:41.438972Z	debug	dynamo_generic_rpc_split	generic gRPC unary response	stage="selector" request_id=6ccc873a-82eb-4f1a-ab04-593bdc1afb00 elapsed_us=5571
2026-09-26T21:56:41.452818Z	debug	dynamo_generic_rpc_split	generic gRPC response headers	stage="prefill" request_id=9921a376-089a-4592-8624-5222c81ce100 headers_us=1794
2026-09-26T21:56:41.453873Z	debug	dynamo_generic_rpc_split	generic gRPC unary response	stage="selector" request_id=9921a376-089a-4592-8624-5222c81ce100 elapsed_us=948
2026-09-26T21:56:41.468417Z	debug	dynamo_generic_rpc_split	generic gRPC response headers	stage="prefill" request_id=edce7b04-ebb5-497c-8434-2dbfa3ca2700 headers_us=769
2026-09-26T21:56:41.470071Z	debug	dynamo_generic_rpc_split	generic gRPC unary response	stage="selector" request_id=edce7b04-ebb5-497c-8434-2dbfa3ca2700 elapsed_us=1500
2026-09-26T21:56:41.476121Z	debug	dynamo_generic_rpc_split	generic gRPC response headers	stage="prefill" request_id=e2115746-5b2a-4f20-92e0-38d679fa9800 headers_us=1487
2026-09-26T21:56:41.476914Z	debug	dynamo_generic_rpc_split	generic gRPC unary response	stage="selector" request_id=e2115746-5b2a-4f20-92e0-38d679fa9800 elapsed_us=674
2026-09-26T21:56:41.503913Z	debug	dynamo_generic_rpc_split	generic gRPC response headers	stage="prefill" request_id=21155e6d-7610-4d60-86c8-f75b82157000 headers_us=1257
2026-09-26T21:56:41.504802Z	debug	dynamo_generic_rpc_split	generic gRPC unary response	stage="selector" request_id=21155e6d-7610-4d60-86c8-f75b82157000 elapsed_us=779
2026-09-26T21:56:41.561973Z	debug	dynamo_generic_rpc_split	generic gRPC response headers	stage="prefill" request_id=b66413b9-13ab-4608-9b7e-84ef31addd00 headers_us=1397
2026-09-26T21:56:41.562737Z	debug	dynamo_generic_rpc_split	generic gRPC unary response	stage="selector" request_id=b66413b9-13ab-4608-9b7e-84ef31addd00 elapsed_us=692
2026-09-26T21:56:41.584741Z	debug	dynamo_generic_rpc_split	generic gRPC response headers	stage="prefill" request_id=972ccfc1-a79e-45c9-817f-ed67c031a100 headers_us=3192
2026-09-26T21:56:41.586668Z	debug	dynamo_generic_rpc_split	generic gRPC unary response	stage="selector" request_id=972ccfc1-a79e-45c9-817f-ed67c031a100 elapsed_us=1815
2026-09-26T21:56:41.629463Z	debug	dynamo_generic_rpc_split	generic gRPC response headers	stage="prefill" request_id=01ac8fe7-8adb-444d-8056-c9c3949b1100 headers_us=3673
2026-09-26T21:56:41.632660Z	debug	dynamo_generic_rpc_split	generic gRPC unary response	stage="selector" request_id=01ac8fe7-8adb-444d-8056-c9c3949b1100 elapsed_us=3115
2026-09-26T21:56:41.668095Z	debug	dynamo_generic_rpc_split	generic gRPC response headers	stage="prefill" request_id=24612529-e1ff-4ada-9529-8ba3f7a82800 headers_us=2883
2026-09-26T21:56:41.670270Z	debug	dynamo_generic_rpc_split	generic gRPC unary response	stage="selector" request_id=24612529-e1ff-4ada-9529-8ba3f7a82800 elapsed_us=2066
2026-09-26T21:56:41.759031Z	debug	dynamo_generic_rpc_split	generic gRPC response headers	stage="prefill" request_id=487e49ae-23e0-479c-8ab3-9e971f2da000 headers_us=2771
2026-09-26T21:56:41.762160Z	debug	dynamo_generic_rpc_split	generic gRPC unary response	stage="selector" request_id=487e49ae-23e0-479c-8ab3-9e971f2da000 elapsed_us=3035
2026-09-26T21:56:41.765228Z	debug	dynamo_generic_rpc_split	generic gRPC response headers	stage="prefill" request_id=3103d1e6-0521-4bca-98fe-b5175f7abb00 headers_us=3678
2026-09-26T21:56:41.767130Z	debug	dynamo_generic_rpc_split	generic gRPC response headers	stage="prefill" request_id=a3db3be0-f610-49d6-a3d7-0e50e987c800 headers_us=2137
2026-09-26T21:56:41.768743Z	debug	dynamo_generic_rpc_split	generic gRPC unary response	stage="selector" request_id=a3db3be0-f610-49d6-a3d7-0e50e987c800 elapsed_us=1531
2026-09-26T21:56:41.768759Z	debug	dynamo_generic_rpc_split	generic gRPC unary response	stage="selector" request_id=3103d1e6-0521-4bca-98fe-b5175f7abb00 elapsed_us=3358
2026-09-26T21:56:41.775839Z	debug	dynamo_generic_rpc_split	generic gRPC response headers	stage="prefill" request_id=d4af5e93-0094-4f7b-8bbf-92f67ab35a00 headers_us=1370
2026-09-26T21:56:41.781456Z	debug	dynamo_generic_rpc_split	generic gRPC unary response	stage="selector" request_id=d4af5e93-0094-4f7b-8bbf-92f67ab35a00 elapsed_us=5550
2026-09-26T21:56:41.805607Z	debug	dynamo_generic_rpc_split	generic gRPC response headers	stage="prefill" request_id=75634eba-cdc9-475e-9e0c-bb99795b1700 headers_us=2610
2026-09-26T21:56:41.810095Z	debug	dynamo_generic_rpc_split	generic gRPC unary response	stage="selector" request_id=75634eba-cdc9-475e-9e0c-bb99795b1700 elapsed_us=4415
2026-09-26T21:56:41.828058Z	debug	dynamo_generic_rpc_split	generic gRPC response headers	stage="prefill" request_id=49975419-0fc6-4934-ae42-09d241777800 headers_us=3543
2026-09-26T21:56:41.830136Z	debug	dynamo_generic_rpc_split	generic gRPC unary response	stage="selector" request_id=49975419-0fc6-4934-ae42-09d241777800 elapsed_us=1982
2026-09-26T21:56:41.879332Z	debug	dynamo_generic_rpc_split	generic gRPC response headers	stage="prefill" request_id=f5ee106e-5396-452c-bd1d-54b256baf200 headers_us=9907
2026-09-26T21:56:41.884620Z	debug	dynamo_generic_rpc_split	generic gRPC unary response	stage="selector" request_id=f5ee106e-5396-452c-bd1d-54b256baf200 elapsed_us=5198
2026-09-26T21:56:41.887669Z	debug	dynamo_generic_rpc_split	generic gRPC response headers	stage="prefill" request_id=8ff6669c-6349-4cf6-ae78-7c0ae7b3e500 headers_us=5297
2026-09-26T21:56:41.891415Z	debug	dynamo_generic_rpc_split	generic gRPC response headers	stage="prefill" request_id=26a946c4-5512-4dff-8a3f-63f4d2dd9700 headers_us=7102
2026-09-26T21:56:41.892192Z	debug	dynamo_generic_rpc_split	generic gRPC unary response	stage="selector" request_id=8ff6669c-6349-4cf6-ae78-7c0ae7b3e500 elapsed_us=4443
2026-09-26T21:56:41.896086Z	debug	dynamo_generic_rpc_split	generic gRPC unary response	stage="selector" request_id=26a946c4-5512-4dff-8a3f-63f4d2dd9700 elapsed_us=4565
2026-09-26T21:56:41.906532Z	debug	dynamo_generic_rpc_split	generic gRPC response headers	stage="prefill" request_id=1cd7a3d6-f608-43db-8751-047299b79100 headers_us=3987
2026-09-26T21:56:41.912435Z	debug	dynamo_generic_rpc_split	generic gRPC unary response	stage="selector" request_id=1cd7a3d6-f608-43db-8751-047299b79100 elapsed_us=5777
2026-09-26T21:56:41.913474Z	debug	dynamo_generic_rpc_split	generic gRPC response headers	stage="prefill" request_id=bc5c6ced-b0ea-4eae-9619-ff8daac58200 headers_us=2263
2026-09-26T21:56:41.917404Z	debug	dynamo_generic_rpc_split	generic gRPC unary response	stage="selector" request_id=bc5c6ced-b0ea-4eae-9619-ff8daac58200 elapsed_us=3829
2026-09-26T21:56:41.930663Z	debug	dynamo_generic_rpc_split	generic gRPC response headers	stage="prefill" request_id=bc44b42b-0747-40eb-8d0d-def5c5948d00 headers_us=4393
2026-09-26T21:56:41.939460Z	debug	dynamo_generic_rpc_split	generic gRPC unary response	stage="selector" request_id=bc44b42b-0747-40eb-8d0d-def5c5948d00 elapsed_us=6325
2026-09-26T21:56:41.940793Z	debug	dynamo_generic_rpc_split	generic gRPC response headers	stage="prefill" request_id=a7c44af8-7f72-4d9a-baf8-be8ff260f500 headers_us=3825
2026-09-26T21:56:41.945198Z	debug	dynamo_generic_rpc_split	generic gRPC unary response	stage="selector" request_id=a7c44af8-7f72-4d9a-baf8-be8ff260f500 elapsed_us=4336
2026-09-26T21:56:41.947857Z	debug	dynamo_generic_rpc_split	generic gRPC response headers	stage="prefill" request_id=d07ab9ca-8453-476b-adc7-917153e74200 headers_us=1953
2026-09-26T21:56:41.950994Z	debug	dynamo_generic_rpc_split	generic gRPC unary response	stage="selector" request_id=d07ab9ca-8453-476b-adc7-917153e74200 elapsed_us=3036
2026-09-26T21:56:41.970856Z	debug	dynamo_generic_rpc_split	generic gRPC response headers	stage="prefill" request_id=8becbcec-b1e5-4f47-937f-fcea7cae6500 headers_us=3052
2026-09-26T21:56:41.974350Z	debug	dynamo_generic_rpc_split	generic gRPC unary response	stage="selector" request_id=8becbcec-b1e5-4f47-937f-fcea7cae6500 elapsed_us=3393
2026-09-26T21:56:41.992339Z	debug	dynamo_generic_rpc_split	generic gRPC response headers	stage="prefill" request_id=cfcd94f7-6f3a-4a6a-bb65-0724702c8300 headers_us=2431
2026-09-26T21:56:41.994018Z	debug	dynamo_generic_rpc_split	generic gRPC unary response	stage="selector" request_id=cfcd94f7-6f3a-4a6a-bb65-0724702c8300 elapsed_us=1582
2026-09-26T21:56:42.019690Z	debug	dynamo_generic_rpc_split	generic gRPC response headers	stage="prefill" request_id=a5b6bd86-0cc0-4419-80c7-882811585c00 headers_us=4902
2026-09-26T21:56:42.021864Z	debug	dynamo_generic_rpc_split	generic gRPC unary response	stage="selector" request_id=a5b6bd86-0cc0-4419-80c7-882811585c00 elapsed_us=2068
2026-09-26T21:56:42.048368Z	debug	dynamo_generic_rpc_split	generic gRPC response headers	stage="prefill" request_id=2897b652-2a32-4a1e-bf5a-dc50bced2100 headers_us=5233
2026-09-26T21:56:42.053093Z	debug	dynamo_generic_rpc_split	generic gRPC unary response	stage="selector" request_id=2897b652-2a32-4a1e-bf5a-dc50bced2100 elapsed_us=4644
2026-09-26T21:56:42.057003Z	debug	dynamo_generic_rpc_split	generic gRPC response headers	stage="prefill" request_id=f8e1f2ba-9d34-4d90-ae8e-802b93d79900 headers_us=2970
2026-09-26T21:56:42.060445Z	debug	dynamo_generic_rpc_split	generic gRPC unary response	stage="selector" request_id=f8e1f2ba-9d34-4d90-ae8e-802b93d79900 elapsed_us=2844
2026-09-26T21:56:42.063512Z	debug	dynamo_generic_rpc_split	generic gRPC response headers	stage="prefill" request_id=3c7efba3-0847-44a6-a051-50b9d9c0e200 headers_us=7211
2026-09-26T21:56:42.067211Z	debug	dynamo_generic_rpc_split	generic gRPC unary response	stage="selector" request_id=3c7efba3-0847-44a6-a051-50b9d9c0e200 elapsed_us=3612
2026-09-26T21:56:42.088772Z	debug	dynamo_generic_rpc_split	generic gRPC response headers	stage="prefill" request_id=6fbec244-ff8c-406e-86b4-03acdb900d00 headers_us=3435
2026-09-26T21:56:42.090378Z	debug	dynamo_generic_rpc_split	generic gRPC response headers	stage="prefill" request_id=91a2ec45-63d8-4c10-9fa9-27604c726200 headers_us=2908
2026-09-26T21:56:42.092459Z	debug	dynamo_generic_rpc_split	generic gRPC unary response	stage="selector" request_id=6fbec244-ff8c-406e-86b4-03acdb900d00 elapsed_us=3565
2026-09-26T21:56:42.093098Z	debug	dynamo_generic_rpc_split	generic gRPC unary response	stage="selector" request_id=91a2ec45-63d8-4c10-9fa9-27604c726200 elapsed_us=2632
2026-09-26T21:56:42.104823Z	debug	dynamo_generic_rpc_split	generic gRPC response headers	stage="prefill" request_id=8250cbe9-4da1-42f0-b3ad-6a3b90262400 headers_us=3304
2026-09-26T21:56:42.105954Z	debug	dynamo_generic_rpc_split	generic gRPC response headers	stage="prefill" request_id=bfe08a0e-7318-4b1a-9caa-a35098e03700 headers_us=4619
2026-09-26T21:56:42.106815Z	debug	dynamo_generic_rpc_split	generic gRPC unary response	stage="selector" request_id=8250cbe9-4da1-42f0-b3ad-6a3b90262400 elapsed_us=1931
2026-09-26T21:56:42.110856Z	debug	dynamo_generic_rpc_split	generic gRPC response headers	stage="prefill" request_id=61c521f7-64eb-42b0-a5ca-4fd9657e3e00 headers_us=4404
2026-09-26T21:56:42.111412Z	debug	dynamo_generic_rpc_split	generic gRPC unary response	stage="selector" request_id=bfe08a0e-7318-4b1a-9caa-a35098e03700 elapsed_us=3855
2026-09-26T21:56:42.116362Z	debug	dynamo_generic_rpc_split	generic gRPC unary response	stage="selector" request_id=61c521f7-64eb-42b0-a5ca-4fd9657e3e00 elapsed_us=5274
2026-09-26T21:56:42.135899Z	debug	dynamo_generic_rpc_split	generic gRPC response headers	stage="prefill" request_id=56463385-2ca5-45b1-83cb-18bcfd587300 headers_us=1611
2026-09-26T21:56:42.142444Z	debug	dynamo_generic_rpc_split	generic gRPC unary response	stage="selector" request_id=56463385-2ca5-45b1-83cb-18bcfd587300 elapsed_us=5806
2026-09-26T21:56:42.159572Z	debug	dynamo_generic_rpc_split	generic gRPC response headers	stage="prefill" request_id=0949b468-bdbe-4876-9389-c5d849c9b500 headers_us=1998
2026-09-26T21:56:42.161505Z	debug	dynamo_generic_rpc_split	generic gRPC unary response	stage="selector" request_id=0949b468-bdbe-4876-9389-c5d849c9b500 elapsed_us=1833
2026-09-26T21:56:42.171645Z	debug	dynamo_generic_rpc_split	generic gRPC response headers	stage="prefill" request_id=af8dfeed-c892-4810-8d88-8d4adf947f00 headers_us=3508
2026-09-26T21:56:42.175308Z	debug	dynamo_generic_rpc_split	generic gRPC unary response	stage="selector" request_id=af8dfeed-c892-4810-8d88-8d4adf947f00 elapsed_us=3585
2026-09-26T21:56:42.181068Z	debug	dynamo_generic_rpc_split	generic gRPC response headers	stage="prefill" request_id=965f90b8-b206-4562-b2b5-7ddf99e93300 headers_us=6899
2026-09-26T21:56:42.184599Z	debug	dynamo_generic_rpc_split	generic gRPC unary response	stage="selector" request_id=965f90b8-b206-4562-b2b5-7ddf99e93300 elapsed_us=3460
2026-09-26T21:56:42.203673Z	debug	dynamo_generic_rpc_split	generic gRPC response headers	stage="prefill" request_id=17686461-9b7b-4f6b-a892-0981cddf5100 headers_us=2035
2026-09-26T21:56:42.213646Z	debug	dynamo_generic_rpc_split	generic gRPC unary response	stage="selector" request_id=17686461-9b7b-4f6b-a892-0981cddf5100 elapsed_us=5926
2026-09-26T21:56:42.227308Z	debug	dynamo_generic_rpc_split	generic gRPC response headers	stage="prefill" request_id=87dac41c-5df3-4380-ab27-807555767800 headers_us=2396
2026-09-26T21:56:42.231713Z	debug	dynamo_generic_rpc_split	generic gRPC unary response	stage="selector" request_id=87dac41c-5df3-4380-ab27-807555767800 elapsed_us=4306
2026-09-26T21:56:42.246605Z	debug	dynamo_generic_rpc_split	generic gRPC response headers	stage="prefill" request_id=f0b3ced5-a813-4d23-a66f-bec129f6c400 headers_us=1427
2026-09-26T21:56:42.250653Z	debug	dynamo_generic_rpc_split	generic gRPC unary response	stage="selector" request_id=f0b3ced5-a813-4d23-a66f-bec129f6c400 elapsed_us=3759
2026-09-26T21:56:42.254023Z	debug	dynamo_generic_rpc_split	generic gRPC response headers	stage="prefill" request_id=820bbacc-20cd-48a7-8843-bd005182b400 headers_us=3279
2026-09-26T21:56:42.255811Z	debug	dynamo_generic_rpc_split	generic gRPC unary response	stage="selector" request_id=820bbacc-20cd-48a7-8843-bd005182b400 elapsed_us=1718
2026-09-26T21:56:42.256173Z	debug	dynamo_generic_rpc_split	generic gRPC response headers	stage="prefill" request_id=e4adb1c2-7e69-41e9-beba-6f796ab9fa00 headers_us=1853
2026-09-26T21:56:42.259118Z	debug	dynamo_generic_rpc_split	generic gRPC unary response	stage="selector" request_id=e4adb1c2-7e69-41e9-beba-6f796ab9fa00 elapsed_us=2881
2026-09-26T21:56:42.263319Z	debug	dynamo_generic_rpc_split	generic gRPC response headers	stage="prefill" request_id=0772ef3d-7a9a-41cd-8528-fd5679410e00 headers_us=1943
2026-09-26T21:56:42.264606Z	debug	dynamo_generic_rpc_split	generic gRPC unary response	stage="selector" request_id=0772ef3d-7a9a-41cd-8528-fd5679410e00 elapsed_us=801
2026-09-26T21:56:42.290984Z	debug	dynamo_generic_rpc_split	generic gRPC response headers	stage="prefill" request_id=36676afd-e428-48e0-9dae-9e6888db9d00 headers_us=3061
2026-09-26T21:56:42.296250Z	debug	dynamo_generic_rpc_split	generic gRPC unary response	stage="selector" request_id=36676afd-e428-48e0-9dae-9e6888db9d00 elapsed_us=5202
2026-09-26T21:56:42.300258Z	debug	dynamo_generic_rpc_split	generic gRPC response headers	stage="prefill" request_id=16f3b0ee-876a-4301-bc27-7c7a0c6f1a00 headers_us=2500
2026-09-26T21:56:42.302178Z	debug	dynamo_generic_rpc_split	generic gRPC unary response	stage="selector" request_id=16f3b0ee-876a-4301-bc27-7c7a0c6f1a00 elapsed_us=1859
2026-09-26T21:56:42.309011Z	debug	dynamo_generic_rpc_split	generic gRPC response headers	stage="prefill" request_id=04e55674-9a2c-4a14-b5e5-b3a792829200 headers_us=3503
2026-09-26T21:56:42.311207Z	debug	dynamo_generic_rpc_split	generic gRPC unary response	stage="selector" request_id=04e55674-9a2c-4a14-b5e5-b3a792829200 elapsed_us=2098
2026-09-26T21:56:42.339988Z	debug	dynamo_generic_rpc_split	generic gRPC response headers	stage="prefill" request_id=3ba7b909-cb4c-417e-9012-5264c716dd00 headers_us=1733
2026-09-26T21:56:42.341338Z	debug	dynamo_generic_rpc_split	generic gRPC unary response	stage="selector" request_id=3ba7b909-cb4c-417e-9012-5264c716dd00 elapsed_us=1257
2026-09-26T21:56:42.343157Z	debug	dynamo_generic_rpc_split	generic gRPC response headers	stage="prefill" request_id=7410c0fb-e29f-414d-a47b-349063125300 headers_us=3905
2026-09-26T21:56:42.347902Z	debug	dynamo_generic_rpc_split	generic gRPC unary response	stage="selector" request_id=7410c0fb-e29f-414d-a47b-349063125300 elapsed_us=4684
2026-09-26T21:56:42.386380Z	debug	dynamo_generic_rpc_split	generic gRPC response headers	stage="prefill" request_id=b1a3dcc4-75b5-4b64-bb41-54fcdbdb8f00 headers_us=3452
2026-09-26T21:56:42.388077Z	debug	dynamo_generic_rpc_split	generic gRPC unary response	stage="selector" request_id=b1a3dcc4-75b5-4b64-bb41-54fcdbdb8f00 elapsed_us=1577
2026-09-26T21:56:42.389830Z	debug	dynamo_generic_rpc_split	generic gRPC response headers	stage="prefill" request_id=acb9f8a0-c340-44cc-9680-18deeb003700 headers_us=1270
2026-09-26T21:56:42.391610Z	debug	dynamo_generic_rpc_split	generic gRPC unary response	stage="selector" request_id=acb9f8a0-c340-44cc-9680-18deeb003700 elapsed_us=1679
2026-09-26T21:56:42.443530Z	debug	dynamo_generic_rpc_split	generic gRPC response headers	stage="prefill" request_id=754b8536-6c69-4549-b0bb-518a3e427000 headers_us=4426
2026-09-26T21:56:42.447016Z	debug	dynamo_generic_rpc_split	generic gRPC unary response	stage="selector" request_id=754b8536-6c69-4549-b0bb-518a3e427000 elapsed_us=3370
2026-09-26T21:56:42.485812Z	debug	dynamo_generic_rpc_split	generic gRPC response headers	stage="prefill" request_id=03123181-087c-4d2f-b9a1-80b3c6171800 headers_us=2928
2026-09-26T21:56:42.488347Z	debug	dynamo_generic_rpc_split	generic gRPC unary response	stage="selector" request_id=03123181-087c-4d2f-b9a1-80b3c6171800 elapsed_us=2441
2026-09-26T21:56:42.489788Z	debug	dynamo_generic_rpc_split	generic gRPC response headers	stage="prefill" request_id=321b42b5-fc66-4428-af51-05f2d3821f00 headers_us=4778
2026-09-26T21:56:42.492785Z	debug	dynamo_generic_rpc_split	generic gRPC unary response	stage="selector" request_id=321b42b5-fc66-4428-af51-05f2d3821f00 elapsed_us=2903
2026-09-26T21:56:42.493148Z	debug	dynamo_generic_rpc_split	generic gRPC response headers	stage="prefill" request_id=56304def-5609-45f5-a8ff-c968ba21a800 headers_us=3105
2026-09-26T21:56:42.495586Z	debug	dynamo_generic_rpc_split	generic gRPC unary response	stage="selector" request_id=56304def-5609-45f5-a8ff-c968ba21a800 elapsed_us=2341
2026-09-26T21:56:42.523793Z	debug	dynamo_generic_rpc_split	generic gRPC response headers	stage="prefill" request_id=fc61bab5-2144-4f62-ae0c-f632238b7900 headers_us=2783
2026-09-26T21:56:42.525753Z	debug	dynamo_generic_rpc_split	generic gRPC unary response	stage="selector" request_id=fc61bab5-2144-4f62-ae0c-f632238b7900 elapsed_us=1893
2026-09-26T21:56:42.587820Z	debug	dynamo_generic_rpc_split	generic gRPC response headers	stage="prefill" request_id=2bda44f1-7b57-4099-a328-8b2033564800 headers_us=1507
2026-09-26T21:56:42.589596Z	debug	dynamo_generic_rpc_split	generic gRPC unary response	stage="selector" request_id=2bda44f1-7b57-4099-a328-8b2033564800 elapsed_us=1693
2026-09-26T21:56:42.600190Z	debug	dynamo_generic_rpc_split	generic gRPC response headers	stage="prefill" request_id=1181f0df-0a49-4157-a633-e4665ffe1700 headers_us=1531
2026-09-26T21:56:42.601369Z	debug	dynamo_generic_rpc_split	generic gRPC unary response	stage="selector" request_id=1181f0df-0a49-4157-a633-e4665ffe1700 elapsed_us=1122
2026-09-26T21:56:42.639885Z	debug	dynamo_generic_rpc_split	generic gRPC response headers	stage="prefill" request_id=63e8223a-2520-4f0f-bc87-384c1c6ea900 headers_us=2401
2026-09-26T21:56:42.642499Z	debug	dynamo_generic_rpc_split	generic gRPC unary response	stage="selector" request_id=63e8223a-2520-4f0f-bc87-384c1c6ea900 elapsed_us=2506
2026-09-26T21:56:42.687806Z	debug	dynamo_generic_rpc_split	generic gRPC response headers	stage="prefill" request_id=b36f754e-a39a-4593-906e-4f7fadf4dd00 headers_us=3880
2026-09-26T21:56:42.690148Z	debug	dynamo_generic_rpc_split	generic gRPC unary response	stage="selector" request_id=b36f754e-a39a-4593-906e-4f7fadf4dd00 elapsed_us=2258
2026-09-26T21:56:42.706476Z	debug	dynamo_generic_rpc_split	generic gRPC response headers	stage="prefill" request_id=a020710e-b80f-4355-b41a-b04d44515e00 headers_us=2526
2026-09-26T21:56:42.708581Z	debug	dynamo_generic_rpc_split	generic gRPC unary response	stage="selector" request_id=a020710e-b80f-4355-b41a-b04d44515e00 elapsed_us=1948
2026-09-26T21:56:42.816737Z	debug	dynamo_generic_rpc_split	generic gRPC response headers	stage="prefill" request_id=54f39d90-6f53-44f8-8e0f-505445452800 headers_us=3489
2026-09-26T21:56:42.817269Z	debug	dynamo_generic_rpc_split	generic gRPC response headers	stage="prefill" request_id=8c71e805-db9e-48b6-8b41-c4a42ce61d00 headers_us=4170
2026-09-26T21:56:42.819380Z	debug	dynamo_generic_rpc_split	generic gRPC unary response	stage="selector" request_id=54f39d90-6f53-44f8-8e0f-505445452800 elapsed_us=2576
2026-09-26T21:56:42.823200Z	debug	dynamo_generic_rpc_split	generic gRPC unary response	stage="selector" request_id=8c71e805-db9e-48b6-8b41-c4a42ce61d00 elapsed_us=5662
2026-09-26T21:56:42.826357Z	debug	dynamo_generic_rpc_split	generic gRPC response headers	stage="prefill" request_id=002ac7a6-15c4-40a2-9794-4620575d0700 headers_us=3696
2026-09-26T21:56:42.830851Z	debug	dynamo_generic_rpc_split	generic gRPC response headers	stage="prefill" request_id=b232d948-739f-43e4-8a41-2d0a5ad95b00 headers_us=6404
2026-09-26T21:56:42.831430Z	debug	dynamo_generic_rpc_split	generic gRPC response headers	stage="prefill" request_id=1fecf93f-a55c-4fb2-acc8-2515c90f6800 headers_us=4720
2026-09-26T21:56:42.831532Z	debug	dynamo_generic_rpc_split	generic gRPC unary response	stage="selector" request_id=002ac7a6-15c4-40a2-9794-4620575d0700 elapsed_us=5108
2026-09-26T21:56:42.834375Z	debug	dynamo_generic_rpc_split	generic gRPC unary response	stage="selector" request_id=b232d948-739f-43e4-8a41-2d0a5ad95b00 elapsed_us=3454
2026-09-26T21:56:42.835354Z	debug	dynamo_generic_rpc_split	generic gRPC unary response	stage="selector" request_id=1fecf93f-a55c-4fb2-acc8-2515c90f6800 elapsed_us=3868
2026-09-26T21:56:42.841838Z	debug	dynamo_generic_rpc_split	generic gRPC response headers	stage="prefill" request_id=69a35819-06f9-418c-bf28-2817397c7700 headers_us=4329
2026-09-26T21:56:42.843415Z	debug	dynamo_generic_rpc_split	generic gRPC unary response	stage="selector" request_id=69a35819-06f9-418c-bf28-2817397c7700 elapsed_us=1506
2026-09-26T21:56:42.851493Z	debug	dynamo_generic_rpc_split	generic gRPC response headers	stage="prefill" request_id=0a5aafaf-7127-45c3-9d8c-88a9c2031300 headers_us=2857
2026-09-26T21:56:42.854327Z	debug	dynamo_generic_rpc_split	generic gRPC unary response	stage="selector" request_id=0a5aafaf-7127-45c3-9d8c-88a9c2031300 elapsed_us=2777
2026-09-26T21:56:42.881985Z	debug	dynamo_generic_rpc_split	generic gRPC response headers	stage="prefill" request_id=4c3b32ca-71ff-4f86-921e-d2240bf15600 headers_us=2271
2026-09-26T21:56:42.883577Z	debug	dynamo_generic_rpc_split	generic gRPC unary response	stage="selector" request_id=4c3b32ca-71ff-4f86-921e-d2240bf15600 elapsed_us=1523
2026-09-26T21:56:42.901806Z	debug	dynamo_generic_rpc_split	generic gRPC response headers	stage="prefill" request_id=edd04c2a-b751-40b2-ba62-5f24f6c4b200 headers_us=2187
2026-09-26T21:56:42.906384Z	debug	dynamo_generic_rpc_split	generic gRPC unary response	stage="selector" request_id=edd04c2a-b751-40b2-ba62-5f24f6c4b200 elapsed_us=4502
2026-09-26T21:56:42.909048Z	debug	dynamo_generic_rpc_split	generic gRPC response headers	stage="prefill" request_id=b2faaa0c-49bd-4507-a89a-61dec72fde00 headers_us=3984
2026-09-26T21:56:42.910866Z	debug	dynamo_generic_rpc_split	generic gRPC unary response	stage="selector" request_id=b2faaa0c-49bd-4507-a89a-61dec72fde00 elapsed_us=1759
2026-09-26T21:56:42.928040Z	debug	dynamo_generic_rpc_split	generic gRPC response headers	stage="prefill" request_id=77ba57ea-136a-4136-b8be-d6e9084b0c00 headers_us=6300
2026-09-26T21:56:42.934469Z	debug	dynamo_generic_rpc_split	generic gRPC unary response	stage="selector" request_id=77ba57ea-136a-4136-b8be-d6e9084b0c00 elapsed_us=6365
2026-09-26T21:56:42.934731Z	debug	dynamo_generic_rpc_split	generic gRPC response headers	stage="prefill" request_id=ac9414ac-d450-403c-8407-3fd2fb470f00 headers_us=2638
2026-09-26T21:56:42.938033Z	debug	dynamo_generic_rpc_split	generic gRPC unary response	stage="selector" request_id=ac9414ac-d450-403c-8407-3fd2fb470f00 elapsed_us=3209
2026-09-26T21:56:42.944436Z	debug	dynamo_generic_rpc_split	generic gRPC response headers	stage="prefill" request_id=cc6b43d2-e260-4307-9361-0d835f2b3000 headers_us=4820
2026-09-26T21:56:42.951228Z	debug	dynamo_generic_rpc_split	generic gRPC unary response	stage="selector" request_id=cc6b43d2-e260-4307-9361-0d835f2b3000 elapsed_us=6742
2026-09-26T21:56:42.981990Z	debug	dynamo_generic_rpc_split	generic gRPC response headers	stage="prefill" request_id=4503b208-0d20-41e9-b064-4d8c307e6000 headers_us=6453
2026-09-26T21:56:42.986185Z	debug	dynamo_generic_rpc_split	generic gRPC unary response	stage="selector" request_id=4503b208-0d20-41e9-b064-4d8c307e6000 elapsed_us=4085
2026-09-26T21:56:43.005666Z	debug	dynamo_generic_rpc_split	generic gRPC response headers	stage="prefill" request_id=c0d6bc64-4764-47a8-8875-cc90e67aa600 headers_us=2451
2026-09-26T21:56:43.007962Z	debug	dynamo_generic_rpc_split	generic gRPC response headers	stage="prefill" request_id=32100983-0ffa-4b9a-b1e9-a64b99e83200 headers_us=5245
2026-09-26T21:56:43.011891Z	debug	dynamo_generic_rpc_split	generic gRPC unary response	stage="selector" request_id=c0d6bc64-4764-47a8-8875-cc90e67aa600 elapsed_us=6165
2026-09-26T21:56:43.013661Z	debug	dynamo_generic_rpc_split	generic gRPC unary response	stage="selector" request_id=32100983-0ffa-4b9a-b1e9-a64b99e83200 elapsed_us=5626
2026-09-26T21:56:43.046553Z	debug	dynamo_generic_rpc_split	generic gRPC response headers	stage="prefill" request_id=f2b215cb-7c42-4eb8-a1f6-71cf08287100 headers_us=2218
2026-09-26T21:56:43.048233Z	debug	dynamo_generic_rpc_split	generic gRPC unary response	stage="selector" request_id=f2b215cb-7c42-4eb8-a1f6-71cf08287100 elapsed_us=1577
2026-09-26T21:56:43.054307Z	debug	dynamo_generic_rpc_split	generic gRPC response headers	stage="prefill" request_id=0874db68-4444-4178-ba1e-799a0ed33d00 headers_us=3676
2026-09-26T21:56:43.057351Z	debug	dynamo_generic_rpc_split	generic gRPC unary response	stage="selector" request_id=0874db68-4444-4178-ba1e-799a0ed33d00 elapsed_us=2969
2026-09-26T21:56:43.109008Z	debug	dynamo_generic_rpc_split	generic gRPC response headers	stage="prefill" request_id=e2159e75-662f-4996-ab4c-11e8a7abc500 headers_us=3874
2026-09-26T21:56:43.114878Z	debug	dynamo_generic_rpc_split	generic gRPC unary response	stage="selector" request_id=e2159e75-662f-4996-ab4c-11e8a7abc500 elapsed_us=5779
2026-09-26T21:56:43.121672Z	debug	dynamo_generic_rpc_split	generic gRPC response headers	stage="prefill" request_id=2ed89163-3df1-4858-8d00-b88d7ae15200 headers_us=3413
2026-09-26T21:56:43.125163Z	debug	dynamo_generic_rpc_split	generic gRPC unary response	stage="selector" request_id=2ed89163-3df1-4858-8d00-b88d7ae15200 elapsed_us=3356
2026-09-26T21:56:43.152647Z	debug	dynamo_generic_rpc_split	generic gRPC response headers	stage="prefill" request_id=4bcdf4db-e747-4ac0-ad47-376518b4de00 headers_us=1784
2026-09-26T21:56:43.154418Z	debug	dynamo_generic_rpc_split	generic gRPC unary response	stage="selector" request_id=4bcdf4db-e747-4ac0-ad47-376518b4de00 elapsed_us=1350
2026-09-26T21:56:43.200062Z	debug	dynamo_generic_rpc_split	generic gRPC response headers	stage="prefill" request_id=ffa9f714-1966-4c5d-b7f8-7ab0d4034800 headers_us=2355
2026-09-26T21:56:43.203273Z	debug	dynamo_generic_rpc_split	generic gRPC response headers	stage="prefill" request_id=d360f16d-3c02-4644-ab19-c3074e8dd400 headers_us=2844
2026-09-26T21:56:43.205358Z	debug	dynamo_generic_rpc_split	generic gRPC unary response	stage="selector" request_id=d360f16d-3c02-4644-ab19-c3074e8dd400 elapsed_us=2004
2026-09-26T21:56:43.205520Z	debug	dynamo_generic_rpc_split	generic gRPC unary response	stage="selector" request_id=ffa9f714-1966-4c5d-b7f8-7ab0d4034800 elapsed_us=5339
2026-09-26T21:56:43.219132Z	debug	dynamo_generic_rpc_split	generic gRPC response headers	stage="prefill" request_id=505952ff-a9c6-48e5-989e-38b26fcfea00 headers_us=3985
2026-09-26T21:56:43.222847Z	debug	dynamo_generic_rpc_split	generic gRPC unary response	stage="selector" request_id=505952ff-a9c6-48e5-989e-38b26fcfea00 elapsed_us=3582
2026-09-26T21:56:43.229703Z	debug	dynamo_generic_rpc_split	generic gRPC response headers	stage="prefill" request_id=622b4540-8f92-475e-a9ec-967503bc6700 headers_us=2619
2026-09-26T21:56:43.230628Z	debug	dynamo_generic_rpc_split	generic gRPC response headers	stage="prefill" request_id=82a324d3-2950-4b41-9ea0-5ce475baf100 headers_us=3634
2026-09-26T21:56:43.232008Z	debug	dynamo_generic_rpc_split	generic gRPC unary response	stage="selector" request_id=622b4540-8f92-475e-a9ec-967503bc6700 elapsed_us=2225
2026-09-26T21:56:43.233811Z	debug	dynamo_generic_rpc_split	generic gRPC unary response	stage="selector" request_id=82a324d3-2950-4b41-9ea0-5ce475baf100 elapsed_us=3057
2026-09-26T21:56:43.248106Z	debug	dynamo_generic_rpc_split	generic gRPC response headers	stage="prefill" request_id=281b1fa6-6982-445e-a2c1-3fac2a5bc100 headers_us=3122
2026-09-26T21:56:43.256399Z	debug	dynamo_generic_rpc_split	generic gRPC unary response	stage="selector" request_id=281b1fa6-6982-445e-a2c1-3fac2a5bc100 elapsed_us=8212
2026-09-26T21:56:43.282477Z	debug	dynamo_generic_rpc_split	generic gRPC response headers	stage="prefill" request_id=5c87d0c5-2c31-4f36-94e7-a1f266e92c00 headers_us=1513
2026-09-26T21:56:43.284409Z	debug	dynamo_generic_rpc_split	generic gRPC unary response	stage="selector" request_id=5c87d0c5-2c31-4f36-94e7-a1f266e92c00 elapsed_us=1398
2026-09-26T21:56:43.285382Z	debug	dynamo_generic_rpc_split	generic gRPC response headers	stage="prefill" request_id=a4cb1fe9-5a60-4f09-9260-0875410d9a00 headers_us=1465
2026-09-26T21:56:43.285718Z	debug	dynamo_generic_rpc_split	generic gRPC response headers	stage="prefill" request_id=c37f785f-b39b-4e4a-b49d-d34898af5500 headers_us=1630
2026-09-26T21:56:43.287590Z	debug	dynamo_generic_rpc_split	generic gRPC unary response	stage="selector" request_id=a4cb1fe9-5a60-4f09-9260-0875410d9a00 elapsed_us=1931
2026-09-26T21:56:43.288226Z	debug	dynamo_generic_rpc_split	generic gRPC unary response	stage="selector" request_id=c37f785f-b39b-4e4a-b49d-d34898af5500 elapsed_us=2446
2026-09-26T21:56:43.315210Z	debug	dynamo_generic_rpc_split	generic gRPC response headers	stage="prefill" request_id=15d83ff4-ab26-4fe1-b0f7-62231a263800 headers_us=1160
2026-09-26T21:56:43.317146Z	debug	dynamo_generic_rpc_split	generic gRPC unary response	stage="selector" request_id=15d83ff4-ab26-4fe1-b0f7-62231a263800 elapsed_us=1793
2026-09-26T21:56:43.361142Z	debug	dynamo_generic_rpc_split	generic gRPC response headers	stage="prefill" request_id=c419440c-ccbd-4029-8c1f-7708abfc8700 headers_us=2213
2026-09-26T21:56:43.364970Z	debug	dynamo_generic_rpc_split	generic gRPC unary response	stage="selector" request_id=c419440c-ccbd-4029-8c1f-7708abfc8700 elapsed_us=3747
2026-09-26T21:56:43.413059Z	debug	dynamo_generic_rpc_split	generic gRPC response headers	stage="prefill" request_id=db2decf3-b6d8-4244-b63e-2622febb0400 headers_us=1343
2026-09-26T21:56:43.413641Z	debug	dynamo_generic_rpc_split	generic gRPC unary response	stage="selector" request_id=db2decf3-b6d8-4244-b63e-2622febb0400 elapsed_us=433
2026-09-26T21:56:43.505190Z	debug	dynamo_generic_rpc_split	generic gRPC response headers	stage="prefill" request_id=f8d6998f-bf85-43c8-8d97-107e5745b400 headers_us=6130
2026-09-26T21:56:43.507305Z	debug	dynamo_generic_rpc_split	generic gRPC unary response	stage="selector" request_id=f8d6998f-bf85-43c8-8d97-107e5745b400 elapsed_us=2040
2026-09-26T21:56:43.545660Z	debug	dynamo_generic_rpc_split	generic gRPC response headers	stage="prefill" request_id=b849681f-3852-4b00-9158-09f498beb600 headers_us=3416
2026-09-26T21:56:43.548308Z	debug	dynamo_generic_rpc_split	generic gRPC response headers	stage="prefill" request_id=7a013ae5-5510-473c-8258-c2b17124e600 headers_us=4657
2026-09-26T21:56:43.551376Z	debug	dynamo_generic_rpc_split	generic gRPC response headers	stage="prefill" request_id=42597b67-da69-4a37-82e5-18dfc38a8c00 headers_us=4229
2026-09-26T21:56:43.551523Z	debug	dynamo_generic_rpc_split	generic gRPC unary response	stage="selector" request_id=7a013ae5-5510-473c-8258-c2b17124e600 elapsed_us=3159
2026-09-26T21:56:43.551995Z	debug	dynamo_generic_rpc_split	generic gRPC unary response	stage="selector" request_id=b849681f-3852-4b00-9158-09f498beb600 elapsed_us=6280
2026-09-26T21:56:43.554846Z	debug	dynamo_generic_rpc_split	generic gRPC unary response	stage="selector" request_id=42597b67-da69-4a37-82e5-18dfc38a8c00 elapsed_us=3316
2026-09-26T21:56:43.557257Z	debug	dynamo_generic_rpc_split	generic gRPC response headers	stage="prefill" request_id=07241504-8f15-49c7-8a08-8e987f2e0900 headers_us=4095
2026-09-26T21:56:43.559587Z	debug	dynamo_generic_rpc_split	generic gRPC unary response	stage="selector" request_id=07241504-8f15-49c7-8a08-8e987f2e0900 elapsed_us=2275
2026-09-26T21:56:43.641341Z	debug	dynamo_generic_rpc_split	generic gRPC response headers	stage="prefill" request_id=49cb5e62-e221-409a-97d8-71842824be00 headers_us=2371
2026-09-26T21:56:43.645737Z	debug	dynamo_generic_rpc_split	generic gRPC unary response	stage="selector" request_id=49cb5e62-e221-409a-97d8-71842824be00 elapsed_us=4253
2026-09-26T21:56:43.657897Z	debug	dynamo_generic_rpc_split	generic gRPC response headers	stage="prefill" request_id=44f93332-4b17-4713-8d61-7a60e5928e00 headers_us=3067
2026-09-26T21:56:43.661055Z	debug	dynamo_generic_rpc_split	generic gRPC unary response	stage="selector" request_id=44f93332-4b17-4713-8d61-7a60e5928e00 elapsed_us=3029
2026-09-26T21:56:43.674346Z	debug	dynamo_generic_rpc_split	generic gRPC response headers	stage="prefill" request_id=3a88ab80-7704-4e82-90dd-a6b0f99a6900 headers_us=1115
2026-09-26T21:56:43.674986Z	debug	dynamo_generic_rpc_split	generic gRPC unary response	stage="selector" request_id=3a88ab80-7704-4e82-90dd-a6b0f99a6900 elapsed_us=534
2026-09-26T21:56:43.700527Z	debug	dynamo_generic_rpc_split	generic gRPC response headers	stage="prefill" request_id=162e946a-8780-4db0-a1aa-c4a8f5feb500 headers_us=2558
2026-09-26T21:56:43.704199Z	debug	dynamo_generic_rpc_split	generic gRPC unary response	stage="selector" request_id=162e946a-8780-4db0-a1aa-c4a8f5feb500 elapsed_us=3600
2026-09-26T21:56:43.737202Z	debug	dynamo_generic_rpc_split	generic gRPC response headers	stage="prefill" request_id=bc58e63d-c3d8-46d2-8313-ac1b09982600 headers_us=3602
2026-09-26T21:56:43.739109Z	debug	dynamo_generic_rpc_split	generic gRPC unary response	stage="selector" request_id=bc58e63d-c3d8-46d2-8313-ac1b09982600 elapsed_us=1820
2026-09-26T21:56:43.771417Z	debug	dynamo_generic_rpc_split	generic gRPC response headers	stage="prefill" request_id=d2525510-ddd7-438b-b27d-4576608d5700 headers_us=1735
2026-09-26T21:56:43.773730Z	debug	dynamo_generic_rpc_split	generic gRPC unary response	stage="selector" request_id=d2525510-ddd7-438b-b27d-4576608d5700 elapsed_us=1631
2026-09-26T21:56:43.795845Z	debug	dynamo_generic_rpc_split	generic gRPC response headers	stage="prefill" request_id=c5f033f1-18c1-4dde-9c4b-aee96942b500 headers_us=3135
2026-09-26T21:56:43.798550Z	debug	dynamo_generic_rpc_split	generic gRPC unary response	stage="selector" request_id=c5f033f1-18c1-4dde-9c4b-aee96942b500 elapsed_us=2640
2026-09-26T21:56:43.825069Z	debug	dynamo_generic_rpc_split	generic gRPC response headers	stage="prefill" request_id=86539e90-cea2-425c-afb3-eecf09ac2900 headers_us=4100
2026-09-26T21:56:43.829214Z	debug	dynamo_generic_rpc_split	generic gRPC unary response	stage="selector" request_id=86539e90-cea2-425c-afb3-eecf09ac2900 elapsed_us=4017
2026-09-26T21:56:43.837773Z	debug	dynamo_generic_rpc_split	generic gRPC response headers	stage="prefill" request_id=f993dbf3-4e95-4ab0-ae42-5b4334d87800 headers_us=2579
2026-09-26T21:56:43.841890Z	debug	dynamo_generic_rpc_split	generic gRPC unary response	stage="selector" request_id=f993dbf3-4e95-4ab0-ae42-5b4334d87800 elapsed_us=4010
2026-09-26T21:56:43.867006Z	debug	dynamo_generic_rpc_split	generic gRPC response headers	stage="prefill" request_id=802e3aa1-be35-4728-8e2c-8e5a6e4b7c00 headers_us=1021
2026-09-26T21:56:43.868897Z	debug	dynamo_generic_rpc_split	generic gRPC unary response	stage="selector" request_id=802e3aa1-be35-4728-8e2c-8e5a6e4b7c00 elapsed_us=1704
2026-09-26T21:56:43.895351Z	debug	dynamo_generic_rpc_split	generic gRPC response headers	stage="prefill" request_id=1789a794-1eb8-4291-ba74-cbb785c20700 headers_us=3302
2026-09-26T21:56:43.897548Z	debug	dynamo_generic_rpc_split	generic gRPC unary response	stage="selector" request_id=1789a794-1eb8-4291-ba74-cbb785c20700 elapsed_us=2118
2026-09-26T21:56:43.918576Z	debug	dynamo_generic_rpc_split	generic gRPC response headers	stage="prefill" request_id=30be1f43-2163-4856-b0ab-ce4f5596c100 headers_us=2663
2026-09-26T21:56:43.922903Z	debug	dynamo_generic_rpc_split	generic gRPC unary response	stage="selector" request_id=30be1f43-2163-4856-b0ab-ce4f5596c100 elapsed_us=4255
2026-09-26T21:56:43.931038Z	debug	dynamo_generic_rpc_split	generic gRPC response headers	stage="prefill" request_id=31d04286-b46b-46f3-91cd-0c74f3613a00 headers_us=3619
2026-09-26T21:56:43.936537Z	debug	dynamo_generic_rpc_split	generic gRPC unary response	stage="selector" request_id=31d04286-b46b-46f3-91cd-0c74f3613a00 elapsed_us=5440
2026-09-26T21:56:43.945827Z	debug	dynamo_generic_rpc_split	generic gRPC response headers	stage="prefill" request_id=833f09ee-fcb1-432b-89f3-e8d6842b7800 headers_us=1833
2026-09-26T21:56:43.950131Z	debug	dynamo_generic_rpc_split	generic gRPC unary response	stage="selector" request_id=833f09ee-fcb1-432b-89f3-e8d6842b7800 elapsed_us=4110
2026-09-26T21:56:43.968466Z	debug	dynamo_generic_rpc_split	generic gRPC response headers	stage="prefill" request_id=b1789dfb-ab0f-4aa4-8f42-90003551ef00 headers_us=1445
2026-09-26T21:56:43.973210Z	debug	dynamo_generic_rpc_split	generic gRPC unary response	stage="selector" request_id=b1789dfb-ab0f-4aa4-8f42-90003551ef00 elapsed_us=4684
2026-09-26T21:56:43.990372Z	debug	dynamo_generic_rpc_split	generic gRPC response headers	stage="prefill" request_id=f1e01dcc-fcc7-42cd-85cb-4abf333e8b00 headers_us=3494
2026-09-26T21:56:43.993054Z	debug	dynamo_generic_rpc_split	generic gRPC unary response	stage="selector" request_id=f1e01dcc-fcc7-42cd-85cb-4abf333e8b00 elapsed_us=2611
2026-09-26T21:56:44.037333Z	debug	dynamo_generic_rpc_split	generic gRPC response headers	stage="prefill" request_id=ab75318a-ef3c-485c-8cba-6743733d3f00 headers_us=3023
2026-09-26T21:56:44.039276Z	debug	dynamo_generic_rpc_split	generic gRPC unary response	stage="selector" request_id=ab75318a-ef3c-485c-8cba-6743733d3f00 elapsed_us=1797
2026-09-26T21:56:44.047408Z	debug	dynamo_generic_rpc_split	generic gRPC response headers	stage="prefill" request_id=9f810235-dd69-4074-9f53-fd7ab0866f00 headers_us=4885
2026-09-26T21:56:44.051242Z	debug	dynamo_generic_rpc_split	generic gRPC unary response	stage="selector" request_id=9f810235-dd69-4074-9f53-fd7ab0866f00 elapsed_us=3744
2026-09-26T21:56:44.071995Z	debug	dynamo_generic_rpc_split	generic gRPC response headers	stage="prefill" request_id=d1a7915c-fa89-410a-96a2-8ba034b4d100 headers_us=2591
2026-09-26T21:56:44.075261Z	debug	dynamo_generic_rpc_split	generic gRPC unary response	stage="selector" request_id=d1a7915c-fa89-410a-96a2-8ba034b4d100 elapsed_us=3185
2026-09-26T21:56:44.113240Z	debug	dynamo_generic_rpc_split	generic gRPC response headers	stage="prefill" request_id=e4231af9-409a-48ce-a755-d1a0760fcd00 headers_us=5046
2026-09-26T21:56:44.113681Z	debug	dynamo_generic_rpc_split	generic gRPC response headers	stage="prefill" request_id=dd472c79-46b9-42b7-9058-11a576498400 headers_us=3681
2026-09-26T21:56:44.116556Z	debug	dynamo_generic_rpc_split	generic gRPC unary response	stage="selector" request_id=e4231af9-409a-48ce-a755-d1a0760fcd00 elapsed_us=3224
2026-09-26T21:56:44.118200Z	debug	dynamo_generic_rpc_split	generic gRPC unary response	stage="selector" request_id=dd472c79-46b9-42b7-9058-11a576498400 elapsed_us=4424
2026-09-26T21:56:44.121988Z	debug	dynamo_generic_rpc_split	generic gRPC response headers	stage="prefill" request_id=6bf99fc9-adf1-4fb5-92f9-d8031c672500 headers_us=4383
2026-09-26T21:56:44.126093Z	debug	dynamo_generic_rpc_split	generic gRPC unary response	stage="selector" request_id=6bf99fc9-adf1-4fb5-92f9-d8031c672500 elapsed_us=3934
2026-09-26T21:56:44.129657Z	debug	dynamo_generic_rpc_split	generic gRPC response headers	stage="prefill" request_id=ece72723-980f-4bc8-99b4-ba9e11106900 headers_us=3065
2026-09-26T21:56:44.138240Z	debug	dynamo_generic_rpc_split	generic gRPC unary response	stage="selector" request_id=ece72723-980f-4bc8-99b4-ba9e11106900 elapsed_us=4632
2026-09-26T21:56:44.162573Z	debug	dynamo_generic_rpc_split	generic gRPC response headers	stage="prefill" request_id=24f0c882-7a2e-4538-82a4-58e70deaba00 headers_us=8304
2026-09-26T21:56:44.165419Z	debug	dynamo_generic_rpc_split	generic gRPC unary response	stage="selector" request_id=24f0c882-7a2e-4538-82a4-58e70deaba00 elapsed_us=2752
2026-09-26T21:56:44.188010Z	debug	dynamo_generic_rpc_split	generic gRPC response headers	stage="prefill" request_id=3cfeafba-7c19-40d0-a9dc-476519133100 headers_us=7199
2026-09-26T21:56:44.191826Z	debug	dynamo_generic_rpc_split	generic gRPC unary response	stage="selector" request_id=3cfeafba-7c19-40d0-a9dc-476519133100 elapsed_us=3737
2026-09-26T21:56:44.278802Z	debug	dynamo_generic_rpc_split	generic gRPC response headers	stage="prefill" request_id=7e2ee9ce-c083-4a05-8c61-c30a6d7a0e00 headers_us=2121
2026-09-26T21:56:44.280872Z	debug	dynamo_generic_rpc_split	generic gRPC unary response	stage="selector" request_id=7e2ee9ce-c083-4a05-8c61-c30a6d7a0e00 elapsed_us=1949
2026-09-26T21:56:44.363846Z	debug	dynamo_generic_rpc_split	generic gRPC response headers	stage="prefill" request_id=8eb96beb-6411-4274-b84f-b17a10794500 headers_us=2241
2026-09-26T21:56:44.365343Z	debug	dynamo_generic_rpc_split	generic gRPC unary response	stage="selector" request_id=8eb96beb-6411-4274-b84f-b17a10794500 elapsed_us=1346
2026-09-26T21:56:44.378994Z	debug	dynamo_generic_rpc_split	generic gRPC response headers	stage="prefill" request_id=5956f7f4-30b7-453f-bd79-983b9f800700 headers_us=1551
2026-09-26T21:56:44.380248Z	debug	dynamo_generic_rpc_split	generic gRPC unary response	stage="selector" request_id=5956f7f4-30b7-453f-bd79-983b9f800700 elapsed_us=1156
2026-09-26T21:56:44.471344Z	debug	dynamo_generic_rpc_split	generic gRPC response headers	stage="prefill" request_id=7d46edd3-063c-441b-b24f-07ca40c6aa00 headers_us=2625
2026-09-26T21:56:44.473075Z	debug	dynamo_generic_rpc_split	generic gRPC unary response	stage="selector" request_id=7d46edd3-063c-441b-b24f-07ca40c6aa00 elapsed_us=1635
2026-09-26T21:56:44.503091Z	debug	dynamo_generic_rpc_split	generic gRPC response headers	stage="prefill" request_id=4f967d1c-d4e7-48b1-b261-149db2d80f00 headers_us=1363
2026-09-26T21:56:44.504120Z	debug	dynamo_generic_rpc_split	generic gRPC unary response	stage="selector" request_id=4f967d1c-d4e7-48b1-b261-149db2d80f00 elapsed_us=956
2026-09-26T21:56:44.516432Z	debug	dynamo_generic_rpc_split	generic gRPC response headers	stage="prefill" request_id=8a05419d-6bad-4fae-bb46-d0f7aad92700 headers_us=1393
2026-09-26T21:56:44.517733Z	debug	dynamo_generic_rpc_split	generic gRPC unary response	stage="selector" request_id=8a05419d-6bad-4fae-bb46-d0f7aad92700 elapsed_us=1051
2026-09-26T21:56:44.549432Z	debug	dynamo_generic_rpc_split	generic gRPC response headers	stage="prefill" request_id=a4b9555d-05d5-40dc-89c8-5b29c9c9c300 headers_us=1067
2026-09-26T21:56:44.550782Z	debug	dynamo_generic_rpc_split	generic gRPC unary response	stage="selector" request_id=a4b9555d-05d5-40dc-89c8-5b29c9c9c300 elapsed_us=1022
2026-09-26T21:56:44.580595Z	debug	dynamo_generic_rpc_split	generic gRPC response headers	stage="prefill" request_id=124a695f-6ca9-499d-bc43-73d84729b900 headers_us=2890
2026-09-26T21:56:44.581471Z	debug	dynamo_generic_rpc_split	generic gRPC unary response	stage="selector" request_id=124a695f-6ca9-499d-bc43-73d84729b900 elapsed_us=778
2026-09-26T21:56:44.608245Z	debug	dynamo_generic_rpc_split	generic gRPC response headers	stage="prefill" request_id=9c70683f-0e8a-4d27-b868-e4cd3c68ce00 headers_us=2960
2026-09-26T21:56:44.611078Z	debug	dynamo_generic_rpc_split	generic gRPC unary response	stage="selector" request_id=9c70683f-0e8a-4d27-b868-e4cd3c68ce00 elapsed_us=2196
2026-09-26T21:56:44.618581Z	debug	dynamo_generic_rpc_split	generic gRPC response headers	stage="prefill" request_id=522894d7-22b2-4d29-abc8-0eefb113fe00 headers_us=1331
2026-09-26T21:56:44.620665Z	debug	dynamo_generic_rpc_split	generic gRPC unary response	stage="selector" request_id=522894d7-22b2-4d29-abc8-0eefb113fe00 elapsed_us=1647
2026-09-26T21:56:44.652199Z	debug	dynamo_generic_rpc_split	generic gRPC response headers	stage="prefill" request_id=1cd68801-457d-4384-8131-acce5f1d4b00 headers_us=1675
2026-09-26T21:56:44.654489Z	debug	dynamo_generic_rpc_split	generic gRPC unary response	stage="selector" request_id=1cd68801-457d-4384-8131-acce5f1d4b00 elapsed_us=2143
2026-09-26T21:56:44.678641Z	debug	dynamo_generic_rpc_split	generic gRPC response headers	stage="prefill" request_id=1b1b6c56-03d9-42fc-884d-cd630e62d900 headers_us=4156
2026-09-26T21:56:44.681374Z	debug	dynamo_generic_rpc_split	generic gRPC unary response	stage="selector" request_id=1b1b6c56-03d9-42fc-884d-cd630e62d900 elapsed_us=2062
2026-09-26T21:56:44.692540Z	debug	dynamo_generic_rpc_split	generic gRPC response headers	stage="prefill" request_id=fba69e86-fd8a-4e6e-9b2b-d8af0222f000 headers_us=2642
2026-09-26T21:56:44.696030Z	debug	dynamo_generic_rpc_split	generic gRPC unary response	stage="selector" request_id=fba69e86-fd8a-4e6e-9b2b-d8af0222f000 elapsed_us=3425
2026-09-26T21:56:44.697327Z	debug	dynamo_generic_rpc_split	generic gRPC response headers	stage="prefill" request_id=aa1cd811-9f54-43de-a5f9-706524406600 headers_us=2069
2026-09-26T21:56:44.700014Z	debug	dynamo_generic_rpc_split	generic gRPC unary response	stage="selector" request_id=aa1cd811-9f54-43de-a5f9-706524406600 elapsed_us=2578
2026-09-26T21:56:44.722493Z	debug	dynamo_generic_rpc_split	generic gRPC response headers	stage="prefill" request_id=80b35214-17ab-4a81-957d-942cb041f900 headers_us=1904
2026-09-26T21:56:44.724212Z	debug	dynamo_generic_rpc_split	generic gRPC unary response	stage="selector" request_id=80b35214-17ab-4a81-957d-942cb041f900 elapsed_us=1613
2026-09-26T21:56:44.725181Z	debug	dynamo_generic_rpc_split	generic gRPC response headers	stage="prefill" request_id=fb61b1a8-fb79-42f5-abeb-7a19d8dfa200 headers_us=3386
2026-09-26T21:56:44.726802Z	debug	dynamo_generic_rpc_split	generic gRPC unary response	stage="selector" request_id=fb61b1a8-fb79-42f5-abeb-7a19d8dfa200 elapsed_us=1541
2026-09-26T21:56:44.730333Z	debug	dynamo_generic_rpc_split	generic gRPC response headers	stage="prefill" request_id=82ec1da6-985b-416d-861f-24712ffea600 headers_us=4961
2026-09-26T21:56:44.733149Z	debug	dynamo_generic_rpc_split	generic gRPC unary response	stage="selector" request_id=82ec1da6-985b-416d-861f-24712ffea600 elapsed_us=2765
2026-09-26T21:56:44.742267Z	debug	dynamo_generic_rpc_split	generic gRPC response headers	stage="prefill" request_id=f7133438-966e-4010-a0fa-6909428ebf00 headers_us=2023
2026-09-26T21:56:44.744144Z	debug	dynamo_generic_rpc_split	generic gRPC unary response	stage="selector" request_id=f7133438-966e-4010-a0fa-6909428ebf00 elapsed_us=1829
2026-09-26T21:56:44.828563Z	debug	dynamo_generic_rpc_split	generic gRPC response headers	stage="prefill" request_id=c0963f59-07d7-4c26-859a-ac550f3ad200 headers_us=1672
2026-09-26T21:56:44.830145Z	debug	dynamo_generic_rpc_split	generic gRPC unary response	stage="selector" request_id=c0963f59-07d7-4c26-859a-ac550f3ad200 elapsed_us=1488
2026-09-26T21:56:44.855441Z	debug	dynamo_generic_rpc_split	generic gRPC response headers	stage="prefill" request_id=d6df2c6c-1e75-4997-8d63-282da62d6900 headers_us=1522
2026-09-26T21:56:44.855541Z	debug	dynamo_generic_rpc_split	generic gRPC response headers	stage="prefill" request_id=bcf0af0a-1310-44ca-8934-2e0f2cb9f000 headers_us=4463
2026-09-26T21:56:44.858870Z	debug	dynamo_generic_rpc_split	generic gRPC unary response	stage="selector" request_id=bcf0af0a-1310-44ca-8934-2e0f2cb9f000 elapsed_us=3173
2026-09-26T21:56:44.859960Z	debug	dynamo_generic_rpc_split	generic gRPC response headers	stage="prefill" request_id=46fa7c26-0d08-4f28-aa04-cfa891f85900 headers_us=2455
2026-09-26T21:56:44.860963Z	debug	dynamo_generic_rpc_split	generic gRPC unary response	stage="selector" request_id=d6df2c6c-1e75-4997-8d63-282da62d6900 elapsed_us=5430
2026-09-26T21:56:44.862715Z	debug	dynamo_generic_rpc_split	generic gRPC unary response	stage="selector" request_id=46fa7c26-0d08-4f28-aa04-cfa891f85900 elapsed_us=2667
2026-09-26T21:56:44.866579Z	debug	dynamo_generic_rpc_split	generic gRPC response headers	stage="prefill" request_id=d33efad4-a5c0-4d66-9a69-1961e09d3000 headers_us=2708
2026-09-26T21:56:44.867630Z	debug	dynamo_generic_rpc_split	generic gRPC unary response	stage="selector" request_id=d33efad4-a5c0-4d66-9a69-1961e09d3000 elapsed_us=930
2026-09-26T21:56:44.888288Z	debug	dynamo_generic_rpc_split	generic gRPC response headers	stage="prefill" request_id=1949d478-eb4c-49a1-8c82-0cfd6529d100 headers_us=5499
2026-09-26T21:56:44.890835Z	debug	dynamo_generic_rpc_split	generic gRPC unary response	stage="selector" request_id=1949d478-eb4c-49a1-8c82-0cfd6529d100 elapsed_us=2484
2026-09-26T21:56:44.898997Z	debug	dynamo_generic_rpc_split	generic gRPC response headers	stage="prefill" request_id=b14bc567-2993-49eb-9447-f7677db08300 headers_us=2934
2026-09-26T21:56:44.900471Z	debug	dynamo_generic_rpc_split	generic gRPC unary response	stage="selector" request_id=b14bc567-2993-49eb-9447-f7677db08300 elapsed_us=1321
2026-09-26T21:56:44.908716Z	debug	dynamo_generic_rpc_split	generic gRPC response headers	stage="prefill" request_id=93592f0f-820b-4996-a16f-1270cf46ee00 headers_us=1537
2026-09-26T21:56:44.909929Z	debug	dynamo_generic_rpc_split	generic gRPC unary response	stage="selector" request_id=93592f0f-820b-4996-a16f-1270cf46ee00 elapsed_us=1096
2026-09-26T21:56:44.936269Z	debug	dynamo_generic_rpc_split	generic gRPC response headers	stage="prefill" request_id=a99536d1-98d5-4aaa-a59c-3a4b0d971b00 headers_us=1042
2026-09-26T21:56:44.937462Z	debug	dynamo_generic_rpc_split	generic gRPC unary response	stage="selector" request_id=a99536d1-98d5-4aaa-a59c-3a4b0d971b00 elapsed_us=754
2026-09-26T21:56:44.939892Z	debug	dynamo_generic_rpc_split	generic gRPC response headers	stage="prefill" request_id=211082ae-5843-4240-832d-58a9aae5d700 headers_us=1011
2026-09-26T21:56:44.941002Z	debug	dynamo_generic_rpc_split	generic gRPC unary response	stage="selector" request_id=211082ae-5843-4240-832d-58a9aae5d700 elapsed_us=984
2026-09-26T21:56:44.944597Z	debug	dynamo_generic_rpc_split	generic gRPC response headers	stage="prefill" request_id=99c9d75d-9edf-4f40-a243-65cc8e380500 headers_us=3287
2026-09-26T21:56:44.946625Z	debug	dynamo_generic_rpc_split	generic gRPC unary response	stage="selector" request_id=99c9d75d-9edf-4f40-a243-65cc8e380500 elapsed_us=1965
2026-09-26T21:56:44.960483Z	debug	dynamo_generic_rpc_split	generic gRPC response headers	stage="prefill" request_id=dbd8eea8-93cf-47a3-a3f9-24828dfa5500 headers_us=2833
2026-09-26T21:56:44.962655Z	debug	dynamo_generic_rpc_split	generic gRPC unary response	stage="selector" request_id=dbd8eea8-93cf-47a3-a3f9-24828dfa5500 elapsed_us=1546
2026-09-26T21:56:45.013915Z	debug	dynamo_generic_rpc_split	generic gRPC response headers	stage="prefill" request_id=62c07447-1b85-48b6-99a0-85b66b5d1300 headers_us=4243
2026-09-26T21:56:45.017322Z	debug	dynamo_generic_rpc_split	generic gRPC unary response	stage="selector" request_id=62c07447-1b85-48b6-99a0-85b66b5d1300 elapsed_us=3301
2026-09-26T21:56:45.030040Z	debug	dynamo_generic_rpc_split	generic gRPC response headers	stage="prefill" request_id=4573d407-5d8b-48f9-9736-90f2c0905b00 headers_us=1555
2026-09-26T21:56:45.032008Z	debug	dynamo_generic_rpc_split	generic gRPC response headers	stage="prefill" request_id=23fd4549-e82f-4c51-b180-4a9da3c60400 headers_us=2811
2026-09-26T21:56:45.033156Z	debug	dynamo_generic_rpc_split	generic gRPC unary response	stage="selector" request_id=23fd4549-e82f-4c51-b180-4a9da3c60400 elapsed_us=1080
2026-09-26T21:56:45.033589Z	debug	dynamo_generic_rpc_split	generic gRPC unary response	stage="selector" request_id=4573d407-5d8b-48f9-9736-90f2c0905b00 elapsed_us=3474
2026-09-26T21:56:45.106009Z	debug	dynamo_generic_rpc_split	generic gRPC response headers	stage="prefill" request_id=70eba026-e210-4e26-82e6-963586545400 headers_us=4784
2026-09-26T21:56:45.110465Z	debug	dynamo_generic_rpc_split	generic gRPC unary response	stage="selector" request_id=70eba026-e210-4e26-82e6-963586545400 elapsed_us=4366
2026-09-26T21:56:45.133293Z	debug	dynamo_generic_rpc_split	generic gRPC response headers	stage="prefill" request_id=7b9cbb66-d8e8-47a6-89ed-1a6f15217d00 headers_us=6040
2026-09-26T21:56:45.135066Z	debug	dynamo_generic_rpc_split	generic gRPC unary response	stage="selector" request_id=7b9cbb66-d8e8-47a6-89ed-1a6f15217d00 elapsed_us=1564
2026-09-26T21:56:45.158845Z	debug	dynamo_generic_rpc_split	generic gRPC response headers	stage="prefill" request_id=8fc1dd4a-eb54-4e08-9b95-de89be53d700 headers_us=3693
2026-09-26T21:56:45.168811Z	debug	dynamo_generic_rpc_split	generic gRPC unary response	stage="selector" request_id=8fc1dd4a-eb54-4e08-9b95-de89be53d700 elapsed_us=9891
2026-09-26T21:56:45.182822Z	debug	dynamo_generic_rpc_split	generic gRPC response headers	stage="prefill" request_id=4ab0e83f-33ad-4e40-bbdb-14425dbbec00 headers_us=1746
2026-09-26T21:56:45.185012Z	debug	dynamo_generic_rpc_split	generic gRPC response headers	stage="prefill" request_id=338ad65f-a329-4301-8b48-c6e983130400 headers_us=2805
2026-09-26T21:56:45.187564Z	debug	dynamo_generic_rpc_split	generic gRPC unary response	stage="selector" request_id=4ab0e83f-33ad-4e40-bbdb-14425dbbec00 elapsed_us=4659
2026-09-26T21:56:45.193102Z	debug	dynamo_generic_rpc_split	generic gRPC unary response	stage="selector" request_id=338ad65f-a329-4301-8b48-c6e983130400 elapsed_us=7644
2026-09-26T21:56:45.195795Z	debug	dynamo_generic_rpc_split	generic gRPC response headers	stage="prefill" request_id=d3fdebb7-2b99-428f-8eeb-ad6fdae52900 headers_us=4481
2026-09-26T21:56:45.199480Z	debug	dynamo_generic_rpc_split	generic gRPC unary response	stage="selector" request_id=d3fdebb7-2b99-428f-8eeb-ad6fdae52900 elapsed_us=3596
2026-09-26T21:56:45.230862Z	debug	dynamo_generic_rpc_split	generic gRPC response headers	stage="prefill" request_id=f7ee9023-58e0-4633-963a-29c7cc3fd600 headers_us=6147
2026-09-26T21:56:45.234697Z	debug	dynamo_generic_rpc_split	generic gRPC unary response	stage="selector" request_id=f7ee9023-58e0-4633-963a-29c7cc3fd600 elapsed_us=3694
2026-09-26T21:56:45.285773Z	debug	dynamo_generic_rpc_split	generic gRPC response headers	stage="prefill" request_id=acf966ef-ac77-4cb1-974f-b6f22519b300 headers_us=6491
2026-09-26T21:56:45.289926Z	debug	dynamo_generic_rpc_split	generic gRPC unary response	stage="selector" request_id=acf966ef-ac77-4cb1-974f-b6f22519b300 elapsed_us=4033
2026-09-26T21:56:45.388736Z	debug	dynamo_generic_rpc_split	generic gRPC response headers	stage="prefill" request_id=b114bd86-363d-495b-8a33-907332b2e000 headers_us=5472
2026-09-26T21:56:45.393779Z	debug	dynamo_generic_rpc_split	generic gRPC unary response	stage="selector" request_id=b114bd86-363d-495b-8a33-907332b2e000 elapsed_us=4909
2026-09-26T21:56:45.419864Z	debug	dynamo_generic_rpc_split	generic gRPC response headers	stage="prefill" request_id=165d34ff-a637-4d8e-8551-a81267362600 headers_us=1919
2026-09-26T21:56:45.428239Z	debug	dynamo_generic_rpc_split	generic gRPC unary response	stage="selector" request_id=165d34ff-a637-4d8e-8551-a81267362600 elapsed_us=8273
2026-09-26T21:56:45.434304Z	debug	dynamo_generic_rpc_split	generic gRPC response headers	stage="prefill" request_id=76b928f6-d00a-4ffc-8609-b06d49f85d00 headers_us=5968
2026-09-26T21:56:45.437640Z	debug	dynamo_generic_rpc_split	generic gRPC response headers	stage="prefill" request_id=44cae9f3-e696-4bae-a0d0-e8bc270c6d00 headers_us=3112
2026-09-26T21:56:45.441551Z	debug	dynamo_generic_rpc_split	generic gRPC unary response	stage="selector" request_id=76b928f6-d00a-4ffc-8609-b06d49f85d00 elapsed_us=7141
2026-09-26T21:56:45.442197Z	debug	dynamo_generic_rpc_split	generic gRPC unary response	stage="selector" request_id=44cae9f3-e696-4bae-a0d0-e8bc270c6d00 elapsed_us=4448
2026-09-26T21:56:45.469761Z	debug	dynamo_generic_rpc_split	generic gRPC response headers	stage="prefill" request_id=de1e2d01-a35d-49f2-8cad-905b9ccb5400 headers_us=3682
2026-09-26T21:56:45.471062Z	debug	dynamo_generic_rpc_split	generic gRPC unary response	stage="selector" request_id=de1e2d01-a35d-49f2-8cad-905b9ccb5400 elapsed_us=1216
2026-09-26T21:56:45.493500Z	debug	dynamo_generic_rpc_split	generic gRPC response headers	stage="prefill" request_id=e41f5680-a398-4495-8227-c20ccff75300 headers_us=4095
2026-09-26T21:56:45.494921Z	debug	dynamo_generic_rpc_split	generic gRPC unary response	stage="selector" request_id=e41f5680-a398-4495-8227-c20ccff75300 elapsed_us=1355
2026-09-26T21:56:45.508776Z	debug	dynamo_generic_rpc_split	generic gRPC response headers	stage="prefill" request_id=ea2bb71d-4d1f-425e-a6e3-64ec1594cb00 headers_us=2852
2026-09-26T21:56:45.512703Z	debug	dynamo_generic_rpc_split	generic gRPC unary response	stage="selector" request_id=ea2bb71d-4d1f-425e-a6e3-64ec1594cb00 elapsed_us=3850
2026-09-26T21:56:45.544520Z	debug	dynamo_generic_rpc_split	generic gRPC response headers	stage="prefill" request_id=32443850-5dc7-4dd7-a8b5-d3eafb2b4600 headers_us=6152
2026-09-26T21:56:45.546496Z	debug	dynamo_generic_rpc_split	generic gRPC unary response	stage="selector" request_id=32443850-5dc7-4dd7-a8b5-d3eafb2b4600 elapsed_us=1854
2026-09-26T21:56:45.555656Z	debug	dynamo_generic_rpc_split	generic gRPC response headers	stage="prefill" request_id=cac451bf-24cb-4a2f-9dfb-19edd3097800 headers_us=7485
2026-09-26T21:56:45.561250Z	debug	dynamo_generic_rpc_split	generic gRPC unary response	stage="selector" request_id=cac451bf-24cb-4a2f-9dfb-19edd3097800 elapsed_us=5510
2026-09-26T21:56:45.665415Z	debug	dynamo_generic_rpc_split	generic gRPC response headers	stage="prefill" request_id=7ffe7d88-dfc9-4816-8d31-24baa17f8500 headers_us=6047
2026-09-26T21:56:45.675386Z	debug	dynamo_generic_rpc_split	generic gRPC unary response	stage="selector" request_id=7ffe7d88-dfc9-4816-8d31-24baa17f8500 elapsed_us=9886
2026-09-26T21:56:45.749571Z	debug	dynamo_generic_rpc_split	generic gRPC response headers	stage="prefill" request_id=17708f19-398f-4c8b-a2a2-23ab610d6f00 headers_us=2764
2026-09-26T21:56:45.751927Z	debug	dynamo_generic_rpc_split	generic gRPC unary response	stage="selector" request_id=17708f19-398f-4c8b-a2a2-23ab610d6f00 elapsed_us=2248
2026-09-26T21:56:45.758308Z	debug	dynamo_generic_rpc_split	generic gRPC response headers	stage="prefill" request_id=f8aa1469-225b-408c-b5f9-9654f5f48700 headers_us=2666
2026-09-26T21:56:45.760720Z	debug	dynamo_generic_rpc_split	generic gRPC unary response	stage="selector" request_id=f8aa1469-225b-408c-b5f9-9654f5f48700 elapsed_us=2340
2026-09-26T21:56:45.765092Z	debug	dynamo_generic_rpc_split	generic gRPC response headers	stage="prefill" request_id=a8d86e40-7c78-44c8-ab34-d4722c46df00 headers_us=2512
2026-09-26T21:56:45.770881Z	debug	dynamo_generic_rpc_split	generic gRPC unary response	stage="selector" request_id=a8d86e40-7c78-44c8-ab34-d4722c46df00 elapsed_us=5198
2026-09-26T21:56:45.859460Z	debug	dynamo_generic_rpc_split	generic gRPC response headers	stage="prefill" request_id=fa3cb9fd-8a58-41d8-9555-587d289c0500 headers_us=4210
2026-09-26T21:56:45.862877Z	debug	dynamo_generic_rpc_split	generic gRPC unary response	stage="selector" request_id=fa3cb9fd-8a58-41d8-9555-587d289c0500 elapsed_us=3262
2026-09-26T21:56:45.966209Z	debug	dynamo_generic_rpc_split	generic gRPC response headers	stage="prefill" request_id=6e32e97a-707a-4aff-bb90-f9ab36036200 headers_us=4287
2026-09-26T21:56:45.969851Z	debug	dynamo_generic_rpc_split	generic gRPC unary response	stage="selector" request_id=6e32e97a-707a-4aff-bb90-f9ab36036200 elapsed_us=3568
2026-09-26T21:56:45.970544Z	debug	dynamo_generic_rpc_split	generic gRPC response headers	stage="prefill" request_id=455fa961-a525-4f5e-8075-9b4c467cd200 headers_us=6532
2026-09-26T21:56:45.975087Z	debug	dynamo_generic_rpc_split	generic gRPC unary response	stage="selector" request_id=455fa961-a525-4f5e-8075-9b4c467cd200 elapsed_us=3709
2026-09-26T21:56:45.993161Z	debug	dynamo_generic_rpc_split	generic gRPC response headers	stage="prefill" request_id=a429d561-1964-48d9-a53c-2c9206953900 headers_us=2711
2026-09-26T21:56:45.997053Z	debug	dynamo_generic_rpc_split	generic gRPC unary response	stage="selector" request_id=a429d561-1964-48d9-a53c-2c9206953900 elapsed_us=3791
2026-09-26T21:56:46.006383Z	debug	dynamo_generic_rpc_split	generic gRPC response headers	stage="prefill" request_id=3854d1a3-ea18-4c6a-855c-5637c1881700 headers_us=3206
2026-09-26T21:56:46.008878Z	debug	dynamo_generic_rpc_split	generic gRPC unary response	stage="selector" request_id=3854d1a3-ea18-4c6a-855c-5637c1881700 elapsed_us=2400
2026-09-26T21:56:46.072498Z	debug	dynamo_generic_rpc_split	generic gRPC response headers	stage="prefill" request_id=f7f9afac-b972-4fd2-9635-1d1bf6a20800 headers_us=6393
2026-09-26T21:56:46.079360Z	debug	dynamo_generic_rpc_split	generic gRPC unary response	stage="selector" request_id=f7f9afac-b972-4fd2-9635-1d1bf6a20800 elapsed_us=6737
2026-09-26T21:56:46.083086Z	debug	dynamo_generic_rpc_split	generic gRPC response headers	stage="prefill" request_id=c7b78b2d-5e55-412a-9b34-d8b73fc8f500 headers_us=11822
2026-09-26T21:56:46.085046Z	debug	dynamo_generic_rpc_split	generic gRPC response headers	stage="prefill" request_id=2ab862ab-8133-4657-b409-2216119ec800 headers_us=10323
2026-09-26T21:56:46.085094Z	debug	dynamo_generic_rpc_split	generic gRPC response headers	stage="prefill" request_id=de9f63a9-9dc2-42a6-a74f-18b6b7a05300 headers_us=6365
2026-09-26T21:56:46.085668Z	debug	dynamo_generic_rpc_split	generic gRPC unary response	stage="selector" request_id=c7b78b2d-5e55-412a-9b34-d8b73fc8f500 elapsed_us=2524
2026-09-26T21:56:46.092031Z	debug	dynamo_generic_rpc_split	generic gRPC unary response	stage="selector" request_id=2ab862ab-8133-4657-b409-2216119ec800 elapsed_us=6898
2026-09-26T21:56:46.096746Z	debug	dynamo_generic_rpc_split	generic gRPC unary response	stage="selector" request_id=de9f63a9-9dc2-42a6-a74f-18b6b7a05300 elapsed_us=11584
2026-09-26T21:56:46.125835Z	debug	dynamo_generic_rpc_split	generic gRPC response headers	stage="prefill" request_id=9c3a8c43-6fc6-4bac-bfd4-fa4901b22a00 headers_us=3283
2026-09-26T21:56:46.129685Z	debug	dynamo_generic_rpc_split	generic gRPC unary response	stage="selector" request_id=9c3a8c43-6fc6-4bac-bfd4-fa4901b22a00 elapsed_us=3764
2026-09-26T21:56:46.165504Z	debug	dynamo_generic_rpc_split	generic gRPC response headers	stage="prefill" request_id=9876dd1a-0054-4a16-92aa-b898ec0a6700 headers_us=3327
2026-09-26T21:56:46.168540Z	debug	dynamo_generic_rpc_split	generic gRPC unary response	stage="selector" request_id=9876dd1a-0054-4a16-92aa-b898ec0a6700 elapsed_us=2966
2026-09-26T21:56:46.179366Z	debug	dynamo_generic_rpc_split	generic gRPC response headers	stage="prefill" request_id=94f09b0d-7ccb-48c5-8da6-c0b4699b0600 headers_us=3665
2026-09-26T21:56:46.184050Z	debug	dynamo_generic_rpc_split	generic gRPC unary response	stage="selector" request_id=94f09b0d-7ccb-48c5-8da6-c0b4699b0600 elapsed_us=4428
2026-09-26T21:56:46.206511Z	debug	dynamo_generic_rpc_split	generic gRPC response headers	stage="prefill" request_id=a86c70b3-6297-4e9c-a078-64b239cb1700 headers_us=2819
2026-09-26T21:56:46.213275Z	debug	dynamo_generic_rpc_split	generic gRPC response headers	stage="prefill" request_id=a5105f82-b2f7-4e7a-8754-c29c8e1c2e00 headers_us=2381
2026-09-26T21:56:46.215341Z	debug	dynamo_generic_rpc_split	generic gRPC unary response	stage="selector" request_id=a5105f82-b2f7-4e7a-8754-c29c8e1c2e00 elapsed_us=1920
2026-09-26T21:56:46.216805Z	debug	dynamo_generic_rpc_split	generic gRPC response headers	stage="prefill" request_id=3cab22ab-e6f6-4ed5-99a0-68c2784f3700 headers_us=1365
2026-09-26T21:56:46.225084Z	debug	dynamo_generic_rpc_split	generic gRPC unary response	stage="selector" request_id=3cab22ab-e6f6-4ed5-99a0-68c2784f3700 elapsed_us=7854
2026-09-26T21:56:46.226877Z	debug	dynamo_generic_rpc_split	generic gRPC unary response	stage="selector" request_id=a86c70b3-6297-4e9c-a078-64b239cb1700 elapsed_us=18996
2026-09-26T21:56:46.329052Z	debug	dynamo_generic_rpc_split	generic gRPC response headers	stage="prefill" request_id=72a38948-cd90-4a59-843a-a57e01a93300 headers_us=2645
2026-09-26T21:56:46.331227Z	debug	dynamo_generic_rpc_split	generic gRPC unary response	stage="selector" request_id=72a38948-cd90-4a59-843a-a57e01a93300 elapsed_us=2082
2026-09-26T21:56:46.335477Z	debug	dynamo_generic_rpc_split	generic gRPC response headers	stage="prefill" request_id=c25ee0bb-4173-4571-af83-0df430d6f000 headers_us=5034
2026-09-26T21:56:46.337714Z	debug	dynamo_generic_rpc_split	generic gRPC unary response	stage="selector" request_id=c25ee0bb-4173-4571-af83-0df430d6f000 elapsed_us=2118
2026-09-26T21:56:46.356892Z	debug	dynamo_generic_rpc_split	generic gRPC response headers	stage="prefill" request_id=bb0d127e-cb3a-4156-819a-c569ce906200 headers_us=1309
2026-09-26T21:56:46.358062Z	debug	dynamo_generic_rpc_split	generic gRPC unary response	stage="selector" request_id=bb0d127e-cb3a-4156-819a-c569ce906200 elapsed_us=1070
2026-09-26T21:56:46.384912Z	debug	dynamo_generic_rpc_split	generic gRPC response headers	stage="prefill" request_id=8681c27a-f091-40cb-a8f0-d06fe2abcf00 headers_us=7554
2026-09-26T21:56:46.387157Z	debug	dynamo_generic_rpc_split	generic gRPC unary response	stage="selector" request_id=8681c27a-f091-40cb-a8f0-d06fe2abcf00 elapsed_us=2093
2026-09-26T21:56:46.419711Z	debug	dynamo_generic_rpc_split	generic gRPC response headers	stage="prefill" request_id=ff43c27a-afdb-4ab5-9a5f-432daddb5300 headers_us=3463
2026-09-26T21:56:46.424463Z	debug	dynamo_generic_rpc_split	generic gRPC unary response	stage="selector" request_id=ff43c27a-afdb-4ab5-9a5f-432daddb5300 elapsed_us=4657
2026-09-26T21:56:46.426138Z	debug	dynamo_generic_rpc_split	generic gRPC response headers	stage="prefill" request_id=30863dcd-a82d-4070-ad70-6b1df86aaa00 headers_us=2334
2026-09-26T21:56:46.429590Z	debug	dynamo_generic_rpc_split	generic gRPC unary response	stage="selector" request_id=30863dcd-a82d-4070-ad70-6b1df86aaa00 elapsed_us=3390
2026-09-26T21:56:46.429724Z	debug	dynamo_generic_rpc_split	generic gRPC response headers	stage="prefill" request_id=036fae4d-9802-4a8d-8087-2aad5adadc00 headers_us=2048
2026-09-26T21:56:46.433600Z	debug	dynamo_generic_rpc_split	generic gRPC unary response	stage="selector" request_id=036fae4d-9802-4a8d-8087-2aad5adadc00 elapsed_us=3804
2026-09-26T21:56:46.450257Z	debug	dynamo_generic_rpc_split	generic gRPC response headers	stage="prefill" request_id=54985358-2c90-4ee1-b870-b4084265be00 headers_us=4658
2026-09-26T21:56:46.453356Z	debug	dynamo_generic_rpc_split	generic gRPC unary response	stage="selector" request_id=54985358-2c90-4ee1-b870-b4084265be00 elapsed_us=2999
2026-09-26T21:56:46.463811Z	debug	dynamo_generic_rpc_split	generic gRPC response headers	stage="prefill" request_id=3d28a462-73a4-46f1-8a9b-eb6620a44400 headers_us=1735
2026-09-26T21:56:46.464516Z	debug	dynamo_generic_rpc_split	generic gRPC response headers	stage="prefill" request_id=92e633b0-9bb3-4c0f-a92e-45a6228b6800 headers_us=1394
2026-09-26T21:56:46.465424Z	debug	dynamo_generic_rpc_split	generic gRPC unary response	stage="selector" request_id=3d28a462-73a4-46f1-8a9b-eb6620a44400 elapsed_us=1369
2026-09-26T21:56:46.468439Z	debug	dynamo_generic_rpc_split	generic gRPC unary response	stage="selector" request_id=92e633b0-9bb3-4c0f-a92e-45a6228b6800 elapsed_us=3823
2026-09-26T21:56:46.491120Z	debug	dynamo_generic_rpc_split	generic gRPC response headers	stage="prefill" request_id=3a03f1d3-87b0-4e36-8b7d-0eeac05e5400 headers_us=3398
2026-09-26T21:56:46.497406Z	debug	dynamo_generic_rpc_split	generic gRPC unary response	stage="selector" request_id=3a03f1d3-87b0-4e36-8b7d-0eeac05e5400 elapsed_us=5547
2026-09-26T21:56:46.529222Z	debug	dynamo_generic_rpc_split	generic gRPC response headers	stage="prefill" request_id=5e75f9c7-7aa2-4f2a-b8b2-fbe416a00600 headers_us=5320
2026-09-26T21:56:46.533035Z	debug	dynamo_generic_rpc_split	generic gRPC unary response	stage="selector" request_id=5e75f9c7-7aa2-4f2a-b8b2-fbe416a00600 elapsed_us=3733
2026-09-26T21:56:46.646049Z	debug	dynamo_generic_rpc_split	generic gRPC response headers	stage="prefill" request_id=032a39d4-eccd-4ebf-8a8d-f07cfec38200 headers_us=1861
2026-09-26T21:56:46.648803Z	debug	dynamo_generic_rpc_split	generic gRPC unary response	stage="selector" request_id=032a39d4-eccd-4ebf-8a8d-f07cfec38200 elapsed_us=2674
2026-09-26T21:56:46.773748Z	debug	dynamo_generic_rpc_split	generic gRPC response headers	stage="prefill" request_id=8da794c6-cedf-4738-9c54-d62522102100 headers_us=1497
2026-09-26T21:56:46.775765Z	debug	dynamo_generic_rpc_split	generic gRPC unary response	stage="selector" request_id=8da794c6-cedf-4738-9c54-d62522102100 elapsed_us=1319
2026-09-26T21:56:46.780855Z	debug	dynamo_generic_rpc_split	generic gRPC response headers	stage="prefill" request_id=1f3b2430-ae19-4cfc-9e1a-d3fdf3b1b800 headers_us=2413
2026-09-26T21:56:46.782179Z	debug	dynamo_generic_rpc_split	generic gRPC unary response	stage="selector" request_id=1f3b2430-ae19-4cfc-9e1a-d3fdf3b1b800 elapsed_us=1272
2026-09-26T21:56:46.797845Z	debug	dynamo_generic_rpc_split	generic gRPC response headers	stage="prefill" request_id=e5c36fd8-efdd-44c7-b75f-0d30b88dda00 headers_us=2576
2026-09-26T21:56:46.799856Z	debug	dynamo_generic_rpc_split	generic gRPC unary response	stage="selector" request_id=e5c36fd8-efdd-44c7-b75f-0d30b88dda00 elapsed_us=1949
2026-09-26T21:56:46.888733Z	debug	dynamo_generic_rpc_split	generic gRPC response headers	stage="prefill" request_id=ead51383-1bdb-4e6e-b990-24f39f888400 headers_us=1307
2026-09-26T21:56:46.890825Z	debug	dynamo_generic_rpc_split	generic gRPC unary response	stage="selector" request_id=ead51383-1bdb-4e6e-b990-24f39f888400 elapsed_us=2018
2026-09-26T21:56:46.952645Z	debug	dynamo_generic_rpc_split	generic gRPC response headers	stage="prefill" request_id=78162fe3-99d8-458a-b6c5-25c9bdc93100 headers_us=3762
2026-09-26T21:56:46.953081Z	debug	dynamo_generic_rpc_split	generic gRPC response headers	stage="prefill" request_id=811a20b4-0943-4740-9490-be7f7e630200 headers_us=3846
2026-09-26T21:56:46.958517Z	debug	dynamo_generic_rpc_split	generic gRPC unary response	stage="selector" request_id=811a20b4-0943-4740-9490-be7f7e630200 elapsed_us=4673
2026-09-26T21:56:46.958757Z	debug	dynamo_generic_rpc_split	generic gRPC unary response	stage="selector" request_id=78162fe3-99d8-458a-b6c5-25c9bdc93100 elapsed_us=5971
2026-09-26T21:56:47.013404Z	debug	dynamo_generic_rpc_split	generic gRPC response headers	stage="prefill" request_id=ac3e66c7-2721-4f90-8e2e-342c93672100 headers_us=2064
2026-09-26T21:56:47.014707Z	debug	dynamo_generic_rpc_split	generic gRPC unary response	stage="selector" request_id=ac3e66c7-2721-4f90-8e2e-342c93672100 elapsed_us=1202
2026-09-26T21:56:47.050580Z	debug	dynamo_generic_rpc_split	generic gRPC response headers	stage="prefill" request_id=b0ce9138-79cd-4a77-a0ff-85233c4f3300 headers_us=1579
2026-09-26T21:56:47.053168Z	debug	dynamo_generic_rpc_split	generic gRPC unary response	stage="selector" request_id=b0ce9138-79cd-4a77-a0ff-85233c4f3300 elapsed_us=2515
2026-09-26T21:56:47.059437Z	debug	dynamo_generic_rpc_split	generic gRPC response headers	stage="prefill" request_id=0944c214-a7cd-433b-acfd-8c1f2b43bd00 headers_us=2377
2026-09-26T21:56:47.061722Z	debug	dynamo_generic_rpc_split	generic gRPC unary response	stage="selector" request_id=0944c214-a7cd-433b-acfd-8c1f2b43bd00 elapsed_us=2206
2026-09-26T21:56:47.065651Z	debug	dynamo_generic_rpc_split	generic gRPC response headers	stage="prefill" request_id=c0a81db3-b774-43c6-b90c-ee8aff5e7e00 headers_us=2383
2026-09-26T21:56:47.068989Z	debug	dynamo_generic_rpc_split	generic gRPC unary response	stage="selector" request_id=c0a81db3-b774-43c6-b90c-ee8aff5e7e00 elapsed_us=2626
2026-09-26T21:56:47.107030Z	debug	dynamo_generic_rpc_split	generic gRPC response headers	stage="prefill" request_id=cac26baf-b164-48a0-9eee-3be39a4b9f00 headers_us=6196
2026-09-26T21:56:47.110902Z	debug	dynamo_generic_rpc_split	generic gRPC unary response	stage="selector" request_id=cac26baf-b164-48a0-9eee-3be39a4b9f00 elapsed_us=3786
2026-09-26T21:56:47.123243Z	debug	dynamo_generic_rpc_split	generic gRPC response headers	stage="prefill" request_id=5125ec09-ef50-45df-869c-f0c74629a300 headers_us=5558
2026-09-26T21:56:47.127948Z	debug	dynamo_generic_rpc_split	generic gRPC unary response	stage="selector" request_id=5125ec09-ef50-45df-869c-f0c74629a300 elapsed_us=4628
2026-09-26T21:56:47.131839Z	debug	dynamo_generic_rpc_split	generic gRPC response headers	stage="prefill" request_id=a382eedc-4ff0-4570-a961-7f34d51fd400 headers_us=2072
2026-09-26T21:56:47.134077Z	debug	dynamo_generic_rpc_split	generic gRPC unary response	stage="selector" request_id=a382eedc-4ff0-4570-a961-7f34d51fd400 elapsed_us=2150
2026-09-26T21:56:47.165205Z	debug	dynamo_generic_rpc_split	generic gRPC response headers	stage="prefill" request_id=356f7498-4e88-4a61-8f5e-ace695fd1000 headers_us=1429
2026-09-26T21:56:47.167532Z	debug	dynamo_generic_rpc_split	generic gRPC unary response	stage="selector" request_id=356f7498-4e88-4a61-8f5e-ace695fd1000 elapsed_us=2257
2026-09-26T21:56:47.212469Z	debug	dynamo_generic_rpc_split	generic gRPC response headers	stage="prefill" request_id=dbc905bc-a546-4785-a6c7-638c82610600 headers_us=2520
2026-09-26T21:56:47.215639Z	debug	dynamo_generic_rpc_split	generic gRPC unary response	stage="selector" request_id=dbc905bc-a546-4785-a6c7-638c82610600 elapsed_us=2576
2026-09-26T21:56:47.244094Z	debug	dynamo_generic_rpc_split	generic gRPC response headers	stage="prefill" request_id=bed245cf-e601-4f4b-92bc-efe2e23b0400 headers_us=2688
2026-09-26T21:56:47.244923Z	debug	dynamo_generic_rpc_split	generic gRPC response headers	stage="prefill" request_id=2598dd99-01c6-42f6-aaf2-179ecbcf5200 headers_us=1475
2026-09-26T21:56:47.248038Z	debug	dynamo_generic_rpc_split	generic gRPC unary response	stage="selector" request_id=2598dd99-01c6-42f6-aaf2-179ecbcf5200 elapsed_us=3028
2026-09-26T21:56:47.248044Z	debug	dynamo_generic_rpc_split	generic gRPC unary response	stage="selector" request_id=bed245cf-e601-4f4b-92bc-efe2e23b0400 elapsed_us=3877
2026-09-26T21:56:47.260704Z	debug	dynamo_generic_rpc_split	generic gRPC response headers	stage="prefill" request_id=4abe03ef-82e3-47ca-b793-0f9d9dd66700 headers_us=7484
2026-09-26T21:56:47.264898Z	debug	dynamo_generic_rpc_split	generic gRPC unary response	stage="selector" request_id=4abe03ef-82e3-47ca-b793-0f9d9dd66700 elapsed_us=3861
2026-09-26T21:56:47.326626Z	debug	dynamo_generic_rpc_split	generic gRPC response headers	stage="prefill" request_id=bf2e2cda-f6a5-440c-8e2d-6b3973b08500 headers_us=2830
2026-09-26T21:56:47.328508Z	debug	dynamo_generic_rpc_split	generic gRPC unary response	stage="selector" request_id=bf2e2cda-f6a5-440c-8e2d-6b3973b08500 elapsed_us=1677
2026-09-26T21:56:47.389545Z	debug	dynamo_generic_rpc_split	generic gRPC response headers	stage="prefill" request_id=f3cd31a2-ecd1-4006-94eb-82ddd3c89200 headers_us=1922
2026-09-26T21:56:47.394331Z	debug	dynamo_generic_rpc_split	generic gRPC unary response	stage="selector" request_id=f3cd31a2-ecd1-4006-94eb-82ddd3c89200 elapsed_us=3067
2026-09-26T21:56:47.398415Z	debug	dynamo_generic_rpc_split	generic gRPC response headers	stage="prefill" request_id=23077657-2122-45d6-ab4f-42efd159e400 headers_us=4744
2026-09-26T21:56:47.400928Z	debug	dynamo_generic_rpc_split	generic gRPC unary response	stage="selector" request_id=23077657-2122-45d6-ab4f-42efd159e400 elapsed_us=2438
2026-09-26T21:56:47.414279Z	debug	dynamo_generic_rpc_split	generic gRPC response headers	stage="prefill" request_id=bd09e251-ded2-4016-a6be-5bdc2685ed00 headers_us=3682
2026-09-26T21:56:47.418916Z	debug	dynamo_generic_rpc_split	generic gRPC unary response	stage="selector" request_id=bd09e251-ded2-4016-a6be-5bdc2685ed00 elapsed_us=4457
2026-09-26T21:56:47.424251Z	debug	dynamo_generic_rpc_split	generic gRPC response headers	stage="prefill" request_id=b32ce943-60ab-4b13-a836-617aeb6bba00 headers_us=3016
2026-09-26T21:56:47.428656Z	debug	dynamo_generic_rpc_split	generic gRPC unary response	stage="selector" request_id=b32ce943-60ab-4b13-a836-617aeb6bba00 elapsed_us=4320
2026-09-26T21:56:47.434068Z	debug	dynamo_generic_rpc_split	generic gRPC response headers	stage="prefill" request_id=b9b413c1-7e2a-429f-811a-f14778487300 headers_us=2717
2026-09-26T21:56:47.435678Z	debug	dynamo_generic_rpc_split	generic gRPC response headers	stage="prefill" request_id=afa09de3-d630-47a2-bc2c-128ad79cdd00 headers_us=3770
2026-09-26T21:56:47.435846Z	debug	dynamo_generic_rpc_split	generic gRPC unary response	stage="selector" request_id=b9b413c1-7e2a-429f-811a-f14778487300 elapsed_us=1662
2026-09-26T21:56:47.439681Z	debug	dynamo_generic_rpc_split	generic gRPC response headers	stage="prefill" request_id=42b9f27d-0eb0-4761-afbb-e8c59c082300 headers_us=4319
2026-09-26T21:56:47.439856Z	debug	dynamo_generic_rpc_split	generic gRPC unary response	stage="selector" request_id=afa09de3-d630-47a2-bc2c-128ad79cdd00 elapsed_us=4075
2026-09-26T21:56:47.443755Z	debug	dynamo_generic_rpc_split	generic gRPC response headers	stage="prefill" request_id=f9708133-ed9d-424e-b09d-229bffbbb400 headers_us=5049
2026-09-26T21:56:47.443847Z	debug	dynamo_generic_rpc_split	generic gRPC unary response	stage="selector" request_id=42b9f27d-0eb0-4761-afbb-e8c59c082300 elapsed_us=4065
2026-09-26T21:56:47.448035Z	debug	dynamo_generic_rpc_split	generic gRPC unary response	stage="selector" request_id=f9708133-ed9d-424e-b09d-229bffbbb400 elapsed_us=3946
2026-09-26T21:56:47.506596Z	debug	dynamo_generic_rpc_split	generic gRPC response headers	stage="prefill" request_id=e895bfe7-c394-43a5-aeb2-37f5f4de3800 headers_us=2405
2026-09-26T21:56:47.509403Z	debug	dynamo_generic_rpc_split	generic gRPC unary response	stage="selector" request_id=e895bfe7-c394-43a5-aeb2-37f5f4de3800 elapsed_us=2745
2026-09-26T21:56:47.589616Z	debug	dynamo_generic_rpc_split	generic gRPC response headers	stage="prefill" request_id=8248d897-f491-4dea-9d7c-77cade33fb00 headers_us=2992
2026-09-26T21:56:47.592487Z	debug	dynamo_generic_rpc_split	generic gRPC unary response	stage="selector" request_id=8248d897-f491-4dea-9d7c-77cade33fb00 elapsed_us=2765
2026-09-26T21:56:47.630742Z	debug	dynamo_generic_rpc_split	generic gRPC response headers	stage="prefill" request_id=2428eb81-d647-4876-bcc9-c39a26577600 headers_us=2196
2026-09-26T21:56:47.634895Z	debug	dynamo_generic_rpc_split	generic gRPC unary response	stage="selector" request_id=2428eb81-d647-4876-bcc9-c39a26577600 elapsed_us=4088
2026-09-26T21:56:47.670760Z	debug	dynamo_generic_rpc_split	generic gRPC response headers	stage="prefill" request_id=1de7d42b-fd89-472d-abe7-b625b9983c00 headers_us=2483
2026-09-26T21:56:47.675365Z	debug	dynamo_generic_rpc_split	generic gRPC unary response	stage="selector" request_id=1de7d42b-fd89-472d-abe7-b625b9983c00 elapsed_us=4479
2026-09-26T21:56:47.683272Z	debug	dynamo_generic_rpc_split	generic gRPC response headers	stage="prefill" request_id=1a79bb79-d599-4ea1-b8b4-64465b284000 headers_us=7096
2026-09-26T21:56:47.687960Z	debug	dynamo_generic_rpc_split	generic gRPC unary response	stage="selector" request_id=1a79bb79-d599-4ea1-b8b4-64465b284000 elapsed_us=4610
2026-09-26T21:56:47.691660Z	debug	dynamo_generic_rpc_split	generic gRPC response headers	stage="prefill" request_id=9507480f-7b4a-45e1-9040-8aa38f010c00 headers_us=1800
2026-09-26T21:56:47.695124Z	debug	dynamo_generic_rpc_split	generic gRPC unary response	stage="selector" request_id=9507480f-7b4a-45e1-9040-8aa38f010c00 elapsed_us=3360
2026-09-26T21:56:47.712399Z	debug	dynamo_generic_rpc_split	generic gRPC response headers	stage="prefill" request_id=335076d4-a325-4901-b0e4-162fdb434e00 headers_us=5907
2026-09-26T21:56:47.718526Z	debug	dynamo_generic_rpc_split	generic gRPC unary response	stage="selector" request_id=335076d4-a325-4901-b0e4-162fdb434e00 elapsed_us=6024
2026-09-26T21:56:47.740109Z	debug	dynamo_generic_rpc_split	generic gRPC response headers	stage="prefill" request_id=88aa4a13-51eb-488c-8315-a85993885600 headers_us=8254
2026-09-26T21:56:47.743877Z	debug	dynamo_generic_rpc_split	generic gRPC unary response	stage="selector" request_id=88aa4a13-51eb-488c-8315-a85993885600 elapsed_us=3668
2026-09-26T21:56:47.770156Z	debug	dynamo_generic_rpc_split	generic gRPC response headers	stage="prefill" request_id=b0fdbe54-e2e6-41e2-9804-d819ecdb9400 headers_us=3054
2026-09-26T21:56:47.773201Z	debug	dynamo_generic_rpc_split	generic gRPC unary response	stage="selector" request_id=b0fdbe54-e2e6-41e2-9804-d819ecdb9400 elapsed_us=2837
2026-09-26T21:56:47.790219Z	debug	dynamo_generic_rpc_split	generic gRPC response headers	stage="prefill" request_id=df272309-09fb-4f6d-a654-58b8f0e17200 headers_us=2320
2026-09-26T21:56:47.792991Z	debug	dynamo_generic_rpc_split	generic gRPC unary response	stage="selector" request_id=df272309-09fb-4f6d-a654-58b8f0e17200 elapsed_us=2651
2026-09-26T21:56:47.838407Z	debug	dynamo_generic_rpc_split	generic gRPC response headers	stage="prefill" request_id=015efdea-9239-4753-a469-6146f802e400 headers_us=1161
2026-09-26T21:56:47.843221Z	debug	dynamo_generic_rpc_split	generic gRPC unary response	stage="selector" request_id=015efdea-9239-4753-a469-6146f802e400 elapsed_us=3205
2026-09-26T21:56:47.897447Z	debug	dynamo_generic_rpc_split	generic gRPC response headers	stage="prefill" request_id=7a3c3627-828d-4e2b-ac05-dbe4b03b1e00 headers_us=3117
2026-09-26T21:56:47.900914Z	debug	dynamo_generic_rpc_split	generic gRPC response headers	stage="prefill" request_id=19bddd49-3335-4900-b97e-1bb749a17900 headers_us=1247
2026-09-26T21:56:47.901467Z	debug	dynamo_generic_rpc_split	generic gRPC unary response	stage="selector" request_id=7a3c3627-828d-4e2b-ac05-dbe4b03b1e00 elapsed_us=3924
2026-09-26T21:56:47.904770Z	debug	dynamo_generic_rpc_split	generic gRPC unary response	stage="selector" request_id=19bddd49-3335-4900-b97e-1bb749a17900 elapsed_us=3752
2026-09-26T21:56:47.918543Z	debug	dynamo_generic_rpc_split	generic gRPC response headers	stage="prefill" request_id=65c73b0e-6309-4eee-9d47-f00c0c56ed00 headers_us=3783
2026-09-26T21:56:47.920296Z	debug	dynamo_generic_rpc_split	generic gRPC unary response	stage="selector" request_id=65c73b0e-6309-4eee-9d47-f00c0c56ed00 elapsed_us=1620
2026-09-26T21:56:47.971815Z	debug	dynamo_generic_rpc_split	generic gRPC response headers	stage="prefill" request_id=d6707560-a247-4768-9e0d-c8d62e5ba300 headers_us=3509
2026-09-26T21:56:47.975871Z	debug	dynamo_generic_rpc_split	generic gRPC unary response	stage="selector" request_id=d6707560-a247-4768-9e0d-c8d62e5ba300 elapsed_us=3993
2026-09-26T21:56:47.981459Z	debug	dynamo_generic_rpc_split	generic gRPC response headers	stage="prefill" request_id=b0b5724b-fb48-409f-9168-52d9b1aef800 headers_us=6596
2026-09-26T21:56:47.983089Z	debug	dynamo_generic_rpc_split	generic gRPC unary response	stage="selector" request_id=b0b5724b-fb48-409f-9168-52d9b1aef800 elapsed_us=1574
2026-09-26T21:56:48.002590Z	debug	dynamo_generic_rpc_split	generic gRPC response headers	stage="prefill" request_id=f22e9eea-c060-44f6-953b-8070cdfb1a00 headers_us=2576
2026-09-26T21:56:48.010459Z	debug	dynamo_generic_rpc_split	generic gRPC unary response	stage="selector" request_id=f22e9eea-c060-44f6-953b-8070cdfb1a00 elapsed_us=6321
2026-09-26T21:56:48.048489Z	debug	dynamo_generic_rpc_split	generic gRPC response headers	stage="prefill" request_id=d3fd708b-9e45-48b6-8381-849a17a6d400 headers_us=1795
2026-09-26T21:56:48.050100Z	debug	dynamo_generic_rpc_split	generic gRPC unary response	stage="selector" request_id=d3fd708b-9e45-48b6-8381-849a17a6d400 elapsed_us=1504
2026-09-26T21:56:48.065278Z	debug	dynamo_generic_rpc_split	generic gRPC response headers	stage="prefill" request_id=9f5677f8-f626-4ed1-a250-07385159ba00 headers_us=4476
2026-09-26T21:56:48.067444Z	debug	dynamo_generic_rpc_split	generic gRPC unary response	stage="selector" request_id=9f5677f8-f626-4ed1-a250-07385159ba00 elapsed_us=2056
2026-09-26T21:56:48.077453Z	debug	dynamo_generic_rpc_split	generic gRPC response headers	stage="prefill" request_id=9999137b-d694-41c4-a605-b25dc0129a00 headers_us=2402
2026-09-26T21:56:48.078954Z	debug	dynamo_generic_rpc_split	generic gRPC unary response	stage="selector" request_id=9999137b-d694-41c4-a605-b25dc0129a00 elapsed_us=1380
2026-09-26T21:56:48.097816Z	debug	dynamo_generic_rpc_split	generic gRPC response headers	stage="prefill" request_id=27b528b5-bc44-4581-b78c-2cdfed541400 headers_us=3785
2026-09-26T21:56:48.102418Z	debug	dynamo_generic_rpc_split	generic gRPC response headers	stage="prefill" request_id=a1988274-b169-439f-bcfb-23b687a52a00 headers_us=2817
2026-09-26T21:56:48.102847Z	debug	dynamo_generic_rpc_split	generic gRPC unary response	stage="selector" request_id=27b528b5-bc44-4581-b78c-2cdfed541400 elapsed_us=4918
2026-09-26T21:56:48.106811Z	debug	dynamo_generic_rpc_split	generic gRPC unary response	stage="selector" request_id=a1988274-b169-439f-bcfb-23b687a52a00 elapsed_us=2500
2026-09-26T21:56:48.123243Z	debug	dynamo_generic_rpc_split	generic gRPC response headers	stage="prefill" request_id=103ea8bb-78c8-42bc-8cd9-71437c65ab00 headers_us=1929
2026-09-26T21:56:48.126509Z	debug	dynamo_generic_rpc_split	generic gRPC unary response	stage="selector" request_id=103ea8bb-78c8-42bc-8cd9-71437c65ab00 elapsed_us=2501
2026-09-26T21:56:48.218551Z	debug	dynamo_generic_rpc_split	generic gRPC response headers	stage="prefill" request_id=2db8e4aa-574f-41ba-8e63-6f1b2d0c5200 headers_us=5171
2026-09-26T21:56:48.222097Z	debug	dynamo_generic_rpc_split	generic gRPC unary response	stage="selector" request_id=2db8e4aa-574f-41ba-8e63-6f1b2d0c5200 elapsed_us=3472
2026-09-26T21:56:48.266411Z	debug	dynamo_generic_rpc_split	generic gRPC response headers	stage="prefill" request_id=54525dc0-e3f8-4f78-aa58-8abcc169c600 headers_us=5075
2026-09-26T21:56:48.271248Z	debug	dynamo_generic_rpc_split	generic gRPC unary response	stage="selector" request_id=54525dc0-e3f8-4f78-aa58-8abcc169c600 elapsed_us=4702
2026-09-26T21:56:48.290717Z	debug	dynamo_generic_rpc_split	generic gRPC response headers	stage="prefill" request_id=687217b0-624c-4d0b-8960-261f67c8fd00 headers_us=12941
2026-09-26T21:56:48.296568Z	debug	dynamo_generic_rpc_split	generic gRPC unary response	stage="selector" request_id=687217b0-624c-4d0b-8960-261f67c8fd00 elapsed_us=5792
2026-09-26T21:56:48.346355Z	debug	dynamo_generic_rpc_split	generic gRPC response headers	stage="prefill" request_id=7c6955fe-9cd5-40d9-9a46-a5cd0a4b5900 headers_us=6058
2026-09-26T21:56:48.348602Z	debug	dynamo_generic_rpc_split	generic gRPC unary response	stage="selector" request_id=7c6955fe-9cd5-40d9-9a46-a5cd0a4b5900 elapsed_us=2132
2026-09-26T21:56:48.396225Z	debug	dynamo_generic_rpc_split	generic gRPC response headers	stage="prefill" request_id=0428426b-09a3-44b3-86b4-167bf4e70f00 headers_us=3626
2026-09-26T21:56:48.402217Z	debug	dynamo_generic_rpc_split	generic gRPC unary response	stage="selector" request_id=0428426b-09a3-44b3-86b4-167bf4e70f00 elapsed_us=3584
2026-09-26T21:56:48.434408Z	debug	dynamo_generic_rpc_split	generic gRPC response headers	stage="prefill" request_id=a1cf9d91-8baf-42df-97bf-47e507ef9800 headers_us=2478
2026-09-26T21:56:48.439161Z	debug	dynamo_generic_rpc_split	generic gRPC unary response	stage="selector" request_id=a1cf9d91-8baf-42df-97bf-47e507ef9800 elapsed_us=4379
2026-09-26T21:56:48.450918Z	debug	dynamo_generic_rpc_split	generic gRPC response headers	stage="prefill" request_id=d8bb4163-8bd1-432e-a5e4-7dd1972f1d00 headers_us=4994
2026-09-26T21:56:48.457054Z	debug	dynamo_generic_rpc_split	generic gRPC unary response	stage="selector" request_id=d8bb4163-8bd1-432e-a5e4-7dd1972f1d00 elapsed_us=6038
2026-09-26T21:56:48.499778Z	debug	dynamo_generic_rpc_split	generic gRPC response headers	stage="prefill" request_id=baa48c2e-a78c-4b74-b2b4-60b44cb89b00 headers_us=725
2026-09-26T21:56:48.501798Z	debug	dynamo_generic_rpc_split	generic gRPC unary response	stage="selector" request_id=baa48c2e-a78c-4b74-b2b4-60b44cb89b00 elapsed_us=918
2026-09-26T21:56:48.506976Z	debug	dynamo_generic_rpc_split	generic gRPC response headers	stage="prefill" request_id=39e296a4-dceb-4340-a8d2-81176b484800 headers_us=1435
2026-09-26T21:56:48.508777Z	debug	dynamo_generic_rpc_split	generic gRPC unary response	stage="selector" request_id=39e296a4-dceb-4340-a8d2-81176b484800 elapsed_us=1672
2026-09-26T21:56:48.516403Z	debug	dynamo_generic_rpc_split	generic gRPC response headers	stage="prefill" request_id=978b9d4b-c186-474d-b695-274fe006fc00 headers_us=3439
2026-09-26T21:56:48.520505Z	debug	dynamo_generic_rpc_split	generic gRPC unary response	stage="selector" request_id=978b9d4b-c186-474d-b695-274fe006fc00 elapsed_us=3955
2026-09-26T21:56:48.586550Z	debug	dynamo_generic_rpc_split	generic gRPC response headers	stage="prefill" request_id=514d2967-03fe-44d5-ad29-f462f0496300 headers_us=2375
2026-09-26T21:56:48.588106Z	debug	dynamo_generic_rpc_split	generic gRPC unary response	stage="selector" request_id=514d2967-03fe-44d5-ad29-f462f0496300 elapsed_us=1494
2026-09-26T21:56:48.631088Z	debug	dynamo_generic_rpc_split	generic gRPC response headers	stage="prefill" request_id=4ff18ea7-0628-41a3-bc36-65510433fd00 headers_us=3351
2026-09-26T21:56:48.632633Z	debug	dynamo_generic_rpc_split	generic gRPC unary response	stage="selector" request_id=4ff18ea7-0628-41a3-bc36-65510433fd00 elapsed_us=1454
2026-09-26T21:56:48.643217Z	debug	dynamo_generic_rpc_split	generic gRPC response headers	stage="prefill" request_id=2b233655-7ecf-4862-9403-601021434e00 headers_us=6675
2026-09-26T21:56:48.645721Z	debug	dynamo_generic_rpc_split	generic gRPC unary response	stage="selector" request_id=2b233655-7ecf-4862-9403-601021434e00 elapsed_us=2434
2026-09-26T21:56:48.654452Z	debug	dynamo_generic_rpc_split	generic gRPC response headers	stage="prefill" request_id=7db01d20-8dcb-42f9-ac61-0013e6dd6100 headers_us=2482
2026-09-26T21:56:48.656181Z	debug	dynamo_generic_rpc_split	generic gRPC unary response	stage="selector" request_id=7db01d20-8dcb-42f9-ac61-0013e6dd6100 elapsed_us=1673
2026-09-26T21:56:48.664183Z	debug	dynamo_generic_rpc_split	generic gRPC response headers	stage="prefill" request_id=4c21c7b9-480a-4180-ab5e-7a8587561800 headers_us=3553
2026-09-26T21:56:48.666420Z	debug	dynamo_generic_rpc_split	generic gRPC unary response	stage="selector" request_id=4c21c7b9-480a-4180-ab5e-7a8587561800 elapsed_us=2160
2026-09-26T21:56:48.692294Z	debug	dynamo_generic_rpc_split	generic gRPC response headers	stage="prefill" request_id=7a9e16a3-6e83-4dfb-9ffd-7b2f945b7a00 headers_us=2425
2026-09-26T21:56:48.694711Z	debug	dynamo_generic_rpc_split	generic gRPC unary response	stage="selector" request_id=7a9e16a3-6e83-4dfb-9ffd-7b2f945b7a00 elapsed_us=2248
2026-09-26T21:56:48.695709Z	debug	dynamo_generic_rpc_split	generic gRPC response headers	stage="prefill" request_id=b279322b-0892-48c8-a268-cd7b14c54600 headers_us=6128
2026-09-26T21:56:48.698830Z	debug	dynamo_generic_rpc_split	generic gRPC unary response	stage="selector" request_id=b279322b-0892-48c8-a268-cd7b14c54600 elapsed_us=2989
2026-09-26T21:56:48.754590Z	debug	dynamo_generic_rpc_split	generic gRPC response headers	stage="prefill" request_id=d0f50c2e-c5e1-41c6-86eb-25604da77900 headers_us=1614
2026-09-26T21:56:48.756538Z	debug	dynamo_generic_rpc_split	generic gRPC response headers	stage="prefill" request_id=4ef723b4-5b5a-40a9-bc3b-b64614457200 headers_us=1481
2026-09-26T21:56:48.757164Z	debug	dynamo_generic_rpc_split	generic gRPC unary response	stage="selector" request_id=d0f50c2e-c5e1-41c6-86eb-25604da77900 elapsed_us=2337
2026-09-26T21:56:48.757615Z	debug	dynamo_generic_rpc_split	generic gRPC unary response	stage="selector" request_id=4ef723b4-5b5a-40a9-bc3b-b64614457200 elapsed_us=928
2026-09-26T21:56:48.759234Z	debug	dynamo_generic_rpc_split	generic gRPC response headers	stage="prefill" request_id=03598860-b6fe-4fd1-8a2f-6dfa7a623b00 headers_us=2394
2026-09-26T21:56:48.761550Z	debug	dynamo_generic_rpc_split	generic gRPC unary response	stage="selector" request_id=03598860-b6fe-4fd1-8a2f-6dfa7a623b00 elapsed_us=2224
2026-09-26T21:56:48.815997Z	debug	dynamo_generic_rpc_split	generic gRPC response headers	stage="prefill" request_id=1c39725b-eb11-4603-b9f9-8a8d3b82e800 headers_us=2890
2026-09-26T21:56:48.820652Z	debug	dynamo_generic_rpc_split	generic gRPC unary response	stage="selector" request_id=1c39725b-eb11-4603-b9f9-8a8d3b82e800 elapsed_us=2611
2026-09-26T21:56:48.829065Z	debug	dynamo_generic_rpc_split	generic gRPC response headers	stage="prefill" request_id=574170c5-3fda-4d0f-93e2-7ce119573000 headers_us=2345
2026-09-26T21:56:48.834242Z	debug	dynamo_generic_rpc_split	generic gRPC unary response	stage="selector" request_id=574170c5-3fda-4d0f-93e2-7ce119573000 elapsed_us=4119
2026-09-26T21:56:48.885927Z	debug	dynamo_generic_rpc_split	generic gRPC response headers	stage="prefill" request_id=7bbabf54-c50c-48f8-949a-e98ecaf6fb00 headers_us=3213
2026-09-26T21:56:48.889306Z	debug	dynamo_generic_rpc_split	generic gRPC unary response	stage="selector" request_id=7bbabf54-c50c-48f8-949a-e98ecaf6fb00 elapsed_us=2890
2026-09-26T21:56:48.893625Z	debug	dynamo_generic_rpc_split	generic gRPC response headers	stage="prefill" request_id=599d6227-375a-47ea-a66a-e0493c6e2600 headers_us=2702
2026-09-26T21:56:48.894867Z	debug	dynamo_generic_rpc_split	generic gRPC response headers	stage="prefill" request_id=a4d57c5a-04ab-4544-9411-ff613458eb00 headers_us=3958
2026-09-26T21:56:48.895513Z	debug	dynamo_generic_rpc_split	generic gRPC unary response	stage="selector" request_id=599d6227-375a-47ea-a66a-e0493c6e2600 elapsed_us=1790
2026-09-26T21:56:48.902134Z	debug	dynamo_generic_rpc_split	generic gRPC unary response	stage="selector" request_id=a4d57c5a-04ab-4544-9411-ff613458eb00 elapsed_us=7143
2026-09-26T21:56:48.910610Z	debug	dynamo_generic_rpc_split	generic gRPC response headers	stage="prefill" request_id=e09d6349-3b0f-44ca-82c1-f4e1bd30bd00 headers_us=3293
2026-09-26T21:56:48.913060Z	debug	dynamo_generic_rpc_split	generic gRPC unary response	stage="selector" request_id=e09d6349-3b0f-44ca-82c1-f4e1bd30bd00 elapsed_us=2401
2026-09-26T21:56:48.920682Z	debug	dynamo_generic_rpc_split	generic gRPC response headers	stage="prefill" request_id=2a13d49e-0e9d-41de-ad89-ddfe08092600 headers_us=7651
2026-09-26T21:56:48.927552Z	debug	dynamo_generic_rpc_split	generic gRPC unary response	stage="selector" request_id=2a13d49e-0e9d-41de-ad89-ddfe08092600 elapsed_us=6789
2026-09-26T21:56:48.930919Z	debug	dynamo_generic_rpc_split	generic gRPC response headers	stage="prefill" request_id=b4850d2f-905e-4871-8a93-e02104876300 headers_us=5887
2026-09-26T21:56:48.934503Z	debug	dynamo_generic_rpc_split	generic gRPC response headers	stage="prefill" request_id=93b2d189-e5ce-4ad6-88a4-5491da736100 headers_us=5656
2026-09-26T21:56:48.934839Z	debug	dynamo_generic_rpc_split	generic gRPC unary response	stage="selector" request_id=b4850d2f-905e-4871-8a93-e02104876300 elapsed_us=3838
2026-09-26T21:56:48.938510Z	debug	dynamo_generic_rpc_split	generic gRPC unary response	stage="selector" request_id=93b2d189-e5ce-4ad6-88a4-5491da736100 elapsed_us=3900
2026-09-26T21:56:48.945227Z	debug	dynamo_generic_rpc_split	generic gRPC response headers	stage="prefill" request_id=eb7fdb86-55d6-4cd3-b477-28198586b700 headers_us=4164
2026-09-26T21:56:48.949314Z	debug	dynamo_generic_rpc_split	generic gRPC unary response	stage="selector" request_id=eb7fdb86-55d6-4cd3-b477-28198586b700 elapsed_us=4031
2026-09-26T21:56:48.987724Z	debug	dynamo_generic_rpc_split	generic gRPC response headers	stage="prefill" request_id=9fb94fa3-372b-465c-a955-ec27db5f1b00 headers_us=3343
2026-09-26T21:56:48.989433Z	debug	dynamo_generic_rpc_split	generic gRPC unary response	stage="selector" request_id=9fb94fa3-372b-465c-a955-ec27db5f1b00 elapsed_us=1603
2026-09-26T21:56:49.043775Z	debug	dynamo_generic_rpc_split	generic gRPC response headers	stage="prefill" request_id=85ad9244-1de9-4ef4-b852-985e2b4c4500 headers_us=3439
2026-09-26T21:56:49.046225Z	debug	dynamo_generic_rpc_split	generic gRPC unary response	stage="selector" request_id=85ad9244-1de9-4ef4-b852-985e2b4c4500 elapsed_us=2388
2026-09-26T21:56:49.046729Z	debug	dynamo_generic_rpc_split	generic gRPC response headers	stage="prefill" request_id=bdc37c9c-262b-49bd-9119-6937f9397f00 headers_us=6088
2026-09-26T21:56:49.049808Z	debug	dynamo_generic_rpc_split	generic gRPC response headers	stage="prefill" request_id=4584d0e5-07a5-4742-9c4a-eeb0449bfb00 headers_us=5083
2026-09-26T21:56:49.052267Z	debug	dynamo_generic_rpc_split	generic gRPC unary response	stage="selector" request_id=bdc37c9c-262b-49bd-9119-6937f9397f00 elapsed_us=5438
2026-09-26T21:56:49.056794Z	debug	dynamo_generic_rpc_split	generic gRPC unary response	stage="selector" request_id=4584d0e5-07a5-4742-9c4a-eeb0449bfb00 elapsed_us=6736
2026-09-26T21:56:49.082488Z	debug	dynamo_generic_rpc_split	generic gRPC response headers	stage="prefill" request_id=4759c367-78e8-4274-aaa5-33c49defdc00 headers_us=9220
2026-09-26T21:56:49.089491Z	debug	dynamo_generic_rpc_split	generic gRPC unary response	stage="selector" request_id=4759c367-78e8-4274-aaa5-33c49defdc00 elapsed_us=6910
2026-09-26T21:56:49.094830Z	debug	dynamo_generic_rpc_split	generic gRPC response headers	stage="prefill" request_id=5d140235-0d08-4831-b0ac-c1141c9e8500 headers_us=3233
2026-09-26T21:56:49.098375Z	debug	dynamo_generic_rpc_split	generic gRPC unary response	stage="selector" request_id=5d140235-0d08-4831-b0ac-c1141c9e8500 elapsed_us=2807
2026-09-26T21:56:49.107297Z	debug	dynamo_generic_rpc_split	generic gRPC response headers	stage="prefill" request_id=5a1f0d25-b15c-431a-b9fa-0c1261d8ab00 headers_us=1907
2026-09-26T21:56:49.109239Z	debug	dynamo_generic_rpc_split	generic gRPC unary response	stage="selector" request_id=5a1f0d25-b15c-431a-b9fa-0c1261d8ab00 elapsed_us=1890
2026-09-26T21:56:49.145533Z	debug	dynamo_generic_rpc_split	generic gRPC response headers	stage="prefill" request_id=a7886940-e4b1-415b-8c3d-422877b78000 headers_us=3554
2026-09-26T21:56:49.147793Z	debug	dynamo_generic_rpc_split	generic gRPC unary response	stage="selector" request_id=a7886940-e4b1-415b-8c3d-422877b78000 elapsed_us=2193
2026-09-26T21:56:49.149533Z	debug	dynamo_generic_rpc_split	generic gRPC response headers	stage="prefill" request_id=d03c9361-d9d4-4e10-896e-f85fd7f17b00 headers_us=3750
2026-09-26T21:56:49.150552Z	debug	dynamo_generic_rpc_split	generic gRPC response headers	stage="prefill" request_id=5474a39f-34bf-45c8-b218-883e5bc06700 headers_us=1372
2026-09-26T21:56:49.150952Z	debug	dynamo_generic_rpc_split	generic gRPC unary response	stage="selector" request_id=d03c9361-d9d4-4e10-896e-f85fd7f17b00 elapsed_us=1295
2026-09-26T21:56:49.153617Z	debug	dynamo_generic_rpc_split	generic gRPC unary response	stage="selector" request_id=5474a39f-34bf-45c8-b218-883e5bc06700 elapsed_us=2936
2026-09-26T21:56:49.163318Z	debug	dynamo_generic_rpc_split	generic gRPC response headers	stage="prefill" request_id=31fe3258-8c88-447c-bb2c-0e8fb80bc700 headers_us=12347
2026-09-26T21:56:49.166882Z	debug	dynamo_generic_rpc_split	generic gRPC unary response	stage="selector" request_id=31fe3258-8c88-447c-bb2c-0e8fb80bc700 elapsed_us=3467
2026-09-26T21:56:49.256077Z	debug	dynamo_generic_rpc_split	generic gRPC response headers	stage="prefill" request_id=e34a2643-4498-40dd-8f30-a792fe12d300 headers_us=5208
2026-09-26T21:56:49.260592Z	debug	dynamo_generic_rpc_split	generic gRPC unary response	stage="selector" request_id=e34a2643-4498-40dd-8f30-a792fe12d300 elapsed_us=4439
2026-09-26T21:56:49.310159Z	debug	dynamo_generic_rpc_split	generic gRPC response headers	stage="prefill" request_id=a7455e73-880a-4e31-be48-f774b98fc300 headers_us=1552
2026-09-26T21:56:49.312316Z	debug	dynamo_generic_rpc_split	generic gRPC unary response	stage="selector" request_id=a7455e73-880a-4e31-be48-f774b98fc300 elapsed_us=1972
2026-09-26T21:56:49.338025Z	debug	dynamo_generic_rpc_split	generic gRPC response headers	stage="prefill" request_id=f971aca9-a59f-4806-9d0c-72dc4670ae00 headers_us=4662
2026-09-26T21:56:49.341857Z	debug	dynamo_generic_rpc_split	generic gRPC unary response	stage="selector" request_id=f971aca9-a59f-4806-9d0c-72dc4670ae00 elapsed_us=3753
2026-09-26T21:56:49.449169Z	debug	dynamo_generic_rpc_split	generic gRPC response headers	stage="prefill" request_id=85201fbc-0795-4f1e-9ccc-881300501f00 headers_us=1249
2026-09-26T21:56:49.450663Z	debug	dynamo_generic_rpc_split	generic gRPC unary response	stage="selector" request_id=85201fbc-0795-4f1e-9ccc-881300501f00 elapsed_us=1388
2026-09-26T21:56:49.496892Z	debug	dynamo_generic_rpc_split	generic gRPC response headers	stage="prefill" request_id=a5ae5ec2-76d4-454d-9833-3b09ab86c000 headers_us=5157
2026-09-26T21:56:49.501450Z	debug	dynamo_generic_rpc_split	generic gRPC unary response	stage="selector" request_id=a5ae5ec2-76d4-454d-9833-3b09ab86c000 elapsed_us=4473
2026-09-26T21:56:49.575547Z	debug	dynamo_generic_rpc_split	generic gRPC response headers	stage="prefill" request_id=78d819f1-9692-4a31-97c7-177f1f08f800 headers_us=1453
2026-09-26T21:56:49.578637Z	debug	dynamo_generic_rpc_split	generic gRPC unary response	stage="selector" request_id=78d819f1-9692-4a31-97c7-177f1f08f800 elapsed_us=3010
2026-09-26T21:56:49.584716Z	debug	dynamo_generic_rpc_split	generic gRPC response headers	stage="prefill" request_id=299e6cf8-7414-48f8-a8c4-235a3a9ba600 headers_us=3977
2026-09-26T21:56:49.586591Z	debug	dynamo_generic_rpc_split	generic gRPC unary response	stage="selector" request_id=299e6cf8-7414-48f8-a8c4-235a3a9ba600 elapsed_us=1817
2026-09-26T21:56:49.626722Z	debug	dynamo_generic_rpc_split	generic gRPC response headers	stage="prefill" request_id=40362f8a-8b67-44d5-b78d-495f9f859f00 headers_us=3816
2026-09-26T21:56:49.627219Z	debug	dynamo_generic_rpc_split	generic gRPC response headers	stage="prefill" request_id=c65c20b0-ab63-420f-946a-13828d5d4300 headers_us=4994
2026-09-26T21:56:49.629023Z	debug	dynamo_generic_rpc_split	generic gRPC unary response	stage="selector" request_id=40362f8a-8b67-44d5-b78d-495f9f859f00 elapsed_us=2232
2026-09-26T21:56:49.630401Z	debug	dynamo_generic_rpc_split	generic gRPC unary response	stage="selector" request_id=c65c20b0-ab63-420f-946a-13828d5d4300 elapsed_us=3019
2026-09-26T21:56:49.682436Z	debug	dynamo_generic_rpc_split	generic gRPC response headers	stage="prefill" request_id=8f16efea-677d-44b5-8759-c6fb0d26b200 headers_us=3539
2026-09-26T21:56:49.684154Z	debug	dynamo_generic_rpc_split	generic gRPC unary response	stage="selector" request_id=8f16efea-677d-44b5-8759-c6fb0d26b200 elapsed_us=1607
2026-09-26T21:56:49.685982Z	debug	dynamo_generic_rpc_split	generic gRPC response headers	stage="prefill" request_id=23bfd7a5-fbab-4ffb-9932-c15177327d00 headers_us=3210
2026-09-26T21:56:49.689888Z	debug	dynamo_generic_rpc_split	generic gRPC unary response	stage="selector" request_id=23bfd7a5-fbab-4ffb-9932-c15177327d00 elapsed_us=3861
2026-09-26T21:56:49.758148Z	debug	dynamo_generic_rpc_split	generic gRPC response headers	stage="prefill" request_id=98a5ef6f-4358-409a-9c22-b64f1c1a8f00 headers_us=2007
2026-09-26T21:56:49.759652Z	debug	dynamo_generic_rpc_split	generic gRPC unary response	stage="selector" request_id=98a5ef6f-4358-409a-9c22-b64f1c1a8f00 elapsed_us=1354
2026-09-26T21:56:49.765875Z	debug	dynamo_generic_rpc_split	generic gRPC response headers	stage="prefill" request_id=842024ac-f6f2-4609-b413-e17afd2eee00 headers_us=1328
2026-09-26T21:56:49.771985Z	debug	dynamo_generic_rpc_split	generic gRPC unary response	stage="selector" request_id=842024ac-f6f2-4609-b413-e17afd2eee00 elapsed_us=4741
2026-09-26T21:56:49.812051Z	debug	dynamo_generic_rpc_split	generic gRPC response headers	stage="prefill" request_id=7c840ca4-259a-4f27-8fc1-c708146a5000 headers_us=2694
2026-09-26T21:56:49.816650Z	debug	dynamo_generic_rpc_split	generic gRPC unary response	stage="selector" request_id=7c840ca4-259a-4f27-8fc1-c708146a5000 elapsed_us=4496
2026-09-26T21:56:49.833995Z	debug	dynamo_generic_rpc_split	generic gRPC response headers	stage="prefill" request_id=52d4f354-9465-454d-b187-86939e024100 headers_us=3523
2026-09-26T21:56:49.834084Z	debug	dynamo_generic_rpc_split	generic gRPC response headers	stage="prefill" request_id=fbd81574-c963-4b67-a511-bbd733767c00 headers_us=3654
2026-09-26T21:56:49.836445Z	debug	dynamo_generic_rpc_split	generic gRPC unary response	stage="selector" request_id=52d4f354-9465-454d-b187-86939e024100 elapsed_us=2346
2026-09-26T21:56:49.837760Z	debug	dynamo_generic_rpc_split	generic gRPC unary response	stage="selector" request_id=fbd81574-c963-4b67-a511-bbd733767c00 elapsed_us=3482
2026-09-26T21:56:49.852347Z	debug	dynamo_generic_rpc_split	generic gRPC response headers	stage="prefill" request_id=8843924b-45ba-4481-bc1c-e64509ed8600 headers_us=4123
2026-09-26T21:56:49.855213Z	debug	dynamo_generic_rpc_split	generic gRPC unary response	stage="selector" request_id=8843924b-45ba-4481-bc1c-e64509ed8600 elapsed_us=2722
2026-09-26T21:56:49.865015Z	debug	dynamo_generic_rpc_split	generic gRPC response headers	stage="prefill" request_id=e5172edc-6668-44a9-92a7-26d1b1dda800 headers_us=7132
2026-09-26T21:56:49.868248Z	debug	dynamo_generic_rpc_split	generic gRPC unary response	stage="selector" request_id=e5172edc-6668-44a9-92a7-26d1b1dda800 elapsed_us=3124
2026-09-26T21:56:49.881068Z	debug	dynamo_generic_rpc_split	generic gRPC response headers	stage="prefill" request_id=1c430998-57a9-4a47-a3e8-97af5820d100 headers_us=4546
2026-09-26T21:56:49.883337Z	debug	dynamo_generic_rpc_split	generic gRPC unary response	stage="selector" request_id=1c430998-57a9-4a47-a3e8-97af5820d100 elapsed_us=2187
2026-09-26T21:56:49.890357Z	debug	dynamo_generic_rpc_split	generic gRPC response headers	stage="prefill" request_id=c7f85e0a-4ab0-48fe-836e-a2cb68695700 headers_us=3370
2026-09-26T21:56:49.894300Z	debug	dynamo_generic_rpc_split	generic gRPC response headers	stage="prefill" request_id=1f0e3ab8-ff49-42fa-ba9e-e542c4a73000 headers_us=3680
2026-09-26T21:56:49.895127Z	debug	dynamo_generic_rpc_split	generic gRPC unary response	stage="selector" request_id=c7f85e0a-4ab0-48fe-836e-a2cb68695700 elapsed_us=4692
2026-09-26T21:56:49.898485Z	debug	dynamo_generic_rpc_split	generic gRPC response headers	stage="prefill" request_id=66e70289-4ce2-4236-bf4d-b451daa94c00 headers_us=2287
2026-09-26T21:56:49.898566Z	debug	dynamo_generic_rpc_split	generic gRPC unary response	stage="selector" request_id=1f0e3ab8-ff49-42fa-ba9e-e542c4a73000 elapsed_us=4187
2026-09-26T21:56:49.901956Z	debug	dynamo_generic_rpc_split	generic gRPC unary response	stage="selector" request_id=66e70289-4ce2-4236-bf4d-b451daa94c00 elapsed_us=3427
2026-09-26T21:56:49.992275Z	debug	dynamo_generic_rpc_split	generic gRPC response headers	stage="prefill" request_id=3e487455-2cc5-4426-9ccf-55e0c2587d00 headers_us=2703
2026-09-26T21:56:49.994610Z	debug	dynamo_generic_rpc_split	generic gRPC unary response	stage="selector" request_id=3e487455-2cc5-4426-9ccf-55e0c2587d00 elapsed_us=2271
2026-09-26T21:56:50.005632Z	debug	dynamo_generic_rpc_split	generic gRPC response headers	stage="prefill" request_id=e9ec2801-bc2c-4a25-82ad-7b8c27f83a00 headers_us=6299
2026-09-26T21:56:50.009757Z	debug	dynamo_generic_rpc_split	generic gRPC unary response	stage="selector" request_id=e9ec2801-bc2c-4a25-82ad-7b8c27f83a00 elapsed_us=4047
2026-09-26T21:56:50.044274Z	debug	dynamo_generic_rpc_split	generic gRPC response headers	stage="prefill" request_id=53ed9915-786d-4f5f-b3fe-6f542488c600 headers_us=3819
2026-09-26T21:56:50.051355Z	debug	dynamo_generic_rpc_split	generic gRPC unary response	stage="selector" request_id=53ed9915-786d-4f5f-b3fe-6f542488c600 elapsed_us=6116
2026-09-26T21:56:50.058575Z	debug	dynamo_generic_rpc_split	generic gRPC response headers	stage="prefill" request_id=b532bc9f-23f3-4e47-be11-5ad72ad76200 headers_us=5946
2026-09-26T21:56:50.062648Z	debug	dynamo_generic_rpc_split	generic gRPC unary response	stage="selector" request_id=b532bc9f-23f3-4e47-be11-5ad72ad76200 elapsed_us=4002
2026-09-26T21:56:50.102186Z	debug	dynamo_generic_rpc_split	generic gRPC response headers	stage="prefill" request_id=dd5259ba-b811-4764-ba1d-7724a40d3b00 headers_us=2153
2026-09-26T21:56:50.104850Z	debug	dynamo_generic_rpc_split	generic gRPC unary response	stage="selector" request_id=dd5259ba-b811-4764-ba1d-7724a40d3b00 elapsed_us=2590
2026-09-26T21:56:50.138328Z	debug	dynamo_generic_rpc_split	generic gRPC response headers	stage="prefill" request_id=90697ab1-ca02-4e4b-8e53-971270396f00 headers_us=4808
2026-09-26T21:56:50.141402Z	debug	dynamo_generic_rpc_split	generic gRPC unary response	stage="selector" request_id=90697ab1-ca02-4e4b-8e53-971270396f00 elapsed_us=2872
2026-09-26T21:56:50.153971Z	debug	dynamo_generic_rpc_split	generic gRPC response headers	stage="prefill" request_id=694c55d5-45f0-44b5-80c7-c45a891ac400 headers_us=2336
2026-09-26T21:56:50.158804Z	debug	dynamo_generic_rpc_split	generic gRPC unary response	stage="selector" request_id=694c55d5-45f0-44b5-80c7-c45a891ac400 elapsed_us=4704
2026-09-26T21:56:50.178128Z	debug	dynamo_generic_rpc_split	generic gRPC response headers	stage="prefill" request_id=3975aa3b-7906-454d-ab83-4f107f528300 headers_us=2040
2026-09-26T21:56:50.179440Z	debug	dynamo_generic_rpc_split	generic gRPC unary response	stage="selector" request_id=3975aa3b-7906-454d-ab83-4f107f528300 elapsed_us=1210
2026-09-26T21:56:50.188027Z	debug	dynamo_generic_rpc_split	generic gRPC response headers	stage="prefill" request_id=bce19ee2-ab8b-4bc9-8915-b0d3cc914300 headers_us=1923
2026-09-26T21:56:50.189661Z	debug	dynamo_generic_rpc_split	generic gRPC unary response	stage="selector" request_id=bce19ee2-ab8b-4bc9-8915-b0d3cc914300 elapsed_us=1544
2026-09-26T21:56:50.235542Z	debug	dynamo_generic_rpc_split	generic gRPC response headers	stage="prefill" request_id=06eaddbf-9d0a-4c12-85e9-ef416c0c8400 headers_us=1324
2026-09-26T21:56:50.237117Z	debug	dynamo_generic_rpc_split	generic gRPC unary response	stage="selector" request_id=06eaddbf-9d0a-4c12-85e9-ef416c0c8400 elapsed_us=1518
2026-09-26T21:56:50.351758Z	debug	dynamo_generic_rpc_split	generic gRPC response headers	stage="prefill" request_id=6e3566aa-871b-4f74-babe-09d8d2111b00 headers_us=1087
2026-09-26T21:56:50.353497Z	debug	dynamo_generic_rpc_split	generic gRPC unary response	stage="selector" request_id=6e3566aa-871b-4f74-babe-09d8d2111b00 elapsed_us=1619
2026-09-26T21:56:50.388852Z	debug	dynamo_generic_rpc_split	generic gRPC response headers	stage="prefill" request_id=d2115d78-4f79-4055-bc26-de3bd76b0800 headers_us=3956
2026-09-26T21:56:50.392197Z	debug	dynamo_generic_rpc_split	generic gRPC unary response	stage="selector" request_id=d2115d78-4f79-4055-bc26-de3bd76b0800 elapsed_us=3246
2026-09-26T21:56:50.393115Z	debug	dynamo_generic_rpc_split	generic gRPC response headers	stage="prefill" request_id=0448f683-91a8-412a-bb5c-b1943a05d600 headers_us=4583
2026-09-26T21:56:50.397274Z	debug	dynamo_generic_rpc_split	generic gRPC unary response	stage="selector" request_id=0448f683-91a8-412a-bb5c-b1943a05d600 elapsed_us=4013
2026-09-26T21:56:50.398784Z	debug	dynamo_generic_rpc_split	generic gRPC response headers	stage="prefill" request_id=930596cf-ec8b-442f-a814-14d142f03d00 headers_us=3978
2026-09-26T21:56:50.401657Z	debug	dynamo_generic_rpc_split	generic gRPC unary response	stage="selector" request_id=930596cf-ec8b-442f-a814-14d142f03d00 elapsed_us=2782
2026-09-26T21:56:50.410671Z	debug	dynamo_generic_rpc_split	generic gRPC response headers	stage="prefill" request_id=8042a847-47e0-4b8c-ac00-0a6b5d5a9800 headers_us=3434
2026-09-26T21:56:50.413226Z	debug	dynamo_generic_rpc_split	generic gRPC unary response	stage="selector" request_id=8042a847-47e0-4b8c-ac00-0a6b5d5a9800 elapsed_us=2474
2026-09-26T21:56:50.424240Z	debug	dynamo_generic_rpc_split	generic gRPC response headers	stage="prefill" request_id=a5ab91f2-aa1f-46fe-8b37-6c532d15d300 headers_us=2307
2026-09-26T21:56:50.426142Z	debug	dynamo_generic_rpc_split	generic gRPC unary response	stage="selector" request_id=a5ab91f2-aa1f-46fe-8b37-6c532d15d300 elapsed_us=1832
2026-09-26T21:56:50.430026Z	debug	dynamo_generic_rpc_split	generic gRPC response headers	stage="prefill" request_id=8818b9ca-4b4d-46e6-be36-7045774ec900 headers_us=2035
2026-09-26T21:56:50.432341Z	debug	dynamo_generic_rpc_split	generic gRPC unary response	stage="selector" request_id=8818b9ca-4b4d-46e6-be36-7045774ec900 elapsed_us=2254
2026-09-26T21:56:50.438330Z	debug	dynamo_generic_rpc_split	generic gRPC response headers	stage="prefill" request_id=671eb9b9-0ef1-4d38-82a4-8a5ab93a7000 headers_us=3741
2026-09-26T21:56:50.444114Z	debug	dynamo_generic_rpc_split	generic gRPC unary response	stage="selector" request_id=671eb9b9-0ef1-4d38-82a4-8a5ab93a7000 elapsed_us=5707
2026-09-26T21:56:50.445727Z	debug	dynamo_generic_rpc_split	generic gRPC response headers	stage="prefill" request_id=5e67509d-6ce3-46f6-ab5b-cea9724f4500 headers_us=7284
2026-09-26T21:56:50.447250Z	debug	dynamo_generic_rpc_split	generic gRPC response headers	stage="prefill" request_id=60f9cc70-c3f1-43d2-b6cf-6c7729c28100 headers_us=3159
2026-09-26T21:56:50.449819Z	debug	dynamo_generic_rpc_split	generic gRPC unary response	stage="selector" request_id=5e67509d-6ce3-46f6-ab5b-cea9724f4500 elapsed_us=4020
2026-09-26T21:56:50.451896Z	debug	dynamo_generic_rpc_split	generic gRPC unary response	stage="selector" request_id=60f9cc70-c3f1-43d2-b6cf-6c7729c28100 elapsed_us=4537
2026-09-26T21:56:50.454850Z	debug	dynamo_generic_rpc_split	generic gRPC response headers	stage="prefill" request_id=2019791b-deeb-4b23-a5cd-a8334533e900 headers_us=4109
2026-09-26T21:56:50.458222Z	debug	dynamo_generic_rpc_split	generic gRPC unary response	stage="selector" request_id=2019791b-deeb-4b23-a5cd-a8334533e900 elapsed_us=3321
2026-09-26T21:56:50.468362Z	debug	dynamo_generic_rpc_split	generic gRPC response headers	stage="prefill" request_id=80928ebe-ed4d-4f0b-881f-6123a27ed900 headers_us=2775
2026-09-26T21:56:50.471290Z	debug	dynamo_generic_rpc_split	generic gRPC unary response	stage="selector" request_id=80928ebe-ed4d-4f0b-881f-6123a27ed900 elapsed_us=2833
2026-09-26T21:56:50.478234Z	debug	dynamo_generic_rpc_split	generic gRPC response headers	stage="prefill" request_id=37cfcb1f-0c7c-404f-b660-bcc0c6d7f700 headers_us=3897
2026-09-26T21:56:50.479418Z	debug	dynamo_generic_rpc_split	generic gRPC response headers	stage="prefill" request_id=6efbf711-2ebe-4116-8172-a578452ef600 headers_us=2564
2026-09-26T21:56:50.481914Z	debug	dynamo_generic_rpc_split	generic gRPC unary response	stage="selector" request_id=37cfcb1f-0c7c-404f-b660-bcc0c6d7f700 elapsed_us=2678
2026-09-26T21:56:50.482957Z	debug	dynamo_generic_rpc_split	generic gRPC unary response	stage="selector" request_id=6efbf711-2ebe-4116-8172-a578452ef600 elapsed_us=3482
2026-09-26T21:56:50.504370Z	debug	dynamo_generic_rpc_split	generic gRPC response headers	stage="prefill" request_id=53af2cdb-a45c-4a7f-8957-3cd58675db00 headers_us=2595
2026-09-26T21:56:50.508319Z	debug	dynamo_generic_rpc_split	generic gRPC unary response	stage="selector" request_id=53af2cdb-a45c-4a7f-8957-3cd58675db00 elapsed_us=3669
2026-09-26T21:56:50.552297Z	debug	dynamo_generic_rpc_split	generic gRPC response headers	stage="prefill" request_id=80d26cf0-a08f-4cdd-8dce-a8ff9145a800 headers_us=2637
2026-09-26T21:56:50.555437Z	debug	dynamo_generic_rpc_split	generic gRPC unary response	stage="selector" request_id=80d26cf0-a08f-4cdd-8dce-a8ff9145a800 elapsed_us=3052
2026-09-26T21:56:50.572183Z	debug	dynamo_generic_rpc_split	generic gRPC response headers	stage="prefill" request_id=e0d7d651-014d-49df-8471-8e1972d3ef00 headers_us=1017
2026-09-26T21:56:50.573214Z	debug	dynamo_generic_rpc_split	generic gRPC unary response	stage="selector" request_id=e0d7d651-014d-49df-8471-8e1972d3ef00 elapsed_us=945
2026-09-26T21:56:50.584073Z	debug	dynamo_generic_rpc_split	generic gRPC response headers	stage="prefill" request_id=fc0d9488-1ae1-4a01-af83-445642c89100 headers_us=2096
2026-09-26T21:56:50.585947Z	debug	dynamo_generic_rpc_split	generic gRPC unary response	stage="selector" request_id=fc0d9488-1ae1-4a01-af83-445642c89100 elapsed_us=1777
2026-09-26T21:56:50.637517Z	debug	dynamo_generic_rpc_split	generic gRPC response headers	stage="prefill" request_id=f7f0d1d2-04f2-43f3-a71c-fdd895a1d300 headers_us=1967
2026-09-26T21:56:50.640151Z	debug	dynamo_generic_rpc_split	generic gRPC unary response	stage="selector" request_id=f7f0d1d2-04f2-43f3-a71c-fdd895a1d300 elapsed_us=2493
2026-09-26T21:56:50.652731Z	debug	dynamo_generic_rpc_split	generic gRPC response headers	stage="prefill" request_id=a4c06d5d-47d7-44b3-81b8-f57cbc61ea00 headers_us=3318
2026-09-26T21:56:50.655730Z	debug	dynamo_generic_rpc_split	generic gRPC unary response	stage="selector" request_id=a4c06d5d-47d7-44b3-81b8-f57cbc61ea00 elapsed_us=2897
2026-09-26T21:56:50.667775Z	debug	dynamo_generic_rpc_split	generic gRPC response headers	stage="prefill" request_id=5499e08a-7646-435c-a860-0c66a91e9900 headers_us=3048
2026-09-26T21:56:50.671440Z	debug	dynamo_generic_rpc_split	generic gRPC response headers	stage="prefill" request_id=5666fa05-dc79-41fa-8f1d-f9a5479ce400 headers_us=3856
2026-09-26T21:56:50.671849Z	debug	dynamo_generic_rpc_split	generic gRPC unary response	stage="selector" request_id=5499e08a-7646-435c-a860-0c66a91e9900 elapsed_us=3949
2026-09-26T21:56:50.672862Z	debug	dynamo_generic_rpc_split	generic gRPC unary response	stage="selector" request_id=5666fa05-dc79-41fa-8f1d-f9a5479ce400 elapsed_us=1355
2026-09-26T21:56:50.723249Z	debug	dynamo_generic_rpc_split	generic gRPC response headers	stage="prefill" request_id=601e6d29-9469-4544-81d3-39d4f7d56a00 headers_us=2299
2026-09-26T21:56:50.724420Z	debug	dynamo_generic_rpc_split	generic gRPC unary response	stage="selector" request_id=601e6d29-9469-4544-81d3-39d4f7d56a00 elapsed_us=1074
2026-09-26T21:56:50.737606Z	debug	dynamo_generic_rpc_split	generic gRPC response headers	stage="prefill" request_id=7d8078f0-8f4f-469d-aba4-f99e22cf7500 headers_us=2288
2026-09-26T21:56:50.739967Z	debug	dynamo_generic_rpc_split	generic gRPC unary response	stage="selector" request_id=7d8078f0-8f4f-469d-aba4-f99e22cf7500 elapsed_us=1854
2026-09-26T21:56:50.744585Z	debug	dynamo_generic_rpc_split	generic gRPC response headers	stage="prefill" request_id=b51d5a09-77de-43b7-a39c-7c779bb94900 headers_us=1377
2026-09-26T21:56:50.746643Z	debug	dynamo_generic_rpc_split	generic gRPC unary response	stage="selector" request_id=b51d5a09-77de-43b7-a39c-7c779bb94900 elapsed_us=1973
2026-09-26T21:56:50.762406Z	debug	dynamo_generic_rpc_split	generic gRPC response headers	stage="prefill" request_id=725522bc-d976-4b25-b418-43f210e4ad00 headers_us=2283
2026-09-26T21:56:50.763421Z	debug	dynamo_generic_rpc_split	generic gRPC unary response	stage="selector" request_id=725522bc-d976-4b25-b418-43f210e4ad00 elapsed_us=944
2026-09-26T21:56:50.832249Z	debug	dynamo_generic_rpc_split	generic gRPC response headers	stage="prefill" request_id=6d99af49-4a3e-474b-ad4b-db983ea53700 headers_us=3212
2026-09-26T21:56:50.836435Z	debug	dynamo_generic_rpc_split	generic gRPC unary response	stage="selector" request_id=6d99af49-4a3e-474b-ad4b-db983ea53700 elapsed_us=4094
2026-09-26T21:56:50.837851Z	debug	dynamo_generic_rpc_split	generic gRPC response headers	stage="prefill" request_id=c35ae6d0-f59d-43e4-b77a-2badca627500 headers_us=5729
2026-09-26T21:56:50.846559Z	debug	dynamo_generic_rpc_split	generic gRPC unary response	stage="selector" request_id=c35ae6d0-f59d-43e4-b77a-2badca627500 elapsed_us=8639
2026-09-26T21:56:50.847856Z	debug	dynamo_generic_rpc_split	generic gRPC response headers	stage="prefill" request_id=4563c337-46ae-461e-9ee7-003cfd98a100 headers_us=3322
2026-09-26T21:56:50.850031Z	debug	dynamo_generic_rpc_split	generic gRPC unary response	stage="selector" request_id=4563c337-46ae-461e-9ee7-003cfd98a100 elapsed_us=2014
2026-09-26T21:56:50.905848Z	debug	dynamo_generic_rpc_split	generic gRPC response headers	stage="prefill" request_id=8f819464-9656-4bd6-bf52-2bc17704e600 headers_us=2588
2026-09-26T21:56:50.914409Z	debug	dynamo_generic_rpc_split	generic gRPC unary response	stage="selector" request_id=8f819464-9656-4bd6-bf52-2bc17704e600 elapsed_us=8489
2026-09-26T21:56:50.926376Z	debug	dynamo_generic_rpc_split	generic gRPC response headers	stage="prefill" request_id=03ba7fe6-d152-424a-9ebf-8c9b0498bd00 headers_us=2345
2026-09-26T21:56:50.929052Z	debug	dynamo_generic_rpc_split	generic gRPC unary response	stage="selector" request_id=03ba7fe6-d152-424a-9ebf-8c9b0498bd00 elapsed_us=2596
2026-09-26T21:56:50.936212Z	debug	dynamo_generic_rpc_split	generic gRPC response headers	stage="prefill" request_id=593e3464-9b9e-4c14-9f34-4e9086e31700 headers_us=1806
2026-09-26T21:56:50.939350Z	debug	dynamo_generic_rpc_split	generic gRPC unary response	stage="selector" request_id=593e3464-9b9e-4c14-9f34-4e9086e31700 elapsed_us=1733
2026-09-26T21:56:50.941217Z	debug	dynamo_generic_rpc_split	generic gRPC response headers	stage="prefill" request_id=6b500928-1649-4584-8fbc-5d2f408ca800 headers_us=2080
2026-09-26T21:56:50.943658Z	debug	dynamo_generic_rpc_split	generic gRPC unary response	stage="selector" request_id=6b500928-1649-4584-8fbc-5d2f408ca800 elapsed_us=2333
2026-09-26T21:56:50.950376Z	debug	dynamo_generic_rpc_split	generic gRPC response headers	stage="prefill" request_id=b6357690-0805-4fda-a7b0-b167afb91700 headers_us=2140
2026-09-26T21:56:50.953846Z	debug	dynamo_generic_rpc_split	generic gRPC unary response	stage="selector" request_id=b6357690-0805-4fda-a7b0-b167afb91700 elapsed_us=3387
2026-09-26T21:56:50.957266Z	debug	dynamo_generic_rpc_split	generic gRPC response headers	stage="prefill" request_id=656856d8-2404-4801-a19b-39d6477a3d00 headers_us=3188
2026-09-26T21:56:50.961224Z	debug	dynamo_generic_rpc_split	generic gRPC unary response	stage="selector" request_id=656856d8-2404-4801-a19b-39d6477a3d00 elapsed_us=2619
2026-09-26T21:56:50.967768Z	debug	dynamo_generic_rpc_split	generic gRPC response headers	stage="prefill" request_id=e3e9d762-fd4b-4bbe-b0fd-98e7a1f09500 headers_us=4610
2026-09-26T21:56:50.969561Z	debug	dynamo_generic_rpc_split	generic gRPC unary response	stage="selector" request_id=e3e9d762-fd4b-4bbe-b0fd-98e7a1f09500 elapsed_us=1655
2026-09-26T21:56:50.969862Z	debug	dynamo_generic_rpc_split	generic gRPC response headers	stage="prefill" request_id=3591262d-1c10-4e96-8bbb-d3d9a2d22c00 headers_us=4518
2026-09-26T21:56:50.972786Z	debug	dynamo_generic_rpc_split	generic gRPC unary response	stage="selector" request_id=3591262d-1c10-4e96-8bbb-d3d9a2d22c00 elapsed_us=2865
2026-09-26T21:56:50.979076Z	debug	dynamo_generic_rpc_split	generic gRPC response headers	stage="prefill" request_id=8c5aabc7-c870-43ca-9b49-ef7550f66b00 headers_us=1826
2026-09-26T21:56:50.983198Z	debug	dynamo_generic_rpc_split	generic gRPC unary response	stage="selector" request_id=8c5aabc7-c870-43ca-9b49-ef7550f66b00 elapsed_us=4054
2026-09-26T21:56:50.991195Z	debug	dynamo_generic_rpc_split	generic gRPC response headers	stage="prefill" request_id=8be3f9f7-0aab-4333-84fc-bd86a397d100 headers_us=6038
2026-09-26T21:56:50.995656Z	debug	dynamo_generic_rpc_split	generic gRPC unary response	stage="selector" request_id=8be3f9f7-0aab-4333-84fc-bd86a397d100 elapsed_us=3754
2026-09-26T21:56:51.008082Z	debug	dynamo_generic_rpc_split	generic gRPC response headers	stage="prefill" request_id=2bc6a7da-863d-4e91-b947-b109b95f1600 headers_us=3300
2026-09-26T21:56:51.010533Z	debug	dynamo_generic_rpc_split	generic gRPC unary response	stage="selector" request_id=2bc6a7da-863d-4e91-b947-b109b95f1600 elapsed_us=2375
2026-09-26T21:56:51.012154Z	debug	dynamo_generic_rpc_split	generic gRPC response headers	stage="prefill" request_id=4de991de-be0f-4eca-a827-028f0f41dc00 headers_us=2980
2026-09-26T21:56:51.018250Z	debug	dynamo_generic_rpc_split	generic gRPC unary response	stage="selector" request_id=4de991de-be0f-4eca-a827-028f0f41dc00 elapsed_us=5999
2026-09-26T21:56:51.036570Z	debug	dynamo_generic_rpc_split	generic gRPC response headers	stage="prefill" request_id=8616c2f4-e65c-4b02-8709-e0fbef3ad600 headers_us=3805
2026-09-26T21:56:51.040959Z	debug	dynamo_generic_rpc_split	generic gRPC unary response	stage="selector" request_id=8616c2f4-e65c-4b02-8709-e0fbef3ad600 elapsed_us=4323
2026-09-26T21:56:51.057023Z	debug	dynamo_generic_rpc_split	generic gRPC response headers	stage="prefill" request_id=3bceae2b-db5f-4c34-b3d0-ce9a72db9c00 headers_us=3972
2026-09-26T21:56:51.061804Z	debug	dynamo_generic_rpc_split	generic gRPC unary response	stage="selector" request_id=3bceae2b-db5f-4c34-b3d0-ce9a72db9c00 elapsed_us=4655
2026-09-26T21:56:51.077124Z	debug	dynamo_generic_rpc_split	generic gRPC response headers	stage="prefill" request_id=c258774a-e468-4835-b583-127eec157900 headers_us=3476
2026-09-26T21:56:51.079756Z	debug	dynamo_generic_rpc_split	generic gRPC unary response	stage="selector" request_id=c258774a-e468-4835-b583-127eec157900 elapsed_us=2510
2026-09-26T21:56:51.080571Z	debug	dynamo_generic_rpc_split	generic gRPC response headers	stage="prefill" request_id=5a39fa6a-0091-40f3-97b0-6f223a064400 headers_us=6463
2026-09-26T21:56:51.085896Z	debug	dynamo_generic_rpc_split	generic gRPC unary response	stage="selector" request_id=5a39fa6a-0091-40f3-97b0-6f223a064400 elapsed_us=5272
2026-09-26T21:56:51.091638Z	debug	dynamo_generic_rpc_split	generic gRPC response headers	stage="prefill" request_id=06fc0d34-0ff6-41c8-8e3d-2f70b0c2ec00 headers_us=3767
2026-09-26T21:56:51.094294Z	debug	dynamo_generic_rpc_split	generic gRPC response headers	stage="prefill" request_id=10d37a66-f172-4722-a627-24001fbc6800 headers_us=3396
2026-09-26T21:56:51.095015Z	debug	dynamo_generic_rpc_split	generic gRPC unary response	stage="selector" request_id=06fc0d34-0ff6-41c8-8e3d-2f70b0c2ec00 elapsed_us=3298
2026-09-26T21:56:51.098099Z	debug	dynamo_generic_rpc_split	generic gRPC unary response	stage="selector" request_id=10d37a66-f172-4722-a627-24001fbc6800 elapsed_us=3696
2026-09-26T21:56:51.156010Z	debug	dynamo_generic_rpc_split	generic gRPC response headers	stage="prefill" request_id=51ec4cac-5ffe-4643-8eee-36db4cbe6200 headers_us=2859
2026-09-26T21:56:51.161337Z	debug	dynamo_generic_rpc_split	generic gRPC unary response	stage="selector" request_id=51ec4cac-5ffe-4643-8eee-36db4cbe6200 elapsed_us=5204
2026-09-26T21:56:51.174776Z	debug	dynamo_generic_rpc_split	generic gRPC response headers	stage="prefill" request_id=c7f368ab-e562-4f49-8d85-011400dc1e00 headers_us=2407
2026-09-26T21:56:51.176974Z	debug	dynamo_generic_rpc_split	generic gRPC unary response	stage="selector" request_id=c7f368ab-e562-4f49-8d85-011400dc1e00 elapsed_us=1904
2026-09-26T21:56:51.179199Z	debug	dynamo_generic_rpc_split	generic gRPC response headers	stage="prefill" request_id=5445cd39-c2ad-4e5a-ace7-5890138f7f00 headers_us=3875
2026-09-26T21:56:51.181561Z	debug	dynamo_generic_rpc_split	generic gRPC unary response	stage="selector" request_id=5445cd39-c2ad-4e5a-ace7-5890138f7f00 elapsed_us=2298
2026-09-26T21:56:51.229257Z	debug	dynamo_generic_rpc_split	generic gRPC response headers	stage="prefill" request_id=f1f64081-8ac6-489b-8dc7-28d2997c3800 headers_us=3230
2026-09-26T21:56:51.232624Z	debug	dynamo_generic_rpc_split	generic gRPC unary response	stage="selector" request_id=f1f64081-8ac6-489b-8dc7-28d2997c3800 elapsed_us=3261
2026-09-26T21:56:51.252383Z	debug	dynamo_generic_rpc_split	generic gRPC response headers	stage="prefill" request_id=c42b699b-d6fe-44e5-bbd7-5f14555cee00 headers_us=6706
2026-09-26T21:56:51.256688Z	debug	dynamo_generic_rpc_split	generic gRPC unary response	stage="selector" request_id=c42b699b-d6fe-44e5-bbd7-5f14555cee00 elapsed_us=4228
2026-09-26T21:56:51.267830Z	debug	dynamo_generic_rpc_split	generic gRPC response headers	stage="prefill" request_id=25593ca0-1607-4dec-a457-4b4191f08e00 headers_us=2558
2026-09-26T21:56:51.271202Z	debug	dynamo_generic_rpc_split	generic gRPC unary response	stage="selector" request_id=25593ca0-1607-4dec-a457-4b4191f08e00 elapsed_us=3232
2026-09-26T21:56:51.283270Z	debug	dynamo_generic_rpc_split	generic gRPC response headers	stage="prefill" request_id=f00f8a89-df9f-4a02-9a07-43d3ccae7200 headers_us=2028
2026-09-26T21:56:51.284383Z	debug	dynamo_generic_rpc_split	generic gRPC unary response	stage="selector" request_id=f00f8a89-df9f-4a02-9a07-43d3ccae7200 elapsed_us=1036
2026-09-26T21:56:51.299294Z	debug	dynamo_generic_rpc_split	generic gRPC response headers	stage="prefill" request_id=47b4fcaa-610d-4776-8004-66a52962be00 headers_us=2905
2026-09-26T21:56:51.300202Z	debug	dynamo_generic_rpc_split	generic gRPC unary response	stage="selector" request_id=47b4fcaa-610d-4776-8004-66a52962be00 elapsed_us=836
2026-09-26T21:56:51.304282Z	debug	dynamo_generic_rpc_split	generic gRPC response headers	stage="prefill" request_id=d8d7ea9b-e217-47a1-bf40-11e8d3e4be00 headers_us=2375
2026-09-26T21:56:51.306100Z	debug	dynamo_generic_rpc_split	generic gRPC unary response	stage="selector" request_id=d8d7ea9b-e217-47a1-bf40-11e8d3e4be00 elapsed_us=1730
2026-09-26T21:56:51.357232Z	debug	dynamo_generic_rpc_split	generic gRPC response headers	stage="prefill" request_id=a1262cac-86ef-4029-9336-2f9446f2da00 headers_us=4675
2026-09-26T21:56:51.363233Z	debug	dynamo_generic_rpc_split	generic gRPC unary response	stage="selector" request_id=a1262cac-86ef-4029-9336-2f9446f2da00 elapsed_us=5919
2026-09-26T21:56:51.395485Z	debug	dynamo_generic_rpc_split	generic gRPC response headers	stage="prefill" request_id=0e660cac-e383-4977-9c9a-974440a86500 headers_us=2531
2026-09-26T21:56:51.396064Z	debug	dynamo_generic_rpc_split	generic gRPC response headers	stage="prefill" request_id=169729de-debf-4732-be8c-46eb41afe500 headers_us=1753
2026-09-26T21:56:51.398217Z	debug	dynamo_generic_rpc_split	generic gRPC unary response	stage="selector" request_id=169729de-debf-4732-be8c-46eb41afe500 elapsed_us=1960
2026-09-26T21:56:51.398714Z	debug	dynamo_generic_rpc_split	generic gRPC response headers	stage="prefill" request_id=ebd7a3e8-59d8-4f96-88e8-9946ca480000 headers_us=1654
2026-09-26T21:56:51.399446Z	debug	dynamo_generic_rpc_split	generic gRPC unary response	stage="selector" request_id=0e660cac-e383-4977-9c9a-974440a86500 elapsed_us=3689
2026-09-26T21:56:51.401570Z	debug	dynamo_generic_rpc_split	generic gRPC unary response	stage="selector" request_id=ebd7a3e8-59d8-4f96-88e8-9946ca480000 elapsed_us=2682
2026-09-26T21:56:51.408248Z	debug	dynamo_generic_rpc_split	generic gRPC response headers	stage="prefill" request_id=7a643784-9bb3-469d-b118-0c8ed739d100 headers_us=4834
2026-09-26T21:56:51.411073Z	debug	dynamo_generic_rpc_split	generic gRPC unary response	stage="selector" request_id=7a643784-9bb3-469d-b118-0c8ed739d100 elapsed_us=2740
2026-09-26T21:56:51.427186Z	debug	dynamo_generic_rpc_split	generic gRPC response headers	stage="prefill" request_id=250e4d10-79cb-4121-8e9f-2f2ac3a36600 headers_us=2349
2026-09-26T21:56:51.429822Z	debug	dynamo_generic_rpc_split	generic gRPC unary response	stage="selector" request_id=250e4d10-79cb-4121-8e9f-2f2ac3a36600 elapsed_us=2495
2026-09-26T21:56:51.456903Z	debug	dynamo_generic_rpc_split	generic gRPC response headers	stage="prefill" request_id=0deda248-3e8f-40a1-af72-ceca25f2cb00 headers_us=2368
2026-09-26T21:56:51.460196Z	debug	dynamo_generic_rpc_split	generic gRPC unary response	stage="selector" request_id=0deda248-3e8f-40a1-af72-ceca25f2cb00 elapsed_us=3197
2026-09-26T21:56:51.468546Z	debug	dynamo_generic_rpc_split	generic gRPC response headers	stage="prefill" request_id=1e50d06f-97f7-45cd-8619-8ddb1cde5b00 headers_us=3776
2026-09-26T21:56:51.475535Z	debug	dynamo_generic_rpc_split	generic gRPC unary response	stage="selector" request_id=1e50d06f-97f7-45cd-8619-8ddb1cde5b00 elapsed_us=6815
2026-09-26T21:56:51.562252Z	debug	dynamo_generic_rpc_split	generic gRPC response headers	stage="prefill" request_id=5f4734a8-a7ce-4641-b6aa-184eb9a9f000 headers_us=2961
2026-09-26T21:56:51.567024Z	debug	dynamo_generic_rpc_split	generic gRPC unary response	stage="selector" request_id=5f4734a8-a7ce-4641-b6aa-184eb9a9f000 elapsed_us=4678
2026-09-26T21:56:51.596751Z	debug	dynamo_generic_rpc_split	generic gRPC response headers	stage="prefill" request_id=41aa4bc9-c5d8-4612-ae81-5d0a7af56400 headers_us=2407
2026-09-26T21:56:51.600517Z	debug	dynamo_generic_rpc_split	generic gRPC unary response	stage="selector" request_id=41aa4bc9-c5d8-4612-ae81-5d0a7af56400 elapsed_us=3692
2026-09-26T21:56:51.604499Z	debug	dynamo_generic_rpc_split	generic gRPC response headers	stage="prefill" request_id=914e1bb7-ac8a-43da-89e9-a0956626d900 headers_us=3593
2026-09-26T21:56:51.607589Z	debug	dynamo_generic_rpc_split	generic gRPC unary response	stage="selector" request_id=914e1bb7-ac8a-43da-89e9-a0956626d900 elapsed_us=2962
2026-09-26T21:56:51.633001Z	debug	dynamo_generic_rpc_split	generic gRPC response headers	stage="prefill" request_id=b88aca4f-4525-4eaf-8fd0-38e3c35c3f00 headers_us=2612
2026-09-26T21:56:51.636711Z	debug	dynamo_generic_rpc_split	generic gRPC unary response	stage="selector" request_id=b88aca4f-4525-4eaf-8fd0-38e3c35c3f00 elapsed_us=3604
2026-09-26T21:56:51.661767Z	debug	dynamo_generic_rpc_split	generic gRPC response headers	stage="prefill" request_id=cd2bb739-f129-431c-bb0b-c98951cc8a00 headers_us=1552
2026-09-26T21:56:51.663730Z	debug	dynamo_generic_rpc_split	generic gRPC unary response	stage="selector" request_id=cd2bb739-f129-431c-bb0b-c98951cc8a00 elapsed_us=1865
2026-09-26T21:56:51.673129Z	debug	dynamo_generic_rpc_split	generic gRPC response headers	stage="prefill" request_id=df25e6ac-17c7-4ed3-b2fb-18e694e10c00 headers_us=2046
2026-09-26T21:56:51.677596Z	debug	dynamo_generic_rpc_split	generic gRPC unary response	stage="selector" request_id=df25e6ac-17c7-4ed3-b2fb-18e694e10c00 elapsed_us=4370
2026-09-26T21:56:51.684451Z	debug	dynamo_generic_rpc_split	generic gRPC response headers	stage="prefill" request_id=e07f8a6c-be01-4b4a-916a-710e241ee400 headers_us=5819
2026-09-26T21:56:51.690926Z	debug	dynamo_generic_rpc_split	generic gRPC unary response	stage="selector" request_id=e07f8a6c-be01-4b4a-916a-710e241ee400 elapsed_us=6401
2026-09-26T21:56:51.756583Z	debug	dynamo_generic_rpc_split	generic gRPC response headers	stage="prefill" request_id=ecc99947-6c41-442f-a1db-6fd7dc45c400 headers_us=2427
2026-09-26T21:56:51.761577Z	debug	dynamo_generic_rpc_split	generic gRPC unary response	stage="selector" request_id=ecc99947-6c41-442f-a1db-6fd7dc45c400 elapsed_us=4909
2026-09-26T21:56:51.783626Z	debug	dynamo_generic_rpc_split	generic gRPC response headers	stage="prefill" request_id=156ca713-f63d-4b06-9aa7-51dc7c219600 headers_us=2728
2026-09-26T21:56:51.787467Z	debug	dynamo_generic_rpc_split	generic gRPC unary response	stage="selector" request_id=156ca713-f63d-4b06-9aa7-51dc7c219600 elapsed_us=3668
2026-09-26T21:56:51.838976Z	debug	dynamo_generic_rpc_split	generic gRPC response headers	stage="prefill" request_id=6ef3c06e-95b8-4b8e-ac1f-a3560ae6f500 headers_us=3295
2026-09-26T21:56:51.843674Z	debug	dynamo_generic_rpc_split	generic gRPC unary response	stage="selector" request_id=6ef3c06e-95b8-4b8e-ac1f-a3560ae6f500 elapsed_us=4625
2026-09-26T21:56:51.924191Z	debug	dynamo_generic_rpc_split	generic gRPC response headers	stage="prefill" request_id=6832cacb-3ec1-4dfe-91ec-c33a255a7100 headers_us=5113
2026-09-26T21:56:51.928127Z	debug	dynamo_generic_rpc_split	generic gRPC unary response	stage="selector" request_id=6832cacb-3ec1-4dfe-91ec-c33a255a7100 elapsed_us=3720
2026-09-26T21:56:52.035429Z	debug	dynamo_generic_rpc_split	generic gRPC response headers	stage="prefill" request_id=244d9c11-ac4b-45f8-8344-5f7da1507000 headers_us=2241
2026-09-26T21:56:52.037271Z	debug	dynamo_generic_rpc_split	generic gRPC response headers	stage="prefill" request_id=8169fedb-f546-4e74-ab13-73f8397b9400 headers_us=3030
2026-09-26T21:56:52.038884Z	debug	dynamo_generic_rpc_split	generic gRPC unary response	stage="selector" request_id=244d9c11-ac4b-45f8-8344-5f7da1507000 elapsed_us=3225
2026-09-26T21:56:52.041271Z	debug	dynamo_generic_rpc_split	generic gRPC unary response	stage="selector" request_id=8169fedb-f546-4e74-ab13-73f8397b9400 elapsed_us=3905
2026-09-26T21:56:52.082454Z	debug	dynamo_generic_rpc_split	generic gRPC response headers	stage="prefill" request_id=547f40a3-422e-44f1-ba48-ca20247a2e00 headers_us=2477
2026-09-26T21:56:52.085226Z	debug	dynamo_generic_rpc_split	generic gRPC unary response	stage="selector" request_id=547f40a3-422e-44f1-ba48-ca20247a2e00 elapsed_us=2631
2026-09-26T21:56:52.105745Z	debug	dynamo_generic_rpc_split	generic gRPC response headers	stage="prefill" request_id=1227035d-8fdd-424b-8d08-998286f87700 headers_us=2674
2026-09-26T21:56:52.108323Z	debug	dynamo_generic_rpc_split	generic gRPC unary response	stage="selector" request_id=1227035d-8fdd-424b-8d08-998286f87700 elapsed_us=2012
2026-09-26T21:56:52.134892Z	debug	dynamo_generic_rpc_split	generic gRPC response headers	stage="prefill" request_id=a41ea037-e309-4641-8039-81acf2b36700 headers_us=3063
2026-09-26T21:56:52.137709Z	debug	dynamo_generic_rpc_split	generic gRPC unary response	stage="selector" request_id=a41ea037-e309-4641-8039-81acf2b36700 elapsed_us=2739
2026-09-26T21:56:52.148357Z	debug	dynamo_generic_rpc_split	generic gRPC response headers	stage="prefill" request_id=fda91092-442e-411b-86ae-653e17779200 headers_us=2041
2026-09-26T21:56:52.151096Z	debug	dynamo_generic_rpc_split	generic gRPC unary response	stage="selector" request_id=fda91092-442e-411b-86ae-653e17779200 elapsed_us=2416
2026-09-26T21:56:52.165899Z	debug	dynamo_generic_rpc_split	generic gRPC response headers	stage="prefill" request_id=211cf2ea-5ed9-4b88-9146-483b50b67500 headers_us=7798
2026-09-26T21:56:52.167992Z	debug	dynamo_generic_rpc_split	generic gRPC unary response	stage="selector" request_id=211cf2ea-5ed9-4b88-9146-483b50b67500 elapsed_us=1979
2026-09-26T21:56:52.169106Z	debug	dynamo_generic_rpc_split	generic gRPC response headers	stage="prefill" request_id=613f1db5-a521-4434-9ecf-4932f72a6c00 headers_us=3865
2026-09-26T21:56:52.173613Z	debug	dynamo_generic_rpc_split	generic gRPC unary response	stage="selector" request_id=613f1db5-a521-4434-9ecf-4932f72a6c00 elapsed_us=4454
2026-09-26T21:56:52.176483Z	debug	dynamo_generic_rpc_split	generic gRPC response headers	stage="prefill" request_id=60cea15f-0581-4edd-80c3-cc994583ee00 headers_us=4583
2026-09-26T21:56:52.178234Z	debug	dynamo_generic_rpc_split	generic gRPC unary response	stage="selector" request_id=60cea15f-0581-4edd-80c3-cc994583ee00 elapsed_us=1627
2026-09-26T21:56:52.230786Z	debug	dynamo_generic_rpc_split	generic gRPC response headers	stage="prefill" request_id=f200f439-3e86-4f27-b1a0-971f95ba9900 headers_us=3210
2026-09-26T21:56:52.233638Z	debug	dynamo_generic_rpc_split	generic gRPC unary response	stage="selector" request_id=f200f439-3e86-4f27-b1a0-971f95ba9900 elapsed_us=2740
2026-09-26T21:56:52.247247Z	debug	dynamo_generic_rpc_split	generic gRPC response headers	stage="prefill" request_id=711596f1-a1b0-4e54-b115-cfee9dd96300 headers_us=4409
2026-09-26T21:56:52.252512Z	debug	dynamo_generic_rpc_split	generic gRPC unary response	stage="selector" request_id=711596f1-a1b0-4e54-b115-cfee9dd96300 elapsed_us=5195
2026-09-26T21:56:52.256197Z	debug	dynamo_generic_rpc_split	generic gRPC response headers	stage="prefill" request_id=45f77a14-b147-4c7e-82a2-443e685d1d00 headers_us=4488
2026-09-26T21:56:52.259005Z	debug	dynamo_generic_rpc_split	generic gRPC unary response	stage="selector" request_id=45f77a14-b147-4c7e-82a2-443e685d1d00 elapsed_us=2708
2026-09-26T21:56:52.277786Z	debug	dynamo_generic_rpc_split	generic gRPC response headers	stage="prefill" request_id=85cbbfab-bc8e-49dc-88fc-83b83a922700 headers_us=2177
2026-09-26T21:56:52.281662Z	debug	dynamo_generic_rpc_split	generic gRPC unary response	stage="selector" request_id=85cbbfab-bc8e-49dc-88fc-83b83a922700 elapsed_us=3809
2026-09-26T21:56:52.320147Z	debug	dynamo_generic_rpc_split	generic gRPC response headers	stage="prefill" request_id=df5c29db-40c6-409c-b73a-5413a060d500 headers_us=2823
2026-09-26T21:56:52.322556Z	debug	dynamo_generic_rpc_split	generic gRPC unary response	stage="selector" request_id=df5c29db-40c6-409c-b73a-5413a060d500 elapsed_us=2331
2026-09-26T21:56:52.322649Z	debug	dynamo_generic_rpc_split	generic gRPC response headers	stage="prefill" request_id=30dcba4d-b957-4232-8954-6975f3e6b600 headers_us=4382
2026-09-26T21:56:52.324942Z	debug	dynamo_generic_rpc_split	generic gRPC unary response	stage="selector" request_id=30dcba4d-b957-4232-8954-6975f3e6b600 elapsed_us=2162
2026-09-26T21:56:52.373453Z	debug	dynamo_generic_rpc_split	generic gRPC response headers	stage="prefill" request_id=1562538c-65b2-4712-99aa-5f15af5bb500 headers_us=6040
2026-09-26T21:56:52.377265Z	debug	dynamo_generic_rpc_split	generic gRPC unary response	stage="selector" request_id=1562538c-65b2-4712-99aa-5f15af5bb500 elapsed_us=3694
2026-09-26T21:56:52.437338Z	debug	dynamo_generic_rpc_split	generic gRPC response headers	stage="prefill" request_id=1c612f74-cf88-47e6-a1a3-878778fad800 headers_us=3762
2026-09-26T21:56:52.441422Z	debug	dynamo_generic_rpc_split	generic gRPC unary response	stage="selector" request_id=1c612f74-cf88-47e6-a1a3-878778fad800 elapsed_us=3977
2026-09-26T21:56:52.442082Z	debug	dynamo_generic_rpc_split	generic gRPC response headers	stage="prefill" request_id=a990133c-cf24-4834-ad61-b1f44fe43a00 headers_us=5787
2026-09-26T21:56:52.442462Z	debug	dynamo_generic_rpc_split	generic gRPC response headers	stage="prefill" request_id=840802bb-81ce-49e2-80b2-cd736812ea00 headers_us=5715
2026-09-26T21:56:52.445257Z	debug	dynamo_generic_rpc_split	generic gRPC unary response	stage="selector" request_id=840802bb-81ce-49e2-80b2-cd736812ea00 elapsed_us=2691
2026-09-26T21:56:52.446588Z	debug	dynamo_generic_rpc_split	generic gRPC unary response	stage="selector" request_id=a990133c-cf24-4834-ad61-b1f44fe43a00 elapsed_us=4400
2026-09-26T21:56:52.452184Z	debug	dynamo_generic_rpc_split	generic gRPC response headers	stage="prefill" request_id=46749847-46ae-4ecf-8d82-846c12d3b200 headers_us=1931
2026-09-26T21:56:52.455360Z	debug	dynamo_generic_rpc_split	generic gRPC unary response	stage="selector" request_id=46749847-46ae-4ecf-8d82-846c12d3b200 elapsed_us=2896
2026-09-26T21:56:52.464863Z	debug	dynamo_generic_rpc_split	generic gRPC response headers	stage="prefill" request_id=e4d33448-fdd1-4aa8-b468-ab1fce2d3100 headers_us=3275
2026-09-26T21:56:52.466800Z	debug	dynamo_generic_rpc_split	generic gRPC unary response	stage="selector" request_id=e4d33448-fdd1-4aa8-b468-ab1fce2d3100 elapsed_us=1537
2026-09-26T21:56:52.467414Z	debug	dynamo_generic_rpc_split	generic gRPC response headers	stage="prefill" request_id=5e906a27-de9b-4e39-89af-bedf42b1c200 headers_us=2977
2026-09-26T21:56:52.471143Z	debug	dynamo_generic_rpc_split	generic gRPC unary response	stage="selector" request_id=5e906a27-de9b-4e39-89af-bedf42b1c200 elapsed_us=3666
2026-09-26T21:56:52.492255Z	debug	dynamo_generic_rpc_split	generic gRPC response headers	stage="prefill" request_id=67464b01-139a-4317-9850-af04cf7f0900 headers_us=4812
2026-09-26T21:56:52.495782Z	debug	dynamo_generic_rpc_split	generic gRPC unary response	stage="selector" request_id=67464b01-139a-4317-9850-af04cf7f0900 elapsed_us=3424
2026-09-26T21:56:52.553713Z	debug	dynamo_generic_rpc_split	generic gRPC response headers	stage="prefill" request_id=ac1470cb-185f-428f-8825-ba8f37fcc200 headers_us=2968
2026-09-26T21:56:52.555803Z	debug	dynamo_generic_rpc_split	generic gRPC unary response	stage="selector" request_id=ac1470cb-185f-428f-8825-ba8f37fcc200 elapsed_us=2023
2026-09-26T21:56:52.561762Z	debug	dynamo_generic_rpc_split	generic gRPC response headers	stage="prefill" request_id=13048bf5-dea7-42b8-8a6a-4807bfc5d300 headers_us=1533
2026-09-26T21:56:52.565263Z	debug	dynamo_generic_rpc_split	generic gRPC unary response	stage="selector" request_id=13048bf5-dea7-42b8-8a6a-4807bfc5d300 elapsed_us=1732
2026-09-26T21:56:52.572836Z	debug	dynamo_generic_rpc_split	generic gRPC response headers	stage="prefill" request_id=36765e2a-c037-4b19-aa01-286aa08db800 headers_us=2461
2026-09-26T21:56:52.575076Z	debug	dynamo_generic_rpc_split	generic gRPC unary response	stage="selector" request_id=36765e2a-c037-4b19-aa01-286aa08db800 elapsed_us=2113
2026-09-26T21:56:52.578736Z	debug	dynamo_generic_rpc_split	generic gRPC response headers	stage="prefill" request_id=3f66a3f3-3afb-47b5-a974-942068d97400 headers_us=1647
2026-09-26T21:56:52.580726Z	debug	dynamo_generic_rpc_split	generic gRPC unary response	stage="selector" request_id=3f66a3f3-3afb-47b5-a974-942068d97400 elapsed_us=1818
2026-09-26T21:56:52.622692Z	debug	dynamo_generic_rpc_split	generic gRPC response headers	stage="prefill" request_id=6f014cf3-d6b2-4bf7-b945-95a801b1ce00 headers_us=1896
2026-09-26T21:56:52.624527Z	debug	dynamo_generic_rpc_split	generic gRPC unary response	stage="selector" request_id=6f014cf3-d6b2-4bf7-b945-95a801b1ce00 elapsed_us=1733
2026-09-26T21:56:52.643746Z	debug	dynamo_generic_rpc_split	generic gRPC response headers	stage="prefill" request_id=eabe2028-8e39-4533-9681-6b339dcca600 headers_us=3908
2026-09-26T21:56:52.647621Z	debug	dynamo_generic_rpc_split	generic gRPC unary response	stage="selector" request_id=eabe2028-8e39-4533-9681-6b339dcca600 elapsed_us=3722
2026-09-26T21:56:52.658039Z	debug	dynamo_generic_rpc_split	generic gRPC response headers	stage="prefill" request_id=ce7e9984-23da-4b2b-b224-55393b2adf00 headers_us=5757
2026-09-26T21:56:52.661888Z	debug	dynamo_generic_rpc_split	generic gRPC unary response	stage="selector" request_id=ce7e9984-23da-4b2b-b224-55393b2adf00 elapsed_us=3787
2026-09-26T21:56:52.692096Z	debug	dynamo_generic_rpc_split	generic gRPC response headers	stage="prefill" request_id=09df5caa-c637-4c96-971d-68c5c0029500 headers_us=4138
2026-09-26T21:56:52.693119Z	debug	dynamo_generic_rpc_split	generic gRPC unary response	stage="selector" request_id=09df5caa-c637-4c96-971d-68c5c0029500 elapsed_us=952
2026-09-26T21:56:52.742729Z	debug	dynamo_generic_rpc_split	generic gRPC response headers	stage="prefill" request_id=7ae826cc-5e0a-4607-85da-dfd82adb1f00 headers_us=9834
2026-09-26T21:56:52.744996Z	debug	dynamo_generic_rpc_split	generic gRPC response headers	stage="prefill" request_id=dde7ef0b-fd8c-489a-8e9e-8921f62ffe00 headers_us=2782
2026-09-26T21:56:52.745378Z	debug	dynamo_generic_rpc_split	generic gRPC unary response	stage="selector" request_id=7ae826cc-5e0a-4607-85da-dfd82adb1f00 elapsed_us=2522
2026-09-26T21:56:52.750920Z	debug	dynamo_generic_rpc_split	generic gRPC unary response	stage="selector" request_id=dde7ef0b-fd8c-489a-8e9e-8921f62ffe00 elapsed_us=5841
2026-09-26T21:56:52.764337Z	debug	dynamo_generic_rpc_split	generic gRPC response headers	stage="prefill" request_id=5d76092a-7977-4f54-a4b0-5382ce22aa00 headers_us=3525
2026-09-26T21:56:52.769322Z	debug	dynamo_generic_rpc_split	generic gRPC unary response	stage="selector" request_id=5d76092a-7977-4f54-a4b0-5382ce22aa00 elapsed_us=4868
2026-09-26T21:56:52.838728Z	debug	dynamo_generic_rpc_split	generic gRPC response headers	stage="prefill" request_id=26ca7840-73c3-4639-b81f-246fa2451200 headers_us=4049
2026-09-26T21:56:52.839917Z	debug	dynamo_generic_rpc_split	generic gRPC response headers	stage="prefill" request_id=9cab29d6-f304-4a5f-b271-26a023e5ad00 headers_us=5253
2026-09-26T21:56:52.841291Z	debug	dynamo_generic_rpc_split	generic gRPC unary response	stage="selector" request_id=26ca7840-73c3-4639-b81f-246fa2451200 elapsed_us=2497
2026-09-26T21:56:52.843612Z	debug	dynamo_generic_rpc_split	generic gRPC unary response	stage="selector" request_id=9cab29d6-f304-4a5f-b271-26a023e5ad00 elapsed_us=3593
2026-09-26T21:56:52.882548Z	debug	dynamo_generic_rpc_split	generic gRPC response headers	stage="prefill" request_id=ea47d6bc-0799-4350-98c7-5616e2a81900 headers_us=1740
2026-09-26T21:56:52.885829Z	debug	dynamo_generic_rpc_split	generic gRPC unary response	stage="selector" request_id=ea47d6bc-0799-4350-98c7-5616e2a81900 elapsed_us=3195
2026-09-26T21:56:52.891416Z	debug	dynamo_generic_rpc_split	generic gRPC response headers	stage="prefill" request_id=7d097ddc-07bc-4ebf-81da-595ebbb3d000 headers_us=2856
2026-09-26T21:56:52.893488Z	debug	dynamo_generic_rpc_split	generic gRPC unary response	stage="selector" request_id=7d097ddc-07bc-4ebf-81da-595ebbb3d000 elapsed_us=1856
2026-09-26T21:56:52.906331Z	debug	dynamo_generic_rpc_split	generic gRPC response headers	stage="prefill" request_id=8782a24f-8c28-46ab-be8c-4279cbc4d800 headers_us=2502
2026-09-26T21:56:52.908657Z	debug	dynamo_generic_rpc_split	generic gRPC unary response	stage="selector" request_id=8782a24f-8c28-46ab-be8c-4279cbc4d800 elapsed_us=2205
2026-09-26T21:56:52.912110Z	debug	dynamo_generic_rpc_split	generic gRPC response headers	stage="prefill" request_id=83c1e2a3-a6ae-4401-850c-437160f6d800 headers_us=2166
2026-09-26T21:56:52.912341Z	debug	dynamo_generic_rpc_split	generic gRPC response headers	stage="prefill" request_id=5823197d-104a-4181-861d-12bee8908300 headers_us=1750
2026-09-26T21:56:52.914699Z	debug	dynamo_generic_rpc_split	generic gRPC unary response	stage="selector" request_id=83c1e2a3-a6ae-4401-850c-437160f6d800 elapsed_us=2516
2026-09-26T21:56:52.919510Z	debug	dynamo_generic_rpc_split	generic gRPC unary response	stage="selector" request_id=5823197d-104a-4181-861d-12bee8908300 elapsed_us=7061
2026-09-26T21:56:52.971112Z	debug	dynamo_generic_rpc_split	generic gRPC response headers	stage="prefill" request_id=7b9f4f57-c47b-49d1-ac54-2992c78b1b00 headers_us=5058
2026-09-26T21:56:52.973387Z	debug	dynamo_generic_rpc_split	generic gRPC unary response	stage="selector" request_id=7b9f4f57-c47b-49d1-ac54-2992c78b1b00 elapsed_us=2165
2026-09-26T21:56:52.993359Z	debug	dynamo_generic_rpc_split	generic gRPC response headers	stage="prefill" request_id=0dbdce95-d919-49ed-9edc-f34f800b0d00 headers_us=4987
2026-09-26T21:56:52.997356Z	debug	dynamo_generic_rpc_split	generic gRPC unary response	stage="selector" request_id=0dbdce95-d919-49ed-9edc-f34f800b0d00 elapsed_us=3895
2026-09-26T21:56:53.009214Z	debug	dynamo_generic_rpc_split	generic gRPC response headers	stage="prefill" request_id=1f47f28c-3d6f-49f7-9dda-4d7fd6845f00 headers_us=3305
2026-09-26T21:56:53.012133Z	debug	dynamo_generic_rpc_split	generic gRPC unary response	stage="selector" request_id=1f47f28c-3d6f-49f7-9dda-4d7fd6845f00 elapsed_us=2867
2026-09-26T21:56:53.022650Z	debug	dynamo_generic_rpc_split	generic gRPC response headers	stage="prefill" request_id=e3be6edf-a3ca-45df-8c0f-940d5e3f4d00 headers_us=1274
2026-09-26T21:56:53.024490Z	debug	dynamo_generic_rpc_split	generic gRPC unary response	stage="selector" request_id=e3be6edf-a3ca-45df-8c0f-940d5e3f4d00 elapsed_us=1746
2026-09-26T21:56:53.043882Z	debug	dynamo_generic_rpc_split	generic gRPC response headers	stage="prefill" request_id=8be294f5-b44b-429b-9f93-07d18e9c2600 headers_us=2693
2026-09-26T21:56:53.048353Z	debug	dynamo_generic_rpc_split	generic gRPC unary response	stage="selector" request_id=8be294f5-b44b-429b-9f93-07d18e9c2600 elapsed_us=4417
2026-09-26T21:56:53.084306Z	debug	dynamo_generic_rpc_split	generic gRPC response headers	stage="prefill" request_id=1b164cee-077b-4290-a7d1-b878e373be00 headers_us=1998
2026-09-26T21:56:53.086488Z	debug	dynamo_generic_rpc_split	generic gRPC unary response	stage="selector" request_id=1b164cee-077b-4290-a7d1-b878e373be00 elapsed_us=2123
2026-09-26T21:56:53.104775Z	debug	dynamo_generic_rpc_split	generic gRPC response headers	stage="prefill" request_id=e265c0b9-7ee5-4d9b-8418-9756a0579800 headers_us=1719
2026-09-26T21:56:53.106062Z	debug	dynamo_generic_rpc_split	generic gRPC unary response	stage="selector" request_id=e265c0b9-7ee5-4d9b-8418-9756a0579800 elapsed_us=1191
2026-09-26T21:56:53.115452Z	debug	dynamo_generic_rpc_split	generic gRPC response headers	stage="prefill" request_id=cbfc7651-fe93-4865-9b77-6c2dd2d0be00 headers_us=3756
2026-09-26T21:56:53.116692Z	debug	dynamo_generic_rpc_split	generic gRPC unary response	stage="selector" request_id=cbfc7651-fe93-4865-9b77-6c2dd2d0be00 elapsed_us=1165
2026-09-26T21:56:53.173152Z	debug	dynamo_generic_rpc_split	generic gRPC response headers	stage="prefill" request_id=94aa2124-eff3-4ca6-b022-e292a3d1f300 headers_us=3612
2026-09-26T21:56:53.176092Z	debug	dynamo_generic_rpc_split	generic gRPC unary response	stage="selector" request_id=94aa2124-eff3-4ca6-b022-e292a3d1f300 elapsed_us=2825
2026-09-26T21:56:53.197972Z	debug	dynamo_generic_rpc_split	generic gRPC response headers	stage="prefill" request_id=d3dafa1f-df58-4e4d-a95b-7cf76cccca00 headers_us=1857
2026-09-26T21:56:53.204060Z	debug	dynamo_generic_rpc_split	generic gRPC unary response	stage="selector" request_id=d3dafa1f-df58-4e4d-a95b-7cf76cccca00 elapsed_us=2244
2026-09-26T21:56:53.204499Z	debug	dynamo_generic_rpc_split	generic gRPC response headers	stage="prefill" request_id=ddbbd6f0-933a-4325-adfd-55301217a500 headers_us=4931
2026-09-26T21:56:53.207096Z	debug	dynamo_generic_rpc_split	generic gRPC unary response	stage="selector" request_id=ddbbd6f0-933a-4325-adfd-55301217a500 elapsed_us=2490
2026-09-26T21:56:53.246695Z	debug	dynamo_generic_rpc_split	generic gRPC response headers	stage="prefill" request_id=a9a6e844-08a1-45bd-8aa1-2ca7d1247100 headers_us=1309
2026-09-26T21:56:53.249213Z	debug	dynamo_generic_rpc_split	generic gRPC unary response	stage="selector" request_id=a9a6e844-08a1-45bd-8aa1-2ca7d1247100 elapsed_us=2173
2026-09-26T21:56:53.261456Z	debug	dynamo_generic_rpc_split	generic gRPC response headers	stage="prefill" request_id=d4c11488-d496-46d0-b12b-8adf027bed00 headers_us=2789
2026-09-26T21:56:53.263122Z	debug	dynamo_generic_rpc_split	generic gRPC unary response	stage="selector" request_id=d4c11488-d496-46d0-b12b-8adf027bed00 elapsed_us=1596
2026-09-26T21:56:53.285799Z	debug	dynamo_generic_rpc_split	generic gRPC response headers	stage="prefill" request_id=6f950fbf-fb3f-4265-95dc-f72a3477ef00 headers_us=2139
2026-09-26T21:56:53.287801Z	debug	dynamo_generic_rpc_split	generic gRPC unary response	stage="selector" request_id=6f950fbf-fb3f-4265-95dc-f72a3477ef00 elapsed_us=1890
2026-09-26T21:56:53.294723Z	debug	dynamo_generic_rpc_split	generic gRPC response headers	stage="prefill" request_id=a165883e-d674-4e27-bdb7-e687b6180500 headers_us=3187
2026-09-26T21:56:53.296759Z	debug	dynamo_generic_rpc_split	generic gRPC unary response	stage="selector" request_id=a165883e-d674-4e27-bdb7-e687b6180500 elapsed_us=1946
2026-09-26T21:56:53.298633Z	debug	dynamo_generic_rpc_split	generic gRPC response headers	stage="prefill" request_id=4bfa6862-385d-4078-9e4c-95a2ed7b5b00 headers_us=2285
2026-09-26T21:56:53.301179Z	debug	dynamo_generic_rpc_split	generic gRPC unary response	stage="selector" request_id=4bfa6862-385d-4078-9e4c-95a2ed7b5b00 elapsed_us=2473
2026-09-26T21:56:53.309199Z	debug	dynamo_generic_rpc_split	generic gRPC response headers	stage="prefill" request_id=53ac3145-812f-403e-9bfe-0d6175a6dc00 headers_us=3057
2026-09-26T21:56:53.313991Z	debug	dynamo_generic_rpc_split	generic gRPC unary response	stage="selector" request_id=53ac3145-812f-403e-9bfe-0d6175a6dc00 elapsed_us=4695
2026-09-26T21:56:53.318954Z	debug	dynamo_generic_rpc_split	generic gRPC response headers	stage="prefill" request_id=1dfc3148-65d1-4c10-a1e1-c40ac3802000 headers_us=4025
2026-09-26T21:56:53.321565Z	debug	dynamo_generic_rpc_split	generic gRPC unary response	stage="selector" request_id=1dfc3148-65d1-4c10-a1e1-c40ac3802000 elapsed_us=2551
2026-09-26T21:56:53.334838Z	debug	dynamo_generic_rpc_split	generic gRPC response headers	stage="prefill" request_id=b3f4693f-b53c-49b5-a67f-a785ba7b9d00 headers_us=1581
2026-09-26T21:56:53.336714Z	debug	dynamo_generic_rpc_split	generic gRPC unary response	stage="selector" request_id=b3f4693f-b53c-49b5-a67f-a785ba7b9d00 elapsed_us=1754
2026-09-26T21:56:53.355800Z	debug	dynamo_generic_rpc_split	generic gRPC response headers	stage="prefill" request_id=634a31b2-3d7e-44c0-a412-ee7558ebfe00 headers_us=2532
2026-09-26T21:56:53.357448Z	debug	dynamo_generic_rpc_split	generic gRPC unary response	stage="selector" request_id=634a31b2-3d7e-44c0-a412-ee7558ebfe00 elapsed_us=1576
2026-09-26T21:56:53.382593Z	debug	dynamo_generic_rpc_split	generic gRPC response headers	stage="prefill" request_id=08c7e7b0-a373-4c43-be11-d95627deb700 headers_us=2980
2026-09-26T21:56:53.385720Z	debug	dynamo_generic_rpc_split	generic gRPC unary response	stage="selector" request_id=08c7e7b0-a373-4c43-be11-d95627deb700 elapsed_us=3030
2026-09-26T21:56:53.393158Z	debug	dynamo_generic_rpc_split	generic gRPC response headers	stage="prefill" request_id=7a7a00e9-a61e-4d86-840c-a307cece0400 headers_us=2586
2026-09-26T21:56:53.396913Z	debug	dynamo_generic_rpc_split	generic gRPC unary response	stage="selector" request_id=7a7a00e9-a61e-4d86-840c-a307cece0400 elapsed_us=3643
2026-09-26T21:56:53.416885Z	debug	dynamo_generic_rpc_split	generic gRPC response headers	stage="prefill" request_id=ada782a2-3e19-44fa-8cbd-b066d76db400 headers_us=2456
2026-09-26T21:56:53.417931Z	debug	dynamo_generic_rpc_split	generic gRPC unary response	stage="selector" request_id=ada782a2-3e19-44fa-8cbd-b066d76db400 elapsed_us=918
2026-09-26T21:56:53.433087Z	debug	dynamo_generic_rpc_split	generic gRPC response headers	stage="prefill" request_id=fd94ed99-09cf-4cda-8369-76fe2cefc500 headers_us=1337
2026-09-26T21:56:53.435496Z	debug	dynamo_generic_rpc_split	generic gRPC unary response	stage="selector" request_id=fd94ed99-09cf-4cda-8369-76fe2cefc500 elapsed_us=2317
2026-09-26T21:56:53.443135Z	debug	dynamo_generic_rpc_split	generic gRPC response headers	stage="prefill" request_id=c4448c59-e144-4d9c-af74-8832b2899200 headers_us=2293
2026-09-26T21:56:53.444726Z	debug	dynamo_generic_rpc_split	generic gRPC response headers	stage="prefill" request_id=b10f9db8-4682-4fc5-9bfe-a09f712a1a00 headers_us=2139
2026-09-26T21:56:53.445812Z	debug	dynamo_generic_rpc_split	generic gRPC unary response	stage="selector" request_id=b10f9db8-4682-4fc5-9bfe-a09f712a1a00 elapsed_us=989
2026-09-26T21:56:53.446108Z	debug	dynamo_generic_rpc_split	generic gRPC unary response	stage="selector" request_id=c4448c59-e144-4d9c-af74-8832b2899200 elapsed_us=2903
2026-09-26T21:56:53.455020Z	debug	dynamo_generic_rpc_split	generic gRPC response headers	stage="prefill" request_id=55419d8a-6f82-464a-97f5-2029c8d5a700 headers_us=1992
2026-09-26T21:56:53.457233Z	debug	dynamo_generic_rpc_split	generic gRPC unary response	stage="selector" request_id=55419d8a-6f82-464a-97f5-2029c8d5a700 elapsed_us=2111
2026-09-26T21:56:53.469227Z	debug	dynamo_generic_rpc_split	generic gRPC response headers	stage="prefill" request_id=7b826d50-c978-456a-adf9-7973f1785c00 headers_us=1498
2026-09-26T21:56:53.470512Z	debug	dynamo_generic_rpc_split	generic gRPC unary response	stage="selector" request_id=7b826d50-c978-456a-adf9-7973f1785c00 elapsed_us=1231
2026-09-26T21:56:53.515136Z	debug	dynamo_generic_rpc_split	generic gRPC response headers	stage="prefill" request_id=d05d9a98-ba24-4938-9169-ed6a536fad00 headers_us=4541
2026-09-26T21:56:53.519041Z	debug	dynamo_generic_rpc_split	generic gRPC unary response	stage="selector" request_id=d05d9a98-ba24-4938-9169-ed6a536fad00 elapsed_us=3847
2026-09-26T21:56:53.562751Z	debug	dynamo_generic_rpc_split	generic gRPC response headers	stage="prefill" request_id=0d287eba-64b3-4da4-b64c-4a4507493600 headers_us=2952
2026-09-26T21:56:53.563982Z	debug	dynamo_generic_rpc_split	generic gRPC response headers	stage="prefill" request_id=f8c78e97-eda8-48a7-8e68-a2b11496df00 headers_us=3561
2026-09-26T21:56:53.565384Z	debug	dynamo_generic_rpc_split	generic gRPC unary response	stage="selector" request_id=0d287eba-64b3-4da4-b64c-4a4507493600 elapsed_us=2539
2026-09-26T21:56:53.565932Z	debug	dynamo_generic_rpc_split	generic gRPC unary response	stage="selector" request_id=f8c78e97-eda8-48a7-8e68-a2b11496df00 elapsed_us=1901
2026-09-26T21:56:53.610023Z	debug	dynamo_generic_rpc_split	generic gRPC response headers	stage="prefill" request_id=bf69c052-04a9-4ff1-a0dd-55d0ca265c00 headers_us=1796
2026-09-26T21:56:53.612469Z	debug	dynamo_generic_rpc_split	generic gRPC unary response	stage="selector" request_id=bf69c052-04a9-4ff1-a0dd-55d0ca265c00 elapsed_us=2322
2026-09-26T21:56:53.614067Z	debug	dynamo_generic_rpc_split	generic gRPC response headers	stage="prefill" request_id=c50d2742-090a-4180-b836-54e6ff979800 headers_us=2348
2026-09-26T21:56:53.615974Z	debug	dynamo_generic_rpc_split	generic gRPC unary response	stage="selector" request_id=c50d2742-090a-4180-b836-54e6ff979800 elapsed_us=1776
2026-09-26T21:56:53.622376Z	debug	dynamo_generic_rpc_split	generic gRPC response headers	stage="prefill" request_id=c3804c7e-d425-4256-a710-86dd2cfa0000 headers_us=1472
2026-09-26T21:56:53.623241Z	debug	dynamo_generic_rpc_split	generic gRPC unary response	stage="selector" request_id=c3804c7e-d425-4256-a710-86dd2cfa0000 elapsed_us=801
2026-09-26T21:56:53.629818Z	debug	dynamo_generic_rpc_split	generic gRPC response headers	stage="prefill" request_id=caf453bd-1586-4ec7-81df-1e4a03c0e300 headers_us=1391
2026-09-26T21:56:53.631058Z	debug	dynamo_generic_rpc_split	generic gRPC unary response	stage="selector" request_id=caf453bd-1586-4ec7-81df-1e4a03c0e300 elapsed_us=1171
2026-09-26T21:56:53.632477Z	debug	dynamo_generic_rpc_split	generic gRPC response headers	stage="prefill" request_id=9d530b84-c2bb-42d2-8d2c-979ce3e2ce00 headers_us=951
2026-09-26T21:56:53.636440Z	debug	dynamo_generic_rpc_split	generic gRPC unary response	stage="selector" request_id=9d530b84-c2bb-42d2-8d2c-979ce3e2ce00 elapsed_us=3878
2026-09-26T21:56:53.674374Z	debug	dynamo_generic_rpc_split	generic gRPC response headers	stage="prefill" request_id=64a2804f-a4a6-429f-86ed-326a90798c00 headers_us=2126
2026-09-26T21:56:53.677515Z	debug	dynamo_generic_rpc_split	generic gRPC unary response	stage="selector" request_id=64a2804f-a4a6-429f-86ed-326a90798c00 elapsed_us=3065
2026-09-26T21:56:53.692023Z	debug	dynamo_generic_rpc_split	generic gRPC response headers	stage="prefill" request_id=9820c459-b388-4a71-bcba-9cb1bf95ab00 headers_us=1373
2026-09-26T21:56:53.693784Z	debug	dynamo_generic_rpc_split	generic gRPC unary response	stage="selector" request_id=9820c459-b388-4a71-bcba-9cb1bf95ab00 elapsed_us=1498
2026-09-26T21:56:53.694050Z	debug	dynamo_generic_rpc_split	generic gRPC response headers	stage="prefill" request_id=6d5507d6-2118-4d78-b724-e6bcb89b2c00 headers_us=2285
2026-09-26T21:56:53.696010Z	debug	dynamo_generic_rpc_split	generic gRPC unary response	stage="selector" request_id=6d5507d6-2118-4d78-b724-e6bcb89b2c00 elapsed_us=1888
2026-09-26T21:56:53.711344Z	debug	dynamo_generic_rpc_split	generic gRPC response headers	stage="prefill" request_id=9dc5bef0-c9aa-4f90-a3b8-7cbd8a51d100 headers_us=3753
2026-09-26T21:56:53.715214Z	debug	dynamo_generic_rpc_split	generic gRPC unary response	stage="selector" request_id=9dc5bef0-c9aa-4f90-a3b8-7cbd8a51d100 elapsed_us=3778
2026-09-26T21:56:53.736549Z	debug	dynamo_generic_rpc_split	generic gRPC response headers	stage="prefill" request_id=ca5cbd08-4aec-45d8-ba2f-d0c955e03f00 headers_us=1325
2026-09-26T21:56:53.738988Z	debug	dynamo_generic_rpc_split	generic gRPC unary response	stage="selector" request_id=ca5cbd08-4aec-45d8-ba2f-d0c955e03f00 elapsed_us=2371
2026-09-26T21:56:53.744443Z	debug	dynamo_generic_rpc_split	generic gRPC response headers	stage="prefill" request_id=490341ac-09a8-4eeb-9714-c11aee077e00 headers_us=2063
2026-09-26T21:56:53.745943Z	debug	dynamo_generic_rpc_split	generic gRPC unary response	stage="selector" request_id=490341ac-09a8-4eeb-9714-c11aee077e00 elapsed_us=1388
2026-09-26T21:56:53.777097Z	debug	dynamo_generic_rpc_split	generic gRPC response headers	stage="prefill" request_id=175e5ef9-1cb8-4e9f-b269-17eaf2d7f800 headers_us=2798
2026-09-26T21:56:53.781797Z	debug	dynamo_generic_rpc_split	generic gRPC unary response	stage="selector" request_id=175e5ef9-1cb8-4e9f-b269-17eaf2d7f800 elapsed_us=4321
2026-09-26T21:56:53.782353Z	debug	dynamo_generic_rpc_split	generic gRPC response headers	stage="prefill" request_id=a3d410f9-6136-41d7-9202-72081f6ade00 headers_us=3896
2026-09-26T21:56:53.785428Z	debug	dynamo_generic_rpc_split	generic gRPC unary response	stage="selector" request_id=a3d410f9-6136-41d7-9202-72081f6ade00 elapsed_us=2952
2026-09-26T21:56:53.788882Z	debug	dynamo_generic_rpc_split	generic gRPC response headers	stage="prefill" request_id=966d6346-ab68-4ccc-b6b6-b4f844801600 headers_us=1913
2026-09-26T21:56:53.791374Z	debug	dynamo_generic_rpc_split	generic gRPC unary response	stage="selector" request_id=966d6346-ab68-4ccc-b6b6-b4f844801600 elapsed_us=2418
2026-09-26T21:56:53.851479Z	debug	dynamo_generic_rpc_split	generic gRPC response headers	stage="prefill" request_id=549a3ef9-4a4b-43c4-8a7a-8a830eeb5900 headers_us=1989
2026-09-26T21:56:53.854869Z	debug	dynamo_generic_rpc_split	generic gRPC unary response	stage="selector" request_id=549a3ef9-4a4b-43c4-8a7a-8a830eeb5900 elapsed_us=2635
2026-09-26T21:56:53.866770Z	debug	dynamo_generic_rpc_split	generic gRPC response headers	stage="prefill" request_id=4be30b85-26d9-475a-9ce4-b42564bb0400 headers_us=1840
2026-09-26T21:56:53.869770Z	debug	dynamo_generic_rpc_split	generic gRPC unary response	stage="selector" request_id=4be30b85-26d9-475a-9ce4-b42564bb0400 elapsed_us=2777
2026-09-26T21:56:53.871861Z	debug	dynamo_generic_rpc_split	generic gRPC response headers	stage="prefill" request_id=f144e66b-1d70-4cd4-98de-84c7486fdf00 headers_us=2364
2026-09-26T21:56:53.877304Z	debug	dynamo_generic_rpc_split	generic gRPC unary response	stage="selector" request_id=f144e66b-1d70-4cd4-98de-84c7486fdf00 elapsed_us=5341
2026-09-26T21:56:53.899608Z	debug	dynamo_generic_rpc_split	generic gRPC response headers	stage="prefill" request_id=a1e9c548-f565-418a-9f3b-fdd215ea4200 headers_us=2592
2026-09-26T21:56:53.902311Z	debug	dynamo_generic_rpc_split	generic gRPC unary response	stage="selector" request_id=a1e9c548-f565-418a-9f3b-fdd215ea4200 elapsed_us=2625
2026-09-26T21:56:53.909649Z	debug	dynamo_generic_rpc_split	generic gRPC response headers	stage="prefill" request_id=385f9cf4-f3fb-4ff1-bdcd-ed1e7e592600 headers_us=1007
2026-09-26T21:56:53.910421Z	debug	dynamo_generic_rpc_split	generic gRPC unary response	stage="selector" request_id=385f9cf4-f3fb-4ff1-bdcd-ed1e7e592600 elapsed_us=713
2026-09-26T21:56:53.924107Z	debug	dynamo_generic_rpc_split	generic gRPC response headers	stage="prefill" request_id=c60ee3f8-074e-4831-ac1f-1b84459e7200 headers_us=4307
2026-09-26T21:56:53.926957Z	debug	dynamo_generic_rpc_split	generic gRPC unary response	stage="selector" request_id=c60ee3f8-074e-4831-ac1f-1b84459e7200 elapsed_us=2787
2026-09-26T21:56:53.974518Z	debug	dynamo_generic_rpc_split	generic gRPC response headers	stage="prefill" request_id=5494406e-7f69-4ad0-b554-d091001f0300 headers_us=1204
2026-09-26T21:56:53.975913Z	debug	dynamo_generic_rpc_split	generic gRPC unary response	stage="selector" request_id=5494406e-7f69-4ad0-b554-d091001f0300 elapsed_us=1314
2026-09-26T21:56:54.017611Z	debug	dynamo_generic_rpc_split	generic gRPC response headers	stage="prefill" request_id=79485dfd-f472-4871-8baa-a08abdde5e00 headers_us=4855
2026-09-26T21:56:54.021641Z	debug	dynamo_generic_rpc_split	generic gRPC unary response	stage="selector" request_id=79485dfd-f472-4871-8baa-a08abdde5e00 elapsed_us=3922
2026-09-26T21:56:54.024430Z	debug	dynamo_generic_rpc_split	generic gRPC response headers	stage="prefill" request_id=1a606d66-a1fd-4aba-86ac-eff89fa27300 headers_us=5105
2026-09-26T21:56:54.026837Z	debug	dynamo_generic_rpc_split	generic gRPC unary response	stage="selector" request_id=1a606d66-a1fd-4aba-86ac-eff89fa27300 elapsed_us=2336
2026-09-26T21:56:54.056765Z	debug	dynamo_generic_rpc_split	generic gRPC response headers	stage="prefill" request_id=b6878a44-7bbe-4a27-ac04-b623e2b75b00 headers_us=2220
2026-09-26T21:56:54.059172Z	debug	dynamo_generic_rpc_split	generic gRPC unary response	stage="selector" request_id=b6878a44-7bbe-4a27-ac04-b623e2b75b00 elapsed_us=2347
2026-09-26T21:56:54.061759Z	debug	dynamo_generic_rpc_split	generic gRPC response headers	stage="prefill" request_id=e9437252-cee9-4d00-8008-21e954a28100 headers_us=3313
2026-09-26T21:56:54.064608Z	debug	dynamo_generic_rpc_split	generic gRPC unary response	stage="selector" request_id=e9437252-cee9-4d00-8008-21e954a28100 elapsed_us=2803
2026-09-26T21:56:54.073672Z	debug	dynamo_generic_rpc_split	generic gRPC response headers	stage="prefill" request_id=2091b38e-3675-48ef-8c7a-81b822b0de00 headers_us=5522
2026-09-26T21:56:54.076075Z	debug	dynamo_generic_rpc_split	generic gRPC unary response	stage="selector" request_id=2091b38e-3675-48ef-8c7a-81b822b0de00 elapsed_us=2350
2026-09-26T21:56:54.106053Z	debug	dynamo_generic_rpc_split	generic gRPC response headers	stage="prefill" request_id=4498581f-60eb-4803-9ef7-3fdd0eef7d00 headers_us=2210
2026-09-26T21:56:54.108657Z	debug	dynamo_generic_rpc_split	generic gRPC unary response	stage="selector" request_id=4498581f-60eb-4803-9ef7-3fdd0eef7d00 elapsed_us=2517
2026-09-26T21:56:54.123998Z	debug	dynamo_generic_rpc_split	generic gRPC response headers	stage="prefill" request_id=2cd8258e-d9dc-41b6-86d4-328ce4b3ea00 headers_us=3164
2026-09-26T21:56:54.126330Z	debug	dynamo_generic_rpc_split	generic gRPC unary response	stage="selector" request_id=2cd8258e-d9dc-41b6-86d4-328ce4b3ea00 elapsed_us=2156
2026-09-26T21:56:54.130473Z	debug	dynamo_generic_rpc_split	generic gRPC response headers	stage="prefill" request_id=9795510a-0e1a-4f96-9908-cdd575109600 headers_us=3843
2026-09-26T21:56:54.134482Z	debug	dynamo_generic_rpc_split	generic gRPC unary response	stage="selector" request_id=9795510a-0e1a-4f96-9908-cdd575109600 elapsed_us=3924
2026-09-26T21:56:54.170524Z	debug	dynamo_generic_rpc_split	generic gRPC response headers	stage="prefill" request_id=5caeacef-5c5a-4c94-9f61-f05c50f1d300 headers_us=6027
2026-09-26T21:56:54.173255Z	debug	dynamo_generic_rpc_split	generic gRPC unary response	stage="selector" request_id=5caeacef-5c5a-4c94-9f61-f05c50f1d300 elapsed_us=2634
2026-09-26T21:56:54.179251Z	debug	dynamo_generic_rpc_split	generic gRPC response headers	stage="prefill" request_id=70e59bac-26e3-43c6-80c7-0d47a1c62800 headers_us=3541
2026-09-26T21:56:54.180985Z	debug	dynamo_generic_rpc_split	generic gRPC unary response	stage="selector" request_id=70e59bac-26e3-43c6-80c7-0d47a1c62800 elapsed_us=1649
2026-09-26T21:56:54.189571Z	debug	dynamo_generic_rpc_split	generic gRPC response headers	stage="prefill" request_id=c579705f-a712-4500-bb51-281d1c908900 headers_us=4541
2026-09-26T21:56:54.193137Z	debug	dynamo_generic_rpc_split	generic gRPC unary response	stage="selector" request_id=c579705f-a712-4500-bb51-281d1c908900 elapsed_us=3496
2026-09-26T21:56:54.208871Z	debug	dynamo_generic_rpc_split	generic gRPC response headers	stage="prefill" request_id=cc8bcf35-d975-4c99-a2cf-3a4d15448900 headers_us=3505
2026-09-26T21:56:54.211801Z	debug	dynamo_generic_rpc_split	generic gRPC unary response	stage="selector" request_id=cc8bcf35-d975-4c99-a2cf-3a4d15448900 elapsed_us=2853
2026-09-26T21:56:54.213225Z	debug	dynamo_generic_rpc_split	generic gRPC response headers	stage="prefill" request_id=90e893b9-8376-43de-8f45-2521f2b80600 headers_us=4402
2026-09-26T21:56:54.216412Z	debug	dynamo_generic_rpc_split	generic gRPC unary response	stage="selector" request_id=90e893b9-8376-43de-8f45-2521f2b80600 elapsed_us=3131
2026-09-26T21:56:54.223416Z	debug	dynamo_generic_rpc_split	generic gRPC response headers	stage="prefill" request_id=f9dcab03-feee-4426-be63-3396bc994b00 headers_us=1657
2026-09-26T21:56:54.226371Z	debug	dynamo_generic_rpc_split	generic gRPC unary response	stage="selector" request_id=f9dcab03-feee-4426-be63-3396bc994b00 elapsed_us=2910
2026-09-26T21:56:54.248020Z	debug	dynamo_generic_rpc_split	generic gRPC response headers	stage="prefill" request_id=777fab81-73d7-4f4f-9f10-066c69209b00 headers_us=3191
2026-09-26T21:56:54.249859Z	debug	dynamo_generic_rpc_split	generic gRPC unary response	stage="selector" request_id=777fab81-73d7-4f4f-9f10-066c69209b00 elapsed_us=1785
2026-09-26T21:56:54.308320Z	debug	dynamo_generic_rpc_split	generic gRPC response headers	stage="prefill" request_id=ffbb0265-03f5-4f04-8ab6-5959bbd27000 headers_us=2206
2026-09-26T21:56:54.309264Z	debug	dynamo_generic_rpc_split	generic gRPC unary response	stage="selector" request_id=ffbb0265-03f5-4f04-8ab6-5959bbd27000 elapsed_us=819
2026-09-26T21:56:54.335727Z	debug	dynamo_generic_rpc_split	generic gRPC response headers	stage="prefill" request_id=9448325f-77a8-4c61-9d63-20b0dc307500 headers_us=1526
2026-09-26T21:56:54.339513Z	debug	dynamo_generic_rpc_split	generic gRPC unary response	stage="selector" request_id=9448325f-77a8-4c61-9d63-20b0dc307500 elapsed_us=2923
2026-09-26T21:56:54.394406Z	debug	dynamo_generic_rpc_split	generic gRPC response headers	stage="prefill" request_id=f54f9d60-ee0c-4936-9d80-4d1883aadb00 headers_us=1442
2026-09-26T21:56:54.396503Z	debug	dynamo_generic_rpc_split	generic gRPC unary response	stage="selector" request_id=f54f9d60-ee0c-4936-9d80-4d1883aadb00 elapsed_us=1877
2026-09-26T21:56:54.402736Z	debug	dynamo_generic_rpc_split	generic gRPC response headers	stage="prefill" request_id=27eb5ad5-cd59-4124-aac2-cdc72d5af500 headers_us=6981
2026-09-26T21:56:54.404169Z	debug	dynamo_generic_rpc_split	generic gRPC unary response	stage="selector" request_id=27eb5ad5-cd59-4124-aac2-cdc72d5af500 elapsed_us=1353
2026-09-26T21:56:54.415525Z	debug	dynamo_generic_rpc_split	generic gRPC response headers	stage="prefill" request_id=ec08a7b1-8992-4d26-8bdb-401100bcec00 headers_us=2553
2026-09-26T21:56:54.417888Z	debug	dynamo_generic_rpc_split	generic gRPC unary response	stage="selector" request_id=ec08a7b1-8992-4d26-8bdb-401100bcec00 elapsed_us=2285
2026-09-26T21:56:54.504531Z	debug	dynamo_generic_rpc_split	generic gRPC response headers	stage="prefill" request_id=af4a1bba-ba6b-4a28-a92c-5a9660f8a300 headers_us=2622
2026-09-26T21:56:54.505703Z	debug	dynamo_generic_rpc_split	generic gRPC unary response	stage="selector" request_id=af4a1bba-ba6b-4a28-a92c-5a9660f8a300 elapsed_us=1082
2026-09-26T21:56:54.511695Z	debug	dynamo_generic_rpc_split	generic gRPC response headers	stage="prefill" request_id=1e2f2bc3-98c6-4545-8016-d16b3a10ab00 headers_us=1630
2026-09-26T21:56:54.514861Z	debug	dynamo_generic_rpc_split	generic gRPC unary response	stage="selector" request_id=1e2f2bc3-98c6-4545-8016-d16b3a10ab00 elapsed_us=2410
2026-09-26T21:56:54.520075Z	debug	dynamo_generic_rpc_split	generic gRPC response headers	stage="prefill" request_id=0b9f1152-d556-4475-b319-8ed877aeca00 headers_us=2908
2026-09-26T21:56:54.523068Z	debug	dynamo_generic_rpc_split	generic gRPC response headers	stage="prefill" request_id=f21b53c1-6173-45f3-b453-590f2a91d700 headers_us=2166
2026-09-26T21:56:54.523473Z	debug	dynamo_generic_rpc_split	generic gRPC unary response	stage="selector" request_id=0b9f1152-d556-4475-b319-8ed877aeca00 elapsed_us=2800
2026-09-26T21:56:54.524622Z	debug	dynamo_generic_rpc_split	generic gRPC unary response	stage="selector" request_id=f21b53c1-6173-45f3-b453-590f2a91d700 elapsed_us=1430
2026-09-26T21:56:54.540216Z	debug	dynamo_generic_rpc_split	generic gRPC response headers	stage="prefill" request_id=177a5868-cedd-4022-9c69-46e0812ff600 headers_us=1512
2026-09-26T21:56:54.541328Z	debug	dynamo_generic_rpc_split	generic gRPC unary response	stage="selector" request_id=177a5868-cedd-4022-9c69-46e0812ff600 elapsed_us=1025
2026-09-26T21:56:54.557709Z	debug	dynamo_generic_rpc_split	generic gRPC response headers	stage="prefill" request_id=2cfb9710-824a-4d7d-a7c2-284ee1d7c400 headers_us=1655
2026-09-26T21:56:54.558962Z	debug	dynamo_generic_rpc_split	generic gRPC unary response	stage="selector" request_id=2cfb9710-824a-4d7d-a7c2-284ee1d7c400 elapsed_us=1153
2026-09-26T21:56:54.565808Z	debug	dynamo_generic_rpc_split	generic gRPC response headers	stage="prefill" request_id=94a94528-8f8d-4dee-be08-d0903935d400 headers_us=3541
2026-09-26T21:56:54.568221Z	debug	dynamo_generic_rpc_split	generic gRPC unary response	stage="selector" request_id=94a94528-8f8d-4dee-be08-d0903935d400 elapsed_us=2340
2026-09-26T21:56:54.580841Z	debug	dynamo_generic_rpc_split	generic gRPC response headers	stage="prefill" request_id=df2f706b-c5d0-4173-b3f9-e8774a979800 headers_us=2697
2026-09-26T21:56:54.582627Z	debug	dynamo_generic_rpc_split	generic gRPC unary response	stage="selector" request_id=df2f706b-c5d0-4173-b3f9-e8774a979800 elapsed_us=1660
2026-09-26T21:56:54.608917Z	debug	dynamo_generic_rpc_split	generic gRPC response headers	stage="prefill" request_id=f203e2c8-32fe-43be-90a9-38efd64a0e00 headers_us=3503
2026-09-26T21:56:54.614539Z	debug	dynamo_generic_rpc_split	generic gRPC unary response	stage="selector" request_id=f203e2c8-32fe-43be-90a9-38efd64a0e00 elapsed_us=5493
2026-09-26T21:56:54.614999Z	debug	dynamo_generic_rpc_split	generic gRPC response headers	stage="prefill" request_id=2726ed0d-6778-4677-be0b-71687120d500 headers_us=4271
2026-09-26T21:56:54.618416Z	debug	dynamo_generic_rpc_split	generic gRPC unary response	stage="selector" request_id=2726ed0d-6778-4677-be0b-71687120d500 elapsed_us=3311
2026-09-26T21:56:54.631743Z	debug	dynamo_generic_rpc_split	generic gRPC response headers	stage="prefill" request_id=81e52608-1db2-410b-b3d7-a4de4006fd00 headers_us=2700
2026-09-26T21:56:54.635777Z	debug	dynamo_generic_rpc_split	generic gRPC unary response	stage="selector" request_id=81e52608-1db2-410b-b3d7-a4de4006fd00 elapsed_us=3937
2026-09-26T21:56:54.644274Z	debug	dynamo_generic_rpc_split	generic gRPC response headers	stage="prefill" request_id=9bd3a7fd-f34d-452a-bd2c-ac2a34963400 headers_us=2454
2026-09-26T21:56:54.646978Z	debug	dynamo_generic_rpc_split	generic gRPC unary response	stage="selector" request_id=9bd3a7fd-f34d-452a-bd2c-ac2a34963400 elapsed_us=2627
2026-09-26T21:56:54.730161Z	debug	dynamo_generic_rpc_split	generic gRPC response headers	stage="prefill" request_id=364154d6-883e-4c6b-ba47-29e7078d3000 headers_us=1647
2026-09-26T21:56:54.732070Z	debug	dynamo_generic_rpc_split	generic gRPC unary response	stage="selector" request_id=364154d6-883e-4c6b-ba47-29e7078d3000 elapsed_us=1789
2026-09-26T21:56:54.734128Z	debug	dynamo_generic_rpc_split	generic gRPC response headers	stage="prefill" request_id=779c76a7-0274-4752-a835-379c4c3b1600 headers_us=2078
2026-09-26T21:56:54.736388Z	debug	dynamo_generic_rpc_split	generic gRPC unary response	stage="selector" request_id=779c76a7-0274-4752-a835-379c4c3b1600 elapsed_us=1793
2026-09-26T21:56:54.754122Z	debug	dynamo_generic_rpc_split	generic gRPC response headers	stage="prefill" request_id=be4db6a3-30ad-41a9-b1ed-1de42f079f00 headers_us=1127
2026-09-26T21:56:54.755799Z	debug	dynamo_generic_rpc_split	generic gRPC unary response	stage="selector" request_id=be4db6a3-30ad-41a9-b1ed-1de42f079f00 elapsed_us=1541
2026-09-26T21:56:54.767589Z	debug	dynamo_generic_rpc_split	generic gRPC response headers	stage="prefill" request_id=d77f52bf-90a8-4a6a-8c6e-78630a516400 headers_us=3259
2026-09-26T21:56:54.769056Z	debug	dynamo_generic_rpc_split	generic gRPC unary response	stage="selector" request_id=d77f52bf-90a8-4a6a-8c6e-78630a516400 elapsed_us=1385
2026-09-26T21:56:54.776883Z	debug	dynamo_generic_rpc_split	generic gRPC response headers	stage="prefill" request_id=fea60d9c-bec8-4940-bf87-fda0f1d98c00 headers_us=3021
2026-09-26T21:56:54.777894Z	debug	dynamo_generic_rpc_split	generic gRPC response headers	stage="prefill" request_id=6ab31f69-ebfe-4e13-98f8-248dfe6ee500 headers_us=3134
2026-09-26T21:56:54.782297Z	debug	dynamo_generic_rpc_split	generic gRPC unary response	stage="selector" request_id=fea60d9c-bec8-4940-bf87-fda0f1d98c00 elapsed_us=5348
2026-09-26T21:56:54.783751Z	debug	dynamo_generic_rpc_split	generic gRPC unary response	stage="selector" request_id=6ab31f69-ebfe-4e13-98f8-248dfe6ee500 elapsed_us=5750
2026-09-26T21:56:54.789829Z	debug	dynamo_generic_rpc_split	generic gRPC response headers	stage="prefill" request_id=86f1201b-f646-4611-8951-f76a7d5cbc00 headers_us=3259
2026-09-26T21:56:54.792235Z	debug	dynamo_generic_rpc_split	generic gRPC unary response	stage="selector" request_id=86f1201b-f646-4611-8951-f76a7d5cbc00 elapsed_us=2211
2026-09-26T21:56:54.800656Z	debug	dynamo_generic_rpc_split	generic gRPC response headers	stage="prefill" request_id=e15c0686-472e-4d9f-92a6-c2c585d29900 headers_us=3464
2026-09-26T21:56:54.804133Z	debug	dynamo_generic_rpc_split	generic gRPC unary response	stage="selector" request_id=e15c0686-472e-4d9f-92a6-c2c585d29900 elapsed_us=3406
2026-09-26T21:56:54.810389Z	debug	dynamo_generic_rpc_split	generic gRPC response headers	stage="prefill" request_id=0986c95f-21a7-430f-a72b-59d3d619b700 headers_us=2729
2026-09-26T21:56:54.812831Z	debug	dynamo_generic_rpc_split	generic gRPC unary response	stage="selector" request_id=0986c95f-21a7-430f-a72b-59d3d619b700 elapsed_us=2332
2026-09-26T21:56:54.814322Z	debug	dynamo_generic_rpc_split	generic gRPC response headers	stage="prefill" request_id=49a8b8b0-b9c8-4f20-bcee-25673f9e2700 headers_us=2943
2026-09-26T21:56:54.815329Z	debug	dynamo_generic_rpc_split	generic gRPC unary response	stage="selector" request_id=49a8b8b0-b9c8-4f20-bcee-25673f9e2700 elapsed_us=929
2026-09-26T21:56:54.877505Z	debug	dynamo_generic_rpc_split	generic gRPC response headers	stage="prefill" request_id=73b0c11d-7c29-4a42-82d5-17378b308100 headers_us=2437
2026-09-26T21:56:54.879988Z	debug	dynamo_generic_rpc_split	generic gRPC unary response	stage="selector" request_id=73b0c11d-7c29-4a42-82d5-17378b308100 elapsed_us=1798
2026-09-26T21:56:54.904409Z	debug	dynamo_generic_rpc_split	generic gRPC response headers	stage="prefill" request_id=8c50e2c1-33ce-464f-a2b8-148411249900 headers_us=3742
2026-09-26T21:56:54.906085Z	debug	dynamo_generic_rpc_split	generic gRPC unary response	stage="selector" request_id=8c50e2c1-33ce-464f-a2b8-148411249900 elapsed_us=1579
2026-09-26T21:56:54.996607Z	debug	dynamo_generic_rpc_split	generic gRPC response headers	stage="prefill" request_id=1ee88ca0-f887-4f5e-b059-7d90a4e1df00 headers_us=941
2026-09-26T21:56:54.999326Z	debug	dynamo_generic_rpc_split	generic gRPC unary response	stage="selector" request_id=1ee88ca0-f887-4f5e-b059-7d90a4e1df00 elapsed_us=2624
2026-09-26T21:56:55.031754Z	debug	dynamo_generic_rpc_split	generic gRPC response headers	stage="prefill" request_id=b5a06741-9fed-400c-89f2-0e85d9713f00 headers_us=2159
2026-09-26T21:56:55.034614Z	debug	dynamo_generic_rpc_split	generic gRPC unary response	stage="selector" request_id=b5a06741-9fed-400c-89f2-0e85d9713f00 elapsed_us=2768
2026-09-26T21:56:55.054191Z	debug	dynamo_generic_rpc_split	generic gRPC response headers	stage="prefill" request_id=e107ac23-b4be-4b0d-b52f-f0adaeb4cb00 headers_us=1752
2026-09-26T21:56:55.055540Z	debug	dynamo_generic_rpc_split	generic gRPC unary response	stage="selector" request_id=e107ac23-b4be-4b0d-b52f-f0adaeb4cb00 elapsed_us=1263
2026-09-26T21:56:55.074858Z	debug	dynamo_generic_rpc_split	generic gRPC response headers	stage="prefill" request_id=91f6c3ea-0d5c-4ec8-a3ec-c8acfaa35e00 headers_us=1801
2026-09-26T21:56:55.077056Z	debug	dynamo_generic_rpc_split	generic gRPC unary response	stage="selector" request_id=91f6c3ea-0d5c-4ec8-a3ec-c8acfaa35e00 elapsed_us=2102
2026-09-26T21:56:55.246452Z	debug	dynamo_generic_rpc_split	generic gRPC response headers	stage="prefill" request_id=b652ec8c-7063-496d-806b-a99d9456a700 headers_us=1821
2026-09-26T21:56:55.249608Z	debug	dynamo_generic_rpc_split	generic gRPC unary response	stage="selector" request_id=b652ec8c-7063-496d-806b-a99d9456a700 elapsed_us=2955
2026-09-26T21:56:55.264281Z	debug	dynamo_generic_rpc_split	generic gRPC response headers	stage="prefill" request_id=56ed7068-bedf-4c21-a8ff-d6144ced1700 headers_us=2324
2026-09-26T21:56:55.266240Z	debug	dynamo_generic_rpc_split	generic gRPC unary response	stage="selector" request_id=56ed7068-bedf-4c21-a8ff-d6144ced1700 elapsed_us=1880
2026-09-26T21:56:55.267708Z	debug	dynamo_generic_rpc_split	generic gRPC response headers	stage="prefill" request_id=ee3c240d-d6ea-4137-af52-d45de6133f00 headers_us=2325
2026-09-26T21:56:55.269441Z	debug	dynamo_generic_rpc_split	generic gRPC unary response	stage="selector" request_id=ee3c240d-d6ea-4137-af52-d45de6133f00 elapsed_us=1654
2026-09-26T21:56:55.324179Z	debug	dynamo_generic_rpc_split	generic gRPC response headers	stage="prefill" request_id=fd9a055c-0f92-4adb-8704-422f042a5200 headers_us=3607
2026-09-26T21:56:55.324342Z	debug	dynamo_generic_rpc_split	generic gRPC response headers	stage="prefill" request_id=20539d12-99dc-4890-bc0d-8092fd426e00 headers_us=4183
2026-09-26T21:56:55.327385Z	debug	dynamo_generic_rpc_split	generic gRPC unary response	stage="selector" request_id=20539d12-99dc-4890-bc0d-8092fd426e00 elapsed_us=2996
2026-09-26T21:56:55.327969Z	debug	dynamo_generic_rpc_split	generic gRPC unary response	stage="selector" request_id=fd9a055c-0f92-4adb-8704-422f042a5200 elapsed_us=3691
2026-09-26T21:56:55.399199Z	debug	dynamo_generic_rpc_split	generic gRPC response headers	stage="prefill" request_id=c0e6f5ac-320f-446a-b38c-2752250baa00 headers_us=1383
2026-09-26T21:56:55.400835Z	debug	dynamo_generic_rpc_split	generic gRPC unary response	stage="selector" request_id=c0e6f5ac-320f-446a-b38c-2752250baa00 elapsed_us=1535
2026-09-26T21:56:55.443928Z	debug	dynamo_generic_rpc_split	generic gRPC response headers	stage="prefill" request_id=a36de80a-9c67-4c34-8767-8be3c9bc3300 headers_us=1999
2026-09-26T21:56:55.444061Z	debug	dynamo_generic_rpc_split	generic gRPC response headers	stage="prefill" request_id=b0980c70-89a7-4a6b-b161-97a9ed734b00 headers_us=1620
2026-09-26T21:56:55.445506Z	debug	dynamo_generic_rpc_split	generic gRPC unary response	stage="selector" request_id=a36de80a-9c67-4c34-8767-8be3c9bc3300 elapsed_us=1474
2026-09-26T21:56:55.446149Z	debug	dynamo_generic_rpc_split	generic gRPC unary response	stage="selector" request_id=b0980c70-89a7-4a6b-b161-97a9ed734b00 elapsed_us=1967
2026-09-26T21:56:55.497269Z	debug	dynamo_generic_rpc_split	generic gRPC response headers	stage="prefill" request_id=62807bf8-14fb-4816-b51b-0dcc8b118600 headers_us=2777
2026-09-26T21:56:55.499303Z	debug	dynamo_generic_rpc_split	generic gRPC unary response	stage="selector" request_id=62807bf8-14fb-4816-b51b-0dcc8b118600 elapsed_us=1937
2026-09-26T21:56:55.521921Z	debug	dynamo_generic_rpc_split	generic gRPC response headers	stage="prefill" request_id=9d7ef469-8a52-4b4d-80ca-8a74a604d500 headers_us=3421
2026-09-26T21:56:55.525285Z	debug	dynamo_generic_rpc_split	generic gRPC unary response	stage="selector" request_id=9d7ef469-8a52-4b4d-80ca-8a74a604d500 elapsed_us=3197
2026-09-26T21:56:55.528709Z	debug	dynamo_generic_rpc_split	generic gRPC response headers	stage="prefill" request_id=4035d13f-13a9-482d-a70f-541879691100 headers_us=3337
2026-09-26T21:56:55.531344Z	debug	dynamo_generic_rpc_split	generic gRPC unary response	stage="selector" request_id=4035d13f-13a9-482d-a70f-541879691100 elapsed_us=2503
2026-09-26T21:56:55.573435Z	debug	dynamo_generic_rpc_split	generic gRPC response headers	stage="prefill" request_id=08da89fc-b2bd-418f-ba40-d43e363e5000 headers_us=1286
2026-09-26T21:56:55.574466Z	debug	dynamo_generic_rpc_split	generic gRPC response headers	stage="prefill" request_id=410e260b-ef70-4db2-b698-cd58b2043900 headers_us=1776
2026-09-26T21:56:55.574569Z	debug	dynamo_generic_rpc_split	generic gRPC unary response	stage="selector" request_id=08da89fc-b2bd-418f-ba40-d43e363e5000 elapsed_us=808
2026-09-26T21:56:55.576307Z	debug	dynamo_generic_rpc_split	generic gRPC unary response	stage="selector" request_id=410e260b-ef70-4db2-b698-cd58b2043900 elapsed_us=1484
2026-09-26T21:56:55.600450Z	debug	dynamo_generic_rpc_split	generic gRPC response headers	stage="prefill" request_id=41f85e0e-5c00-4a17-903b-8d6b1d351f00 headers_us=1795
2026-09-26T21:56:55.603466Z	debug	dynamo_generic_rpc_split	generic gRPC unary response	stage="selector" request_id=41f85e0e-5c00-4a17-903b-8d6b1d351f00 elapsed_us=2958
2026-09-26T21:56:55.611924Z	debug	dynamo_generic_rpc_split	generic gRPC response headers	stage="prefill" request_id=8e5b43d7-64f1-4216-b2cc-b5aef3278200 headers_us=2776
2026-09-26T21:56:55.615579Z	debug	dynamo_generic_rpc_split	generic gRPC unary response	stage="selector" request_id=8e5b43d7-64f1-4216-b2cc-b5aef3278200 elapsed_us=3549
2026-09-26T21:56:55.615830Z	debug	dynamo_generic_rpc_split	generic gRPC response headers	stage="prefill" request_id=aa8eeba6-7949-4eed-b028-4acef1fe6b00 headers_us=2451
2026-09-26T21:56:55.618364Z	debug	dynamo_generic_rpc_split	generic gRPC unary response	stage="selector" request_id=aa8eeba6-7949-4eed-b028-4acef1fe6b00 elapsed_us=2419
2026-09-26T21:56:55.620850Z	debug	dynamo_generic_rpc_split	generic gRPC response headers	stage="prefill" request_id=cff7ea92-f26d-4b97-93dd-7923dc54d500 headers_us=2674
2026-09-26T21:56:55.622475Z	debug	dynamo_generic_rpc_split	generic gRPC unary response	stage="selector" request_id=cff7ea92-f26d-4b97-93dd-7923dc54d500 elapsed_us=1585
2026-09-26T21:56:55.660080Z	debug	dynamo_generic_rpc_split	generic gRPC response headers	stage="prefill" request_id=dcf6280b-cc59-4469-b454-568500a1f900 headers_us=2855
2026-09-26T21:56:55.662359Z	debug	dynamo_generic_rpc_split	generic gRPC unary response	stage="selector" request_id=dcf6280b-cc59-4469-b454-568500a1f900 elapsed_us=2210
2026-09-26T21:56:55.708840Z	debug	dynamo_generic_rpc_split	generic gRPC response headers	stage="prefill" request_id=491c0f24-ae24-4588-93f9-9bb1c0f20a00 headers_us=1577
2026-09-26T21:56:55.710972Z	debug	dynamo_generic_rpc_split	generic gRPC unary response	stage="selector" request_id=491c0f24-ae24-4588-93f9-9bb1c0f20a00 elapsed_us=2024
2026-09-26T21:56:55.722215Z	debug	dynamo_generic_rpc_split	generic gRPC response headers	stage="prefill" request_id=a1afcbfc-4f83-484e-81c5-04b3f8ad7f00 headers_us=1071
2026-09-26T21:56:55.723911Z	debug	dynamo_generic_rpc_split	generic gRPC unary response	stage="selector" request_id=a1afcbfc-4f83-484e-81c5-04b3f8ad7f00 elapsed_us=1613
2026-09-26T21:56:55.731546Z	debug	dynamo_generic_rpc_split	generic gRPC response headers	stage="prefill" request_id=41283da2-1307-4137-8ddd-b5a310593a00 headers_us=2885
2026-09-26T21:56:55.732970Z	debug	dynamo_generic_rpc_split	generic gRPC unary response	stage="selector" request_id=41283da2-1307-4137-8ddd-b5a310593a00 elapsed_us=1360
2026-09-26T21:56:55.760562Z	debug	dynamo_generic_rpc_split	generic gRPC response headers	stage="prefill" request_id=b0411740-1ff3-470c-941e-48bda5087f00 headers_us=2629
2026-09-26T21:56:55.764728Z	debug	dynamo_generic_rpc_split	generic gRPC unary response	stage="selector" request_id=b0411740-1ff3-470c-941e-48bda5087f00 elapsed_us=4091
2026-09-26T21:56:55.767643Z	debug	dynamo_generic_rpc_split	generic gRPC response headers	stage="prefill" request_id=f89483a2-4f80-418e-8c3f-b1588a315c00 headers_us=4506
2026-09-26T21:56:55.769060Z	debug	dynamo_generic_rpc_split	generic gRPC unary response	stage="selector" request_id=f89483a2-4f80-418e-8c3f-b1588a315c00 elapsed_us=1307
2026-09-26T21:56:55.827766Z	debug	dynamo_generic_rpc_split	generic gRPC response headers	stage="prefill" request_id=161e7dab-85ee-4a5a-9618-01b435b76700 headers_us=859
2026-09-26T21:56:55.828988Z	debug	dynamo_generic_rpc_split	generic gRPC unary response	stage="selector" request_id=161e7dab-85ee-4a5a-9618-01b435b76700 elapsed_us=1149
2026-09-26T21:56:55.847136Z	debug	dynamo_generic_rpc_split	generic gRPC response headers	stage="prefill" request_id=60b80dc0-76ed-4710-9761-471f4c242800 headers_us=1818
2026-09-26T21:56:55.849043Z	debug	dynamo_generic_rpc_split	generic gRPC unary response	stage="selector" request_id=60b80dc0-76ed-4710-9761-471f4c242800 elapsed_us=1784
2026-09-26T21:56:55.885834Z	debug	dynamo_generic_rpc_split	generic gRPC response headers	stage="prefill" request_id=68e7c9eb-92d6-4d38-a5b0-aca854e5a100 headers_us=5918
2026-09-26T21:56:55.889244Z	debug	dynamo_generic_rpc_split	generic gRPC unary response	stage="selector" request_id=68e7c9eb-92d6-4d38-a5b0-aca854e5a100 elapsed_us=3322
2026-09-26T21:56:55.960312Z	debug	dynamo_generic_rpc_split	generic gRPC response headers	stage="prefill" request_id=10122085-8b02-4220-80dd-7c419a2d6600 headers_us=1364
2026-09-26T21:56:55.961538Z	debug	dynamo_generic_rpc_split	generic gRPC unary response	stage="selector" request_id=10122085-8b02-4220-80dd-7c419a2d6600 elapsed_us=1077
2026-09-26T21:56:56.037455Z	debug	dynamo_generic_rpc_split	generic gRPC response headers	stage="prefill" request_id=09e14149-d470-4e53-a3d8-962abcae2900 headers_us=1789
2026-09-26T21:56:56.039157Z	debug	dynamo_generic_rpc_split	generic gRPC unary response	stage="selector" request_id=09e14149-d470-4e53-a3d8-962abcae2900 elapsed_us=1616
2026-09-26T21:56:56.087041Z	debug	dynamo_generic_rpc_split	generic gRPC response headers	stage="prefill" request_id=cd77a27d-fe09-4739-adf8-27bc3370bc00 headers_us=3248
2026-09-26T21:56:56.090165Z	debug	dynamo_generic_rpc_split	generic gRPC unary response	stage="selector" request_id=cd77a27d-fe09-4739-adf8-27bc3370bc00 elapsed_us=3015
2026-09-26T21:56:56.132738Z	debug	dynamo_generic_rpc_split	generic gRPC response headers	stage="prefill" request_id=ce410962-6308-42ce-9b95-d71ddb0b5900 headers_us=3532
2026-09-26T21:56:56.135441Z	debug	dynamo_generic_rpc_split	generic gRPC unary response	stage="selector" request_id=ce410962-6308-42ce-9b95-d71ddb0b5900 elapsed_us=2633
2026-09-26T21:56:56.135646Z	debug	dynamo_generic_rpc_split	generic gRPC response headers	stage="prefill" request_id=7098f625-a82c-4270-8cef-9d37d1687800 headers_us=1838
2026-09-26T21:56:56.140537Z	debug	dynamo_generic_rpc_split	generic gRPC unary response	stage="selector" request_id=7098f625-a82c-4270-8cef-9d37d1687800 elapsed_us=4803
2026-09-26T21:56:56.148675Z	debug	dynamo_generic_rpc_split	generic gRPC response headers	stage="prefill" request_id=37a53a30-80af-4db2-8ef7-1f4edb39cb00 headers_us=2756
2026-09-26T21:56:56.151796Z	debug	dynamo_generic_rpc_split	generic gRPC unary response	stage="selector" request_id=37a53a30-80af-4db2-8ef7-1f4edb39cb00 elapsed_us=3019
2026-09-26T21:56:56.160059Z	debug	dynamo_generic_rpc_split	generic gRPC response headers	stage="prefill" request_id=6a011817-20e0-41e5-923a-2527feb0bb00 headers_us=3493
2026-09-26T21:56:56.162134Z	debug	dynamo_generic_rpc_split	generic gRPC unary response	stage="selector" request_id=6a011817-20e0-41e5-923a-2527feb0bb00 elapsed_us=1904
2026-09-26T21:56:56.196823Z	debug	dynamo_generic_rpc_split	generic gRPC response headers	stage="prefill" request_id=5af940ba-ca1c-4a41-a4e4-73a48ca13500 headers_us=2407
2026-09-26T21:56:56.198740Z	debug	dynamo_generic_rpc_split	generic gRPC unary response	stage="selector" request_id=5af940ba-ca1c-4a41-a4e4-73a48ca13500 elapsed_us=1825
2026-09-26T21:56:56.265609Z	debug	dynamo_generic_rpc_split	generic gRPC response headers	stage="prefill" request_id=b87b27f9-6c3c-4a61-b451-fb1c3bcba200 headers_us=1254
2026-09-26T21:56:56.267285Z	debug	dynamo_generic_rpc_split	generic gRPC unary response	stage="selector" request_id=b87b27f9-6c3c-4a61-b451-fb1c3bcba200 elapsed_us=1533
2026-09-26T21:56:56.287606Z	debug	dynamo_generic_rpc_split	generic gRPC response headers	stage="prefill" request_id=1494b17a-f3ca-4e36-ba1b-02e0ee847c00 headers_us=4472
2026-09-26T21:56:56.289826Z	debug	dynamo_generic_rpc_split	generic gRPC response headers	stage="prefill" request_id=c9b85422-49d6-4c5d-b1e3-7e2aa5702d00 headers_us=1958
2026-09-26T21:56:56.290762Z	debug	dynamo_generic_rpc_split	generic gRPC unary response	stage="selector" request_id=1494b17a-f3ca-4e36-ba1b-02e0ee847c00 elapsed_us=3045
2026-09-26T21:56:56.298419Z	debug	dynamo_generic_rpc_split	generic gRPC unary response	stage="selector" request_id=c9b85422-49d6-4c5d-b1e3-7e2aa5702d00 elapsed_us=7869
2026-09-26T21:56:56.333125Z	debug	dynamo_generic_rpc_split	generic gRPC response headers	stage="prefill" request_id=a1947c7d-4882-4ac5-8a54-38c58b21b600 headers_us=3985
2026-09-26T21:56:56.336423Z	debug	dynamo_generic_rpc_split	generic gRPC unary response	stage="selector" request_id=a1947c7d-4882-4ac5-8a54-38c58b21b600 elapsed_us=3212
2026-09-26T21:56:56.347526Z	debug	dynamo_generic_rpc_split	generic gRPC response headers	stage="prefill" request_id=5e634811-5bc6-4c22-a897-89cd6d2f9800 headers_us=2883
2026-09-26T21:56:56.350757Z	debug	dynamo_generic_rpc_split	generic gRPC unary response	stage="selector" request_id=5e634811-5bc6-4c22-a897-89cd6d2f9800 elapsed_us=3077
2026-09-26T21:56:56.360866Z	debug	dynamo_generic_rpc_split	generic gRPC response headers	stage="prefill" request_id=02b85df3-8fc7-4d51-9548-d9335e638e00 headers_us=2047
2026-09-26T21:56:56.363164Z	debug	dynamo_generic_rpc_split	generic gRPC unary response	stage="selector" request_id=02b85df3-8fc7-4d51-9548-d9335e638e00 elapsed_us=2201
2026-09-26T21:56:56.368211Z	debug	dynamo_generic_rpc_split	generic gRPC response headers	stage="prefill" request_id=d34419b9-4474-4da5-b626-084c1b97fe00 headers_us=2508
2026-09-26T21:56:56.372637Z	debug	dynamo_generic_rpc_split	generic gRPC unary response	stage="selector" request_id=d34419b9-4474-4da5-b626-084c1b97fe00 elapsed_us=4348
2026-09-26T21:56:56.397006Z	debug	dynamo_generic_rpc_split	generic gRPC response headers	stage="prefill" request_id=84c47d9d-805f-4a8a-9f63-7ff1807ef000 headers_us=2376
2026-09-26T21:56:56.398422Z	debug	dynamo_generic_rpc_split	generic gRPC unary response	stage="selector" request_id=84c47d9d-805f-4a8a-9f63-7ff1807ef000 elapsed_us=1270
2026-09-26T21:56:56.422464Z	debug	dynamo_generic_rpc_split	generic gRPC response headers	stage="prefill" request_id=f9b98b97-746b-437f-bfa1-011f4c9caa00 headers_us=1753
2026-09-26T21:56:56.425897Z	debug	dynamo_generic_rpc_split	generic gRPC unary response	stage="selector" request_id=f9b98b97-746b-437f-bfa1-011f4c9caa00 elapsed_us=3357
2026-09-26T21:56:56.436515Z	debug	dynamo_generic_rpc_split	generic gRPC response headers	stage="prefill" request_id=80512d8c-0259-4289-8c78-a40d939f7400 headers_us=2777
2026-09-26T21:56:56.442110Z	debug	dynamo_generic_rpc_split	generic gRPC response headers	stage="prefill" request_id=cd7fa295-60da-48c7-be79-4b85b09ad800 headers_us=2641
2026-09-26T21:56:56.442253Z	debug	dynamo_generic_rpc_split	generic gRPC unary response	stage="selector" request_id=80512d8c-0259-4289-8c78-a40d939f7400 elapsed_us=5626
2026-09-26T21:56:56.444325Z	debug	dynamo_generic_rpc_split	generic gRPC unary response	stage="selector" request_id=cd7fa295-60da-48c7-be79-4b85b09ad800 elapsed_us=2143
2026-09-26T21:56:56.478097Z	debug	dynamo_generic_rpc_split	generic gRPC response headers	stage="prefill" request_id=8e5f8948-d211-40b4-88db-ba29bcc45e00 headers_us=2042
2026-09-26T21:56:56.479561Z	debug	dynamo_generic_rpc_split	generic gRPC unary response	stage="selector" request_id=8e5f8948-d211-40b4-88db-ba29bcc45e00 elapsed_us=1369
2026-09-26T21:56:56.525593Z	debug	dynamo_generic_rpc_split	generic gRPC response headers	stage="prefill" request_id=5c06de7c-c6ee-44e2-89ec-dd2fa5024a00 headers_us=2915
2026-09-26T21:56:56.527583Z	debug	dynamo_generic_rpc_split	generic gRPC unary response	stage="selector" request_id=5c06de7c-c6ee-44e2-89ec-dd2fa5024a00 elapsed_us=1909
2026-09-26T21:56:56.533337Z	debug	dynamo_generic_rpc_split	generic gRPC response headers	stage="prefill" request_id=a03eb3be-b9bc-4cae-9328-b3a2eac34000 headers_us=2755
2026-09-26T21:56:56.535827Z	debug	dynamo_generic_rpc_split	generic gRPC unary response	stage="selector" request_id=a03eb3be-b9bc-4cae-9328-b3a2eac34000 elapsed_us=2350
2026-09-26T21:56:56.606833Z	debug	dynamo_generic_rpc_split	generic gRPC response headers	stage="prefill" request_id=bfdaaef6-2b5a-499f-8cc6-93ebb4485f00 headers_us=2109
2026-09-26T21:56:56.610694Z	debug	dynamo_generic_rpc_split	generic gRPC unary response	stage="selector" request_id=bfdaaef6-2b5a-499f-8cc6-93ebb4485f00 elapsed_us=3718
2026-09-26T21:56:56.627141Z	debug	dynamo_generic_rpc_split	generic gRPC response headers	stage="prefill" request_id=d18bcb57-5ce0-4fee-9117-a3e0b93a8600 headers_us=3372
2026-09-26T21:56:56.632019Z	debug	dynamo_generic_rpc_split	generic gRPC unary response	stage="selector" request_id=d18bcb57-5ce0-4fee-9117-a3e0b93a8600 elapsed_us=4780
2026-09-26T21:56:56.672316Z	debug	dynamo_generic_rpc_split	generic gRPC response headers	stage="prefill" request_id=66b460b7-523e-4759-b878-c0a9569a3d00 headers_us=1699
2026-09-26T21:56:56.675053Z	debug	dynamo_generic_rpc_split	generic gRPC unary response	stage="selector" request_id=66b460b7-523e-4759-b878-c0a9569a3d00 elapsed_us=2606
2026-09-26T21:56:56.708267Z	debug	dynamo_generic_rpc_split	generic gRPC response headers	stage="prefill" request_id=7a88ba6f-236f-497b-85b3-45b5afc62d00 headers_us=3244
2026-09-26T21:56:56.711676Z	debug	dynamo_generic_rpc_split	generic gRPC unary response	stage="selector" request_id=7a88ba6f-236f-497b-85b3-45b5afc62d00 elapsed_us=3316
2026-09-26T21:56:56.728829Z	debug	dynamo_generic_rpc_split	generic gRPC response headers	stage="prefill" request_id=1fedcab1-bbaa-4e0a-a0bb-55cbd4e11000 headers_us=3127
2026-09-26T21:56:56.730882Z	debug	dynamo_generic_rpc_split	generic gRPC unary response	stage="selector" request_id=1fedcab1-bbaa-4e0a-a0bb-55cbd4e11000 elapsed_us=1973
2026-09-26T21:56:56.771141Z	debug	dynamo_generic_rpc_split	generic gRPC response headers	stage="prefill" request_id=52a555e1-84c4-427f-8f41-adcc58108300 headers_us=2293
2026-09-26T21:56:56.773744Z	debug	dynamo_generic_rpc_split	generic gRPC unary response	stage="selector" request_id=52a555e1-84c4-427f-8f41-adcc58108300 elapsed_us=2550
2026-09-26T21:56:56.783293Z	debug	dynamo_generic_rpc_split	generic gRPC response headers	stage="prefill" request_id=8d5bd9c6-1ce7-45e0-9f11-df2beb3bb300 headers_us=2995
2026-09-26T21:56:56.787488Z	debug	dynamo_generic_rpc_split	generic gRPC unary response	stage="selector" request_id=8d5bd9c6-1ce7-45e0-9f11-df2beb3bb300 elapsed_us=4114
2026-09-26T21:56:56.834799Z	debug	dynamo_generic_rpc_split	generic gRPC response headers	stage="prefill" request_id=ecf7b5e1-f2be-4f6e-ace7-5b4ccc5f4c00 headers_us=1694
2026-09-26T21:56:56.837143Z	debug	dynamo_generic_rpc_split	generic gRPC unary response	stage="selector" request_id=ecf7b5e1-f2be-4f6e-ace7-5b4ccc5f4c00 elapsed_us=2240
2026-09-26T21:56:56.848045Z	debug	dynamo_generic_rpc_split	generic gRPC response headers	stage="prefill" request_id=568ddd5a-b4e8-4877-8d12-938e35f8c400 headers_us=1353
2026-09-26T21:56:56.849596Z	debug	dynamo_generic_rpc_split	generic gRPC unary response	stage="selector" request_id=568ddd5a-b4e8-4877-8d12-938e35f8c400 elapsed_us=1462
2026-09-26T21:56:56.861211Z	debug	dynamo_generic_rpc_split	generic gRPC response headers	stage="prefill" request_id=4dc04593-21af-414b-adcc-4c6248dcd900 headers_us=5334
2026-09-26T21:56:56.864071Z	debug	dynamo_generic_rpc_split	generic gRPC unary response	stage="selector" request_id=4dc04593-21af-414b-adcc-4c6248dcd900 elapsed_us=2792
2026-09-26T21:56:56.884418Z	debug	dynamo_generic_rpc_split	generic gRPC response headers	stage="prefill" request_id=ac07d24c-9c44-48aa-8bed-c15799f4f200 headers_us=3347
2026-09-26T21:56:56.886083Z	debug	dynamo_generic_rpc_split	generic gRPC unary response	stage="selector" request_id=ac07d24c-9c44-48aa-8bed-c15799f4f200 elapsed_us=1586
2026-09-26T21:56:56.943385Z	debug	dynamo_generic_rpc_split	generic gRPC response headers	stage="prefill" request_id=6edb6b49-ece2-4311-b536-48ba0a0c8100 headers_us=2763
2026-09-26T21:56:56.945442Z	debug	dynamo_generic_rpc_split	generic gRPC response headers	stage="prefill" request_id=a56d3a0b-b55b-43e5-a4ef-ec15113e2b00 headers_us=3876
2026-09-26T21:56:56.945852Z	debug	dynamo_generic_rpc_split	generic gRPC unary response	stage="selector" request_id=6edb6b49-ece2-4311-b536-48ba0a0c8100 elapsed_us=2381
2026-09-26T21:56:56.949784Z	debug	dynamo_generic_rpc_split	generic gRPC response headers	stage="prefill" request_id=0ec56c1e-b97c-445d-91ce-7a73badc7600 headers_us=6058
2026-09-26T21:56:56.950362Z	debug	dynamo_generic_rpc_split	generic gRPC unary response	stage="selector" request_id=a56d3a0b-b55b-43e5-a4ef-ec15113e2b00 elapsed_us=3279
2026-09-26T21:56:56.951857Z	debug	dynamo_generic_rpc_split	generic gRPC unary response	stage="selector" request_id=0ec56c1e-b97c-445d-91ce-7a73badc7600 elapsed_us=1887
2026-09-26T21:56:56.998376Z	debug	dynamo_generic_rpc_split	generic gRPC response headers	stage="prefill" request_id=cbaf64f0-69f1-4f15-ae6c-f5932bab4d00 headers_us=3681
2026-09-26T21:56:57.003015Z	debug	dynamo_generic_rpc_split	generic gRPC unary response	stage="selector" request_id=cbaf64f0-69f1-4f15-ae6c-f5932bab4d00 elapsed_us=4522
2026-09-26T21:56:57.037229Z	debug	dynamo_generic_rpc_split	generic gRPC response headers	stage="prefill" request_id=9e7fc29d-1858-496f-b808-f64ec92d2400 headers_us=2149
2026-09-26T21:56:57.040093Z	debug	dynamo_generic_rpc_split	generic gRPC unary response	stage="selector" request_id=9e7fc29d-1858-496f-b808-f64ec92d2400 elapsed_us=2800
2026-09-26T21:56:57.085374Z	debug	dynamo_generic_rpc_split	generic gRPC response headers	stage="prefill" request_id=1b8b8431-60d0-4de8-a2d3-309ac6701a00 headers_us=943
2026-09-26T21:56:57.087037Z	debug	dynamo_generic_rpc_split	generic gRPC unary response	stage="selector" request_id=1b8b8431-60d0-4de8-a2d3-309ac6701a00 elapsed_us=1421
2026-09-26T21:56:57.108842Z	debug	dynamo_generic_rpc_split	generic gRPC response headers	stage="prefill" request_id=67d3d006-06f1-4459-bad3-1572c3aedd00 headers_us=4077
2026-09-26T21:56:57.110116Z	debug	dynamo_generic_rpc_split	generic gRPC unary response	stage="selector" request_id=67d3d006-06f1-4459-bad3-1572c3aedd00 elapsed_us=1172
2026-09-26T21:56:57.151041Z	debug	dynamo_generic_rpc_split	generic gRPC response headers	stage="prefill" request_id=fd40fb8a-9f8c-44ca-a5b1-f489ad7d9900 headers_us=852
2026-09-26T21:56:57.152123Z	debug	dynamo_generic_rpc_split	generic gRPC unary response	stage="selector" request_id=fd40fb8a-9f8c-44ca-a5b1-f489ad7d9900 elapsed_us=936
2026-09-26T21:56:57.160572Z	debug	dynamo_generic_rpc_split	generic gRPC response headers	stage="prefill" request_id=10129477-c6b6-4b3e-8585-4fe18301a600 headers_us=2203
2026-09-26T21:56:57.163015Z	debug	dynamo_generic_rpc_split	generic gRPC unary response	stage="selector" request_id=10129477-c6b6-4b3e-8585-4fe18301a600 elapsed_us=2391
2026-09-26T21:56:57.189164Z	debug	dynamo_generic_rpc_split	generic gRPC response headers	stage="prefill" request_id=5261a0b5-d331-4acc-8d56-1f2c27603500 headers_us=3389
2026-09-26T21:56:57.195057Z	debug	dynamo_generic_rpc_split	generic gRPC unary response	stage="selector" request_id=5261a0b5-d331-4acc-8d56-1f2c27603500 elapsed_us=5811
2026-09-26T21:56:57.204192Z	debug	dynamo_generic_rpc_split	generic gRPC response headers	stage="prefill" request_id=9a56bbf1-4324-4512-a3b8-635a88d60900 headers_us=2876
2026-09-26T21:56:57.211210Z	debug	dynamo_generic_rpc_split	generic gRPC unary response	stage="selector" request_id=9a56bbf1-4324-4512-a3b8-635a88d60900 elapsed_us=6928
2026-09-26T21:56:57.227294Z	debug	dynamo_generic_rpc_split	generic gRPC response headers	stage="prefill" request_id=0660f154-24df-4c6f-b735-e8432c84a400 headers_us=1758
2026-09-26T21:56:57.235109Z	debug	dynamo_generic_rpc_split	generic gRPC unary response	stage="selector" request_id=0660f154-24df-4c6f-b735-e8432c84a400 elapsed_us=7664
2026-09-26T21:56:57.265046Z	debug	dynamo_generic_rpc_split	generic gRPC response headers	stage="prefill" request_id=6c681252-8af5-4b54-89c8-0167b1cc5000 headers_us=4904
2026-09-26T21:56:57.266855Z	debug	dynamo_generic_rpc_split	generic gRPC unary response	stage="selector" request_id=6c681252-8af5-4b54-89c8-0167b1cc5000 elapsed_us=1681
2026-09-26T21:56:57.293640Z	debug	dynamo_generic_rpc_split	generic gRPC response headers	stage="prefill" request_id=d7556be3-827c-4832-a101-570db1a9d400 headers_us=2648
2026-09-26T21:56:57.295339Z	debug	dynamo_generic_rpc_split	generic gRPC unary response	stage="selector" request_id=d7556be3-827c-4832-a101-570db1a9d400 elapsed_us=1621
2026-09-26T21:56:57.308037Z	debug	dynamo_generic_rpc_split	generic gRPC response headers	stage="prefill" request_id=8b6926d3-7ab6-444f-a7f9-66c8030fb800 headers_us=6008
2026-09-26T21:56:57.310567Z	debug	dynamo_generic_rpc_split	generic gRPC response headers	stage="prefill" request_id=81a532a2-81e3-4bf6-9aa3-cc5740d07200 headers_us=9133
2026-09-26T21:56:57.311979Z	debug	dynamo_generic_rpc_split	generic gRPC unary response	stage="selector" request_id=81a532a2-81e3-4bf6-9aa3-cc5740d07200 elapsed_us=1305
2026-09-26T21:56:57.316038Z	debug	dynamo_generic_rpc_split	generic gRPC unary response	stage="selector" request_id=8b6926d3-7ab6-444f-a7f9-66c8030fb800 elapsed_us=5513
2026-09-26T21:56:57.338558Z	debug	dynamo_generic_rpc_split	generic gRPC response headers	stage="prefill" request_id=143401b0-2aac-4b14-80ca-386fc8645900 headers_us=9183
2026-09-26T21:56:57.339867Z	debug	dynamo_generic_rpc_split	generic gRPC response headers	stage="prefill" request_id=1d583805-eef0-460d-bc4d-fb524bd28800 headers_us=6186
2026-09-26T21:56:57.343610Z	debug	dynamo_generic_rpc_split	generic gRPC response headers	stage="prefill" request_id=a7d70a56-8ff3-4c33-8142-171f8a9bdc00 headers_us=2883
2026-09-26T21:56:57.344910Z	debug	dynamo_generic_rpc_split	generic gRPC unary response	stage="selector" request_id=143401b0-2aac-4b14-80ca-386fc8645900 elapsed_us=6296
2026-09-26T21:56:57.345548Z	debug	dynamo_generic_rpc_split	generic gRPC unary response	stage="selector" request_id=1d583805-eef0-460d-bc4d-fb524bd28800 elapsed_us=5584
2026-09-26T21:56:57.346521Z	debug	dynamo_generic_rpc_split	generic gRPC response headers	stage="prefill" request_id=9823135b-b38d-46bf-b46b-4b9996bb4300 headers_us=5847
2026-09-26T21:56:57.348886Z	debug	dynamo_generic_rpc_split	generic gRPC unary response	stage="selector" request_id=a7d70a56-8ff3-4c33-8142-171f8a9bdc00 elapsed_us=5174
2026-09-26T21:56:57.353042Z	debug	dynamo_generic_rpc_split	generic gRPC unary response	stage="selector" request_id=9823135b-b38d-46bf-b46b-4b9996bb4300 elapsed_us=6453
2026-09-26T21:56:57.475850Z	debug	dynamo_generic_rpc_split	generic gRPC response headers	stage="prefill" request_id=9103ec2a-3bf3-43fe-99dd-9dece9b77c00 headers_us=2783
2026-09-26T21:56:57.478525Z	debug	dynamo_generic_rpc_split	generic gRPC unary response	stage="selector" request_id=9103ec2a-3bf3-43fe-99dd-9dece9b77c00 elapsed_us=2552
2026-09-26T21:56:57.489241Z	debug	dynamo_generic_rpc_split	generic gRPC response headers	stage="prefill" request_id=06b42759-325f-43b5-ab08-245bf3375100 headers_us=2116
2026-09-26T21:56:57.492843Z	debug	dynamo_generic_rpc_split	generic gRPC unary response	stage="selector" request_id=06b42759-325f-43b5-ab08-245bf3375100 elapsed_us=3528
2026-09-26T21:56:57.510384Z	debug	dynamo_generic_rpc_split	generic gRPC response headers	stage="prefill" request_id=b1906337-f696-4c55-968a-bab4ec831500 headers_us=2254
2026-09-26T21:56:57.512571Z	debug	dynamo_generic_rpc_split	generic gRPC unary response	stage="selector" request_id=b1906337-f696-4c55-968a-bab4ec831500 elapsed_us=2060
2026-09-26T21:56:57.548331Z	debug	dynamo_generic_rpc_split	generic gRPC response headers	stage="prefill" request_id=3420f8c5-0ec8-42bc-ab76-33ca651a8300 headers_us=1883
2026-09-26T21:56:57.551263Z	debug	dynamo_generic_rpc_split	generic gRPC unary response	stage="selector" request_id=3420f8c5-0ec8-42bc-ab76-33ca651a8300 elapsed_us=2298
2026-09-26T21:56:57.555408Z	debug	dynamo_generic_rpc_split	generic gRPC response headers	stage="prefill" request_id=f1ef585e-39da-4a0e-8db3-99a23a542000 headers_us=3904
2026-09-26T21:56:57.559600Z	debug	dynamo_generic_rpc_split	generic gRPC unary response	stage="selector" request_id=f1ef585e-39da-4a0e-8db3-99a23a542000 elapsed_us=4126
2026-09-26T21:56:57.686497Z	debug	dynamo_generic_rpc_split	generic gRPC response headers	stage="prefill" request_id=df0e6aa3-9097-4962-a8ca-62a75f825000 headers_us=7642
2026-09-26T21:56:57.691496Z	debug	dynamo_generic_rpc_split	generic gRPC unary response	stage="selector" request_id=df0e6aa3-9097-4962-a8ca-62a75f825000 elapsed_us=4909
2026-09-26T21:56:57.696464Z	debug	dynamo_generic_rpc_split	generic gRPC response headers	stage="prefill" request_id=eea01199-e744-4a19-a417-9013bdb96e00 headers_us=3261
2026-09-26T21:56:57.701063Z	debug	dynamo_generic_rpc_split	generic gRPC unary response	stage="selector" request_id=eea01199-e744-4a19-a417-9013bdb96e00 elapsed_us=3295
2026-09-26T21:56:57.704363Z	debug	dynamo_generic_rpc_split	generic gRPC response headers	stage="prefill" request_id=03807eb0-1248-40ac-aa1d-c5dbe15d9a00 headers_us=2465
2026-09-26T21:56:57.708698Z	debug	dynamo_generic_rpc_split	generic gRPC unary response	stage="selector" request_id=03807eb0-1248-40ac-aa1d-c5dbe15d9a00 elapsed_us=4241
2026-09-26T21:56:57.712260Z	debug	dynamo_generic_rpc_split	generic gRPC response headers	stage="prefill" request_id=9fdf2237-bfc8-48e4-bcf6-fbfdb6fca600 headers_us=2264
2026-09-26T21:56:57.714327Z	debug	dynamo_generic_rpc_split	generic gRPC unary response	stage="selector" request_id=9fdf2237-bfc8-48e4-bcf6-fbfdb6fca600 elapsed_us=1945
2026-09-26T21:56:57.715179Z	debug	dynamo_generic_rpc_split	generic gRPC response headers	stage="prefill" request_id=409e4cb2-761a-4dab-b1d7-da2edd43f400 headers_us=2741
2026-09-26T21:56:57.716477Z	debug	dynamo_generic_rpc_split	generic gRPC response headers	stage="prefill" request_id=f50b754f-e16f-4114-8f40-8d93abe77400 headers_us=1701
2026-09-26T21:56:57.717606Z	debug	dynamo_generic_rpc_split	generic gRPC unary response	stage="selector" request_id=409e4cb2-761a-4dab-b1d7-da2edd43f400 elapsed_us=2267
2026-09-26T21:56:57.719055Z	debug	dynamo_generic_rpc_split	generic gRPC unary response	stage="selector" request_id=f50b754f-e16f-4114-8f40-8d93abe77400 elapsed_us=2490
2026-09-26T21:56:57.724522Z	debug	dynamo_generic_rpc_split	generic gRPC response headers	stage="prefill" request_id=4777a570-9797-4389-9122-7a1822dbd500 headers_us=3731
2026-09-26T21:56:57.726683Z	debug	dynamo_generic_rpc_split	generic gRPC unary response	stage="selector" request_id=4777a570-9797-4389-9122-7a1822dbd500 elapsed_us=2054
2026-09-26T21:56:57.744001Z	debug	dynamo_generic_rpc_split	generic gRPC response headers	stage="prefill" request_id=a8b666d7-bffb-4574-bed6-0c3f0b6c2600 headers_us=1440
2026-09-26T21:56:57.748470Z	debug	dynamo_generic_rpc_split	generic gRPC unary response	stage="selector" request_id=a8b666d7-bffb-4574-bed6-0c3f0b6c2600 elapsed_us=3794
2026-09-26T21:56:57.756983Z	debug	dynamo_generic_rpc_split	generic gRPC response headers	stage="prefill" request_id=74cbb7f0-1820-4dbf-85f2-9d19a7221d00 headers_us=8277
2026-09-26T21:56:57.761536Z	debug	dynamo_generic_rpc_split	generic gRPC unary response	stage="selector" request_id=74cbb7f0-1820-4dbf-85f2-9d19a7221d00 elapsed_us=4482
2026-09-26T21:56:57.800807Z	debug	dynamo_generic_rpc_split	generic gRPC response headers	stage="prefill" request_id=9e4a10c0-905f-46d8-8ea4-11e8984de900 headers_us=3303
2026-09-26T21:56:57.804910Z	debug	dynamo_generic_rpc_split	generic gRPC unary response	stage="selector" request_id=9e4a10c0-905f-46d8-8ea4-11e8984de900 elapsed_us=3917
2026-09-26T21:56:57.814425Z	debug	dynamo_generic_rpc_split	generic gRPC response headers	stage="prefill" request_id=d42dbbcd-9b0d-4072-9b13-1dd08a93f300 headers_us=5189
2026-09-26T21:56:57.816998Z	debug	dynamo_generic_rpc_split	generic gRPC response headers	stage="prefill" request_id=2482c5fc-f495-4ad7-8550-a97d613a9e00 headers_us=5274
2026-09-26T21:56:57.821373Z	debug	dynamo_generic_rpc_split	generic gRPC unary response	stage="selector" request_id=2482c5fc-f495-4ad7-8550-a97d613a9e00 elapsed_us=3768
2026-09-26T21:56:57.823953Z	debug	dynamo_generic_rpc_split	generic gRPC unary response	stage="selector" request_id=d42dbbcd-9b0d-4072-9b13-1dd08a93f300 elapsed_us=9440
2026-09-26T21:56:57.834665Z	debug	dynamo_generic_rpc_split	generic gRPC response headers	stage="prefill" request_id=44d2530b-807c-4ec1-973a-699aab1e2700 headers_us=9039
2026-09-26T21:56:57.840378Z	debug	dynamo_generic_rpc_split	generic gRPC unary response	stage="selector" request_id=44d2530b-807c-4ec1-973a-699aab1e2700 elapsed_us=5641
2026-09-26T21:56:57.858925Z	debug	dynamo_generic_rpc_split	generic gRPC response headers	stage="prefill" request_id=23dc228d-4493-4c4a-b625-591884ab8000 headers_us=926
2026-09-26T21:56:57.861823Z	debug	dynamo_generic_rpc_split	generic gRPC unary response	stage="selector" request_id=23dc228d-4493-4c4a-b625-591884ab8000 elapsed_us=2784
2026-09-26T21:56:57.910905Z	debug	dynamo_generic_rpc_split	generic gRPC response headers	stage="prefill" request_id=6cd4f65e-25c7-4de5-a06f-19f8190cc200 headers_us=6534
2026-09-26T21:56:57.913192Z	debug	dynamo_generic_rpc_split	generic gRPC unary response	stage="selector" request_id=6cd4f65e-25c7-4de5-a06f-19f8190cc200 elapsed_us=2128
2026-09-26T21:56:57.974028Z	debug	dynamo_generic_rpc_split	generic gRPC response headers	stage="prefill" request_id=d3d18121-4e3b-4f6b-b3c9-0d3df3391f00 headers_us=1781
2026-09-26T21:56:57.974443Z	debug	dynamo_generic_rpc_split	generic gRPC response headers	stage="prefill" request_id=5eb17897-b64f-4d67-a925-8bccbbf4ba00 headers_us=2356
2026-09-26T21:56:57.975547Z	debug	dynamo_generic_rpc_split	generic gRPC unary response	stage="selector" request_id=d3d18121-4e3b-4f6b-b3c9-0d3df3391f00 elapsed_us=1399
2026-09-26T21:56:57.976524Z	debug	dynamo_generic_rpc_split	generic gRPC unary response	stage="selector" request_id=5eb17897-b64f-4d67-a925-8bccbbf4ba00 elapsed_us=1968
2026-09-26T21:56:58.031490Z	debug	dynamo_generic_rpc_split	generic gRPC response headers	stage="prefill" request_id=52423861-e18d-4390-b50f-3fbfd6b42d00 headers_us=6910
2026-09-26T21:56:58.031601Z	debug	dynamo_generic_rpc_split	generic gRPC response headers	stage="prefill" request_id=544bb507-2859-44fa-8bf3-ca055aafb900 headers_us=9014
2026-09-26T21:56:58.039673Z	debug	dynamo_generic_rpc_split	generic gRPC unary response	stage="selector" request_id=544bb507-2859-44fa-8bf3-ca055aafb900 elapsed_us=7161
2026-09-26T21:56:58.041657Z	debug	dynamo_generic_rpc_split	generic gRPC unary response	stage="selector" request_id=52423861-e18d-4390-b50f-3fbfd6b42d00 elapsed_us=10066
2026-09-26T21:56:58.048995Z	debug	dynamo_generic_rpc_split	generic gRPC response headers	stage="prefill" request_id=935d6c20-9c41-4b21-8427-5dfcda254d00 headers_us=3965
2026-09-26T21:56:58.052419Z	debug	dynamo_generic_rpc_split	generic gRPC unary response	stage="selector" request_id=935d6c20-9c41-4b21-8427-5dfcda254d00 elapsed_us=3363
2026-09-26T21:56:58.057925Z	debug	dynamo_generic_rpc_split	generic gRPC response headers	stage="prefill" request_id=0fd96c8a-313a-4543-99f1-ab511eeee800 headers_us=4819
2026-09-26T21:56:58.062784Z	debug	dynamo_generic_rpc_split	generic gRPC unary response	stage="selector" request_id=0fd96c8a-313a-4543-99f1-ab511eeee800 elapsed_us=4538
2026-09-26T21:56:58.068048Z	debug	dynamo_generic_rpc_split	generic gRPC response headers	stage="prefill" request_id=01f0efd6-0f9c-4ca1-9244-09bc29428500 headers_us=5812
2026-09-26T21:56:58.073121Z	debug	dynamo_generic_rpc_split	generic gRPC unary response	stage="selector" request_id=01f0efd6-0f9c-4ca1-9244-09bc29428500 elapsed_us=4985
2026-09-26T21:56:58.086847Z	debug	dynamo_generic_rpc_split	generic gRPC response headers	stage="prefill" request_id=71f1eef0-27a6-4a10-81fc-3f5f3ea13500 headers_us=2111
2026-09-26T21:56:58.090228Z	debug	dynamo_generic_rpc_split	generic gRPC unary response	stage="selector" request_id=71f1eef0-27a6-4a10-81fc-3f5f3ea13500 elapsed_us=3314
2026-09-26T21:56:58.102059Z	debug	dynamo_generic_rpc_split	generic gRPC response headers	stage="prefill" request_id=6f7ad6d7-e272-4f1b-bd74-162349e3fe00 headers_us=1889
2026-09-26T21:56:58.105279Z	debug	dynamo_generic_rpc_split	generic gRPC unary response	stage="selector" request_id=6f7ad6d7-e272-4f1b-bd74-162349e3fe00 elapsed_us=3128
2026-09-26T21:56:58.135651Z	debug	dynamo_generic_rpc_split	generic gRPC response headers	stage="prefill" request_id=5113b517-e7dd-4873-bdd6-a74fc004ba00 headers_us=3143
2026-09-26T21:56:58.137849Z	debug	dynamo_generic_rpc_split	generic gRPC unary response	stage="selector" request_id=5113b517-e7dd-4873-bdd6-a74fc004ba00 elapsed_us=2069
2026-09-26T21:56:58.156875Z	debug	dynamo_generic_rpc_split	generic gRPC response headers	stage="prefill" request_id=958ff3e0-e646-415e-9f6b-45b534713500 headers_us=3821
2026-09-26T21:56:58.161547Z	debug	dynamo_generic_rpc_split	generic gRPC response headers	stage="prefill" request_id=1359ae84-413c-4c8d-a9a7-4ee21677bf00 headers_us=5021
2026-09-26T21:56:58.162644Z	debug	dynamo_generic_rpc_split	generic gRPC unary response	stage="selector" request_id=958ff3e0-e646-415e-9f6b-45b534713500 elapsed_us=4833
2026-09-26T21:56:58.165926Z	debug	dynamo_generic_rpc_split	generic gRPC unary response	stage="selector" request_id=1359ae84-413c-4c8d-a9a7-4ee21677bf00 elapsed_us=4279
2026-09-26T21:56:58.187230Z	debug	dynamo_generic_rpc_split	generic gRPC response headers	stage="prefill" request_id=098eaf27-7c89-4113-9840-cddbb5098a00 headers_us=3709
2026-09-26T21:56:58.192880Z	debug	dynamo_generic_rpc_split	generic gRPC unary response	stage="selector" request_id=098eaf27-7c89-4113-9840-cddbb5098a00 elapsed_us=5522
2026-09-26T21:56:58.225720Z	debug	dynamo_generic_rpc_split	generic gRPC response headers	stage="prefill" request_id=aea5c267-d477-442b-8657-85d30365cf00 headers_us=3353
2026-09-26T21:56:58.229495Z	debug	dynamo_generic_rpc_split	generic gRPC unary response	stage="selector" request_id=aea5c267-d477-442b-8657-85d30365cf00 elapsed_us=3680
2026-09-26T21:56:58.276772Z	debug	dynamo_generic_rpc_split	generic gRPC response headers	stage="prefill" request_id=f44be9cb-07ee-4788-99ea-17bc04659000 headers_us=6309
2026-09-26T21:56:58.280472Z	debug	dynamo_generic_rpc_split	generic gRPC unary response	stage="selector" request_id=f44be9cb-07ee-4788-99ea-17bc04659000 elapsed_us=3625
2026-09-26T21:56:58.303692Z	debug	dynamo_generic_rpc_split	generic gRPC response headers	stage="prefill" request_id=0d0be1c5-df24-41be-afde-7185f5eee100 headers_us=2043
2026-09-26T21:56:58.307441Z	debug	dynamo_generic_rpc_split	generic gRPC unary response	stage="selector" request_id=0d0be1c5-df24-41be-afde-7185f5eee100 elapsed_us=3617
2026-09-26T21:56:58.323664Z	debug	dynamo_generic_rpc_split	generic gRPC response headers	stage="prefill" request_id=c753a720-e7c1-42d2-8162-b18d3c4da400 headers_us=2833
2026-09-26T21:56:58.326489Z	debug	dynamo_generic_rpc_split	generic gRPC unary response	stage="selector" request_id=c753a720-e7c1-42d2-8162-b18d3c4da400 elapsed_us=2706
2026-09-26T21:56:58.367211Z	debug	dynamo_generic_rpc_split	generic gRPC response headers	stage="prefill" request_id=ca33690e-d30f-442f-ba24-94348ec73300 headers_us=2951
2026-09-26T21:56:58.372853Z	debug	dynamo_generic_rpc_split	generic gRPC unary response	stage="selector" request_id=ca33690e-d30f-442f-ba24-94348ec73300 elapsed_us=3296
2026-09-26T21:56:58.398460Z	debug	dynamo_generic_rpc_split	generic gRPC response headers	stage="prefill" request_id=3ccb675f-c88a-4071-bf6a-1c6bb401f600 headers_us=7497
2026-09-26T21:56:58.403595Z	debug	dynamo_generic_rpc_split	generic gRPC unary response	stage="selector" request_id=3ccb675f-c88a-4071-bf6a-1c6bb401f600 elapsed_us=5033
2026-09-26T21:56:58.447297Z	debug	dynamo_generic_rpc_split	generic gRPC response headers	stage="prefill" request_id=b1811651-b577-43fe-a94e-87b728255400 headers_us=2377
2026-09-26T21:56:58.449764Z	debug	dynamo_generic_rpc_split	generic gRPC response headers	stage="prefill" request_id=b9f52fbd-f7e8-4720-ba33-59f42e84cf00 headers_us=5387
2026-09-26T21:56:58.453871Z	debug	dynamo_generic_rpc_split	generic gRPC unary response	stage="selector" request_id=b1811651-b577-43fe-a94e-87b728255400 elapsed_us=6499
2026-09-26T21:56:58.455068Z	debug	dynamo_generic_rpc_split	generic gRPC unary response	stage="selector" request_id=b9f52fbd-f7e8-4720-ba33-59f42e84cf00 elapsed_us=4641
2026-09-26T21:56:58.460793Z	debug	dynamo_generic_rpc_split	generic gRPC response headers	stage="prefill" request_id=2f038fdb-47cf-4c98-ae52-94339ee1a800 headers_us=3671
2026-09-26T21:56:58.467339Z	debug	dynamo_generic_rpc_split	generic gRPC unary response	stage="selector" request_id=2f038fdb-47cf-4c98-ae52-94339ee1a800 elapsed_us=5712
2026-09-26T21:56:58.470353Z	debug	dynamo_generic_rpc_split	generic gRPC response headers	stage="prefill" request_id=66199d76-e70f-4674-bb40-1c3acc4dc400 headers_us=3605
2026-09-26T21:56:58.473822Z	debug	dynamo_generic_rpc_split	generic gRPC response headers	stage="prefill" request_id=46f7dfde-138c-44ee-b0ab-7e0067869e00 headers_us=7202
2026-09-26T21:56:58.474960Z	debug	dynamo_generic_rpc_split	generic gRPC unary response	stage="selector" request_id=66199d76-e70f-4674-bb40-1c3acc4dc400 elapsed_us=4406
2026-09-26T21:56:58.476540Z	debug	dynamo_generic_rpc_split	generic gRPC unary response	stage="selector" request_id=46f7dfde-138c-44ee-b0ab-7e0067869e00 elapsed_us=2471
2026-09-26T21:56:58.482786Z	debug	dynamo_generic_rpc_split	generic gRPC response headers	stage="prefill" request_id=e8b86117-326c-43fd-bbfb-8b974f3bd600 headers_us=2261
2026-09-26T21:56:58.485267Z	debug	dynamo_generic_rpc_split	generic gRPC unary response	stage="selector" request_id=e8b86117-326c-43fd-bbfb-8b974f3bd600 elapsed_us=2414
2026-09-26T21:56:58.552220Z	debug	dynamo_generic_rpc_split	generic gRPC response headers	stage="prefill" request_id=d940d585-e9ff-48d5-b908-552b771ef500 headers_us=4266
2026-09-26T21:56:58.553594Z	debug	dynamo_generic_rpc_split	generic gRPC response headers	stage="prefill" request_id=f96573bd-6f8e-4982-809f-5e3cd3634700 headers_us=3305
2026-09-26T21:56:58.555527Z	debug	dynamo_generic_rpc_split	generic gRPC unary response	stage="selector" request_id=d940d585-e9ff-48d5-b908-552b771ef500 elapsed_us=3206
2026-09-26T21:56:58.558127Z	debug	dynamo_generic_rpc_split	generic gRPC unary response	stage="selector" request_id=f96573bd-6f8e-4982-809f-5e3cd3634700 elapsed_us=4465
2026-09-26T21:56:58.567137Z	debug	dynamo_generic_rpc_split	generic gRPC response headers	stage="prefill" request_id=87978286-434e-4c16-a17c-1ce02154f300 headers_us=10183
2026-09-26T21:56:58.573525Z	debug	dynamo_generic_rpc_split	generic gRPC unary response	stage="selector" request_id=87978286-434e-4c16-a17c-1ce02154f300 elapsed_us=6338
2026-09-26T21:56:58.595653Z	debug	dynamo_generic_rpc_split	generic gRPC response headers	stage="prefill" request_id=92d111a1-3c91-4577-9d28-c1f6541cf300 headers_us=6069
2026-09-26T21:56:58.600372Z	debug	dynamo_generic_rpc_split	generic gRPC response headers	stage="prefill" request_id=e7c45c24-4d23-44e1-b73c-8e19dd24aa00 headers_us=5126
2026-09-26T21:56:58.607582Z	debug	dynamo_generic_rpc_split	generic gRPC response headers	stage="prefill" request_id=035c062b-3939-4c7e-9880-5b1dc5e42000 headers_us=2315
2026-09-26T21:56:58.607630Z	debug	dynamo_generic_rpc_split	generic gRPC unary response	stage="selector" request_id=92d111a1-3c91-4577-9d28-c1f6541cf300 elapsed_us=7269
2026-09-26T21:56:58.608626Z	debug	dynamo_generic_rpc_split	generic gRPC unary response	stage="selector" request_id=e7c45c24-4d23-44e1-b73c-8e19dd24aa00 elapsed_us=8161
2026-09-26T21:56:58.611154Z	debug	dynamo_generic_rpc_split	generic gRPC response headers	stage="prefill" request_id=3b1e78e6-84cb-48dc-9f2f-3e69673d6f00 headers_us=4624
2026-09-26T21:56:58.614372Z	debug	dynamo_generic_rpc_split	generic gRPC unary response	stage="selector" request_id=035c062b-3939-4c7e-9880-5b1dc5e42000 elapsed_us=6690
2026-09-26T21:56:58.616080Z	debug	dynamo_generic_rpc_split	generic gRPC unary response	stage="selector" request_id=3b1e78e6-84cb-48dc-9f2f-3e69673d6f00 elapsed_us=4088
2026-09-26T21:56:58.688351Z	debug	dynamo_generic_rpc_split	generic gRPC response headers	stage="prefill" request_id=b171e9bd-d17f-4783-bbd2-0d4b3e33e200 headers_us=2776
2026-09-26T21:56:58.692535Z	debug	dynamo_generic_rpc_split	generic gRPC unary response	stage="selector" request_id=b171e9bd-d17f-4783-bbd2-0d4b3e33e200 elapsed_us=4088
2026-09-26T21:56:58.730336Z	debug	dynamo_generic_rpc_split	generic gRPC response headers	stage="prefill" request_id=70d0d161-9315-4f94-a4d2-614ad1694f00 headers_us=5322
2026-09-26T21:56:58.737776Z	debug	dynamo_generic_rpc_split	generic gRPC unary response	stage="selector" request_id=70d0d161-9315-4f94-a4d2-614ad1694f00 elapsed_us=7355
2026-09-26T21:56:58.763651Z	debug	dynamo_generic_rpc_split	generic gRPC response headers	stage="prefill" request_id=48399120-4656-43ef-8fe2-e287778a8f00 headers_us=5210
2026-09-26T21:56:58.772047Z	debug	dynamo_generic_rpc_split	generic gRPC unary response	stage="selector" request_id=48399120-4656-43ef-8fe2-e287778a8f00 elapsed_us=8316
2026-09-26T21:56:58.781861Z	debug	dynamo_generic_rpc_split	generic gRPC response headers	stage="prefill" request_id=5789947d-4abc-4736-a692-59926cd14f00 headers_us=10121
2026-09-26T21:56:58.789333Z	debug	dynamo_generic_rpc_split	generic gRPC unary response	stage="selector" request_id=5789947d-4abc-4736-a692-59926cd14f00 elapsed_us=7242
2026-09-26T21:56:58.792369Z	debug	dynamo_generic_rpc_split	generic gRPC response headers	stage="prefill" request_id=21be2d0e-ccec-4952-b8d0-e7f258ed5a00 headers_us=3124
2026-09-26T21:56:58.792483Z	debug	dynamo_generic_rpc_split	generic gRPC response headers	stage="prefill" request_id=ae2ee601-22dd-4735-afa4-56af7ef91800 headers_us=2580
2026-09-26T21:56:58.795878Z	debug	dynamo_generic_rpc_split	generic gRPC unary response	stage="selector" request_id=ae2ee601-22dd-4735-afa4-56af7ef91800 elapsed_us=3267
2026-09-26T21:56:58.797041Z	debug	dynamo_generic_rpc_split	generic gRPC response headers	stage="prefill" request_id=32963a43-90ae-4ced-bce2-cb4f9330d200 headers_us=7982
2026-09-26T21:56:58.797722Z	debug	dynamo_generic_rpc_split	generic gRPC unary response	stage="selector" request_id=21be2d0e-ccec-4952-b8d0-e7f258ed5a00 elapsed_us=5258
2026-09-26T21:56:58.801128Z	debug	dynamo_generic_rpc_split	generic gRPC unary response	stage="selector" request_id=32963a43-90ae-4ced-bce2-cb4f9330d200 elapsed_us=3973
2026-09-26T21:56:58.818946Z	debug	dynamo_generic_rpc_split	generic gRPC response headers	stage="prefill" request_id=57ccf7a4-7f45-4e91-bde8-b40c6f0cfb00 headers_us=1633
2026-09-26T21:56:58.819588Z	debug	dynamo_generic_rpc_split	generic gRPC response headers	stage="prefill" request_id=1016571d-0903-4ded-8572-4cd41fb42800 headers_us=3925
2026-09-26T21:56:58.821738Z	debug	dynamo_generic_rpc_split	generic gRPC unary response	stage="selector" request_id=1016571d-0903-4ded-8572-4cd41fb42800 elapsed_us=2058
2026-09-26T21:56:58.823260Z	debug	dynamo_generic_rpc_split	generic gRPC unary response	stage="selector" request_id=57ccf7a4-7f45-4e91-bde8-b40c6f0cfb00 elapsed_us=4187
2026-09-26T21:56:58.858739Z	debug	dynamo_generic_rpc_split	generic gRPC response headers	stage="prefill" request_id=cb4e86e6-f350-4ae8-84cc-4e9586ccd000 headers_us=7061
2026-09-26T21:56:58.862770Z	debug	dynamo_generic_rpc_split	generic gRPC unary response	stage="selector" request_id=cb4e86e6-f350-4ae8-84cc-4e9586ccd000 elapsed_us=3957
2026-09-26T21:56:58.862922Z	debug	dynamo_generic_rpc_split	generic gRPC response headers	stage="prefill" request_id=db7ee8c4-350b-449e-899f-42c35c191800 headers_us=2584
2026-09-26T21:56:58.869330Z	debug	dynamo_generic_rpc_split	generic gRPC unary response	stage="selector" request_id=db7ee8c4-350b-449e-899f-42c35c191800 elapsed_us=6310
2026-09-26T21:56:58.876207Z	debug	dynamo_generic_rpc_split	generic gRPC response headers	stage="prefill" request_id=23d6293e-1081-44ad-8fba-1362e6091100 headers_us=4094
2026-09-26T21:56:58.882636Z	debug	dynamo_generic_rpc_split	generic gRPC response headers	stage="prefill" request_id=ca47e461-c75f-4542-952a-810046b5d000 headers_us=3432
2026-09-26T21:56:58.885889Z	debug	dynamo_generic_rpc_split	generic gRPC unary response	stage="selector" request_id=23d6293e-1081-44ad-8fba-1362e6091100 elapsed_us=9610
2026-09-26T21:56:58.892897Z	debug	dynamo_generic_rpc_split	generic gRPC unary response	stage="selector" request_id=ca47e461-c75f-4542-952a-810046b5d000 elapsed_us=10197
2026-09-26T21:56:58.944445Z	debug	dynamo_generic_rpc_split	generic gRPC response headers	stage="prefill" request_id=6105f56f-94f6-4299-b73b-95e017368400 headers_us=2571
2026-09-26T21:56:58.947800Z	debug	dynamo_generic_rpc_split	generic gRPC unary response	stage="selector" request_id=6105f56f-94f6-4299-b73b-95e017368400 elapsed_us=3241
2026-09-26T21:56:58.966010Z	debug	dynamo_generic_rpc_split	generic gRPC response headers	stage="prefill" request_id=bcfbb7ef-8b8d-4251-a0ce-d424d03d0700 headers_us=3363
2026-09-26T21:56:58.968677Z	debug	dynamo_generic_rpc_split	generic gRPC unary response	stage="selector" request_id=bcfbb7ef-8b8d-4251-a0ce-d424d03d0700 elapsed_us=2586
2026-09-26T21:56:58.970738Z	debug	dynamo_generic_rpc_split	generic gRPC response headers	stage="prefill" request_id=6951c79f-6816-4010-8e7b-bb130f063900 headers_us=2757
2026-09-26T21:56:58.974701Z	debug	dynamo_generic_rpc_split	generic gRPC unary response	stage="selector" request_id=6951c79f-6816-4010-8e7b-bb130f063900 elapsed_us=3038
2026-09-26T21:56:58.989368Z	debug	dynamo_generic_rpc_split	generic gRPC response headers	stage="prefill" request_id=de14617d-9fa9-4615-acc8-b5070bb35600 headers_us=1741
2026-09-26T21:56:58.990315Z	debug	dynamo_generic_rpc_split	generic gRPC unary response	stage="selector" request_id=de14617d-9fa9-4615-acc8-b5070bb35600 elapsed_us=819
2026-09-26T21:56:59.006016Z	debug	dynamo_generic_rpc_split	generic gRPC response headers	stage="prefill" request_id=d732cb0c-c65a-4652-bac5-907c0747d600 headers_us=1588
2026-09-26T21:56:59.008157Z	debug	dynamo_generic_rpc_split	generic gRPC unary response	stage="selector" request_id=d732cb0c-c65a-4652-bac5-907c0747d600 elapsed_us=2068
2026-09-26T21:56:59.058239Z	debug	dynamo_generic_rpc_split	generic gRPC response headers	stage="prefill" request_id=cdab8795-da1c-4a72-81cf-0f5a07201400 headers_us=8182
2026-09-26T21:56:59.063329Z	debug	dynamo_generic_rpc_split	generic gRPC unary response	stage="selector" request_id=cdab8795-da1c-4a72-81cf-0f5a07201400 elapsed_us=4977
2026-09-26T21:56:59.081952Z	debug	dynamo_generic_rpc_split	generic gRPC response headers	stage="prefill" request_id=07ad4c5c-5f7b-4424-b717-7e43db9b8d00 headers_us=5471
2026-09-26T21:56:59.088495Z	debug	dynamo_generic_rpc_split	generic gRPC unary response	stage="selector" request_id=07ad4c5c-5f7b-4424-b717-7e43db9b8d00 elapsed_us=6435
2026-09-26T21:56:59.139971Z	debug	dynamo_generic_rpc_split	generic gRPC response headers	stage="prefill" request_id=c0a88e7f-64fc-4396-a17b-ea4629420f00 headers_us=8798
2026-09-26T21:56:59.143460Z	debug	dynamo_generic_rpc_split	generic gRPC unary response	stage="selector" request_id=c0a88e7f-64fc-4396-a17b-ea4629420f00 elapsed_us=3379
2026-09-26T21:56:59.174859Z	debug	dynamo_generic_rpc_split	generic gRPC response headers	stage="prefill" request_id=a2490780-bb4c-4686-9c22-5248baebb100 headers_us=9974
2026-09-26T21:56:59.176245Z	debug	dynamo_generic_rpc_split	generic gRPC response headers	stage="prefill" request_id=29c4d495-1748-4610-b987-3f0aa8b12000 headers_us=5663
2026-09-26T21:56:59.181467Z	debug	dynamo_generic_rpc_split	generic gRPC unary response	stage="selector" request_id=a2490780-bb4c-4686-9c22-5248baebb100 elapsed_us=6472
2026-09-26T21:56:59.183479Z	debug	dynamo_generic_rpc_split	generic gRPC unary response	stage="selector" request_id=29c4d495-1748-4610-b987-3f0aa8b12000 elapsed_us=7139
2026-09-26T21:56:59.292876Z	debug	dynamo_generic_rpc_split	generic gRPC response headers	stage="prefill" request_id=f5dbfccd-5913-40a0-bca7-506a87419700 headers_us=6075
2026-09-26T21:56:59.295484Z	debug	dynamo_generic_rpc_split	generic gRPC unary response	stage="selector" request_id=f5dbfccd-5913-40a0-bca7-506a87419700 elapsed_us=2534
2026-09-26T21:56:59.310018Z	debug	dynamo_generic_rpc_split	generic gRPC response headers	stage="prefill" request_id=6cea36e9-3c80-4e53-86e4-64fd96ea2e00 headers_us=3093
2026-09-26T21:56:59.320652Z	debug	dynamo_generic_rpc_split	generic gRPC unary response	stage="selector" request_id=6cea36e9-3c80-4e53-86e4-64fd96ea2e00 elapsed_us=10561
2026-09-26T21:56:59.326358Z	debug	dynamo_generic_rpc_split	generic gRPC response headers	stage="prefill" request_id=cdf3145f-4bf2-4076-91ef-b17970219200 headers_us=4102
2026-09-26T21:56:59.329583Z	debug	dynamo_generic_rpc_split	generic gRPC unary response	stage="selector" request_id=cdf3145f-4bf2-4076-91ef-b17970219200 elapsed_us=2223
2026-09-26T21:56:59.387830Z	debug	dynamo_generic_rpc_split	generic gRPC response headers	stage="prefill" request_id=da26cf3f-a658-4c69-b6b1-d2950dba1800 headers_us=2865
2026-09-26T21:56:59.391855Z	debug	dynamo_generic_rpc_split	generic gRPC unary response	stage="selector" request_id=da26cf3f-a658-4c69-b6b1-d2950dba1800 elapsed_us=3384
2026-09-26T21:56:59.414454Z	debug	dynamo_generic_rpc_split	generic gRPC response headers	stage="prefill" request_id=6a1eca65-25c3-4916-b5ef-934c8faee200 headers_us=3756
2026-09-26T21:56:59.418615Z	debug	dynamo_generic_rpc_split	generic gRPC unary response	stage="selector" request_id=6a1eca65-25c3-4916-b5ef-934c8faee200 elapsed_us=4008
2026-09-26T21:56:59.476208Z	debug	dynamo_generic_rpc_split	generic gRPC response headers	stage="prefill" request_id=b5864552-2164-4fc0-80a7-57ddb2e77300 headers_us=3124
2026-09-26T21:56:59.478625Z	debug	dynamo_generic_rpc_split	generic gRPC unary response	stage="selector" request_id=b5864552-2164-4fc0-80a7-57ddb2e77300 elapsed_us=2328
2026-09-26T21:56:59.478738Z	debug	dynamo_generic_rpc_split	generic gRPC response headers	stage="prefill" request_id=3afa506a-8bfc-472d-b4bc-388657437600 headers_us=3531
2026-09-26T21:56:59.482957Z	debug	dynamo_generic_rpc_split	generic gRPC unary response	stage="selector" request_id=3afa506a-8bfc-472d-b4bc-388657437600 elapsed_us=4145
2026-09-26T21:56:59.485527Z	debug	dynamo_generic_rpc_split	generic gRPC response headers	stage="prefill" request_id=49a182cc-7bbc-4fbb-8a72-470743f71200 headers_us=3946
2026-09-26T21:56:59.488673Z	debug	dynamo_generic_rpc_split	generic gRPC unary response	stage="selector" request_id=49a182cc-7bbc-4fbb-8a72-470743f71200 elapsed_us=3077
2026-09-26T21:56:59.490834Z	debug	dynamo_generic_rpc_split	generic gRPC response headers	stage="prefill" request_id=37ad5723-3f63-4b16-85a8-b3ba99ab5200 headers_us=3339
2026-09-26T21:56:59.495462Z	debug	dynamo_generic_rpc_split	generic gRPC unary response	stage="selector" request_id=37ad5723-3f63-4b16-85a8-b3ba99ab5200 elapsed_us=4507
2026-09-26T21:56:59.496389Z	debug	dynamo_generic_rpc_split	generic gRPC response headers	stage="prefill" request_id=75dece6f-3423-4bba-a7f3-defd22f08d00 headers_us=8938
2026-09-26T21:56:59.497851Z	debug	dynamo_generic_rpc_split	generic gRPC response headers	stage="prefill" request_id=cbc26dd2-c1d1-489f-bec9-b549b70b5a00 headers_us=3729
2026-09-26T21:56:59.500682Z	debug	dynamo_generic_rpc_split	generic gRPC unary response	stage="selector" request_id=75dece6f-3423-4bba-a7f3-defd22f08d00 elapsed_us=4161
2026-09-26T21:56:59.501127Z	debug	dynamo_generic_rpc_split	generic gRPC unary response	stage="selector" request_id=cbc26dd2-c1d1-489f-bec9-b549b70b5a00 elapsed_us=3216
2026-09-26T21:56:59.542384Z	debug	dynamo_generic_rpc_split	generic gRPC response headers	stage="prefill" request_id=0457aa98-db8a-41f6-8237-1d9cd97b8a00 headers_us=4282
2026-09-26T21:56:59.544917Z	debug	dynamo_generic_rpc_split	generic gRPC unary response	stage="selector" request_id=0457aa98-db8a-41f6-8237-1d9cd97b8a00 elapsed_us=2390
2026-09-26T21:56:59.569589Z	debug	dynamo_generic_rpc_split	generic gRPC response headers	stage="prefill" request_id=5bbadd60-464a-4110-a742-9099cb9c9600 headers_us=1015
2026-09-26T21:56:59.571524Z	debug	dynamo_generic_rpc_split	generic gRPC response headers	stage="prefill" request_id=04e1cf86-05ad-49fe-933f-22b7cdb25f00 headers_us=1924
2026-09-26T21:56:59.572843Z	debug	dynamo_generic_rpc_split	generic gRPC unary response	stage="selector" request_id=5bbadd60-464a-4110-a742-9099cb9c9600 elapsed_us=2710
2026-09-26T21:56:59.574011Z	debug	dynamo_generic_rpc_split	generic gRPC unary response	stage="selector" request_id=04e1cf86-05ad-49fe-933f-22b7cdb25f00 elapsed_us=2402
2026-09-26T21:56:59.594496Z	debug	dynamo_generic_rpc_split	generic gRPC response headers	stage="prefill" request_id=2d060868-d13c-452e-9fbc-710dd78df900 headers_us=2039
2026-09-26T21:56:59.597774Z	debug	dynamo_generic_rpc_split	generic gRPC unary response	stage="selector" request_id=2d060868-d13c-452e-9fbc-710dd78df900 elapsed_us=3174
2026-09-26T21:56:59.618641Z	debug	dynamo_generic_rpc_split	generic gRPC response headers	stage="prefill" request_id=92ba6ff7-a6b0-420b-bcea-a985e7491d00 headers_us=2145
2026-09-26T21:56:59.619600Z	debug	dynamo_generic_rpc_split	generic gRPC response headers	stage="prefill" request_id=e37b6dcd-90e3-4256-a998-f7cef07c1f00 headers_us=2284
2026-09-26T21:56:59.622120Z	debug	dynamo_generic_rpc_split	generic gRPC unary response	stage="selector" request_id=92ba6ff7-a6b0-420b-bcea-a985e7491d00 elapsed_us=3334
2026-09-26T21:56:59.623811Z	debug	dynamo_generic_rpc_split	generic gRPC unary response	stage="selector" request_id=e37b6dcd-90e3-4256-a998-f7cef07c1f00 elapsed_us=4099
2026-09-26T21:56:59.627639Z	debug	dynamo_generic_rpc_split	generic gRPC response headers	stage="prefill" request_id=93ee3855-a659-4ddf-b39e-7331ad50f100 headers_us=2574
2026-09-26T21:56:59.628347Z	debug	dynamo_generic_rpc_split	generic gRPC response headers	stage="prefill" request_id=46241f28-d19e-4509-8419-dfccc9526700 headers_us=3690
2026-09-26T21:56:59.632477Z	debug	dynamo_generic_rpc_split	generic gRPC unary response	stage="selector" request_id=93ee3855-a659-4ddf-b39e-7331ad50f100 elapsed_us=4702
2026-09-26T21:56:59.632685Z	debug	dynamo_generic_rpc_split	generic gRPC unary response	stage="selector" request_id=46241f28-d19e-4509-8419-dfccc9526700 elapsed_us=4245
2026-09-26T21:56:59.655377Z	debug	dynamo_generic_rpc_split	generic gRPC response headers	stage="prefill" request_id=d21c2c9c-3af5-4b61-ab72-2a880fe67800 headers_us=2898
2026-09-26T21:56:59.659785Z	debug	dynamo_generic_rpc_split	generic gRPC unary response	stage="selector" request_id=d21c2c9c-3af5-4b61-ab72-2a880fe67800 elapsed_us=4327
2026-09-26T21:56:59.678900Z	debug	dynamo_generic_rpc_split	generic gRPC response headers	stage="prefill" request_id=128c253f-b79e-454b-92e5-f3c206612100 headers_us=4153
2026-09-26T21:56:59.681005Z	debug	dynamo_generic_rpc_split	generic gRPC unary response	stage="selector" request_id=128c253f-b79e-454b-92e5-f3c206612100 elapsed_us=1937
2026-09-26T21:56:59.775855Z	debug	dynamo_generic_rpc_split	generic gRPC response headers	stage="prefill" request_id=58e8b159-0f32-4571-93ad-2d5cef525b00 headers_us=2112
2026-09-26T21:56:59.777345Z	debug	dynamo_generic_rpc_split	generic gRPC unary response	stage="selector" request_id=58e8b159-0f32-4571-93ad-2d5cef525b00 elapsed_us=1385
2026-09-26T21:56:59.798348Z	debug	dynamo_generic_rpc_split	generic gRPC response headers	stage="prefill" request_id=cb176bad-83c0-4379-8f6d-0de32f215400 headers_us=3324
2026-09-26T21:56:59.800087Z	debug	dynamo_generic_rpc_split	generic gRPC unary response	stage="selector" request_id=cb176bad-83c0-4379-8f6d-0de32f215400 elapsed_us=1631
2026-09-26T21:56:59.825030Z	debug	dynamo_generic_rpc_split	generic gRPC response headers	stage="prefill" request_id=54140031-2892-4434-b2de-3ce6c7497500 headers_us=2639
2026-09-26T21:56:59.834887Z	debug	dynamo_generic_rpc_split	generic gRPC unary response	stage="selector" request_id=54140031-2892-4434-b2de-3ce6c7497500 elapsed_us=9766
2026-09-26T21:56:59.836164Z	debug	dynamo_generic_rpc_split	generic gRPC response headers	stage="prefill" request_id=3af6d8db-5733-4b5f-85ef-b7e1b3975f00 headers_us=3828
2026-09-26T21:56:59.836281Z	debug	dynamo_generic_rpc_split	generic gRPC response headers	stage="prefill" request_id=5090440c-ef53-4844-9f44-d9771a233200 headers_us=2619
2026-09-26T21:56:59.837753Z	debug	dynamo_generic_rpc_split	generic gRPC response headers	stage="prefill" request_id=42232828-2b4e-400c-ae55-7140b9cc9a00 headers_us=5596
2026-09-26T21:56:59.838894Z	debug	dynamo_generic_rpc_split	generic gRPC unary response	stage="selector" request_id=5090440c-ef53-4844-9f44-d9771a233200 elapsed_us=2551
2026-09-26T21:56:59.839538Z	debug	dynamo_generic_rpc_split	generic gRPC unary response	stage="selector" request_id=3af6d8db-5733-4b5f-85ef-b7e1b3975f00 elapsed_us=3285
2026-09-26T21:56:59.841963Z	debug	dynamo_generic_rpc_split	generic gRPC unary response	stage="selector" request_id=42232828-2b4e-400c-ae55-7140b9cc9a00 elapsed_us=4113
2026-09-26T21:56:59.890481Z	debug	dynamo_generic_rpc_split	generic gRPC response headers	stage="prefill" request_id=1847269b-d646-4370-8d82-7e55d46c2a00 headers_us=2165
2026-09-26T21:56:59.892744Z	debug	dynamo_generic_rpc_split	generic gRPC unary response	stage="selector" request_id=1847269b-d646-4370-8d82-7e55d46c2a00 elapsed_us=2169
2026-09-26T21:56:59.911165Z	debug	dynamo_generic_rpc_split	generic gRPC response headers	stage="prefill" request_id=29d395ba-4f54-49f7-a8a3-1feae5441900 headers_us=2585
2026-09-26T21:56:59.913689Z	debug	dynamo_generic_rpc_split	generic gRPC unary response	stage="selector" request_id=29d395ba-4f54-49f7-a8a3-1feae5441900 elapsed_us=2460
2026-09-26T21:56:59.931271Z	debug	dynamo_generic_rpc_split	generic gRPC response headers	stage="prefill" request_id=865a7821-d9b0-4193-a6e1-9557078d0900 headers_us=1325
2026-09-26T21:56:59.936722Z	debug	dynamo_generic_rpc_split	generic gRPC unary response	stage="selector" request_id=865a7821-d9b0-4193-a6e1-9557078d0900 elapsed_us=5236
2026-09-26T21:57:00.002339Z	debug	dynamo_generic_rpc_split	generic gRPC response headers	stage="prefill" request_id=61602505-8afc-4ef7-aa39-2bce49621800 headers_us=2995
2026-09-26T21:57:00.004104Z	debug	dynamo_generic_rpc_split	generic gRPC unary response	stage="selector" request_id=61602505-8afc-4ef7-aa39-2bce49621800 elapsed_us=1113
2026-09-26T21:57:00.039882Z	debug	dynamo_generic_rpc_split	generic gRPC response headers	stage="prefill" request_id=6c478a06-bcac-4193-9fb2-6334537d5100 headers_us=3535
2026-09-26T21:57:00.047286Z	debug	dynamo_generic_rpc_split	generic gRPC response headers	stage="prefill" request_id=894f2a5b-4366-48b2-9230-048384d2ec00 headers_us=5721
2026-09-26T21:57:00.047473Z	debug	dynamo_generic_rpc_split	generic gRPC unary response	stage="selector" request_id=6c478a06-bcac-4193-9fb2-6334537d5100 elapsed_us=7453
2026-09-26T21:57:00.051433Z	debug	dynamo_generic_rpc_split	generic gRPC unary response	stage="selector" request_id=894f2a5b-4366-48b2-9230-048384d2ec00 elapsed_us=4070
2026-09-26T21:57:00.058564Z	debug	dynamo_generic_rpc_split	generic gRPC response headers	stage="prefill" request_id=3ecef0c6-e0f4-438b-8803-083d8f174900 headers_us=6346
2026-09-26T21:57:00.061178Z	debug	dynamo_generic_rpc_split	generic gRPC unary response	stage="selector" request_id=3ecef0c6-e0f4-438b-8803-083d8f174900 elapsed_us=2558
2026-09-26T21:57:00.066089Z	debug	dynamo_generic_rpc_split	generic gRPC response headers	stage="prefill" request_id=8f1e8d1f-4d0d-4ae4-9dd9-3a0dd2f7ed00 headers_us=3755
2026-09-26T21:57:00.068573Z	debug	dynamo_generic_rpc_split	generic gRPC response headers	stage="prefill" request_id=a55aae32-88dc-4c04-a2f6-dc4d40587100 headers_us=2429
2026-09-26T21:57:00.068828Z	debug	dynamo_generic_rpc_split	generic gRPC unary response	stage="selector" request_id=8f1e8d1f-4d0d-4ae4-9dd9-3a0dd2f7ed00 elapsed_us=2661
2026-09-26T21:57:00.072017Z	debug	dynamo_generic_rpc_split	generic gRPC unary response	stage="selector" request_id=a55aae32-88dc-4c04-a2f6-dc4d40587100 elapsed_us=3365
2026-09-26T21:57:00.099998Z	debug	dynamo_generic_rpc_split	generic gRPC response headers	stage="prefill" request_id=93d198ab-c775-418a-b1fa-ced2ff264000 headers_us=1355
2026-09-26T21:57:00.102620Z	debug	dynamo_generic_rpc_split	generic gRPC unary response	stage="selector" request_id=93d198ab-c775-418a-b1fa-ced2ff264000 elapsed_us=2576
2026-09-26T21:57:00.124917Z	debug	dynamo_generic_rpc_split	generic gRPC response headers	stage="prefill" request_id=2939ece3-b985-4802-adb0-d699c6477b00 headers_us=2827
2026-09-26T21:57:00.129702Z	debug	dynamo_generic_rpc_split	generic gRPC unary response	stage="selector" request_id=2939ece3-b985-4802-adb0-d699c6477b00 elapsed_us=3484
2026-09-26T21:57:00.131643Z	debug	dynamo_generic_rpc_split	generic gRPC response headers	stage="prefill" request_id=7be61f43-2719-47b7-a7c7-6e4c1b645800 headers_us=4348
2026-09-26T21:57:00.136798Z	debug	dynamo_generic_rpc_split	generic gRPC unary response	stage="selector" request_id=7be61f43-2719-47b7-a7c7-6e4c1b645800 elapsed_us=5035
2026-09-26T21:57:00.186972Z	debug	dynamo_generic_rpc_split	generic gRPC response headers	stage="prefill" request_id=18ca84c9-e3ae-45ff-91a5-075d36c4b300 headers_us=3339
2026-09-26T21:57:00.189644Z	debug	dynamo_generic_rpc_split	generic gRPC unary response	stage="selector" request_id=18ca84c9-e3ae-45ff-91a5-075d36c4b300 elapsed_us=2589
2026-09-26T21:57:00.203878Z	debug	dynamo_generic_rpc_split	generic gRPC response headers	stage="prefill" request_id=14a20a6e-c4aa-445d-899e-540c354a5e00 headers_us=2557
2026-09-26T21:57:00.205883Z	debug	dynamo_generic_rpc_split	generic gRPC unary response	stage="selector" request_id=14a20a6e-c4aa-445d-899e-540c354a5e00 elapsed_us=1767
2026-09-26T21:57:00.215087Z	debug	dynamo_generic_rpc_split	generic gRPC response headers	stage="prefill" request_id=365b6a48-f84f-4752-a53a-75e865387500 headers_us=3005
2026-09-26T21:57:00.222835Z	debug	dynamo_generic_rpc_split	generic gRPC unary response	stage="selector" request_id=365b6a48-f84f-4752-a53a-75e865387500 elapsed_us=5558
2026-09-26T21:57:00.256620Z	debug	dynamo_generic_rpc_split	generic gRPC response headers	stage="prefill" request_id=90e3cc08-354f-4ae7-acdf-b15a5cd6ea00 headers_us=2736
2026-09-26T21:57:00.257628Z	debug	dynamo_generic_rpc_split	generic gRPC unary response	stage="selector" request_id=90e3cc08-354f-4ae7-acdf-b15a5cd6ea00 elapsed_us=906
2026-09-26T21:57:00.284535Z	debug	dynamo_generic_rpc_split	generic gRPC response headers	stage="prefill" request_id=688357b5-5535-4abd-a216-f682089fd100 headers_us=1733
2026-09-26T21:57:00.286836Z	debug	dynamo_generic_rpc_split	generic gRPC unary response	stage="selector" request_id=688357b5-5535-4abd-a216-f682089fd100 elapsed_us=2167
2026-09-26T21:57:00.323371Z	debug	dynamo_generic_rpc_split	generic gRPC response headers	stage="prefill" request_id=ed649b76-e793-413e-8fbb-6f5ef8bb5500 headers_us=4951
2026-09-26T21:57:00.327601Z	debug	dynamo_generic_rpc_split	generic gRPC unary response	stage="selector" request_id=ed649b76-e793-413e-8fbb-6f5ef8bb5500 elapsed_us=4120
2026-09-26T21:57:00.377152Z	debug	dynamo_generic_rpc_split	generic gRPC response headers	stage="prefill" request_id=b4791339-e4aa-47fc-a47a-3a8a5830ee00 headers_us=2137
2026-09-26T21:57:00.379585Z	debug	dynamo_generic_rpc_split	generic gRPC unary response	stage="selector" request_id=b4791339-e4aa-47fc-a47a-3a8a5830ee00 elapsed_us=2298
2026-09-26T21:57:00.418366Z	debug	dynamo_generic_rpc_split	generic gRPC response headers	stage="prefill" request_id=f5cc6443-a894-462b-af24-7561e86be400 headers_us=1869
2026-09-26T21:57:00.420152Z	debug	dynamo_generic_rpc_split	generic gRPC unary response	stage="selector" request_id=f5cc6443-a894-462b-af24-7561e86be400 elapsed_us=1643
2026-09-26T21:57:00.421119Z	debug	dynamo_generic_rpc_split	generic gRPC response headers	stage="prefill" request_id=3149c841-e38c-49be-acc7-f1c0d9b68000 headers_us=3297
2026-09-26T21:57:00.423949Z	debug	dynamo_generic_rpc_split	generic gRPC unary response	stage="selector" request_id=3149c841-e38c-49be-acc7-f1c0d9b68000 elapsed_us=2754
2026-09-26T21:57:00.443723Z	debug	dynamo_generic_rpc_split	generic gRPC response headers	stage="prefill" request_id=528ab332-7f9c-46af-b295-453c727f6e00 headers_us=3979
2026-09-26T21:57:00.448378Z	debug	dynamo_generic_rpc_split	generic gRPC unary response	stage="selector" request_id=528ab332-7f9c-46af-b295-453c727f6e00 elapsed_us=4562
2026-09-26T21:57:00.470530Z	debug	dynamo_generic_rpc_split	generic gRPC response headers	stage="prefill" request_id=fe50764d-8ff3-4a40-acb8-959dc45a8c00 headers_us=4771
2026-09-26T21:57:00.472406Z	debug	dynamo_generic_rpc_split	generic gRPC response headers	stage="prefill" request_id=dcf0719e-e80d-44cb-b874-da2c787de800 headers_us=2845
2026-09-26T21:57:00.474316Z	debug	dynamo_generic_rpc_split	generic gRPC unary response	stage="selector" request_id=dcf0719e-e80d-44cb-b874-da2c787de800 elapsed_us=1708
2026-09-26T21:57:00.475973Z	debug	dynamo_generic_rpc_split	generic gRPC unary response	stage="selector" request_id=fe50764d-8ff3-4a40-acb8-959dc45a8c00 elapsed_us=5311
2026-09-26T21:57:00.538271Z	debug	dynamo_generic_rpc_split	generic gRPC response headers	stage="prefill" request_id=abbe5f51-ca7a-4866-9fe9-1eb7d8454b00 headers_us=1708
2026-09-26T21:57:00.539650Z	debug	dynamo_generic_rpc_split	generic gRPC unary response	stage="selector" request_id=abbe5f51-ca7a-4866-9fe9-1eb7d8454b00 elapsed_us=1273
2026-09-26T21:57:00.564082Z	debug	dynamo_generic_rpc_split	generic gRPC response headers	stage="prefill" request_id=4430d5cb-8ba5-4403-af73-9758cb336900 headers_us=3356
2026-09-26T21:57:00.567665Z	debug	dynamo_generic_rpc_split	generic gRPC unary response	stage="selector" request_id=4430d5cb-8ba5-4403-af73-9758cb336900 elapsed_us=3491
2026-09-26T21:57:00.615722Z	debug	dynamo_generic_rpc_split	generic gRPC response headers	stage="prefill" request_id=4c27053d-5d1c-452c-9d39-f71423cb6800 headers_us=1756
2026-09-26T21:57:00.617060Z	debug	dynamo_generic_rpc_split	generic gRPC response headers	stage="prefill" request_id=04fdd970-d35a-408f-a3c9-282d277cdd00 headers_us=2852
2026-09-26T21:57:00.618723Z	debug	dynamo_generic_rpc_split	generic gRPC unary response	stage="selector" request_id=4c27053d-5d1c-452c-9d39-f71423cb6800 elapsed_us=2902
2026-09-26T21:57:00.619492Z	debug	dynamo_generic_rpc_split	generic gRPC unary response	stage="selector" request_id=04fdd970-d35a-408f-a3c9-282d277cdd00 elapsed_us=1836
2026-09-26T21:57:00.688596Z	debug	dynamo_generic_rpc_split	generic gRPC response headers	stage="prefill" request_id=17f7cc7d-57b5-41b9-a1f2-b5d5498d6500 headers_us=3976
2026-09-26T21:57:00.688596Z	debug	dynamo_generic_rpc_split	generic gRPC response headers	stage="prefill" request_id=92582f89-6731-4377-a1c2-9793b8c0b300 headers_us=4142
2026-09-26T21:57:00.691048Z	debug	dynamo_generic_rpc_split	generic gRPC unary response	stage="selector" request_id=92582f89-6731-4377-a1c2-9793b8c0b300 elapsed_us=2365
2026-09-26T21:57:00.692863Z	debug	dynamo_generic_rpc_split	generic gRPC unary response	stage="selector" request_id=17f7cc7d-57b5-41b9-a1f2-b5d5498d6500 elapsed_us=4212
2026-09-26T21:57:00.701065Z	debug	dynamo_generic_rpc_split	generic gRPC response headers	stage="prefill" request_id=62b00ed5-28c8-41ef-baf9-f36a36afbe00 headers_us=2253
2026-09-26T21:57:00.705296Z	debug	dynamo_generic_rpc_split	generic gRPC unary response	stage="selector" request_id=62b00ed5-28c8-41ef-baf9-f36a36afbe00 elapsed_us=4123
2026-09-26T21:57:00.706368Z	debug	dynamo_generic_rpc_split	generic gRPC response headers	stage="prefill" request_id=a7ae1cc9-d1f4-49d9-af38-7236df4e6b00 headers_us=2560
2026-09-26T21:57:00.707020Z	debug	dynamo_generic_rpc_split	generic gRPC response headers	stage="prefill" request_id=f72929b7-e0e4-4485-b95c-02afea9d7100 headers_us=3956
2026-09-26T21:57:00.712103Z	debug	dynamo_generic_rpc_split	generic gRPC unary response	stage="selector" request_id=f72929b7-e0e4-4485-b95c-02afea9d7100 elapsed_us=4988
2026-09-26T21:57:00.712312Z	debug	dynamo_generic_rpc_split	generic gRPC unary response	stage="selector" request_id=a7ae1cc9-d1f4-49d9-af38-7236df4e6b00 elapsed_us=5880
2026-09-26T21:57:00.726521Z	debug	dynamo_generic_rpc_split	generic gRPC response headers	stage="prefill" request_id=73ade352-6339-49e4-bbfe-68a6b72a2d00 headers_us=3070
2026-09-26T21:57:00.728226Z	debug	dynamo_generic_rpc_split	generic gRPC response headers	stage="prefill" request_id=91e2cf86-0671-4c4b-b387-5025fe5e7d00 headers_us=1698
2026-09-26T21:57:00.729302Z	debug	dynamo_generic_rpc_split	generic gRPC unary response	stage="selector" request_id=73ade352-6339-49e4-bbfe-68a6b72a2d00 elapsed_us=2707
2026-09-26T21:57:00.732555Z	debug	dynamo_generic_rpc_split	generic gRPC unary response	stage="selector" request_id=91e2cf86-0671-4c4b-b387-5025fe5e7d00 elapsed_us=4260
2026-09-26T21:57:00.740731Z	debug	dynamo_generic_rpc_split	generic gRPC response headers	stage="prefill" request_id=eb82f6b6-e569-4447-a75f-9b5e0ac32700 headers_us=1916
2026-09-26T21:57:00.742925Z	debug	dynamo_generic_rpc_split	generic gRPC unary response	stage="selector" request_id=eb82f6b6-e569-4447-a75f-9b5e0ac32700 elapsed_us=2116
2026-09-26T21:57:00.743144Z	debug	dynamo_generic_rpc_split	generic gRPC response headers	stage="prefill" request_id=7d188476-5659-4f8b-9d2c-e05983091500 headers_us=3091
2026-09-26T21:57:00.748092Z	debug	dynamo_generic_rpc_split	generic gRPC unary response	stage="selector" request_id=7d188476-5659-4f8b-9d2c-e05983091500 elapsed_us=4859
2026-09-26T21:57:00.757328Z	debug	dynamo_generic_rpc_split	generic gRPC response headers	stage="prefill" request_id=e9ed9a34-259f-46b0-ade0-7e589e0d0f00 headers_us=2573
2026-09-26T21:57:00.760416Z	debug	dynamo_generic_rpc_split	generic gRPC unary response	stage="selector" request_id=e9ed9a34-259f-46b0-ade0-7e589e0d0f00 elapsed_us=2869
2026-09-26T21:57:00.778178Z	debug	dynamo_generic_rpc_split	generic gRPC response headers	stage="prefill" request_id=f1aab2bd-68c8-4867-b53a-72febb7bfa00 headers_us=1861
2026-09-26T21:57:00.779801Z	debug	dynamo_generic_rpc_split	generic gRPC unary response	stage="selector" request_id=f1aab2bd-68c8-4867-b53a-72febb7bfa00 elapsed_us=1562
2026-09-26T21:57:00.787066Z	debug	dynamo_generic_rpc_split	generic gRPC response headers	stage="prefill" request_id=1b6b8294-d8e7-4b5a-b2dd-4341fcd9b900 headers_us=3283
2026-09-26T21:57:00.788290Z	debug	dynamo_generic_rpc_split	generic gRPC response headers	stage="prefill" request_id=8349dd23-b967-47bd-b085-e327070fbf00 headers_us=2298
2026-09-26T21:57:00.788405Z	debug	dynamo_generic_rpc_split	generic gRPC unary response	stage="selector" request_id=1b6b8294-d8e7-4b5a-b2dd-4341fcd9b900 elapsed_us=1212
2026-09-26T21:57:00.789294Z	debug	dynamo_generic_rpc_split	generic gRPC response headers	stage="prefill" request_id=c421a6bb-c0c2-4c96-9b96-8fac5a38a600 headers_us=1319
2026-09-26T21:57:00.792571Z	debug	dynamo_generic_rpc_split	generic gRPC unary response	stage="selector" request_id=c421a6bb-c0c2-4c96-9b96-8fac5a38a600 elapsed_us=3153
2026-09-26T21:57:00.792981Z	debug	dynamo_generic_rpc_split	generic gRPC unary response	stage="selector" request_id=8349dd23-b967-47bd-b085-e327070fbf00 elapsed_us=4570
2026-09-26T21:57:00.806734Z	debug	dynamo_generic_rpc_split	generic gRPC response headers	stage="prefill" request_id=e382d410-8e9d-4a53-96e2-6d7e492f1300 headers_us=2387
2026-09-26T21:57:00.808871Z	debug	dynamo_generic_rpc_split	generic gRPC unary response	stage="selector" request_id=e382d410-8e9d-4a53-96e2-6d7e492f1300 elapsed_us=1982
2026-09-26T21:57:00.841874Z	debug	dynamo_generic_rpc_split	generic gRPC response headers	stage="prefill" request_id=ca89f85a-8880-454d-9b84-d43936830d00 headers_us=3523
2026-09-26T21:57:00.844748Z	debug	dynamo_generic_rpc_split	generic gRPC unary response	stage="selector" request_id=ca89f85a-8880-454d-9b84-d43936830d00 elapsed_us=2757
2026-09-26T21:57:00.847284Z	debug	dynamo_generic_rpc_split	generic gRPC response headers	stage="prefill" request_id=2ff03863-d9fd-4fa1-9381-3e339c9aa400 headers_us=2543
2026-09-26T21:57:00.852742Z	debug	dynamo_generic_rpc_split	generic gRPC unary response	stage="selector" request_id=2ff03863-d9fd-4fa1-9381-3e339c9aa400 elapsed_us=5389
2026-09-26T21:57:00.862138Z	debug	dynamo_generic_rpc_split	generic gRPC response headers	stage="prefill" request_id=ff765207-a2b8-4a21-89f3-4df4cb6e2200 headers_us=4877
2026-09-26T21:57:00.865998Z	debug	dynamo_generic_rpc_split	generic gRPC unary response	stage="selector" request_id=ff765207-a2b8-4a21-89f3-4df4cb6e2200 elapsed_us=3805
2026-09-26T21:57:00.880686Z	debug	dynamo_generic_rpc_split	generic gRPC response headers	stage="prefill" request_id=c283dc5e-d95f-4913-bfa3-9caa5e496300 headers_us=1770
2026-09-26T21:57:00.885025Z	debug	dynamo_generic_rpc_split	generic gRPC unary response	stage="selector" request_id=c283dc5e-d95f-4913-bfa3-9caa5e496300 elapsed_us=1878
2026-09-26T21:57:00.979055Z	debug	dynamo_generic_rpc_split	generic gRPC response headers	stage="prefill" request_id=7ba7fd06-ba1e-4eb7-8b55-c2fb0c954100 headers_us=2930
2026-09-26T21:57:00.980504Z	debug	dynamo_generic_rpc_split	generic gRPC unary response	stage="selector" request_id=7ba7fd06-ba1e-4eb7-8b55-c2fb0c954100 elapsed_us=1338
2026-09-26T21:57:00.989528Z	debug	dynamo_generic_rpc_split	generic gRPC response headers	stage="prefill" request_id=f8e71a8c-aa74-496b-b917-b07a679f9700 headers_us=5544
2026-09-26T21:57:00.990922Z	debug	dynamo_generic_rpc_split	generic gRPC unary response	stage="selector" request_id=f8e71a8c-aa74-496b-b917-b07a679f9700 elapsed_us=1237
2026-09-26T21:57:01.017180Z	debug	dynamo_generic_rpc_split	generic gRPC response headers	stage="prefill" request_id=dd111134-63ef-4fe4-add8-706556a1ea00 headers_us=1020
2026-09-26T21:57:01.018410Z	debug	dynamo_generic_rpc_split	generic gRPC unary response	stage="selector" request_id=dd111134-63ef-4fe4-add8-706556a1ea00 elapsed_us=1143
2026-09-26T21:57:01.039875Z	debug	dynamo_generic_rpc_split	generic gRPC response headers	stage="prefill" request_id=4e4b588f-75ee-46a7-989f-ba1a85b7f200 headers_us=2513
2026-09-26T21:57:01.043308Z	debug	dynamo_generic_rpc_split	generic gRPC response headers	stage="prefill" request_id=15f765c0-baf0-4b6b-9a35-ed490a7dfe00 headers_us=1397
2026-09-26T21:57:01.044736Z	debug	dynamo_generic_rpc_split	generic gRPC unary response	stage="selector" request_id=4e4b588f-75ee-46a7-989f-ba1a85b7f200 elapsed_us=3517
2026-09-26T21:57:01.045102Z	debug	dynamo_generic_rpc_split	generic gRPC unary response	stage="selector" request_id=15f765c0-baf0-4b6b-9a35-ed490a7dfe00 elapsed_us=1714
2026-09-26T21:57:01.050441Z	debug	dynamo_generic_rpc_split	generic gRPC response headers	stage="prefill" request_id=7371aeb6-0cc1-44f2-a2fd-62198c690500 headers_us=3699
2026-09-26T21:57:01.053309Z	debug	dynamo_generic_rpc_split	generic gRPC unary response	stage="selector" request_id=7371aeb6-0cc1-44f2-a2fd-62198c690500 elapsed_us=2762
2026-09-26T21:57:01.111245Z	debug	dynamo_generic_rpc_split	generic gRPC response headers	stage="prefill" request_id=0e0b0559-ccd6-42b5-b570-ddfdc040db00 headers_us=2764
2026-09-26T21:57:01.114376Z	debug	dynamo_generic_rpc_split	generic gRPC unary response	stage="selector" request_id=0e0b0559-ccd6-42b5-b570-ddfdc040db00 elapsed_us=3041
2026-09-26T21:57:01.162167Z	debug	dynamo_generic_rpc_split	generic gRPC response headers	stage="prefill" request_id=e00e4459-97e9-42e6-b4db-9281eee6a000 headers_us=2600
2026-09-26T21:57:01.163584Z	debug	dynamo_generic_rpc_split	generic gRPC unary response	stage="selector" request_id=e00e4459-97e9-42e6-b4db-9281eee6a000 elapsed_us=1156
2026-09-26T21:57:01.213529Z	debug	dynamo_generic_rpc_split	generic gRPC response headers	stage="prefill" request_id=21b4df01-31fc-427c-9e36-f150223b4200 headers_us=3261
2026-09-26T21:57:01.215555Z	debug	dynamo_generic_rpc_split	generic gRPC unary response	stage="selector" request_id=21b4df01-31fc-427c-9e36-f150223b4200 elapsed_us=1832
2026-09-26T21:57:01.352751Z	debug	dynamo_generic_rpc_split	generic gRPC response headers	stage="prefill" request_id=fe5720ee-9aae-467b-8745-86deb4964d00 headers_us=2147
2026-09-26T21:57:01.354307Z	debug	dynamo_generic_rpc_split	generic gRPC unary response	stage="selector" request_id=fe5720ee-9aae-467b-8745-86deb4964d00 elapsed_us=1485
2026-09-26T21:57:01.360200Z	debug	dynamo_generic_rpc_split	generic gRPC response headers	stage="prefill" request_id=82be4c70-5f69-44ee-b1e1-27639759dd00 headers_us=2517
2026-09-26T21:57:01.362452Z	debug	dynamo_generic_rpc_split	generic gRPC unary response	stage="selector" request_id=82be4c70-5f69-44ee-b1e1-27639759dd00 elapsed_us=2171
2026-09-26T21:57:01.387339Z	debug	dynamo_generic_rpc_split	generic gRPC response headers	stage="prefill" request_id=3dbd0839-c2a1-4c30-931f-b88d9cfa9300 headers_us=987
2026-09-26T21:57:01.389959Z	debug	dynamo_generic_rpc_split	generic gRPC unary response	stage="selector" request_id=3dbd0839-c2a1-4c30-931f-b88d9cfa9300 elapsed_us=2272
2026-09-26T21:57:01.390850Z	debug	dynamo_generic_rpc_split	generic gRPC response headers	stage="prefill" request_id=ea907022-8f3e-46cb-971a-f3f4a19a4800 headers_us=937
2026-09-26T21:57:01.391992Z	debug	dynamo_generic_rpc_split	generic gRPC unary response	stage="selector" request_id=ea907022-8f3e-46cb-971a-f3f4a19a4800 elapsed_us=916
2026-09-26T21:57:01.417808Z	debug	dynamo_generic_rpc_split	generic gRPC response headers	stage="prefill" request_id=1f39ba44-4820-4623-9aa4-af549a5b0100 headers_us=2103
2026-09-26T21:57:01.418967Z	debug	dynamo_generic_rpc_split	generic gRPC unary response	stage="selector" request_id=1f39ba44-4820-4623-9aa4-af549a5b0100 elapsed_us=1085
2026-09-26T21:57:01.474651Z	debug	dynamo_generic_rpc_split	generic gRPC response headers	stage="prefill" request_id=4c56ce1d-b74a-4921-b981-27f57d919600 headers_us=985
2026-09-26T21:57:01.476384Z	debug	dynamo_generic_rpc_split	generic gRPC response headers	stage="prefill" request_id=437a3724-e776-4b0b-8f3b-81053831e500 headers_us=2031
2026-09-26T21:57:01.477635Z	debug	dynamo_generic_rpc_split	generic gRPC unary response	stage="selector" request_id=4c56ce1d-b74a-4921-b981-27f57d919600 elapsed_us=2302
2026-09-26T21:57:01.479439Z	debug	dynamo_generic_rpc_split	generic gRPC unary response	stage="selector" request_id=437a3724-e776-4b0b-8f3b-81053831e500 elapsed_us=2969
2026-09-26T21:57:01.497161Z	debug	dynamo_generic_rpc_split	generic gRPC response headers	stage="prefill" request_id=5c2fadd5-92af-46de-bee2-e0d419196500 headers_us=1980
2026-09-26T21:57:01.499218Z	debug	dynamo_generic_rpc_split	generic gRPC unary response	stage="selector" request_id=5c2fadd5-92af-46de-bee2-e0d419196500 elapsed_us=1664
2026-09-26T21:57:01.516656Z	debug	dynamo_generic_rpc_split	generic gRPC response headers	stage="prefill" request_id=4cc96ef7-4cd6-4a37-bdc2-f5a70f8b5d00 headers_us=1070
2026-09-26T21:57:01.517906Z	debug	dynamo_generic_rpc_split	generic gRPC unary response	stage="selector" request_id=4cc96ef7-4cd6-4a37-bdc2-f5a70f8b5d00 elapsed_us=1157
2026-09-26T21:57:01.547869Z	debug	dynamo_generic_rpc_split	generic gRPC response headers	stage="prefill" request_id=f293cd61-760f-494d-9714-9d21698f2600 headers_us=6157
2026-09-26T21:57:01.550447Z	debug	dynamo_generic_rpc_split	generic gRPC unary response	stage="selector" request_id=f293cd61-760f-494d-9714-9d21698f2600 elapsed_us=2498
2026-09-26T21:57:01.596741Z	debug	dynamo_generic_rpc_split	generic gRPC response headers	stage="prefill" request_id=02187de2-8911-4bca-b3c4-8ae5e13f0d00 headers_us=3136
2026-09-26T21:57:01.599622Z	debug	dynamo_generic_rpc_split	generic gRPC unary response	stage="selector" request_id=02187de2-8911-4bca-b3c4-8ae5e13f0d00 elapsed_us=2819
2026-09-26T21:57:01.642332Z	debug	dynamo_generic_rpc_split	generic gRPC response headers	stage="prefill" request_id=f4c5e1f7-cd71-4e19-b6b5-598c6a2d3f00 headers_us=3655
2026-09-26T21:57:01.643696Z	debug	dynamo_generic_rpc_split	generic gRPC unary response	stage="selector" request_id=f4c5e1f7-cd71-4e19-b6b5-598c6a2d3f00 elapsed_us=1259
2026-09-26T21:57:01.644545Z	debug	dynamo_generic_rpc_split	generic gRPC response headers	stage="prefill" request_id=f0998f0c-8bf9-471d-9c78-f52f1e42e900 headers_us=2926
2026-09-26T21:57:01.646073Z	debug	dynamo_generic_rpc_split	generic gRPC unary response	stage="selector" request_id=f0998f0c-8bf9-471d-9c78-f52f1e42e900 elapsed_us=1351
2026-09-26T21:57:01.662569Z	debug	dynamo_generic_rpc_split	generic gRPC response headers	stage="prefill" request_id=1fca0c92-5e08-4dd5-bd03-7d7911581a00 headers_us=2026
2026-09-26T21:57:01.664350Z	debug	dynamo_generic_rpc_split	generic gRPC unary response	stage="selector" request_id=1fca0c92-5e08-4dd5-bd03-7d7911581a00 elapsed_us=1681
2026-09-26T21:57:01.676980Z	debug	dynamo_generic_rpc_split	generic gRPC response headers	stage="prefill" request_id=03e27042-dfd9-44e3-929a-1573f74f2900 headers_us=1346
2026-09-26T21:57:01.677773Z	debug	dynamo_generic_rpc_split	generic gRPC unary response	stage="selector" request_id=03e27042-dfd9-44e3-929a-1573f74f2900 elapsed_us=723
2026-09-26T21:57:01.681534Z	debug	dynamo_generic_rpc_split	generic gRPC response headers	stage="prefill" request_id=c4b8cf5a-b39a-420e-a544-9365c3031a00 headers_us=3127
2026-09-26T21:57:01.684956Z	debug	dynamo_generic_rpc_split	generic gRPC unary response	stage="selector" request_id=c4b8cf5a-b39a-420e-a544-9365c3031a00 elapsed_us=3282
2026-09-26T21:57:01.690631Z	debug	dynamo_generic_rpc_split	generic gRPC response headers	stage="prefill" request_id=9fb43b5f-f4b4-4859-b5b9-e9553fea6c00 headers_us=3680
2026-09-26T21:57:01.692790Z	debug	dynamo_generic_rpc_split	generic gRPC unary response	stage="selector" request_id=9fb43b5f-f4b4-4859-b5b9-e9553fea6c00 elapsed_us=2118
2026-09-26T21:57:01.735418Z	debug	dynamo_generic_rpc_split	generic gRPC response headers	stage="prefill" request_id=7198095b-a85c-4280-8a26-c9c887f61000 headers_us=3440
2026-09-26T21:57:01.736978Z	debug	dynamo_generic_rpc_split	generic gRPC unary response	stage="selector" request_id=7198095b-a85c-4280-8a26-c9c887f61000 elapsed_us=960
2026-09-26T21:57:01.767640Z	debug	dynamo_generic_rpc_split	generic gRPC response headers	stage="prefill" request_id=69552079-290d-429c-9a64-6d73fdf54900 headers_us=2814
2026-09-26T21:57:01.770829Z	debug	dynamo_generic_rpc_split	generic gRPC unary response	stage="selector" request_id=69552079-290d-429c-9a64-6d73fdf54900 elapsed_us=2000
2026-09-26T21:57:01.834655Z	debug	dynamo_generic_rpc_split	generic gRPC response headers	stage="prefill" request_id=b432a381-633a-43a7-9ec2-0bed908b8900 headers_us=2753
2026-09-26T21:57:01.840564Z	debug	dynamo_generic_rpc_split	generic gRPC unary response	stage="selector" request_id=b432a381-633a-43a7-9ec2-0bed908b8900 elapsed_us=5791
2026-09-26T21:57:01.867293Z	debug	dynamo_generic_rpc_split	generic gRPC response headers	stage="prefill" request_id=4817eef8-2695-4a9b-815a-3c81c0fad300 headers_us=3607
2026-09-26T21:57:01.869193Z	debug	dynamo_generic_rpc_split	generic gRPC unary response	stage="selector" request_id=4817eef8-2695-4a9b-815a-3c81c0fad300 elapsed_us=1834
2026-09-26T21:57:01.899838Z	debug	dynamo_generic_rpc_split	generic gRPC response headers	stage="prefill" request_id=1af7b582-24d2-4ebc-9098-527e6e006a00 headers_us=2080
2026-09-26T21:57:01.904026Z	debug	dynamo_generic_rpc_split	generic gRPC unary response	stage="selector" request_id=1af7b582-24d2-4ebc-9098-527e6e006a00 elapsed_us=4111
2026-09-26T21:57:02.022488Z	debug	dynamo_generic_rpc_split	generic gRPC response headers	stage="prefill" request_id=9df45db7-1e05-48ca-bd81-bd6e3107f200 headers_us=1692
2026-09-26T21:57:02.026048Z	debug	dynamo_generic_rpc_split	generic gRPC unary response	stage="selector" request_id=9df45db7-1e05-48ca-bd81-bd6e3107f200 elapsed_us=3065
2026-09-26T21:57:02.050080Z	debug	dynamo_generic_rpc_split	generic gRPC response headers	stage="prefill" request_id=1d1f60b9-dab3-4579-b9cf-a47550f73a00 headers_us=2382
2026-09-26T21:57:02.051445Z	debug	dynamo_generic_rpc_split	generic gRPC response headers	stage="prefill" request_id=ed437373-56a5-4698-b54f-ccb4d964bb00 headers_us=1662
2026-09-26T21:57:02.053325Z	debug	dynamo_generic_rpc_split	generic gRPC unary response	stage="selector" request_id=ed437373-56a5-4698-b54f-ccb4d964bb00 elapsed_us=1811
2026-09-26T21:57:02.053803Z	debug	dynamo_generic_rpc_split	generic gRPC unary response	stage="selector" request_id=1d1f60b9-dab3-4579-b9cf-a47550f73a00 elapsed_us=3638
2026-09-26T21:57:02.143222Z	debug	dynamo_generic_rpc_split	generic gRPC response headers	stage="prefill" request_id=76c8d62e-dc86-4de3-83f9-a775c6feea00 headers_us=1839
2026-09-26T21:57:02.144343Z	debug	dynamo_generic_rpc_split	generic gRPC unary response	stage="selector" request_id=76c8d62e-dc86-4de3-83f9-a775c6feea00 elapsed_us=1056
2026-09-26T21:57:02.150498Z	debug	dynamo_generic_rpc_split	generic gRPC response headers	stage="prefill" request_id=206d629d-90d1-4328-b5f8-038bfa541d00 headers_us=1342
2026-09-26T21:57:02.154267Z	debug	dynamo_generic_rpc_split	generic gRPC unary response	stage="selector" request_id=206d629d-90d1-4328-b5f8-038bfa541d00 elapsed_us=2434
2026-09-26T21:57:02.193871Z	debug	dynamo_generic_rpc_split	generic gRPC response headers	stage="prefill" request_id=b7c7189f-fc7c-49ea-91f6-edefc6b0ae00 headers_us=1633
2026-09-26T21:57:02.194559Z	debug	dynamo_generic_rpc_split	generic gRPC unary response	stage="selector" request_id=b7c7189f-fc7c-49ea-91f6-edefc6b0ae00 elapsed_us=590
2026-09-26T21:57:02.195704Z	debug	dynamo_generic_rpc_split	generic gRPC response headers	stage="prefill" request_id=a7dcc53d-d6a8-4a8f-a027-c55b92906900 headers_us=1202
2026-09-26T21:57:02.197641Z	debug	dynamo_generic_rpc_split	generic gRPC unary response	stage="selector" request_id=a7dcc53d-d6a8-4a8f-a027-c55b92906900 elapsed_us=1864
2026-09-26T21:57:02.209275Z	debug	dynamo_generic_rpc_split	generic gRPC response headers	stage="prefill" request_id=96590b9e-4f46-4f65-9490-55019ad3ef00 headers_us=2411
2026-09-26T21:57:02.210432Z	debug	dynamo_generic_rpc_split	generic gRPC response headers	stage="prefill" request_id=9c514e1b-03c3-4c16-bb43-e137ef1a1b00 headers_us=2353
2026-09-26T21:57:02.211235Z	debug	dynamo_generic_rpc_split	generic gRPC unary response	stage="selector" request_id=96590b9e-4f46-4f65-9490-55019ad3ef00 elapsed_us=1845
2026-09-26T21:57:02.213213Z	debug	dynamo_generic_rpc_split	generic gRPC unary response	stage="selector" request_id=9c514e1b-03c3-4c16-bb43-e137ef1a1b00 elapsed_us=2688
2026-09-26T21:57:02.227218Z	debug	dynamo_generic_rpc_split	generic gRPC response headers	stage="prefill" request_id=f7ca67ab-87ea-45ef-a0cc-fc90a3ff4c00 headers_us=2428
2026-09-26T21:57:02.231655Z	debug	dynamo_generic_rpc_split	generic gRPC unary response	stage="selector" request_id=f7ca67ab-87ea-45ef-a0cc-fc90a3ff4c00 elapsed_us=4348
2026-09-26T21:57:02.246976Z	debug	dynamo_generic_rpc_split	generic gRPC response headers	stage="prefill" request_id=66fb62d4-257d-47f7-b979-5a0b937ad700 headers_us=2590
2026-09-26T21:57:02.248244Z	debug	dynamo_generic_rpc_split	generic gRPC unary response	stage="selector" request_id=66fb62d4-257d-47f7-b979-5a0b937ad700 elapsed_us=1191
2026-09-26T21:57:02.287613Z	debug	dynamo_generic_rpc_split	generic gRPC response headers	stage="prefill" request_id=56422c71-49a0-4778-a4e6-fab9bb5b0b00 headers_us=2757
2026-09-26T21:57:02.289537Z	debug	dynamo_generic_rpc_split	generic gRPC unary response	stage="selector" request_id=56422c71-49a0-4778-a4e6-fab9bb5b0b00 elapsed_us=1841
2026-09-26T21:57:02.329352Z	debug	dynamo_generic_rpc_split	generic gRPC response headers	stage="prefill" request_id=091d9a78-7315-4bdc-a61e-9f35a5fe9a00 headers_us=1244
2026-09-26T21:57:02.332086Z	debug	dynamo_generic_rpc_split	generic gRPC unary response	stage="selector" request_id=091d9a78-7315-4bdc-a61e-9f35a5fe9a00 elapsed_us=2223
2026-09-26T21:57:02.353861Z	debug	dynamo_generic_rpc_split	generic gRPC response headers	stage="prefill" request_id=762c7eab-9d55-400e-930c-435df8b69300 headers_us=2951
2026-09-26T21:57:02.356190Z	debug	dynamo_generic_rpc_split	generic gRPC unary response	stage="selector" request_id=762c7eab-9d55-400e-930c-435df8b69300 elapsed_us=2231
2026-09-26T21:57:02.394391Z	debug	dynamo_generic_rpc_split	generic gRPC response headers	stage="prefill" request_id=0cce4914-20be-4b77-b35d-b7c419577c00 headers_us=2061
2026-09-26T21:57:02.395888Z	debug	dynamo_generic_rpc_split	generic gRPC unary response	stage="selector" request_id=0cce4914-20be-4b77-b35d-b7c419577c00 elapsed_us=1421
2026-09-26T21:57:02.396862Z	debug	dynamo_generic_rpc_split	generic gRPC response headers	stage="prefill" request_id=38d056fb-3f9b-4627-be6e-91499b1ac300 headers_us=2189
2026-09-26T21:57:02.400479Z	debug	dynamo_generic_rpc_split	generic gRPC unary response	stage="selector" request_id=38d056fb-3f9b-4627-be6e-91499b1ac300 elapsed_us=3509
2026-09-26T21:57:02.420722Z	debug	dynamo_generic_rpc_split	generic gRPC response headers	stage="prefill" request_id=e1ab0897-2f41-4cb7-b0df-9a490a3ac600 headers_us=2624
2026-09-26T21:57:02.424642Z	debug	dynamo_generic_rpc_split	generic gRPC unary response	stage="selector" request_id=e1ab0897-2f41-4cb7-b0df-9a490a3ac600 elapsed_us=3687
2026-09-26T21:57:02.429493Z	debug	dynamo_generic_rpc_split	generic gRPC response headers	stage="prefill" request_id=2825e839-bbc2-4803-9a8a-fc02f965c700 headers_us=4305
2026-09-26T21:57:02.433663Z	debug	dynamo_generic_rpc_split	generic gRPC unary response	stage="selector" request_id=2825e839-bbc2-4803-9a8a-fc02f965c700 elapsed_us=4062
2026-09-26T21:57:02.460441Z	debug	dynamo_generic_rpc_split	generic gRPC response headers	stage="prefill" request_id=9b4bf188-77f7-4203-b238-324f64931a00 headers_us=4286
2026-09-26T21:57:02.462791Z	debug	dynamo_generic_rpc_split	generic gRPC unary response	stage="selector" request_id=9b4bf188-77f7-4203-b238-324f64931a00 elapsed_us=2247
2026-09-26T21:57:02.485162Z	debug	dynamo_generic_rpc_split	generic gRPC response headers	stage="prefill" request_id=26fc9331-2a0a-4507-a4d4-63efd1270f00 headers_us=1685
2026-09-26T21:57:02.488801Z	debug	dynamo_generic_rpc_split	generic gRPC unary response	stage="selector" request_id=26fc9331-2a0a-4507-a4d4-63efd1270f00 elapsed_us=3553
2026-09-26T21:57:02.495526Z	debug	dynamo_generic_rpc_split	generic gRPC response headers	stage="prefill" request_id=69f6581f-a43b-4d2e-8580-9141a7384200 headers_us=2228
2026-09-26T21:57:02.497475Z	debug	dynamo_generic_rpc_split	generic gRPC unary response	stage="selector" request_id=69f6581f-a43b-4d2e-8580-9141a7384200 elapsed_us=1870
2026-09-26T21:57:02.515813Z	debug	dynamo_generic_rpc_split	generic gRPC response headers	stage="prefill" request_id=8905a331-22e8-4a82-9cda-eb2ccf402a00 headers_us=2549
2026-09-26T21:57:02.517279Z	debug	dynamo_generic_rpc_split	generic gRPC unary response	stage="selector" request_id=8905a331-22e8-4a82-9cda-eb2ccf402a00 elapsed_us=1305
2026-09-26T21:57:02.580087Z	debug	dynamo_generic_rpc_split	generic gRPC response headers	stage="prefill" request_id=97f46261-c07d-48f3-b563-6c7876481400 headers_us=1679
2026-09-26T21:57:02.580829Z	debug	dynamo_generic_rpc_split	generic gRPC unary response	stage="selector" request_id=97f46261-c07d-48f3-b563-6c7876481400 elapsed_us=623
2026-09-26T21:57:02.602580Z	debug	dynamo_generic_rpc_split	generic gRPC response headers	stage="prefill" request_id=a8eaa0f1-5d4a-4eb1-b136-b7989bdc3d00 headers_us=3901
2026-09-26T21:57:02.606880Z	debug	dynamo_generic_rpc_split	generic gRPC unary response	stage="selector" request_id=a8eaa0f1-5d4a-4eb1-b136-b7989bdc3d00 elapsed_us=3586
2026-09-26T21:57:02.621384Z	debug	dynamo_generic_rpc_split	generic gRPC response headers	stage="prefill" request_id=88dd6a22-0506-41c8-aa23-b9b1a0275200 headers_us=2774
2026-09-26T21:57:02.622385Z	debug	dynamo_generic_rpc_split	generic gRPC response headers	stage="prefill" request_id=0f635eb0-9e95-400c-a842-edd0df057700 headers_us=1725
2026-09-26T21:57:02.624649Z	debug	dynamo_generic_rpc_split	generic gRPC unary response	stage="selector" request_id=88dd6a22-0506-41c8-aa23-b9b1a0275200 elapsed_us=3179
2026-09-26T21:57:02.625289Z	debug	dynamo_generic_rpc_split	generic gRPC unary response	stage="selector" request_id=0f635eb0-9e95-400c-a842-edd0df057700 elapsed_us=2750
2026-09-26T21:57:02.695246Z	debug	dynamo_generic_rpc_split	generic gRPC response headers	stage="prefill" request_id=0398edf5-69ad-41a6-b83f-4a0f67749700 headers_us=2512
2026-09-26T21:57:02.696387Z	debug	dynamo_generic_rpc_split	generic gRPC unary response	stage="selector" request_id=0398edf5-69ad-41a6-b83f-4a0f67749700 elapsed_us=1058
2026-09-26T21:57:02.730250Z	debug	dynamo_generic_rpc_split	generic gRPC response headers	stage="prefill" request_id=47a903d8-5421-42e8-8c73-dee805f59300 headers_us=6743
2026-09-26T21:57:02.730996Z	debug	dynamo_generic_rpc_split	generic gRPC response headers	stage="prefill" request_id=a1c173d9-d7de-4dda-9abe-d106cbd2e400 headers_us=4617
2026-09-26T21:57:02.733965Z	debug	dynamo_generic_rpc_split	generic gRPC unary response	stage="selector" request_id=47a903d8-5421-42e8-8c73-dee805f59300 elapsed_us=3660
2026-09-26T21:57:02.734058Z	debug	dynamo_generic_rpc_split	generic gRPC unary response	stage="selector" request_id=a1c173d9-d7de-4dda-9abe-d106cbd2e400 elapsed_us=2957
2026-09-26T21:57:02.773449Z	debug	dynamo_generic_rpc_split	generic gRPC response headers	stage="prefill" request_id=6b1eaac2-556a-4d3e-92e8-c307213d9700 headers_us=2233
2026-09-26T21:57:02.777048Z	debug	dynamo_generic_rpc_split	generic gRPC unary response	stage="selector" request_id=6b1eaac2-556a-4d3e-92e8-c307213d9700 elapsed_us=3502
2026-09-26T21:57:02.794488Z	debug	dynamo_generic_rpc_split	generic gRPC response headers	stage="prefill" request_id=7b5c28e6-91af-41a0-a91f-81e0dbfb3a00 headers_us=5775
2026-09-26T21:57:02.797444Z	debug	dynamo_generic_rpc_split	generic gRPC unary response	stage="selector" request_id=7b5c28e6-91af-41a0-a91f-81e0dbfb3a00 elapsed_us=2899
2026-09-26T21:57:02.815765Z	debug	dynamo_generic_rpc_split	generic gRPC response headers	stage="prefill" request_id=4cfaca49-42ed-4b46-a4d6-82f2f7212300 headers_us=2469
2026-09-26T21:57:02.818073Z	debug	dynamo_generic_rpc_split	generic gRPC unary response	stage="selector" request_id=4cfaca49-42ed-4b46-a4d6-82f2f7212300 elapsed_us=1358
2026-09-26T21:57:02.826961Z	debug	dynamo_generic_rpc_split	generic gRPC response headers	stage="prefill" request_id=2db0deb5-4bd1-4801-8bf6-7da8ab34f300 headers_us=1133
2026-09-26T21:57:02.827695Z	debug	dynamo_generic_rpc_split	generic gRPC unary response	stage="selector" request_id=2db0deb5-4bd1-4801-8bf6-7da8ab34f300 elapsed_us=522
2026-09-26T21:57:02.834142Z	debug	dynamo_generic_rpc_split	generic gRPC response headers	stage="prefill" request_id=7c4c6234-368d-4c38-a843-6b66b4e4ea00 headers_us=1076
2026-09-26T21:57:02.834902Z	debug	dynamo_generic_rpc_split	generic gRPC unary response	stage="selector" request_id=7c4c6234-368d-4c38-a843-6b66b4e4ea00 elapsed_us=649
2026-09-26T21:57:02.869172Z	debug	dynamo_generic_rpc_split	generic gRPC response headers	stage="prefill" request_id=530c745e-b549-4352-849e-5c4aa258d500 headers_us=1667
2026-09-26T21:57:02.871781Z	debug	dynamo_generic_rpc_split	generic gRPC unary response	stage="selector" request_id=530c745e-b549-4352-849e-5c4aa258d500 elapsed_us=2457
2026-09-26T21:57:02.930350Z	debug	dynamo_generic_rpc_split	generic gRPC response headers	stage="prefill" request_id=d0c4da86-3069-416a-ba4d-c813e8d47f00 headers_us=2432
2026-09-26T21:57:02.932927Z	debug	dynamo_generic_rpc_split	generic gRPC unary response	stage="selector" request_id=d0c4da86-3069-416a-ba4d-c813e8d47f00 elapsed_us=2478
2026-09-26T21:57:02.978878Z	debug	dynamo_generic_rpc_split	generic gRPC response headers	stage="prefill" request_id=3a2088dd-ac52-478f-a53e-bfa672e9c700 headers_us=705
2026-09-26T21:57:02.979790Z	debug	dynamo_generic_rpc_split	generic gRPC unary response	stage="selector" request_id=3a2088dd-ac52-478f-a53e-bfa672e9c700 elapsed_us=786
2026-09-26T21:57:03.024120Z	debug	dynamo_generic_rpc_split	generic gRPC response headers	stage="prefill" request_id=c44b654e-4f9d-458c-b07e-c2abb9713b00 headers_us=1951
2026-09-26T21:57:03.026025Z	debug	dynamo_generic_rpc_split	generic gRPC unary response	stage="selector" request_id=c44b654e-4f9d-458c-b07e-c2abb9713b00 elapsed_us=1811
2026-09-26T21:57:03.026058Z	debug	dynamo_generic_rpc_split	generic gRPC response headers	stage="prefill" request_id=255a9a1a-92c2-4e67-a013-3822f043f600 headers_us=1996
2026-09-26T21:57:03.027673Z	debug	dynamo_generic_rpc_split	generic gRPC unary response	stage="selector" request_id=255a9a1a-92c2-4e67-a013-3822f043f600 elapsed_us=1521
2026-09-26T21:57:03.058910Z	debug	dynamo_generic_rpc_split	generic gRPC response headers	stage="prefill" request_id=3a61f5ee-e803-47e8-8dd7-f4b0bbd26f00 headers_us=2858
2026-09-26T21:57:03.060314Z	debug	dynamo_generic_rpc_split	generic gRPC unary response	stage="selector" request_id=3a61f5ee-e803-47e8-8dd7-f4b0bbd26f00 elapsed_us=1287
2026-09-26T21:57:03.100772Z	debug	dynamo_generic_rpc_split	generic gRPC response headers	stage="prefill" request_id=99d5ff6c-2627-4a6d-8d34-faece1869e00 headers_us=1168
2026-09-26T21:57:03.101652Z	debug	dynamo_generic_rpc_split	generic gRPC unary response	stage="selector" request_id=99d5ff6c-2627-4a6d-8d34-faece1869e00 elapsed_us=793
2026-09-26T21:57:03.128485Z	debug	dynamo_generic_rpc_split	generic gRPC response headers	stage="prefill" request_id=5a0672e5-7e7c-4091-87b1-bd134f290e00 headers_us=1585
2026-09-26T21:57:03.130469Z	debug	dynamo_generic_rpc_split	generic gRPC unary response	stage="selector" request_id=5a0672e5-7e7c-4091-87b1-bd134f290e00 elapsed_us=1880
2026-09-26T21:57:03.239814Z	debug	dynamo_generic_rpc_split	generic gRPC response headers	stage="prefill" request_id=db18b21e-b4af-4ab1-9a23-b3a729107800 headers_us=1363
2026-09-26T21:57:03.241980Z	debug	dynamo_generic_rpc_split	generic gRPC unary response	stage="selector" request_id=db18b21e-b4af-4ab1-9a23-b3a729107800 elapsed_us=2107
2026-09-26T21:57:03.251497Z	debug	dynamo_generic_rpc_split	generic gRPC response headers	stage="prefill" request_id=94539c17-da3c-41e8-bf61-2df12cc19f00 headers_us=988
2026-09-26T21:57:03.253412Z	debug	dynamo_generic_rpc_split	generic gRPC unary response	stage="selector" request_id=94539c17-da3c-41e8-bf61-2df12cc19f00 elapsed_us=1244
2026-09-26T21:57:03.282041Z	debug	dynamo_generic_rpc_split	generic gRPC response headers	stage="prefill" request_id=0bb750fb-561c-4ba4-bcb4-0bbfdf3f1c00 headers_us=958
2026-09-26T21:57:03.283101Z	debug	dynamo_generic_rpc_split	generic gRPC unary response	stage="selector" request_id=0bb750fb-561c-4ba4-bcb4-0bbfdf3f1c00 elapsed_us=761
2026-09-26T21:57:03.286900Z	debug	dynamo_generic_rpc_split	generic gRPC response headers	stage="prefill" request_id=1dc1cc33-0e75-4b74-a776-735052ffb500 headers_us=1138
2026-09-26T21:57:03.288921Z	debug	dynamo_generic_rpc_split	generic gRPC unary response	stage="selector" request_id=1dc1cc33-0e75-4b74-a776-735052ffb500 elapsed_us=1511
2026-09-26T21:57:03.292420Z	debug	dynamo_generic_rpc_split	generic gRPC response headers	stage="prefill" request_id=773d46de-8557-48b0-88a3-41b2945dd700 headers_us=1152
2026-09-26T21:57:03.294330Z	debug	dynamo_generic_rpc_split	generic gRPC unary response	stage="selector" request_id=773d46de-8557-48b0-88a3-41b2945dd700 elapsed_us=1842
2026-09-26T21:57:03.353629Z	debug	dynamo_generic_rpc_split	generic gRPC response headers	stage="prefill" request_id=e2020e61-0784-4efc-a9bf-cf6b6df6bb00 headers_us=2902
2026-09-26T21:57:03.355549Z	debug	dynamo_generic_rpc_split	generic gRPC unary response	stage="selector" request_id=e2020e61-0784-4efc-a9bf-cf6b6df6bb00 elapsed_us=1763
2026-09-26T21:57:03.359011Z	debug	dynamo_generic_rpc_split	generic gRPC response headers	stage="prefill" request_id=9f45eccd-df05-4d07-8861-64d83e33fe00 headers_us=1396
2026-09-26T21:57:03.361137Z	debug	dynamo_generic_rpc_split	generic gRPC unary response	stage="selector" request_id=9f45eccd-df05-4d07-8861-64d83e33fe00 elapsed_us=2006
2026-09-26T21:57:03.388154Z	debug	dynamo_generic_rpc_split	generic gRPC response headers	stage="prefill" request_id=6458f12c-bef7-4bd1-a633-6fb95910da00 headers_us=2270
2026-09-26T21:57:03.389028Z	debug	dynamo_generic_rpc_split	generic gRPC unary response	stage="selector" request_id=6458f12c-bef7-4bd1-a633-6fb95910da00 elapsed_us=772
2026-09-26T21:57:03.412947Z	debug	dynamo_generic_rpc_split	generic gRPC response headers	stage="prefill" request_id=ddca21ed-d51e-4bc7-a7e0-08a7d57a6d00 headers_us=1423
2026-09-26T21:57:03.414061Z	debug	dynamo_generic_rpc_split	generic gRPC unary response	stage="selector" request_id=ddca21ed-d51e-4bc7-a7e0-08a7d57a6d00 elapsed_us=1022
2026-09-26T21:57:03.442287Z	debug	dynamo_generic_rpc_split	generic gRPC response headers	stage="prefill" request_id=c8c7895d-ddf5-4968-a427-9c69c70a5500 headers_us=1216
2026-09-26T21:57:03.445474Z	debug	dynamo_generic_rpc_split	generic gRPC unary response	stage="selector" request_id=c8c7895d-ddf5-4968-a427-9c69c70a5500 elapsed_us=3114
2026-09-26T21:57:03.452974Z	debug	dynamo_generic_rpc_split	generic gRPC response headers	stage="prefill" request_id=b5b6ef9e-ed81-4c11-b44a-d3dfbd9ccb00 headers_us=1559
2026-09-26T21:57:03.454566Z	debug	dynamo_generic_rpc_split	generic gRPC unary response	stage="selector" request_id=b5b6ef9e-ed81-4c11-b44a-d3dfbd9ccb00 elapsed_us=1431
2026-09-26T21:57:03.478479Z	debug	dynamo_generic_rpc_split	generic gRPC response headers	stage="prefill" request_id=5a48b73d-39c6-48dc-b0dd-fa1fc9384f00 headers_us=6788
2026-09-26T21:57:03.481252Z	debug	dynamo_generic_rpc_split	generic gRPC unary response	stage="selector" request_id=5a48b73d-39c6-48dc-b0dd-fa1fc9384f00 elapsed_us=2647
2026-09-26T21:57:03.503830Z	debug	dynamo_generic_rpc_split	generic gRPC response headers	stage="prefill" request_id=083edec8-8019-4391-98c9-a32da7904600 headers_us=3586
2026-09-26T21:57:03.506174Z	debug	dynamo_generic_rpc_split	generic gRPC unary response	stage="selector" request_id=083edec8-8019-4391-98c9-a32da7904600 elapsed_us=2168
2026-09-26T21:57:03.518320Z	debug	dynamo_generic_rpc_split	generic gRPC response headers	stage="prefill" request_id=e8b0981e-39ee-48da-86f1-1704d6ebe000 headers_us=1167
2026-09-26T21:57:03.519503Z	debug	dynamo_generic_rpc_split	generic gRPC unary response	stage="selector" request_id=e8b0981e-39ee-48da-86f1-1704d6ebe000 elapsed_us=1128
2026-09-26T21:57:03.528884Z	debug	dynamo_generic_rpc_split	generic gRPC response headers	stage="prefill" request_id=dceaee3f-adaf-4490-8889-b8fb564f4b00 headers_us=1190
2026-09-26T21:57:03.530850Z	debug	dynamo_generic_rpc_split	generic gRPC unary response	stage="selector" request_id=dceaee3f-adaf-4490-8889-b8fb564f4b00 elapsed_us=1810
2026-09-26T21:57:03.567345Z	debug	dynamo_generic_rpc_split	generic gRPC response headers	stage="prefill" request_id=bfdd6b8f-fc4e-4461-ac20-ade66fb89400 headers_us=1308
2026-09-26T21:57:03.568581Z	debug	dynamo_generic_rpc_split	generic gRPC unary response	stage="selector" request_id=bfdd6b8f-fc4e-4461-ac20-ade66fb89400 elapsed_us=1159
2026-09-26T21:57:03.605860Z	debug	dynamo_generic_rpc_split	generic gRPC response headers	stage="prefill" request_id=110d3d19-5ff9-488f-a872-b5e466109d00 headers_us=1712
2026-09-26T21:57:03.607271Z	debug	dynamo_generic_rpc_split	generic gRPC unary response	stage="selector" request_id=110d3d19-5ff9-488f-a872-b5e466109d00 elapsed_us=1300
2026-09-26T21:57:03.623490Z	debug	dynamo_generic_rpc_split	generic gRPC response headers	stage="prefill" request_id=ff414d74-e148-41fe-a77b-fcb91c35ac00 headers_us=1277
2026-09-26T21:57:03.624717Z	debug	dynamo_generic_rpc_split	generic gRPC unary response	stage="selector" request_id=ff414d74-e148-41fe-a77b-fcb91c35ac00 elapsed_us=1144
2026-09-26T21:57:03.681558Z	debug	dynamo_generic_rpc_split	generic gRPC response headers	stage="prefill" request_id=90f75c39-bf10-4897-9882-95280a100b00 headers_us=1453
2026-09-26T21:57:03.682975Z	debug	dynamo_generic_rpc_split	generic gRPC unary response	stage="selector" request_id=90f75c39-bf10-4897-9882-95280a100b00 elapsed_us=1336
2026-09-26T21:57:03.704968Z	debug	dynamo_generic_rpc_split	generic gRPC response headers	stage="prefill" request_id=8f4cdfe2-59d6-4aa9-9c42-df3057083600 headers_us=3945
2026-09-26T21:57:03.708607Z	debug	dynamo_generic_rpc_split	generic gRPC unary response	stage="selector" request_id=8f4cdfe2-59d6-4aa9-9c42-df3057083600 elapsed_us=3289
2026-09-26T21:57:03.810785Z	debug	dynamo_generic_rpc_split	generic gRPC response headers	stage="prefill" request_id=a382bc8e-3be2-4467-82cd-7f6e0d478300 headers_us=5623
2026-09-26T21:57:03.816131Z	debug	dynamo_generic_rpc_split	generic gRPC unary response	stage="selector" request_id=a382bc8e-3be2-4467-82cd-7f6e0d478300 elapsed_us=5216
2026-09-26T21:57:03.828802Z	debug	dynamo_generic_rpc_split	generic gRPC response headers	stage="prefill" request_id=7490410d-1cc3-49d4-b8f2-fc3518512b00 headers_us=1551
2026-09-26T21:57:03.831133Z	debug	dynamo_generic_rpc_split	generic gRPC unary response	stage="selector" request_id=7490410d-1cc3-49d4-b8f2-fc3518512b00 elapsed_us=2251
2026-09-26T21:57:03.838162Z	debug	dynamo_generic_rpc_split	generic gRPC response headers	stage="prefill" request_id=90222268-170e-4a3a-a70d-0099fc9bdb00 headers_us=1958
2026-09-26T21:57:03.840518Z	debug	dynamo_generic_rpc_split	generic gRPC unary response	stage="selector" request_id=90222268-170e-4a3a-a70d-0099fc9bdb00 elapsed_us=2284
2026-09-26T21:57:03.874612Z	debug	dynamo_generic_rpc_split	generic gRPC response headers	stage="prefill" request_id=07fec42d-919b-44d3-b6d6-9ef859272400 headers_us=1228
2026-09-26T21:57:03.877074Z	debug	dynamo_generic_rpc_split	generic gRPC unary response	stage="selector" request_id=07fec42d-919b-44d3-b6d6-9ef859272400 elapsed_us=2394
2026-09-26T21:57:03.878101Z	debug	dynamo_generic_rpc_split	generic gRPC response headers	stage="prefill" request_id=8bce4a73-fa3d-42da-b251-661f51809100 headers_us=2929
2026-09-26T21:57:03.880168Z	debug	dynamo_generic_rpc_split	generic gRPC unary response	stage="selector" request_id=8bce4a73-fa3d-42da-b251-661f51809100 elapsed_us=1635
2026-09-26T21:57:03.888815Z	debug	dynamo_generic_rpc_split	generic gRPC response headers	stage="prefill" request_id=f0fbbe28-8dca-4483-899c-b9f2efbeef00 headers_us=3621
2026-09-26T21:57:03.893272Z	debug	dynamo_generic_rpc_split	generic gRPC unary response	stage="selector" request_id=f0fbbe28-8dca-4483-899c-b9f2efbeef00 elapsed_us=2782
2026-09-26T21:57:03.913163Z	debug	dynamo_generic_rpc_split	generic gRPC response headers	stage="prefill" request_id=1f90618b-4d94-49bb-a5a2-4d009474ff00 headers_us=4449
2026-09-26T21:57:03.915954Z	debug	dynamo_generic_rpc_split	generic gRPC unary response	stage="selector" request_id=1f90618b-4d94-49bb-a5a2-4d009474ff00 elapsed_us=2648
2026-09-26T21:57:03.945746Z	debug	dynamo_generic_rpc_split	generic gRPC response headers	stage="prefill" request_id=85c309ef-a598-4030-93d8-4ce7b42fe000 headers_us=1815
2026-09-26T21:57:03.947181Z	debug	dynamo_generic_rpc_split	generic gRPC unary response	stage="selector" request_id=85c309ef-a598-4030-93d8-4ce7b42fe000 elapsed_us=1366
2026-09-26T21:57:03.988168Z	debug	dynamo_generic_rpc_split	generic gRPC response headers	stage="prefill" request_id=d4750631-da86-4fb2-b118-769a89671f00 headers_us=3458
2026-09-26T21:57:03.993154Z	debug	dynamo_generic_rpc_split	generic gRPC unary response	stage="selector" request_id=d4750631-da86-4fb2-b118-769a89671f00 elapsed_us=4878
2026-09-26T21:57:04.013900Z	debug	dynamo_generic_rpc_split	generic gRPC response headers	stage="prefill" request_id=d2759f9a-f071-4aff-a3bd-b5f40d027300 headers_us=2873
2026-09-26T21:57:04.017253Z	debug	dynamo_generic_rpc_split	generic gRPC unary response	stage="selector" request_id=d2759f9a-f071-4aff-a3bd-b5f40d027300 elapsed_us=3235
2026-09-26T21:57:04.028730Z	debug	dynamo_generic_rpc_split	generic gRPC response headers	stage="prefill" request_id=5f9d54bc-750e-4939-9618-df6483294000 headers_us=4873
2026-09-26T21:57:04.036744Z	debug	dynamo_generic_rpc_split	generic gRPC unary response	stage="selector" request_id=5f9d54bc-750e-4939-9618-df6483294000 elapsed_us=7902
2026-09-26T21:57:04.040780Z	debug	dynamo_generic_rpc_split	generic gRPC response headers	stage="prefill" request_id=30c418fc-9347-495e-ada3-c5efcd39af00 headers_us=3725
2026-09-26T21:57:04.043467Z	debug	dynamo_generic_rpc_split	generic gRPC unary response	stage="selector" request_id=30c418fc-9347-495e-ada3-c5efcd39af00 elapsed_us=2580
2026-09-26T21:57:04.145826Z	debug	dynamo_generic_rpc_split	generic gRPC response headers	stage="prefill" request_id=55a43e95-cc47-4538-be6f-734a340eef00 headers_us=3189
2026-09-26T21:57:04.150256Z	debug	dynamo_generic_rpc_split	generic gRPC unary response	stage="selector" request_id=55a43e95-cc47-4538-be6f-734a340eef00 elapsed_us=4339
2026-09-26T21:57:04.160865Z	debug	dynamo_generic_rpc_split	generic gRPC response headers	stage="prefill" request_id=1c7ab8ce-8f9f-4b9f-8280-f9999b8f9300 headers_us=5331
2026-09-26T21:57:04.164770Z	debug	dynamo_generic_rpc_split	generic gRPC unary response	stage="selector" request_id=1c7ab8ce-8f9f-4b9f-8280-f9999b8f9300 elapsed_us=3770
2026-09-26T21:57:04.201551Z	debug	dynamo_generic_rpc_split	generic gRPC response headers	stage="prefill" request_id=42ed6eb3-3d1d-4ab0-aeff-b9e77cd7fb00 headers_us=2896
2026-09-26T21:57:04.205016Z	debug	dynamo_generic_rpc_split	generic gRPC unary response	stage="selector" request_id=42ed6eb3-3d1d-4ab0-aeff-b9e77cd7fb00 elapsed_us=3329
2026-09-26T21:57:04.224523Z	debug	dynamo_generic_rpc_split	generic gRPC response headers	stage="prefill" request_id=512adb08-0bac-45e2-a2ab-67dc9223ce00 headers_us=3233
2026-09-26T21:57:04.228926Z	debug	dynamo_generic_rpc_split	generic gRPC unary response	stage="selector" request_id=512adb08-0bac-45e2-a2ab-67dc9223ce00 elapsed_us=4341
2026-09-26T21:57:04.229752Z	debug	dynamo_generic_rpc_split	generic gRPC response headers	stage="prefill" request_id=b7b6ca44-e425-4f52-9719-74ff9fbbc200 headers_us=3915
2026-09-26T21:57:04.232727Z	debug	dynamo_generic_rpc_split	generic gRPC unary response	stage="selector" request_id=b7b6ca44-e425-4f52-9719-74ff9fbbc200 elapsed_us=2895
2026-09-26T21:57:04.238475Z	debug	dynamo_generic_rpc_split	generic gRPC response headers	stage="prefill" request_id=986638f2-80f1-4cbc-946c-a41e196d8700 headers_us=3919
2026-09-26T21:57:04.242527Z	debug	dynamo_generic_rpc_split	generic gRPC unary response	stage="selector" request_id=986638f2-80f1-4cbc-946c-a41e196d8700 elapsed_us=3982
2026-09-26T21:57:04.261712Z	debug	dynamo_generic_rpc_split	generic gRPC response headers	stage="prefill" request_id=07e63342-ec07-4d4b-9d92-d2b3cc10e200 headers_us=4186
2026-09-26T21:57:04.267947Z	debug	dynamo_generic_rpc_split	generic gRPC unary response	stage="selector" request_id=07e63342-ec07-4d4b-9d92-d2b3cc10e200 elapsed_us=6140
2026-09-26T21:57:04.367359Z	debug	dynamo_generic_rpc_split	generic gRPC response headers	stage="prefill" request_id=7ecb2867-9352-4327-8490-8b38ecaabb00 headers_us=3024
2026-09-26T21:57:04.369271Z	debug	dynamo_generic_rpc_split	generic gRPC unary response	stage="selector" request_id=7ecb2867-9352-4327-8490-8b38ecaabb00 elapsed_us=1813
2026-09-26T21:57:04.413084Z	debug	dynamo_generic_rpc_split	generic gRPC response headers	stage="prefill" request_id=ae7a5029-7d2a-4efb-905d-f9f6bbb70a00 headers_us=1641
2026-09-26T21:57:04.416075Z	debug	dynamo_generic_rpc_split	generic gRPC unary response	stage="selector" request_id=ae7a5029-7d2a-4efb-905d-f9f6bbb70a00 elapsed_us=2312
2026-09-26T21:57:04.447278Z	debug	dynamo_generic_rpc_split	generic gRPC response headers	stage="prefill" request_id=9474b3e1-cb23-4de7-9ca4-a2fe38f15900 headers_us=3044
2026-09-26T21:57:04.449706Z	debug	dynamo_generic_rpc_split	generic gRPC unary response	stage="selector" request_id=9474b3e1-cb23-4de7-9ca4-a2fe38f15900 elapsed_us=2330
2026-09-26T21:57:04.472365Z	debug	dynamo_generic_rpc_split	generic gRPC response headers	stage="prefill" request_id=86d89c30-17b8-4a3c-a5d1-7860bb1e8d00 headers_us=2886
2026-09-26T21:57:04.474524Z	debug	dynamo_generic_rpc_split	generic gRPC unary response	stage="selector" request_id=86d89c30-17b8-4a3c-a5d1-7860bb1e8d00 elapsed_us=1980
2026-09-26T21:57:04.483117Z	debug	dynamo_generic_rpc_split	generic gRPC response headers	stage="prefill" request_id=66d753fe-f90b-4b1c-89d6-7d12070ac300 headers_us=2366
2026-09-26T21:57:04.485875Z	debug	dynamo_generic_rpc_split	generic gRPC unary response	stage="selector" request_id=66d753fe-f90b-4b1c-89d6-7d12070ac300 elapsed_us=2657
2026-09-26T21:57:04.503150Z	debug	dynamo_generic_rpc_split	generic gRPC response headers	stage="prefill" request_id=b4902ede-35c6-40f9-9d96-20341585cc00 headers_us=2808
2026-09-26T21:57:04.504973Z	debug	dynamo_generic_rpc_split	generic gRPC unary response	stage="selector" request_id=b4902ede-35c6-40f9-9d96-20341585cc00 elapsed_us=1661
2026-09-26T21:57:04.518080Z	debug	dynamo_generic_rpc_split	generic gRPC response headers	stage="prefill" request_id=ca58b662-16ff-4e3b-a3e8-3b0c5fe0bb00 headers_us=2184
2026-09-26T21:57:04.519728Z	debug	dynamo_generic_rpc_split	generic gRPC unary response	stage="selector" request_id=ca58b662-16ff-4e3b-a3e8-3b0c5fe0bb00 elapsed_us=1563
2026-09-26T21:57:04.541383Z	debug	dynamo_generic_rpc_split	generic gRPC response headers	stage="prefill" request_id=60b143c9-bfdb-4c7f-9de4-13d2b2326400 headers_us=1313
2026-09-26T21:57:04.544223Z	debug	dynamo_generic_rpc_split	generic gRPC unary response	stage="selector" request_id=60b143c9-bfdb-4c7f-9de4-13d2b2326400 elapsed_us=1994
2026-09-26T21:57:04.552142Z	debug	dynamo_generic_rpc_split	generic gRPC response headers	stage="prefill" request_id=fe0ea7c5-e006-40a8-8209-35081518a900 headers_us=1886
2026-09-26T21:57:04.554414Z	debug	dynamo_generic_rpc_split	generic gRPC unary response	stage="selector" request_id=fe0ea7c5-e006-40a8-8209-35081518a900 elapsed_us=2151
2026-09-26T21:57:04.615233Z	debug	dynamo_generic_rpc_split	generic gRPC response headers	stage="prefill" request_id=3dbe702e-1184-4a1d-bf8e-e30e95bfc100 headers_us=2968
2026-09-26T21:57:04.618109Z	debug	dynamo_generic_rpc_split	generic gRPC unary response	stage="selector" request_id=3dbe702e-1184-4a1d-bf8e-e30e95bfc100 elapsed_us=2754
2026-09-26T21:57:04.623384Z	debug	dynamo_generic_rpc_split	generic gRPC response headers	stage="prefill" request_id=bc564bbd-d32a-4c7e-8176-7b2300628e00 headers_us=2001
2026-09-26T21:57:04.625198Z	debug	dynamo_generic_rpc_split	generic gRPC unary response	stage="selector" request_id=bc564bbd-d32a-4c7e-8176-7b2300628e00 elapsed_us=1459
2026-09-26T21:57:04.737627Z	debug	dynamo_generic_rpc_split	generic gRPC response headers	stage="prefill" request_id=5b44b3c9-9ae9-4578-8fb5-e5766b396800 headers_us=2477
2026-09-26T21:57:04.741798Z	debug	dynamo_generic_rpc_split	generic gRPC unary response	stage="selector" request_id=5b44b3c9-9ae9-4578-8fb5-e5766b396800 elapsed_us=4064
2026-09-26T21:57:04.779433Z	debug	dynamo_generic_rpc_split	generic gRPC response headers	stage="prefill" request_id=153e07d8-9c70-4d5c-a877-c31afa4b9a00 headers_us=6104
2026-09-26T21:57:04.782514Z	debug	dynamo_generic_rpc_split	generic gRPC unary response	stage="selector" request_id=153e07d8-9c70-4d5c-a877-c31afa4b9a00 elapsed_us=3026
2026-09-26T21:57:04.856615Z	debug	dynamo_generic_rpc_split	generic gRPC response headers	stage="prefill" request_id=58983bc5-b7ba-4ec0-acd0-e678551f9a00 headers_us=3778
2026-09-26T21:57:04.858592Z	debug	dynamo_generic_rpc_split	generic gRPC unary response	stage="selector" request_id=58983bc5-b7ba-4ec0-acd0-e678551f9a00 elapsed_us=1866
2026-09-26T21:57:04.864032Z	debug	dynamo_generic_rpc_split	generic gRPC response headers	stage="prefill" request_id=a525e3e8-be29-4949-bc8e-fd8829b3bf00 headers_us=2423
2026-09-26T21:57:04.866013Z	debug	dynamo_generic_rpc_split	generic gRPC unary response	stage="selector" request_id=a525e3e8-be29-4949-bc8e-fd8829b3bf00 elapsed_us=1903
2026-09-26T21:57:04.909099Z	debug	dynamo_generic_rpc_split	generic gRPC response headers	stage="prefill" request_id=e3710ab1-8d32-46d3-b10b-9f9a6427bb00 headers_us=5405
2026-09-26T21:57:04.915255Z	debug	dynamo_generic_rpc_split	generic gRPC unary response	stage="selector" request_id=e3710ab1-8d32-46d3-b10b-9f9a6427bb00 elapsed_us=6060
2026-09-26T21:57:04.916033Z	debug	dynamo_generic_rpc_split	generic gRPC response headers	stage="prefill" request_id=d354d9b0-4b1d-41ec-9e6e-a8e5c869f100 headers_us=3984
2026-09-26T21:57:04.920082Z	debug	dynamo_generic_rpc_split	generic gRPC response headers	stage="prefill" request_id=cd4c6176-cce8-4945-8402-196fc6aca000 headers_us=3516
2026-09-26T21:57:04.920097Z	debug	dynamo_generic_rpc_split	generic gRPC unary response	stage="selector" request_id=d354d9b0-4b1d-41ec-9e6e-a8e5c869f100 elapsed_us=3824
2026-09-26T21:57:04.921244Z	debug	dynamo_generic_rpc_split	generic gRPC response headers	stage="prefill" request_id=6c655d3f-815d-4874-89ed-1049df4ccb00 headers_us=4451
2026-09-26T21:57:04.922141Z	debug	dynamo_generic_rpc_split	generic gRPC unary response	stage="selector" request_id=cd4c6176-cce8-4945-8402-196fc6aca000 elapsed_us=2001
2026-09-26T21:57:04.924967Z	debug	dynamo_generic_rpc_split	generic gRPC unary response	stage="selector" request_id=6c655d3f-815d-4874-89ed-1049df4ccb00 elapsed_us=3653
2026-09-26T21:57:04.926240Z	debug	dynamo_generic_rpc_split	generic gRPC response headers	stage="prefill" request_id=74995a53-7ffb-4190-aef2-d6d7d6ec9600 headers_us=2945
2026-09-26T21:57:04.928773Z	debug	dynamo_generic_rpc_split	generic gRPC response headers	stage="prefill" request_id=8be29dc1-292a-4e0f-b135-b76205b04d00 headers_us=3754
2026-09-26T21:57:04.931373Z	debug	dynamo_generic_rpc_split	generic gRPC unary response	stage="selector" request_id=74995a53-7ffb-4190-aef2-d6d7d6ec9600 elapsed_us=5016
2026-09-26T21:57:04.931686Z	debug	dynamo_generic_rpc_split	generic gRPC unary response	stage="selector" request_id=8be29dc1-292a-4e0f-b135-b76205b04d00 elapsed_us=2869
2026-09-26T21:57:04.936597Z	debug	dynamo_generic_rpc_split	generic gRPC response headers	stage="prefill" request_id=575c300b-da2e-46a1-bb28-09204e1a9400 headers_us=2985
2026-09-26T21:57:04.938811Z	debug	dynamo_generic_rpc_split	generic gRPC unary response	stage="selector" request_id=575c300b-da2e-46a1-bb28-09204e1a9400 elapsed_us=2134
2026-09-26T21:57:04.994740Z	debug	dynamo_generic_rpc_split	generic gRPC response headers	stage="prefill" request_id=6c2c4eae-cf11-4a79-93a6-cef1a6657e00 headers_us=2754
2026-09-26T21:57:04.997779Z	debug	dynamo_generic_rpc_split	generic gRPC unary response	stage="selector" request_id=6c2c4eae-cf11-4a79-93a6-cef1a6657e00 elapsed_us=2942
2026-09-26T21:57:05.006363Z	debug	dynamo_generic_rpc_split	generic gRPC response headers	stage="prefill" request_id=9c0c66bd-03e7-4efc-944b-e44098fee200 headers_us=2285
2026-09-26T21:57:05.008296Z	debug	dynamo_generic_rpc_split	generic gRPC unary response	stage="selector" request_id=9c0c66bd-03e7-4efc-944b-e44098fee200 elapsed_us=1854
2026-09-26T21:57:05.030456Z	debug	dynamo_generic_rpc_split	generic gRPC response headers	stage="prefill" request_id=102bd948-0a38-4b55-8b84-8c72cfba8800 headers_us=2405
2026-09-26T21:57:05.032742Z	debug	dynamo_generic_rpc_split	generic gRPC unary response	stage="selector" request_id=102bd948-0a38-4b55-8b84-8c72cfba8800 elapsed_us=2190
2026-09-26T21:57:05.045024Z	debug	dynamo_generic_rpc_split	generic gRPC response headers	stage="prefill" request_id=e9120c0b-2d11-4926-bbfa-9f0cf87c2f00 headers_us=3717
2026-09-26T21:57:05.046501Z	debug	dynamo_generic_rpc_split	generic gRPC unary response	stage="selector" request_id=e9120c0b-2d11-4926-bbfa-9f0cf87c2f00 elapsed_us=1395
2026-09-26T21:57:05.099557Z	debug	dynamo_generic_rpc_split	generic gRPC response headers	stage="prefill" request_id=daed2eb9-87a4-4c58-a307-cdd191b66e00 headers_us=1265
2026-09-26T21:57:05.101771Z	debug	dynamo_generic_rpc_split	generic gRPC unary response	stage="selector" request_id=daed2eb9-87a4-4c58-a307-cdd191b66e00 elapsed_us=2161
2026-09-26T21:57:05.213858Z	debug	dynamo_generic_rpc_split	generic gRPC response headers	stage="prefill" request_id=a46ff07f-b5dc-4430-9796-b5596c8d8200 headers_us=2871
2026-09-26T21:57:05.217686Z	debug	dynamo_generic_rpc_split	generic gRPC unary response	stage="selector" request_id=a46ff07f-b5dc-4430-9796-b5596c8d8200 elapsed_us=3244
2026-09-26T21:57:05.230609Z	debug	dynamo_generic_rpc_split	generic gRPC response headers	stage="prefill" request_id=fd7b16de-948e-4f23-93cb-64fc91695900 headers_us=3488
2026-09-26T21:57:05.232651Z	debug	dynamo_generic_rpc_split	generic gRPC unary response	stage="selector" request_id=fd7b16de-948e-4f23-93cb-64fc91695900 elapsed_us=1929
2026-09-26T21:57:05.245757Z	debug	dynamo_generic_rpc_split	generic gRPC response headers	stage="prefill" request_id=d8a1c655-29c0-443d-979d-73614c7d4300 headers_us=3502
2026-09-26T21:57:05.247926Z	debug	dynamo_generic_rpc_split	generic gRPC unary response	stage="selector" request_id=d8a1c655-29c0-443d-979d-73614c7d4300 elapsed_us=2104
2026-09-26T21:57:05.277711Z	debug	dynamo_generic_rpc_split	generic gRPC response headers	stage="prefill" request_id=d240372b-076d-4dcb-b8cd-eac3f1631e00 headers_us=1797
2026-09-26T21:57:05.279473Z	debug	dynamo_generic_rpc_split	generic gRPC unary response	stage="selector" request_id=d240372b-076d-4dcb-b8cd-eac3f1631e00 elapsed_us=1474
2026-09-26T21:57:05.291824Z	debug	dynamo_generic_rpc_split	generic gRPC response headers	stage="prefill" request_id=4a07f0cf-25b4-46e5-beb2-73ef6c72a200 headers_us=1691
2026-09-26T21:57:05.293844Z	debug	dynamo_generic_rpc_split	generic gRPC unary response	stage="selector" request_id=4a07f0cf-25b4-46e5-beb2-73ef6c72a200 elapsed_us=1307
2026-09-26T21:57:05.299761Z	debug	dynamo_generic_rpc_split	generic gRPC response headers	stage="prefill" request_id=26f063fe-e5b8-46d9-a70a-5561bac7e000 headers_us=4150
2026-09-26T21:57:05.304821Z	debug	dynamo_generic_rpc_split	generic gRPC unary response	stage="selector" request_id=26f063fe-e5b8-46d9-a70a-5561bac7e000 elapsed_us=4982
2026-09-26T21:57:05.305966Z	debug	dynamo_generic_rpc_split	generic gRPC response headers	stage="prefill" request_id=616b3ca6-31b5-4ef0-b6e6-b39fc9531e00 headers_us=2832
2026-09-26T21:57:05.311742Z	debug	dynamo_generic_rpc_split	generic gRPC unary response	stage="selector" request_id=616b3ca6-31b5-4ef0-b6e6-b39fc9531e00 elapsed_us=5670
2026-09-26T21:57:05.313043Z	debug	dynamo_generic_rpc_split	generic gRPC response headers	stage="prefill" request_id=5428d005-4d05-452e-b0ba-1f669fcc3a00 headers_us=4826
2026-09-26T21:57:05.317517Z	debug	dynamo_generic_rpc_split	generic gRPC unary response	stage="selector" request_id=5428d005-4d05-452e-b0ba-1f669fcc3a00 elapsed_us=4346
2026-09-26T21:57:05.330141Z	debug	dynamo_generic_rpc_split	generic gRPC response headers	stage="prefill" request_id=f0426d34-7eb8-47d5-b961-fbf34e3ef800 headers_us=2288
2026-09-26T21:57:05.333355Z	debug	dynamo_generic_rpc_split	generic gRPC unary response	stage="selector" request_id=f0426d34-7eb8-47d5-b961-fbf34e3ef800 elapsed_us=2762
2026-09-26T21:57:05.363185Z	debug	dynamo_generic_rpc_split	generic gRPC response headers	stage="prefill" request_id=44f31129-7bea-4aa7-a14a-a8a771c78600 headers_us=3029
2026-09-26T21:57:05.365521Z	debug	dynamo_generic_rpc_split	generic gRPC response headers	stage="prefill" request_id=334afb4c-2b79-44e1-8efb-e6adda94b900 headers_us=2218
2026-09-26T21:57:05.366864Z	debug	dynamo_generic_rpc_split	generic gRPC unary response	stage="selector" request_id=44f31129-7bea-4aa7-a14a-a8a771c78600 elapsed_us=3595
2026-09-26T21:57:05.368701Z	debug	dynamo_generic_rpc_split	generic gRPC unary response	stage="selector" request_id=334afb4c-2b79-44e1-8efb-e6adda94b900 elapsed_us=3090
2026-09-26T21:57:05.449780Z	debug	dynamo_generic_rpc_split	generic gRPC response headers	stage="prefill" request_id=b5fa78a8-4c3b-4507-9ad7-8eab01028100 headers_us=1596
2026-09-26T21:57:05.452730Z	debug	dynamo_generic_rpc_split	generic gRPC unary response	stage="selector" request_id=b5fa78a8-4c3b-4507-9ad7-8eab01028100 elapsed_us=2105
2026-09-26T21:57:05.457651Z	debug	dynamo_generic_rpc_split	generic gRPC response headers	stage="prefill" request_id=85563f97-b032-4e2a-8aea-ac297dbb6200 headers_us=3307
2026-09-26T21:57:05.459263Z	debug	dynamo_generic_rpc_split	generic gRPC unary response	stage="selector" request_id=85563f97-b032-4e2a-8aea-ac297dbb6200 elapsed_us=1552
2026-09-26T21:57:05.474702Z	debug	dynamo_generic_rpc_split	generic gRPC response headers	stage="prefill" request_id=629e6f8d-bf86-4f0c-83e6-e132c2a79600 headers_us=3093
2026-09-26T21:57:05.480987Z	debug	dynamo_generic_rpc_split	generic gRPC unary response	stage="selector" request_id=629e6f8d-bf86-4f0c-83e6-e132c2a79600 elapsed_us=5317
2026-09-26T21:57:05.524758Z	debug	dynamo_generic_rpc_split	generic gRPC response headers	stage="prefill" request_id=d0352a16-325b-4f53-8026-cb67e6eee000 headers_us=5194
2026-09-26T21:57:05.526803Z	debug	dynamo_generic_rpc_split	generic gRPC response headers	stage="prefill" request_id=b2d90456-bb46-4725-8542-ae5b0644bd00 headers_us=5130
2026-09-26T21:57:05.529527Z	debug	dynamo_generic_rpc_split	generic gRPC unary response	stage="selector" request_id=d0352a16-325b-4f53-8026-cb67e6eee000 elapsed_us=4662
2026-09-26T21:57:05.534100Z	debug	dynamo_generic_rpc_split	generic gRPC unary response	stage="selector" request_id=b2d90456-bb46-4725-8542-ae5b0644bd00 elapsed_us=7230
2026-09-26T21:57:05.592036Z	debug	dynamo_generic_rpc_split	generic gRPC response headers	stage="prefill" request_id=5ba0a55f-3a4d-4a4e-9a36-bf72661bb500 headers_us=2334
2026-09-26T21:57:05.592996Z	debug	dynamo_generic_rpc_split	generic gRPC response headers	stage="prefill" request_id=9187c932-78c8-4a36-b95f-683979aec700 headers_us=1119
2026-09-26T21:57:05.593152Z	debug	dynamo_generic_rpc_split	generic gRPC unary response	stage="selector" request_id=5ba0a55f-3a4d-4a4e-9a36-bf72661bb500 elapsed_us=981
2026-09-26T21:57:05.594287Z	debug	dynamo_generic_rpc_split	generic gRPC unary response	stage="selector" request_id=9187c932-78c8-4a36-b95f-683979aec700 elapsed_us=1022
2026-09-26T21:57:05.615617Z	debug	dynamo_generic_rpc_split	generic gRPC response headers	stage="prefill" request_id=c3df0df8-f1cc-45f1-aa1b-15af72986400 headers_us=2281
2026-09-26T21:57:05.618362Z	debug	dynamo_generic_rpc_split	generic gRPC unary response	stage="selector" request_id=c3df0df8-f1cc-45f1-aa1b-15af72986400 elapsed_us=2026
2026-09-26T21:57:05.744953Z	debug	dynamo_generic_rpc_split	generic gRPC response headers	stage="prefill" request_id=1b3bd056-5399-4108-ab6e-c0ef4da64b00 headers_us=6918
2026-09-26T21:57:05.748746Z	debug	dynamo_generic_rpc_split	generic gRPC response headers	stage="prefill" request_id=597a8f9c-c45a-47a0-b59a-1ba1b9169200 headers_us=3720
2026-09-26T21:57:05.750276Z	debug	dynamo_generic_rpc_split	generic gRPC unary response	stage="selector" request_id=1b3bd056-5399-4108-ab6e-c0ef4da64b00 elapsed_us=5246
2026-09-26T21:57:05.752246Z	debug	dynamo_generic_rpc_split	generic gRPC unary response	stage="selector" request_id=597a8f9c-c45a-47a0-b59a-1ba1b9169200 elapsed_us=3426
2026-09-26T21:57:05.833310Z	debug	dynamo_generic_rpc_split	generic gRPC response headers	stage="prefill" request_id=54af114f-60f2-4d00-ae89-055545d02900 headers_us=3685
2026-09-26T21:57:05.836877Z	debug	dynamo_generic_rpc_split	generic gRPC unary response	stage="selector" request_id=54af114f-60f2-4d00-ae89-055545d02900 elapsed_us=3405
2026-09-26T21:57:05.908693Z	debug	dynamo_generic_rpc_split	generic gRPC response headers	stage="prefill" request_id=b5e2bd50-37a8-4a1a-a152-cd87ff19ac00 headers_us=2744
2026-09-26T21:57:05.911715Z	debug	dynamo_generic_rpc_split	generic gRPC unary response	stage="selector" request_id=b5e2bd50-37a8-4a1a-a152-cd87ff19ac00 elapsed_us=2892
2026-09-26T21:57:05.915077Z	debug	dynamo_generic_rpc_split	generic gRPC response headers	stage="prefill" request_id=9fdb8425-d2e5-49ca-a1b7-729dd233c100 headers_us=3110
2026-09-26T21:57:05.917335Z	debug	dynamo_generic_rpc_split	generic gRPC unary response	stage="selector" request_id=9fdb8425-d2e5-49ca-a1b7-729dd233c100 elapsed_us=1985
2026-09-26T21:57:05.950834Z	debug	dynamo_generic_rpc_split	generic gRPC response headers	stage="prefill" request_id=174b0ee3-1992-4ba6-abcd-f9e51ee86d00 headers_us=2556
2026-09-26T21:57:05.952697Z	debug	dynamo_generic_rpc_split	generic gRPC unary response	stage="selector" request_id=174b0ee3-1992-4ba6-abcd-f9e51ee86d00 elapsed_us=1730
2026-09-26T21:57:05.989852Z	debug	dynamo_generic_rpc_split	generic gRPC response headers	stage="prefill" request_id=cc54f7c3-2dac-4de8-9550-9ec105c52300 headers_us=6610
2026-09-26T21:57:05.994135Z	debug	dynamo_generic_rpc_split	generic gRPC response headers	stage="prefill" request_id=0b1916a3-6c26-44a2-87a8-c49449826200 headers_us=4066
2026-09-26T21:57:05.997360Z	debug	dynamo_generic_rpc_split	generic gRPC unary response	stage="selector" request_id=cc54f7c3-2dac-4de8-9550-9ec105c52300 elapsed_us=7405
2026-09-26T21:57:05.998621Z	debug	dynamo_generic_rpc_split	generic gRPC unary response	stage="selector" request_id=0b1916a3-6c26-44a2-87a8-c49449826200 elapsed_us=4419
2026-09-26T21:57:06.002909Z	debug	dynamo_generic_rpc_split	generic gRPC response headers	stage="prefill" request_id=8f11fb73-3e14-4143-8c6c-5182c55f4a00 headers_us=2172
2026-09-26T21:57:06.005863Z	debug	dynamo_generic_rpc_split	generic gRPC unary response	stage="selector" request_id=8f11fb73-3e14-4143-8c6c-5182c55f4a00 elapsed_us=2347
2026-09-26T21:57:06.013173Z	debug	dynamo_generic_rpc_split	generic gRPC response headers	stage="prefill" request_id=e3370345-f317-4c10-9804-4d8f819a5200 headers_us=2724
2026-09-26T21:57:06.018682Z	debug	dynamo_generic_rpc_split	generic gRPC unary response	stage="selector" request_id=e3370345-f317-4c10-9804-4d8f819a5200 elapsed_us=5396
2026-09-26T21:57:06.036107Z	debug	dynamo_generic_rpc_split	generic gRPC response headers	stage="prefill" request_id=3c3f79f3-2c32-4983-9e67-3e5b39b03600 headers_us=3510
2026-09-26T21:57:06.038284Z	debug	dynamo_generic_rpc_split	generic gRPC unary response	stage="selector" request_id=3c3f79f3-2c32-4983-9e67-3e5b39b03600 elapsed_us=2107
2026-09-26T21:57:06.055916Z	debug	dynamo_generic_rpc_split	generic gRPC response headers	stage="prefill" request_id=c0bc7b89-bb4e-476f-8f69-dcc55eca4500 headers_us=3173
2026-09-26T21:57:06.062174Z	debug	dynamo_generic_rpc_split	generic gRPC unary response	stage="selector" request_id=c0bc7b89-bb4e-476f-8f69-dcc55eca4500 elapsed_us=6149
2026-09-26T21:57:06.073481Z	debug	dynamo_generic_rpc_split	generic gRPC response headers	stage="prefill" request_id=3eca9595-27e3-4dc8-9cf4-debe5e410100 headers_us=4349
2026-09-26T21:57:06.076704Z	debug	dynamo_generic_rpc_split	generic gRPC unary response	stage="selector" request_id=3eca9595-27e3-4dc8-9cf4-debe5e410100 elapsed_us=3139
2026-09-26T21:57:06.089646Z	debug	dynamo_generic_rpc_split	generic gRPC response headers	stage="prefill" request_id=3b151685-46e2-43b2-88bc-235a75251d00 headers_us=2350
2026-09-26T21:57:06.091899Z	debug	dynamo_generic_rpc_split	generic gRPC unary response	stage="selector" request_id=3b151685-46e2-43b2-88bc-235a75251d00 elapsed_us=2197
2026-09-26T21:57:06.096187Z	debug	dynamo_generic_rpc_split	generic gRPC response headers	stage="prefill" request_id=867fb685-038c-4302-bf21-e59e9884ce00 headers_us=3035
2026-09-26T21:57:06.100772Z	debug	dynamo_generic_rpc_split	generic gRPC response headers	stage="prefill" request_id=66539b77-462a-40bd-9f39-45ec66baf900 headers_us=2158
2026-09-26T21:57:06.101859Z	debug	dynamo_generic_rpc_split	generic gRPC unary response	stage="selector" request_id=867fb685-038c-4302-bf21-e59e9884ce00 elapsed_us=5590
2026-09-26T21:57:06.102846Z	debug	dynamo_generic_rpc_split	generic gRPC unary response	stage="selector" request_id=66539b77-462a-40bd-9f39-45ec66baf900 elapsed_us=2016
2026-09-26T21:57:06.113165Z	debug	dynamo_generic_rpc_split	generic gRPC response headers	stage="prefill" request_id=c084a8a9-203a-49b0-97c1-0df5ee990800 headers_us=2021
2026-09-26T21:57:06.115762Z	debug	dynamo_generic_rpc_split	generic gRPC unary response	stage="selector" request_id=c084a8a9-203a-49b0-97c1-0df5ee990800 elapsed_us=2522
2026-09-26T21:57:06.154737Z	debug	dynamo_generic_rpc_split	generic gRPC response headers	stage="prefill" request_id=2df41177-2d9b-4d05-a131-af939cfb3a00 headers_us=4640
2026-09-26T21:57:06.158125Z	debug	dynamo_generic_rpc_split	generic gRPC unary response	stage="selector" request_id=2df41177-2d9b-4d05-a131-af939cfb3a00 elapsed_us=3295
2026-09-26T21:57:06.166537Z	debug	dynamo_generic_rpc_split	generic gRPC response headers	stage="prefill" request_id=129abe98-f7da-4025-a46a-4260b266e500 headers_us=4170
2026-09-26T21:57:06.169465Z	debug	dynamo_generic_rpc_split	generic gRPC unary response	stage="selector" request_id=129abe98-f7da-4025-a46a-4260b266e500 elapsed_us=2837
2026-09-26T21:57:06.249034Z	debug	dynamo_generic_rpc_split	generic gRPC response headers	stage="prefill" request_id=00411913-2dce-4fb6-ae9b-261e77d5cf00 headers_us=2254
2026-09-26T21:57:06.251601Z	debug	dynamo_generic_rpc_split	generic gRPC unary response	stage="selector" request_id=00411913-2dce-4fb6-ae9b-261e77d5cf00 elapsed_us=2495
2026-09-26T21:57:06.274401Z	debug	dynamo_generic_rpc_split	generic gRPC response headers	stage="prefill" request_id=910c635c-b03b-441c-adf6-2e7e508d3000 headers_us=4232
2026-09-26T21:57:06.276084Z	debug	dynamo_generic_rpc_split	generic gRPC response headers	stage="prefill" request_id=080f61a7-a5d4-4f70-a4a4-5734c9358a00 headers_us=2728
2026-09-26T21:57:06.277207Z	debug	dynamo_generic_rpc_split	generic gRPC unary response	stage="selector" request_id=910c635c-b03b-441c-adf6-2e7e508d3000 elapsed_us=2734
2026-09-26T21:57:06.280640Z	debug	dynamo_generic_rpc_split	generic gRPC unary response	stage="selector" request_id=080f61a7-a5d4-4f70-a4a4-5734c9358a00 elapsed_us=4465
2026-09-26T21:57:06.317213Z	debug	dynamo_generic_rpc_split	generic gRPC response headers	stage="prefill" request_id=1acd6adc-68da-42d8-8645-35d83b74b700 headers_us=2943
2026-09-26T21:57:06.319125Z	debug	dynamo_generic_rpc_split	generic gRPC unary response	stage="selector" request_id=1acd6adc-68da-42d8-8645-35d83b74b700 elapsed_us=1833
2026-09-26T21:57:06.327060Z	debug	dynamo_generic_rpc_split	generic gRPC response headers	stage="prefill" request_id=4da2124d-c923-43eb-bbc1-8a8c14af9800 headers_us=3158
2026-09-26T21:57:06.330661Z	debug	dynamo_generic_rpc_split	generic gRPC unary response	stage="selector" request_id=4da2124d-c923-43eb-bbc1-8a8c14af9800 elapsed_us=3350
2026-09-26T21:57:06.335963Z	debug	dynamo_generic_rpc_split	generic gRPC response headers	stage="prefill" request_id=fb571d9c-9f9b-4fa1-ac38-d3d53b0c9400 headers_us=1582
2026-09-26T21:57:06.337685Z	debug	dynamo_generic_rpc_split	generic gRPC unary response	stage="selector" request_id=fb571d9c-9f9b-4fa1-ac38-d3d53b0c9400 elapsed_us=1501
2026-09-26T21:57:06.403845Z	debug	dynamo_generic_rpc_split	generic gRPC response headers	stage="prefill" request_id=ff0c461e-ed45-4fb7-b0ae-7714116c0000 headers_us=4009
2026-09-26T21:57:06.408042Z	debug	dynamo_generic_rpc_split	generic gRPC unary response	stage="selector" request_id=ff0c461e-ed45-4fb7-b0ae-7714116c0000 elapsed_us=4051
2026-09-26T21:57:06.421548Z	debug	dynamo_generic_rpc_split	generic gRPC response headers	stage="prefill" request_id=be7da346-58d2-4baa-aca3-2be43a841500 headers_us=1988
2026-09-26T21:57:06.422721Z	debug	dynamo_generic_rpc_split	generic gRPC unary response	stage="selector" request_id=be7da346-58d2-4baa-aca3-2be43a841500 elapsed_us=1097
2026-09-26T21:57:06.449196Z	debug	dynamo_generic_rpc_split	generic gRPC response headers	stage="prefill" request_id=cf1a7dfe-0dd3-4e83-b865-77a600d40600 headers_us=1805
2026-09-26T21:57:06.452381Z	debug	dynamo_generic_rpc_split	generic gRPC unary response	stage="selector" request_id=cf1a7dfe-0dd3-4e83-b865-77a600d40600 elapsed_us=3131
2026-09-26T21:57:06.477697Z	debug	dynamo_generic_rpc_split	generic gRPC response headers	stage="prefill" request_id=12b22a84-66c3-41de-8101-a95d5e0ba400 headers_us=1529
2026-09-26T21:57:06.480483Z	debug	dynamo_generic_rpc_split	generic gRPC unary response	stage="selector" request_id=12b22a84-66c3-41de-8101-a95d5e0ba400 elapsed_us=2734
2026-09-26T21:57:06.525189Z	debug	dynamo_generic_rpc_split	generic gRPC response headers	stage="prefill" request_id=9f1af6a8-16cb-41b6-ac4b-6499f56b8800 headers_us=5783
2026-09-26T21:57:06.531429Z	debug	dynamo_generic_rpc_split	generic gRPC unary response	stage="selector" request_id=9f1af6a8-16cb-41b6-ac4b-6499f56b8800 elapsed_us=6161
2026-09-26T21:57:06.552112Z	debug	dynamo_generic_rpc_split	generic gRPC response headers	stage="prefill" request_id=fd8e4003-59c3-4eef-97bb-438e45d0c100 headers_us=7935
2026-09-26T21:57:06.555758Z	debug	dynamo_generic_rpc_split	generic gRPC unary response	stage="selector" request_id=fd8e4003-59c3-4eef-97bb-438e45d0c100 elapsed_us=3569
2026-09-26T21:57:06.580221Z	debug	dynamo_generic_rpc_split	generic gRPC response headers	stage="prefill" request_id=0b4dbfa8-2d15-40d3-8c73-5303bdc22500 headers_us=2849
2026-09-26T21:57:06.582247Z	debug	dynamo_generic_rpc_split	generic gRPC unary response	stage="selector" request_id=0b4dbfa8-2d15-40d3-8c73-5303bdc22500 elapsed_us=1952
2026-09-26T21:57:06.626093Z	debug	dynamo_generic_rpc_split	generic gRPC response headers	stage="prefill" request_id=a927f32c-dddf-443b-bfed-ac114d2a1000 headers_us=1327
2026-09-26T21:57:06.628033Z	debug	dynamo_generic_rpc_split	generic gRPC unary response	stage="selector" request_id=a927f32c-dddf-443b-bfed-ac114d2a1000 elapsed_us=1842
2026-09-26T21:57:06.688306Z	debug	dynamo_generic_rpc_split	generic gRPC response headers	stage="prefill" request_id=054b7a3e-4a1f-413f-a945-b9875d6fdc00 headers_us=2062
2026-09-26T21:57:06.690242Z	debug	dynamo_generic_rpc_split	generic gRPC unary response	stage="selector" request_id=054b7a3e-4a1f-413f-a945-b9875d6fdc00 elapsed_us=1829
2026-09-26T21:57:06.705295Z	debug	dynamo_generic_rpc_split	generic gRPC response headers	stage="prefill" request_id=7b60282e-35f3-485c-af34-1a6172b59a00 headers_us=2768
2026-09-26T21:57:06.706480Z	debug	dynamo_generic_rpc_split	generic gRPC unary response	stage="selector" request_id=7b60282e-35f3-485c-af34-1a6172b59a00 elapsed_us=1061
2026-09-26T21:57:06.746883Z	debug	dynamo_generic_rpc_split	generic gRPC response headers	stage="prefill" request_id=bee275e6-d4f4-48c3-87b0-29aa3c564c00 headers_us=1559
2026-09-26T21:57:06.748134Z	debug	dynamo_generic_rpc_split	generic gRPC unary response	stage="selector" request_id=bee275e6-d4f4-48c3-87b0-29aa3c564c00 elapsed_us=1147
2026-09-26T21:57:06.808131Z	debug	dynamo_generic_rpc_split	generic gRPC response headers	stage="prefill" request_id=cdaa28f0-b85f-4eff-a977-4b7a118fdf00 headers_us=1334
2026-09-26T21:57:06.809768Z	debug	dynamo_generic_rpc_split	generic gRPC unary response	stage="selector" request_id=cdaa28f0-b85f-4eff-a977-4b7a118fdf00 elapsed_us=1544
2026-09-26T21:57:06.838963Z	debug	dynamo_generic_rpc_split	generic gRPC response headers	stage="prefill" request_id=fe0a06df-4b69-441d-9a07-34a787456200 headers_us=2071
2026-09-26T21:57:06.841685Z	debug	dynamo_generic_rpc_split	generic gRPC unary response	stage="selector" request_id=fe0a06df-4b69-441d-9a07-34a787456200 elapsed_us=2534
2026-09-26T21:57:06.942574Z	debug	dynamo_generic_rpc_split	generic gRPC response headers	stage="prefill" request_id=30d58c53-8df8-48de-8806-cf38e9ec6a00 headers_us=2989
2026-09-26T21:57:06.945830Z	debug	dynamo_generic_rpc_split	generic gRPC unary response	stage="selector" request_id=30d58c53-8df8-48de-8806-cf38e9ec6a00 elapsed_us=3136
2026-09-26T21:57:06.973061Z	debug	dynamo_generic_rpc_split	generic gRPC response headers	stage="prefill" request_id=bbc9ce8c-2f5a-4dda-b564-d32493ed5400 headers_us=1105
2026-09-26T21:57:06.975188Z	debug	dynamo_generic_rpc_split	generic gRPC unary response	stage="selector" request_id=bbc9ce8c-2f5a-4dda-b564-d32493ed5400 elapsed_us=1442
2026-09-26T21:57:06.994626Z	debug	dynamo_generic_rpc_split	generic gRPC response headers	stage="prefill" request_id=219dcb2d-799b-4d65-bc1d-c474340b0100 headers_us=2807
2026-09-26T21:57:06.995891Z	debug	dynamo_generic_rpc_split	generic gRPC unary response	stage="selector" request_id=219dcb2d-799b-4d65-bc1d-c474340b0100 elapsed_us=1202
2026-09-26T21:57:07.048426Z	debug	dynamo_generic_rpc_split	generic gRPC response headers	stage="prefill" request_id=337cd835-b976-42f2-a84e-d9b04baca900 headers_us=2934
2026-09-26T21:57:07.050656Z	debug	dynamo_generic_rpc_split	generic gRPC unary response	stage="selector" request_id=337cd835-b976-42f2-a84e-d9b04baca900 elapsed_us=2153
2026-09-26T21:57:07.051549Z	debug	dynamo_generic_rpc_split	generic gRPC response headers	stage="prefill" request_id=af0a8507-e410-42d0-8903-6d47c1efa000 headers_us=2275
2026-09-26T21:57:07.054959Z	debug	dynamo_generic_rpc_split	generic gRPC unary response	stage="selector" request_id=af0a8507-e410-42d0-8903-6d47c1efa000 elapsed_us=3366
2026-09-26T21:57:07.072721Z	debug	dynamo_generic_rpc_split	generic gRPC response headers	stage="prefill" request_id=7c42f7fe-7f12-40cb-bc92-d8f80d8aba00 headers_us=1358
2026-09-26T21:57:07.074094Z	debug	dynamo_generic_rpc_split	generic gRPC unary response	stage="selector" request_id=7c42f7fe-7f12-40cb-bc92-d8f80d8aba00 elapsed_us=1192
2026-09-26T21:57:07.080315Z	debug	dynamo_generic_rpc_split	generic gRPC response headers	stage="prefill" request_id=ea038a4b-5e43-4796-812e-8fb368483700 headers_us=3145
2026-09-26T21:57:07.083009Z	debug	dynamo_generic_rpc_split	generic gRPC unary response	stage="selector" request_id=ea038a4b-5e43-4796-812e-8fb368483700 elapsed_us=2587
2026-09-26T21:57:07.083743Z	debug	dynamo_generic_rpc_split	generic gRPC response headers	stage="prefill" request_id=eadb0511-fe67-4a73-884d-ca6b4a823900 headers_us=1253
2026-09-26T21:57:07.085319Z	debug	dynamo_generic_rpc_split	generic gRPC unary response	stage="selector" request_id=eadb0511-fe67-4a73-884d-ca6b4a823900 elapsed_us=1521
2026-09-26T21:57:07.091404Z	debug	dynamo_generic_rpc_split	generic gRPC response headers	stage="prefill" request_id=c24c47c7-0058-4453-9c7c-565b69e65b00 headers_us=4643
2026-09-26T21:57:07.093156Z	debug	dynamo_generic_rpc_split	generic gRPC unary response	stage="selector" request_id=c24c47c7-0058-4453-9c7c-565b69e65b00 elapsed_us=1683
2026-09-26T21:57:07.101350Z	debug	dynamo_generic_rpc_split	generic gRPC response headers	stage="prefill" request_id=dbc4abf1-aa21-4652-90cb-72f3a6d54a00 headers_us=1741
2026-09-26T21:57:07.103075Z	debug	dynamo_generic_rpc_split	generic gRPC unary response	stage="selector" request_id=dbc4abf1-aa21-4652-90cb-72f3a6d54a00 elapsed_us=1548
2026-09-26T21:57:07.119381Z	debug	dynamo_generic_rpc_split	generic gRPC response headers	stage="prefill" request_id=b3b3656e-64a8-4313-b2d6-621969a96500 headers_us=2695
2026-09-26T21:57:07.120989Z	debug	dynamo_generic_rpc_split	generic gRPC unary response	stage="selector" request_id=b3b3656e-64a8-4313-b2d6-621969a96500 elapsed_us=1526
2026-09-26T21:57:07.171049Z	debug	dynamo_generic_rpc_split	generic gRPC response headers	stage="prefill" request_id=21ac1d70-7d22-41b0-a468-dacb7d148100 headers_us=1543
2026-09-26T21:57:07.174808Z	debug	dynamo_generic_rpc_split	generic gRPC unary response	stage="selector" request_id=21ac1d70-7d22-41b0-a468-dacb7d148100 elapsed_us=3680
2026-09-26T21:57:07.211556Z	debug	dynamo_generic_rpc_split	generic gRPC response headers	stage="prefill" request_id=c0424647-9ac6-4ce6-8684-0dca11cf5f00 headers_us=1484
2026-09-26T21:57:07.213307Z	debug	dynamo_generic_rpc_split	generic gRPC unary response	stage="selector" request_id=c0424647-9ac6-4ce6-8684-0dca11cf5f00 elapsed_us=1645
2026-09-26T21:57:07.217529Z	debug	dynamo_generic_rpc_split	generic gRPC response headers	stage="prefill" request_id=7845d1a7-5348-4316-a84d-02bf180d7300 headers_us=786
2026-09-26T21:57:07.220842Z	debug	dynamo_generic_rpc_split	generic gRPC unary response	stage="selector" request_id=7845d1a7-5348-4316-a84d-02bf180d7300 elapsed_us=2050
2026-09-26T21:57:07.244548Z	debug	dynamo_generic_rpc_split	generic gRPC response headers	stage="prefill" request_id=df33b1d9-c0ee-46ba-9294-2f6bd4b20d00 headers_us=2061
2026-09-26T21:57:07.246354Z	debug	dynamo_generic_rpc_split	generic gRPC unary response	stage="selector" request_id=df33b1d9-c0ee-46ba-9294-2f6bd4b20d00 elapsed_us=1741
2026-09-26T21:57:07.317344Z	debug	dynamo_generic_rpc_split	generic gRPC response headers	stage="prefill" request_id=f3eae303-e76f-4048-a817-3546475e4a00 headers_us=1544
2026-09-26T21:57:07.317974Z	debug	dynamo_generic_rpc_split	generic gRPC response headers	stage="prefill" request_id=f2cfeb62-3349-48ff-8027-69347da5e700 headers_us=1657
2026-09-26T21:57:07.319918Z	debug	dynamo_generic_rpc_split	generic gRPC unary response	stage="selector" request_id=f2cfeb62-3349-48ff-8027-69347da5e700 elapsed_us=1865
2026-09-26T21:57:07.319995Z	debug	dynamo_generic_rpc_split	generic gRPC unary response	stage="selector" request_id=f3eae303-e76f-4048-a817-3546475e4a00 elapsed_us=2569
2026-09-26T21:57:07.328820Z	debug	dynamo_generic_rpc_split	generic gRPC response headers	stage="prefill" request_id=03851c1c-0977-48b8-9286-b51e8d55be00 headers_us=1843
2026-09-26T21:57:07.331225Z	debug	dynamo_generic_rpc_split	generic gRPC unary response	stage="selector" request_id=03851c1c-0977-48b8-9286-b51e8d55be00 elapsed_us=2271
2026-09-26T21:57:07.345427Z	debug	dynamo_generic_rpc_split	generic gRPC response headers	stage="prefill" request_id=0401ec00-ea0f-4932-9ca0-8357c93d2100 headers_us=1558
2026-09-26T21:57:07.346449Z	debug	dynamo_generic_rpc_split	generic gRPC unary response	stage="selector" request_id=0401ec00-ea0f-4932-9ca0-8357c93d2100 elapsed_us=951
2026-09-26T21:57:07.385148Z	debug	dynamo_generic_rpc_split	generic gRPC response headers	stage="prefill" request_id=e53bc088-325f-49b2-b33f-3201142a4200 headers_us=1662
2026-09-26T21:57:07.386267Z	debug	dynamo_generic_rpc_split	generic gRPC unary response	stage="selector" request_id=e53bc088-325f-49b2-b33f-3201142a4200 elapsed_us=1030
2026-09-26T21:57:07.429301Z	debug	dynamo_generic_rpc_split	generic gRPC response headers	stage="prefill" request_id=9a4d424e-5dad-4de1-b2ea-5e4e8170cc00 headers_us=2929
2026-09-26T21:57:07.430872Z	debug	dynamo_generic_rpc_split	generic gRPC unary response	stage="selector" request_id=9a4d424e-5dad-4de1-b2ea-5e4e8170cc00 elapsed_us=1520
2026-09-26T21:57:07.462102Z	debug	dynamo_generic_rpc_split	generic gRPC response headers	stage="prefill" request_id=cd0a73b1-b9b2-4830-a49d-f9203e0be700 headers_us=2480
2026-09-26T21:57:07.463594Z	debug	dynamo_generic_rpc_split	generic gRPC unary response	stage="selector" request_id=cd0a73b1-b9b2-4830-a49d-f9203e0be700 elapsed_us=1320
2026-09-26T21:57:07.466367Z	debug	dynamo_generic_rpc_split	generic gRPC response headers	stage="prefill" request_id=db8ba0f3-06a8-4c03-b5df-74448f9e7300 headers_us=2298
2026-09-26T21:57:07.468668Z	debug	dynamo_generic_rpc_split	generic gRPC unary response	stage="selector" request_id=db8ba0f3-06a8-4c03-b5df-74448f9e7300 elapsed_us=2180
2026-09-26T21:57:07.504880Z	debug	dynamo_generic_rpc_split	generic gRPC response headers	stage="prefill" request_id=b864036d-7031-41b1-85a1-c0bd85a6fa00 headers_us=2380
2026-09-26T21:57:07.507076Z	debug	dynamo_generic_rpc_split	generic gRPC unary response	stage="selector" request_id=b864036d-7031-41b1-85a1-c0bd85a6fa00 elapsed_us=2103
2026-09-26T21:57:07.552432Z	debug	dynamo_generic_rpc_split	generic gRPC response headers	stage="prefill" request_id=3bef96dd-a3d3-483f-a137-062ceae29900 headers_us=2586
2026-09-26T21:57:07.553185Z	debug	dynamo_generic_rpc_split	generic gRPC unary response	stage="selector" request_id=3bef96dd-a3d3-483f-a137-062ceae29900 elapsed_us=685
2026-09-26T21:57:07.616753Z	debug	dynamo_generic_rpc_split	generic gRPC response headers	stage="prefill" request_id=e0781d61-4daf-4104-9e65-19956a195200 headers_us=1049
2026-09-26T21:57:07.618756Z	debug	dynamo_generic_rpc_split	generic gRPC unary response	stage="selector" request_id=e0781d61-4daf-4104-9e65-19956a195200 elapsed_us=1635
2026-09-26T21:57:07.620057Z	debug	dynamo_generic_rpc_split	generic gRPC response headers	stage="prefill" request_id=2fd5166b-b76a-4074-b4fe-84ccbeca2700 headers_us=1181
2026-09-26T21:57:07.623442Z	debug	dynamo_generic_rpc_split	generic gRPC unary response	stage="selector" request_id=2fd5166b-b76a-4074-b4fe-84ccbeca2700 elapsed_us=3319
2026-09-26T21:57:07.632856Z	debug	dynamo_generic_rpc_split	generic gRPC response headers	stage="prefill" request_id=01e2a373-cde9-49b3-b4fc-34a336b1b600 headers_us=2710
2026-09-26T21:57:07.633706Z	debug	dynamo_generic_rpc_split	generic gRPC unary response	stage="selector" request_id=01e2a373-cde9-49b3-b4fc-34a336b1b600 elapsed_us=752
2026-09-26T21:57:07.686892Z	debug	dynamo_generic_rpc_split	generic gRPC response headers	stage="prefill" request_id=0e384ec3-1b5e-4629-9d86-438031274000 headers_us=1629
2026-09-26T21:57:07.688144Z	debug	dynamo_generic_rpc_split	generic gRPC unary response	stage="selector" request_id=0e384ec3-1b5e-4629-9d86-438031274000 elapsed_us=1124
2026-09-26T21:57:07.688626Z	debug	dynamo_generic_rpc_split	generic gRPC response headers	stage="prefill" request_id=8c057ef5-395f-4da5-8fd0-fced3900cf00 headers_us=1144
2026-09-26T21:57:07.690081Z	debug	dynamo_generic_rpc_split	generic gRPC unary response	stage="selector" request_id=8c057ef5-395f-4da5-8fd0-fced3900cf00 elapsed_us=1375
2026-09-26T21:57:07.705968Z	debug	dynamo_generic_rpc_split	generic gRPC response headers	stage="prefill" request_id=fdb7e564-8121-42d1-9add-2ae925172300 headers_us=1811
2026-09-26T21:57:07.707762Z	debug	dynamo_generic_rpc_split	generic gRPC unary response	stage="selector" request_id=fdb7e564-8121-42d1-9add-2ae925172300 elapsed_us=1665
2026-09-26T21:57:07.827740Z	debug	dynamo_generic_rpc_split	generic gRPC response headers	stage="prefill" request_id=42080420-7107-4b71-bcf8-f260699cfc00 headers_us=594
2026-09-26T21:57:07.828844Z	debug	dynamo_generic_rpc_split	generic gRPC unary response	stage="selector" request_id=42080420-7107-4b71-bcf8-f260699cfc00 elapsed_us=997
2026-09-26T21:57:07.868044Z	debug	dynamo_generic_rpc_split	generic gRPC response headers	stage="prefill" request_id=9cc49821-de3a-44f6-bb4f-839467306700 headers_us=3425
2026-09-26T21:57:07.869837Z	debug	dynamo_generic_rpc_split	generic gRPC unary response	stage="selector" request_id=9cc49821-de3a-44f6-bb4f-839467306700 elapsed_us=1614
2026-09-26T21:57:07.873949Z	debug	dynamo_generic_rpc_split	generic gRPC response headers	stage="prefill" request_id=8ac16da8-5a4b-49f8-8f12-c5a0012a8d00 headers_us=1703
2026-09-26T21:57:07.875335Z	debug	dynamo_generic_rpc_split	generic gRPC unary response	stage="selector" request_id=8ac16da8-5a4b-49f8-8f12-c5a0012a8d00 elapsed_us=1191
2026-09-26T21:57:07.879317Z	debug	dynamo_generic_rpc_split	generic gRPC response headers	stage="prefill" request_id=467dd90f-056d-4f35-8f87-b3dec08a0300 headers_us=2613
2026-09-26T21:57:07.882669Z	debug	dynamo_generic_rpc_split	generic gRPC unary response	stage="selector" request_id=467dd90f-056d-4f35-8f87-b3dec08a0300 elapsed_us=3233
2026-09-26T21:57:07.919959Z	debug	dynamo_generic_rpc_split	generic gRPC response headers	stage="prefill" request_id=d6512e8d-2a41-4354-a972-af9293a1d500 headers_us=1198
2026-09-26T21:57:07.922304Z	debug	dynamo_generic_rpc_split	generic gRPC unary response	stage="selector" request_id=d6512e8d-2a41-4354-a972-af9293a1d500 elapsed_us=1510
2026-09-26T21:57:07.943785Z	debug	dynamo_generic_rpc_split	generic gRPC response headers	stage="prefill" request_id=0279ee55-c2e7-46c1-b4cb-c515b7069900 headers_us=3557
2026-09-26T21:57:07.945626Z	debug	dynamo_generic_rpc_split	generic gRPC unary response	stage="selector" request_id=0279ee55-c2e7-46c1-b4cb-c515b7069900 elapsed_us=1788
2026-09-26T21:57:07.966027Z	debug	dynamo_generic_rpc_split	generic gRPC response headers	stage="prefill" request_id=94ab644d-b401-4e75-94d1-e2f6c3e39200 headers_us=2914
2026-09-26T21:57:07.969354Z	debug	dynamo_generic_rpc_split	generic gRPC unary response	stage="selector" request_id=94ab644d-b401-4e75-94d1-e2f6c3e39200 elapsed_us=3261
2026-09-26T21:57:07.980950Z	debug	dynamo_generic_rpc_split	generic gRPC response headers	stage="prefill" request_id=4b435c30-d035-4def-afa3-7378de5ce600 headers_us=2566
2026-09-26T21:57:07.982274Z	debug	dynamo_generic_rpc_split	generic gRPC unary response	stage="selector" request_id=4b435c30-d035-4def-afa3-7378de5ce600 elapsed_us=1185
2026-09-26T21:57:08.006222Z	debug	dynamo_generic_rpc_split	generic gRPC response headers	stage="prefill" request_id=f137c34b-970b-408a-b1ef-37568b7c5600 headers_us=3881
2026-09-26T21:57:08.010148Z	debug	dynamo_generic_rpc_split	generic gRPC unary response	stage="selector" request_id=f137c34b-970b-408a-b1ef-37568b7c5600 elapsed_us=3832
2026-09-26T21:57:08.033667Z	debug	dynamo_generic_rpc_split	generic gRPC response headers	stage="prefill" request_id=7b7e609b-42b2-4db7-8174-dab37be9af00 headers_us=2233
2026-09-26T21:57:08.035063Z	debug	dynamo_generic_rpc_split	generic gRPC unary response	stage="selector" request_id=7b7e609b-42b2-4db7-8174-dab37be9af00 elapsed_us=1211
2026-09-26T21:57:08.071347Z	debug	dynamo_generic_rpc_split	generic gRPC response headers	stage="prefill" request_id=73f3de68-fcb7-43c1-a02c-39a94b80d400 headers_us=2627
2026-09-26T21:57:08.072730Z	debug	dynamo_generic_rpc_split	generic gRPC response headers	stage="prefill" request_id=5b79e123-5eb9-4732-87c5-e5b7e91c3000 headers_us=2836
2026-09-26T21:57:08.073230Z	debug	dynamo_generic_rpc_split	generic gRPC response headers	stage="prefill" request_id=e1922244-2eef-40da-8415-7b18c2b79b00 headers_us=2838
2026-09-26T21:57:08.075180Z	debug	dynamo_generic_rpc_split	generic gRPC unary response	stage="selector" request_id=e1922244-2eef-40da-8415-7b18c2b79b00 elapsed_us=1889
2026-09-26T21:57:08.075439Z	debug	dynamo_generic_rpc_split	generic gRPC unary response	stage="selector" request_id=73f3de68-fcb7-43c1-a02c-39a94b80d400 elapsed_us=3965
2026-09-26T21:57:08.075842Z	debug	dynamo_generic_rpc_split	generic gRPC unary response	stage="selector" request_id=5b79e123-5eb9-4732-87c5-e5b7e91c3000 elapsed_us=3002
2026-09-26T21:57:08.127693Z	debug	dynamo_generic_rpc_split	generic gRPC response headers	stage="prefill" request_id=445430b4-99bd-4ebe-a4d9-0c68deb94500 headers_us=1994
2026-09-26T21:57:08.129067Z	debug	dynamo_generic_rpc_split	generic gRPC unary response	stage="selector" request_id=445430b4-99bd-4ebe-a4d9-0c68deb94500 elapsed_us=1314
2026-09-26T21:57:08.256197Z	debug	dynamo_generic_rpc_split	generic gRPC response headers	stage="prefill" request_id=545a4208-aa1a-4255-b69a-a2db53927700 headers_us=3736
2026-09-26T21:57:08.259146Z	debug	dynamo_generic_rpc_split	generic gRPC unary response	stage="selector" request_id=545a4208-aa1a-4255-b69a-a2db53927700 elapsed_us=2869
2026-09-26T21:57:08.271722Z	debug	dynamo_generic_rpc_split	generic gRPC response headers	stage="prefill" request_id=5d15b2cf-e054-42b4-8bd0-374519ff6200 headers_us=1776
2026-09-26T21:57:08.274116Z	debug	dynamo_generic_rpc_split	generic gRPC unary response	stage="selector" request_id=5d15b2cf-e054-42b4-8bd0-374519ff6200 elapsed_us=2296
2026-09-26T21:57:08.286227Z	debug	dynamo_generic_rpc_split	generic gRPC response headers	stage="prefill" request_id=334b83ba-9d75-496b-8baa-6fc026a58700 headers_us=1496
2026-09-26T21:57:08.287657Z	debug	dynamo_generic_rpc_split	generic gRPC unary response	stage="selector" request_id=334b83ba-9d75-496b-8baa-6fc026a58700 elapsed_us=1112
2026-09-26T21:57:08.318061Z	debug	dynamo_generic_rpc_split	generic gRPC response headers	stage="prefill" request_id=8ddf6627-ae72-4cb8-b37b-19717fa9e000 headers_us=3776
2026-09-26T21:57:08.319949Z	debug	dynamo_generic_rpc_split	generic gRPC unary response	stage="selector" request_id=8ddf6627-ae72-4cb8-b37b-19717fa9e000 elapsed_us=1785
2026-09-26T21:57:08.321316Z	debug	dynamo_generic_rpc_split	generic gRPC response headers	stage="prefill" request_id=c5b43cb8-58ad-4e1e-914c-694e8f2bdc00 headers_us=2479
2026-09-26T21:57:08.323877Z	debug	dynamo_generic_rpc_split	generic gRPC unary response	stage="selector" request_id=c5b43cb8-58ad-4e1e-914c-694e8f2bdc00 elapsed_us=2501
2026-09-26T21:57:08.346685Z	debug	dynamo_generic_rpc_split	generic gRPC response headers	stage="prefill" request_id=5a02e993-6138-4e5e-81f1-216bd8658000 headers_us=2388
2026-09-26T21:57:08.354662Z	debug	dynamo_generic_rpc_split	generic gRPC unary response	stage="selector" request_id=5a02e993-6138-4e5e-81f1-216bd8658000 elapsed_us=7884
2026-09-26T21:57:08.357591Z	debug	dynamo_generic_rpc_split	generic gRPC response headers	stage="prefill" request_id=052d0f49-afc7-45d7-85dd-af41cb521d00 headers_us=3125
2026-09-26T21:57:08.359301Z	debug	dynamo_generic_rpc_split	generic gRPC unary response	stage="selector" request_id=052d0f49-afc7-45d7-85dd-af41cb521d00 elapsed_us=1633
2026-09-26T21:57:08.369170Z	debug	dynamo_generic_rpc_split	generic gRPC response headers	stage="prefill" request_id=063f4e20-5575-4dab-a106-a6d687800f00 headers_us=4012
2026-09-26T21:57:08.372542Z	debug	dynamo_generic_rpc_split	generic gRPC unary response	stage="selector" request_id=063f4e20-5575-4dab-a106-a6d687800f00 elapsed_us=3274
2026-09-26T21:57:08.396720Z	debug	dynamo_generic_rpc_split	generic gRPC response headers	stage="prefill" request_id=a5f9f750-fdec-4b61-98a4-31f2cf827700 headers_us=2598
2026-09-26T21:57:08.397685Z	debug	dynamo_generic_rpc_split	generic gRPC unary response	stage="selector" request_id=a5f9f750-fdec-4b61-98a4-31f2cf827700 elapsed_us=880
2026-09-26T21:57:08.421664Z	debug	dynamo_generic_rpc_split	generic gRPC response headers	stage="prefill" request_id=d0670698-b0f8-48da-b38c-05b71be33e00 headers_us=1924
2026-09-26T21:57:08.424179Z	debug	dynamo_generic_rpc_split	generic gRPC unary response	stage="selector" request_id=d0670698-b0f8-48da-b38c-05b71be33e00 elapsed_us=2434
2026-09-26T21:57:08.480007Z	debug	dynamo_generic_rpc_split	generic gRPC response headers	stage="prefill" request_id=602d8cfa-a131-43a8-a6db-ca712dbb5700 headers_us=2108
2026-09-26T21:57:08.484485Z	debug	dynamo_generic_rpc_split	generic gRPC unary response	stage="selector" request_id=602d8cfa-a131-43a8-a6db-ca712dbb5700 elapsed_us=2607
2026-09-26T21:57:08.512228Z	debug	dynamo_generic_rpc_split	generic gRPC response headers	stage="prefill" request_id=2170daf3-22c1-47e4-a238-eb9b3be52800 headers_us=3921
2026-09-26T21:57:08.518572Z	debug	dynamo_generic_rpc_split	generic gRPC unary response	stage="selector" request_id=2170daf3-22c1-47e4-a238-eb9b3be52800 elapsed_us=6254
2026-09-26T21:57:08.613871Z	debug	dynamo_generic_rpc_split	generic gRPC response headers	stage="prefill" request_id=1edce2ca-7b83-4175-b6e1-ec85a4f03500 headers_us=2924
2026-09-26T21:57:08.616003Z	debug	dynamo_generic_rpc_split	generic gRPC unary response	stage="selector" request_id=1edce2ca-7b83-4175-b6e1-ec85a4f03500 elapsed_us=2042
2026-09-26T21:57:08.666886Z	debug	dynamo_generic_rpc_split	generic gRPC response headers	stage="prefill" request_id=8ee3d0e4-49f6-4824-b966-4d09c09ca200 headers_us=1555
2026-09-26T21:57:08.668773Z	debug	dynamo_generic_rpc_split	generic gRPC unary response	stage="selector" request_id=8ee3d0e4-49f6-4824-b966-4d09c09ca200 elapsed_us=1771
2026-09-26T21:57:08.734783Z	debug	dynamo_generic_rpc_split	generic gRPC response headers	stage="prefill" request_id=0c3532c1-73da-4df2-b87e-14562eb57800 headers_us=1156
2026-09-26T21:57:08.735902Z	debug	dynamo_generic_rpc_split	generic gRPC response headers	stage="prefill" request_id=b54af990-ed4f-43bd-9a8c-275c6a436600 headers_us=1738
2026-09-26T21:57:08.736672Z	debug	dynamo_generic_rpc_split	generic gRPC unary response	stage="selector" request_id=0c3532c1-73da-4df2-b87e-14562eb57800 elapsed_us=1804
2026-09-26T21:57:08.739811Z	debug	dynamo_generic_rpc_split	generic gRPC unary response	stage="selector" request_id=b54af990-ed4f-43bd-9a8c-275c6a436600 elapsed_us=2855
2026-09-26T21:57:08.807041Z	debug	dynamo_generic_rpc_split	generic gRPC response headers	stage="prefill" request_id=86f6df2f-76bc-4cd5-ad1a-cbc1b088ec00 headers_us=1550
2026-09-26T21:57:08.808340Z	debug	dynamo_generic_rpc_split	generic gRPC unary response	stage="selector" request_id=86f6df2f-76bc-4cd5-ad1a-cbc1b088ec00 elapsed_us=1199
2026-09-26T21:57:08.808378Z	debug	dynamo_generic_rpc_split	generic gRPC response headers	stage="prefill" request_id=c07b4947-9bae-4f96-947c-3d2b03d5c300 headers_us=1889
2026-09-26T21:57:08.809650Z	debug	dynamo_generic_rpc_split	generic gRPC unary response	stage="selector" request_id=c07b4947-9bae-4f96-947c-3d2b03d5c300 elapsed_us=1163
2026-09-26T21:57:08.865072Z	debug	dynamo_generic_rpc_split	generic gRPC response headers	stage="prefill" request_id=89bbb674-d9c5-4aa4-90a2-5a5878ddb400 headers_us=2483
2026-09-26T21:57:08.867777Z	debug	dynamo_generic_rpc_split	generic gRPC unary response	stage="selector" request_id=89bbb674-d9c5-4aa4-90a2-5a5878ddb400 elapsed_us=2589
2026-09-26T21:57:08.886570Z	debug	dynamo_generic_rpc_split	generic gRPC response headers	stage="prefill" request_id=cb89f97f-3cc7-4a0f-b586-cc0c791f2c00 headers_us=2734
2026-09-26T21:57:08.887162Z	debug	dynamo_generic_rpc_split	generic gRPC response headers	stage="prefill" request_id=6f8a4ca9-01b4-46c9-a759-318eb63a7b00 headers_us=3294
2026-09-26T21:57:08.891016Z	debug	dynamo_generic_rpc_split	generic gRPC unary response	stage="selector" request_id=cb89f97f-3cc7-4a0f-b586-cc0c791f2c00 elapsed_us=4382
2026-09-26T21:57:08.891522Z	debug	dynamo_generic_rpc_split	generic gRPC unary response	stage="selector" request_id=6f8a4ca9-01b4-46c9-a759-318eb63a7b00 elapsed_us=4281
2026-09-26T21:57:08.897300Z	debug	dynamo_generic_rpc_split	generic gRPC response headers	stage="prefill" request_id=3859043a-e335-4fb0-b4d1-12d60fa87100 headers_us=2517
2026-09-26T21:57:08.901210Z	debug	dynamo_generic_rpc_split	generic gRPC unary response	stage="selector" request_id=3859043a-e335-4fb0-b4d1-12d60fa87100 elapsed_us=3822
2026-09-26T21:57:08.927746Z	debug	dynamo_generic_rpc_split	generic gRPC response headers	stage="prefill" request_id=68366b84-a10c-4401-873d-1b1e5bd40400 headers_us=1552
2026-09-26T21:57:08.929167Z	debug	dynamo_generic_rpc_split	generic gRPC unary response	stage="selector" request_id=68366b84-a10c-4401-873d-1b1e5bd40400 elapsed_us=1355
2026-09-26T21:57:08.933136Z	debug	dynamo_generic_rpc_split	generic gRPC response headers	stage="prefill" request_id=9849bc96-1f45-42d7-aa7b-6996a453e500 headers_us=890
2026-09-26T21:57:08.933735Z	debug	dynamo_generic_rpc_split	generic gRPC unary response	stage="selector" request_id=9849bc96-1f45-42d7-aa7b-6996a453e500 elapsed_us=486
2026-09-26T21:57:09.036536Z	debug	dynamo_generic_rpc_split	generic gRPC response headers	stage="prefill" request_id=5aba5934-eecd-4e60-a381-648565763000 headers_us=1647
2026-09-26T21:57:09.040194Z	debug	dynamo_generic_rpc_split	generic gRPC unary response	stage="selector" request_id=5aba5934-eecd-4e60-a381-648565763000 elapsed_us=3497
2026-09-26T21:57:09.053751Z	debug	dynamo_generic_rpc_split	generic gRPC response headers	stage="prefill" request_id=73b32a29-9f8d-491f-b1af-7cbf0c803800 headers_us=897
2026-09-26T21:57:09.057767Z	debug	dynamo_generic_rpc_split	generic gRPC unary response	stage="selector" request_id=73b32a29-9f8d-491f-b1af-7cbf0c803800 elapsed_us=3942
2026-09-26T21:57:09.161796Z	debug	dynamo_generic_rpc_split	generic gRPC response headers	stage="prefill" request_id=d5908198-d207-4d52-996a-0c63cb7a1500 headers_us=2292
2026-09-26T21:57:09.162688Z	debug	dynamo_generic_rpc_split	generic gRPC unary response	stage="selector" request_id=d5908198-d207-4d52-996a-0c63cb7a1500 elapsed_us=777
2026-09-26T21:57:09.184605Z	debug	dynamo_generic_rpc_split	generic gRPC response headers	stage="prefill" request_id=842b686d-ee1f-44b5-aa1f-6bef14e44300 headers_us=3307
2026-09-26T21:57:09.187639Z	debug	dynamo_generic_rpc_split	generic gRPC unary response	stage="selector" request_id=842b686d-ee1f-44b5-aa1f-6bef14e44300 elapsed_us=2479
2026-09-26T21:57:09.205409Z	debug	dynamo_generic_rpc_split	generic gRPC response headers	stage="prefill" request_id=04d3fd5a-9d79-4dbf-bb43-dacdce159b00 headers_us=3092
2026-09-26T21:57:09.207873Z	debug	dynamo_generic_rpc_split	generic gRPC unary response	stage="selector" request_id=04d3fd5a-9d79-4dbf-bb43-dacdce159b00 elapsed_us=2414
2026-09-26T21:57:09.263549Z	debug	dynamo_generic_rpc_split	generic gRPC response headers	stage="prefill" request_id=f407e0ef-030e-4fe0-b4c5-e7f8a42c6400 headers_us=1885
2026-09-26T21:57:09.265875Z	debug	dynamo_generic_rpc_split	generic gRPC unary response	stage="selector" request_id=f407e0ef-030e-4fe0-b4c5-e7f8a42c6400 elapsed_us=2271
2026-09-26T21:57:09.270529Z	debug	dynamo_generic_rpc_split	generic gRPC response headers	stage="prefill" request_id=d5a6b992-33ad-43c7-86f2-d41dfc0c2100 headers_us=3804
2026-09-26T21:57:09.273271Z	debug	dynamo_generic_rpc_split	generic gRPC unary response	stage="selector" request_id=d5a6b992-33ad-43c7-86f2-d41dfc0c2100 elapsed_us=2679
2026-09-26T21:57:09.308572Z	debug	dynamo_generic_rpc_split	generic gRPC response headers	stage="prefill" request_id=36282099-4f03-4915-88b5-041631ded700 headers_us=2330
2026-09-26T21:57:09.310862Z	debug	dynamo_generic_rpc_split	generic gRPC unary response	stage="selector" request_id=36282099-4f03-4915-88b5-041631ded700 elapsed_us=1690
2026-09-26T21:57:09.338051Z	debug	dynamo_generic_rpc_split	generic gRPC response headers	stage="prefill" request_id=a095cd59-746e-4e01-86ab-c9e90287da00 headers_us=1736
2026-09-26T21:57:09.341777Z	debug	dynamo_generic_rpc_split	generic gRPC unary response	stage="selector" request_id=a095cd59-746e-4e01-86ab-c9e90287da00 elapsed_us=2546
2026-09-26T21:57:09.363007Z	debug	dynamo_generic_rpc_split	generic gRPC response headers	stage="prefill" request_id=70ee7251-974b-41ee-ac9e-a53807f68000 headers_us=3702
2026-09-26T21:57:09.365297Z	debug	dynamo_generic_rpc_split	generic gRPC unary response	stage="selector" request_id=70ee7251-974b-41ee-ac9e-a53807f68000 elapsed_us=2191
2026-09-26T21:57:09.367541Z	debug	dynamo_generic_rpc_split	generic gRPC response headers	stage="prefill" request_id=7039aeb8-6678-4bb8-bbaf-86e21c3cfa00 headers_us=3389
2026-09-26T21:57:09.369220Z	debug	dynamo_generic_rpc_split	generic gRPC unary response	stage="selector" request_id=7039aeb8-6678-4bb8-bbaf-86e21c3cfa00 elapsed_us=1485
2026-09-26T21:57:09.373410Z	debug	dynamo_generic_rpc_split	generic gRPC response headers	stage="prefill" request_id=19fa8a68-b013-45e0-9e67-685817912a00 headers_us=1401
2026-09-26T21:57:09.375003Z	debug	dynamo_generic_rpc_split	generic gRPC unary response	stage="selector" request_id=19fa8a68-b013-45e0-9e67-685817912a00 elapsed_us=1499
2026-09-26T21:57:09.385356Z	debug	dynamo_generic_rpc_split	generic gRPC response headers	stage="prefill" request_id=149488c5-b1a7-47fa-a887-c5791c22f000 headers_us=1109
2026-09-26T21:57:09.386368Z	debug	dynamo_generic_rpc_split	generic gRPC unary response	stage="selector" request_id=149488c5-b1a7-47fa-a887-c5791c22f000 elapsed_us=901
2026-09-26T21:57:09.386930Z	debug	dynamo_generic_rpc_split	generic gRPC response headers	stage="prefill" request_id=cd1904da-054a-4e8e-894d-947867772400 headers_us=1265
2026-09-26T21:57:09.387884Z	debug	dynamo_generic_rpc_split	generic gRPC unary response	stage="selector" request_id=cd1904da-054a-4e8e-894d-947867772400 elapsed_us=823
2026-09-26T21:57:09.448045Z	debug	dynamo_generic_rpc_split	generic gRPC response headers	stage="prefill" request_id=ab5c9489-5768-49be-aa49-2ac6e6b3b100 headers_us=2989
2026-09-26T21:57:09.452374Z	debug	dynamo_generic_rpc_split	generic gRPC unary response	stage="selector" request_id=ab5c9489-5768-49be-aa49-2ac6e6b3b100 elapsed_us=3655
2026-09-26T21:57:09.512648Z	debug	dynamo_generic_rpc_split	generic gRPC response headers	stage="prefill" request_id=a82fd298-add5-4279-a9c2-a6ca0d58b200 headers_us=1290
2026-09-26T21:57:09.513802Z	debug	dynamo_generic_rpc_split	generic gRPC unary response	stage="selector" request_id=a82fd298-add5-4279-a9c2-a6ca0d58b200 elapsed_us=980
2026-09-26T21:57:09.547751Z	debug	dynamo_generic_rpc_split	generic gRPC response headers	stage="prefill" request_id=d26f7413-404a-48d2-9154-62e4b3a2bd00 headers_us=2738
2026-09-26T21:57:09.549274Z	debug	dynamo_generic_rpc_split	generic gRPC unary response	stage="selector" request_id=d26f7413-404a-48d2-9154-62e4b3a2bd00 elapsed_us=1393
2026-09-26T21:57:09.622529Z	debug	dynamo_generic_rpc_split	generic gRPC response headers	stage="prefill" request_id=2f422e70-f3f1-4e06-9d69-eae2ab890e00 headers_us=3112
2026-09-26T21:57:09.624319Z	debug	dynamo_generic_rpc_split	generic gRPC unary response	stage="selector" request_id=2f422e70-f3f1-4e06-9d69-eae2ab890e00 elapsed_us=1692
2026-09-26T21:57:09.639018Z	debug	dynamo_generic_rpc_split	generic gRPC response headers	stage="prefill" request_id=7d5404bf-1f7b-44a0-8bc0-36ad2b8ad000 headers_us=1318
2026-09-26T21:57:09.639945Z	debug	dynamo_generic_rpc_split	generic gRPC unary response	stage="selector" request_id=7d5404bf-1f7b-44a0-8bc0-36ad2b8ad000 elapsed_us=781
2026-09-26T21:57:09.646149Z	debug	dynamo_generic_rpc_split	generic gRPC response headers	stage="prefill" request_id=b90973dc-f67f-49b0-ae0d-0f2409fd1e00 headers_us=973
2026-09-26T21:57:09.647058Z	debug	dynamo_generic_rpc_split	generic gRPC unary response	stage="selector" request_id=b90973dc-f67f-49b0-ae0d-0f2409fd1e00 elapsed_us=580
2026-09-26T21:57:09.652823Z	debug	dynamo_generic_rpc_split	generic gRPC response headers	stage="prefill" request_id=d71a4996-f319-4582-8be8-b33f0641e100 headers_us=1058
2026-09-26T21:57:09.654704Z	debug	dynamo_generic_rpc_split	generic gRPC unary response	stage="selector" request_id=d71a4996-f319-4582-8be8-b33f0641e100 elapsed_us=1806
2026-09-26T21:57:09.666894Z	debug	dynamo_generic_rpc_split	generic gRPC response headers	stage="prefill" request_id=6186219d-6f3a-444e-8cbc-47a29eeb2500 headers_us=1322
2026-09-26T21:57:09.667832Z	debug	dynamo_generic_rpc_split	generic gRPC unary response	stage="selector" request_id=6186219d-6f3a-444e-8cbc-47a29eeb2500 elapsed_us=856
2026-09-26T21:57:09.689247Z	debug	dynamo_generic_rpc_split	generic gRPC response headers	stage="prefill" request_id=15724783-46de-461d-9ab7-332d1eb83800 headers_us=2240
2026-09-26T21:57:09.691331Z	debug	dynamo_generic_rpc_split	generic gRPC unary response	stage="selector" request_id=15724783-46de-461d-9ab7-332d1eb83800 elapsed_us=2031
2026-09-26T21:57:09.699866Z	debug	dynamo_generic_rpc_split	generic gRPC response headers	stage="prefill" request_id=ce637266-2598-4a04-bcbd-74f306928400 headers_us=2029
2026-09-26T21:57:09.704268Z	debug	dynamo_generic_rpc_split	generic gRPC unary response	stage="selector" request_id=ce637266-2598-4a04-bcbd-74f306928400 elapsed_us=4303
2026-09-26T21:57:09.709052Z	debug	dynamo_generic_rpc_split	generic gRPC response headers	stage="prefill" request_id=9cf95bc7-4669-4be3-92f3-2a9fa8bb1900 headers_us=3804
2026-09-26T21:57:09.710627Z	debug	dynamo_generic_rpc_split	generic gRPC unary response	stage="selector" request_id=9cf95bc7-4669-4be3-92f3-2a9fa8bb1900 elapsed_us=1498
2026-09-26T21:57:09.725008Z	debug	dynamo_generic_rpc_split	generic gRPC response headers	stage="prefill" request_id=4b83565a-3487-4b1b-853e-338dc1867d00 headers_us=963
2026-09-26T21:57:09.725781Z	debug	dynamo_generic_rpc_split	generic gRPC unary response	stage="selector" request_id=4b83565a-3487-4b1b-853e-338dc1867d00 elapsed_us=697
2026-09-26T21:57:09.732831Z	debug	dynamo_generic_rpc_split	generic gRPC response headers	stage="prefill" request_id=df95986b-141f-4eeb-940c-2ca006935b00 headers_us=1683
2026-09-26T21:57:09.734296Z	debug	dynamo_generic_rpc_split	generic gRPC unary response	stage="selector" request_id=df95986b-141f-4eeb-940c-2ca006935b00 elapsed_us=1352
2026-09-26T21:57:09.744041Z	debug	dynamo_generic_rpc_split	generic gRPC response headers	stage="prefill" request_id=4badb113-29d3-4840-a078-a604b6efca00 headers_us=1862
2026-09-26T21:57:09.745318Z	debug	dynamo_generic_rpc_split	generic gRPC unary response	stage="selector" request_id=4badb113-29d3-4840-a078-a604b6efca00 elapsed_us=1174
2026-09-26T21:57:09.801091Z	debug	dynamo_generic_rpc_split	generic gRPC response headers	stage="prefill" request_id=8bcf29a8-595e-47e3-8e85-c8a01f7d1800 headers_us=1464
2026-09-26T21:57:09.802496Z	debug	dynamo_generic_rpc_split	generic gRPC unary response	stage="selector" request_id=8bcf29a8-595e-47e3-8e85-c8a01f7d1800 elapsed_us=1290
2026-09-26T21:57:09.805826Z	debug	dynamo_generic_rpc_split	generic gRPC response headers	stage="prefill" request_id=c5399673-c10a-475c-8079-5111799a7800 headers_us=870
2026-09-26T21:57:09.806772Z	debug	dynamo_generic_rpc_split	generic gRPC unary response	stage="selector" request_id=c5399673-c10a-475c-8079-5111799a7800 elapsed_us=873
2026-09-26T21:57:09.807111Z	debug	dynamo_generic_rpc_split	generic gRPC response headers	stage="prefill" request_id=33862bc4-39ac-4bf7-95b5-0808fa904600 headers_us=1404
2026-09-26T21:57:09.809584Z	debug	dynamo_generic_rpc_split	generic gRPC unary response	stage="selector" request_id=33862bc4-39ac-4bf7-95b5-0808fa904600 elapsed_us=2393
2026-09-26T21:57:09.819389Z	debug	dynamo_generic_rpc_split	generic gRPC response headers	stage="prefill" request_id=7d974ab9-6a11-4054-b7c5-617ad5823800 headers_us=1422
2026-09-26T21:57:09.822371Z	debug	dynamo_generic_rpc_split	generic gRPC unary response	stage="selector" request_id=7d974ab9-6a11-4054-b7c5-617ad5823800 elapsed_us=2834
2026-09-26T21:57:09.824116Z	debug	dynamo_generic_rpc_split	generic gRPC response headers	stage="prefill" request_id=a52f0bf6-422e-42f7-b613-6cf35219d000 headers_us=2911
2026-09-26T21:57:09.828185Z	debug	dynamo_generic_rpc_split	generic gRPC unary response	stage="selector" request_id=a52f0bf6-422e-42f7-b613-6cf35219d000 elapsed_us=3953
2026-09-26T21:57:09.909071Z	debug	dynamo_generic_rpc_split	generic gRPC response headers	stage="prefill" request_id=ee5cf22c-6d1e-4a48-a899-2e666edc3400 headers_us=2186
2026-09-26T21:57:09.911649Z	debug	dynamo_generic_rpc_split	generic gRPC unary response	stage="selector" request_id=ee5cf22c-6d1e-4a48-a899-2e666edc3400 elapsed_us=2475
2026-09-26T21:57:09.946179Z	debug	dynamo_generic_rpc_split	generic gRPC response headers	stage="prefill" request_id=0089f317-4098-42ed-b5d6-5f987ce20c00 headers_us=2968
2026-09-26T21:57:09.947501Z	debug	dynamo_generic_rpc_split	generic gRPC unary response	stage="selector" request_id=0089f317-4098-42ed-b5d6-5f987ce20c00 elapsed_us=1235
2026-09-26T21:57:09.954336Z	debug	dynamo_generic_rpc_split	generic gRPC response headers	stage="prefill" request_id=80d14572-cead-4d68-9a18-b73e817f0d00 headers_us=3387
2026-09-26T21:57:09.959429Z	debug	dynamo_generic_rpc_split	generic gRPC unary response	stage="selector" request_id=80d14572-cead-4d68-9a18-b73e817f0d00 elapsed_us=2368
2026-09-26T21:57:10.039105Z	debug	dynamo_generic_rpc_split	generic gRPC response headers	stage="prefill" request_id=61c1745a-43f8-40e2-a14b-ab98a00e5100 headers_us=2556
2026-09-26T21:57:10.042566Z	debug	dynamo_generic_rpc_split	generic gRPC unary response	stage="selector" request_id=61c1745a-43f8-40e2-a14b-ab98a00e5100 elapsed_us=3388
2026-09-26T21:57:10.058823Z	debug	dynamo_generic_rpc_split	generic gRPC response headers	stage="prefill" request_id=59fbc94c-254c-4f98-b56f-b0428b294d00 headers_us=3052
2026-09-26T21:57:10.061519Z	debug	dynamo_generic_rpc_split	generic gRPC unary response	stage="selector" request_id=59fbc94c-254c-4f98-b56f-b0428b294d00 elapsed_us=2595
2026-09-26T21:57:10.074714Z	debug	dynamo_generic_rpc_split	generic gRPC response headers	stage="prefill" request_id=b4a9230c-fcd5-46f4-b88f-85e7bc9e1700 headers_us=2128
2026-09-26T21:57:10.077025Z	debug	dynamo_generic_rpc_split	generic gRPC unary response	stage="selector" request_id=b4a9230c-fcd5-46f4-b88f-85e7bc9e1700 elapsed_us=1806
2026-09-26T21:57:10.094033Z	debug	dynamo_generic_rpc_split	generic gRPC response headers	stage="prefill" request_id=63513c04-20e8-4ad3-ac9d-2829d00e6b00 headers_us=4589
2026-09-26T21:57:10.095287Z	debug	dynamo_generic_rpc_split	generic gRPC unary response	stage="selector" request_id=63513c04-20e8-4ad3-ac9d-2829d00e6b00 elapsed_us=1175
2026-09-26T21:57:10.144031Z	debug	dynamo_generic_rpc_split	generic gRPC response headers	stage="prefill" request_id=1c5ac2f6-f8fe-480f-9642-0fbb5300f700 headers_us=4322
2026-09-26T21:57:10.148358Z	debug	dynamo_generic_rpc_split	generic gRPC unary response	stage="selector" request_id=1c5ac2f6-f8fe-480f-9642-0fbb5300f700 elapsed_us=4248
2026-09-26T21:57:10.162976Z	debug	dynamo_generic_rpc_split	generic gRPC response headers	stage="prefill" request_id=843462db-c72b-4639-947c-7838722fd300 headers_us=2622
2026-09-26T21:57:10.165094Z	debug	dynamo_generic_rpc_split	generic gRPC unary response	stage="selector" request_id=843462db-c72b-4639-947c-7838722fd300 elapsed_us=2066
2026-09-26T21:57:10.183279Z	debug	dynamo_generic_rpc_split	generic gRPC response headers	stage="prefill" request_id=1a52ed6d-1d3c-4a52-8d41-28cdfab25800 headers_us=3111
2026-09-26T21:57:10.186206Z	debug	dynamo_generic_rpc_split	generic gRPC unary response	stage="selector" request_id=1a52ed6d-1d3c-4a52-8d41-28cdfab25800 elapsed_us=2206
2026-09-26T21:57:10.186524Z	debug	dynamo_generic_rpc_split	generic gRPC response headers	stage="prefill" request_id=5be68f52-7ccf-43b4-b9f7-faab16e78000 headers_us=928
2026-09-26T21:57:10.188105Z	debug	dynamo_generic_rpc_split	generic gRPC unary response	stage="selector" request_id=5be68f52-7ccf-43b4-b9f7-faab16e78000 elapsed_us=1482
2026-09-26T21:57:10.239409Z	debug	dynamo_generic_rpc_split	generic gRPC response headers	stage="prefill" request_id=16db1ece-502c-4c3f-8341-60b42adb3500 headers_us=4162
2026-09-26T21:57:10.241099Z	debug	dynamo_generic_rpc_split	generic gRPC unary response	stage="selector" request_id=16db1ece-502c-4c3f-8341-60b42adb3500 elapsed_us=1591
2026-09-26T21:57:10.251488Z	debug	dynamo_generic_rpc_split	generic gRPC response headers	stage="prefill" request_id=799b9019-9bf5-4485-8053-9ad707998c00 headers_us=2229
2026-09-26T21:57:10.253763Z	debug	dynamo_generic_rpc_split	generic gRPC unary response	stage="selector" request_id=799b9019-9bf5-4485-8053-9ad707998c00 elapsed_us=2214
2026-09-26T21:57:10.260554Z	debug	dynamo_generic_rpc_split	generic gRPC response headers	stage="prefill" request_id=e962bd4a-c069-436b-868d-df86cdc72500 headers_us=1927
2026-09-26T21:57:10.261728Z	debug	dynamo_generic_rpc_split	generic gRPC unary response	stage="selector" request_id=e962bd4a-c069-436b-868d-df86cdc72500 elapsed_us=1093
2026-09-26T21:57:10.285225Z	debug	dynamo_generic_rpc_split	generic gRPC response headers	stage="prefill" request_id=3f888b82-6189-43d8-a37c-4bc4a8802c00 headers_us=1158
2026-09-26T21:57:10.287075Z	debug	dynamo_generic_rpc_split	generic gRPC unary response	stage="selector" request_id=3f888b82-6189-43d8-a37c-4bc4a8802c00 elapsed_us=1544
2026-09-26T21:57:10.336431Z	debug	dynamo_generic_rpc_split	generic gRPC response headers	stage="prefill" request_id=25723d0f-9a73-4a3b-ae1c-3b6650deca00 headers_us=2209
2026-09-26T21:57:10.341481Z	debug	dynamo_generic_rpc_split	generic gRPC unary response	stage="selector" request_id=25723d0f-9a73-4a3b-ae1c-3b6650deca00 elapsed_us=4981
2026-09-26T21:57:10.389665Z	debug	dynamo_generic_rpc_split	generic gRPC response headers	stage="prefill" request_id=c7014e82-5332-4956-8906-8fa8e3765000 headers_us=3222
2026-09-26T21:57:10.392627Z	debug	dynamo_generic_rpc_split	generic gRPC unary response	stage="selector" request_id=c7014e82-5332-4956-8906-8fa8e3765000 elapsed_us=2870
2026-09-26T21:57:10.428215Z	debug	dynamo_generic_rpc_split	generic gRPC response headers	stage="prefill" request_id=998ca288-1d37-48db-a0ed-c876899f3400 headers_us=1416
2026-09-26T21:57:10.429288Z	debug	dynamo_generic_rpc_split	generic gRPC unary response	stage="selector" request_id=998ca288-1d37-48db-a0ed-c876899f3400 elapsed_us=1002
2026-09-26T21:57:10.461810Z	debug	dynamo_generic_rpc_split	generic gRPC response headers	stage="prefill" request_id=156b6fea-c10a-47d9-9302-f59c96944b00 headers_us=3746
2026-09-26T21:57:10.465332Z	debug	dynamo_generic_rpc_split	generic gRPC unary response	stage="selector" request_id=156b6fea-c10a-47d9-9302-f59c96944b00 elapsed_us=3431
2026-09-26T21:57:10.473443Z	debug	dynamo_generic_rpc_split	generic gRPC response headers	stage="prefill" request_id=3311ceb5-5167-406e-bd4d-fc78dc399900 headers_us=2368
2026-09-26T21:57:10.476150Z	debug	dynamo_generic_rpc_split	generic gRPC unary response	stage="selector" request_id=3311ceb5-5167-406e-bd4d-fc78dc399900 elapsed_us=2606
2026-09-26T21:57:10.488402Z	debug	dynamo_generic_rpc_split	generic gRPC response headers	stage="prefill" request_id=c28e8561-a7ae-4ac8-9526-86ad8f539000 headers_us=1893
2026-09-26T21:57:10.489264Z	debug	dynamo_generic_rpc_split	generic gRPC unary response	stage="selector" request_id=c28e8561-a7ae-4ac8-9526-86ad8f539000 elapsed_us=773
2026-09-26T21:57:10.491970Z	debug	dynamo_generic_rpc_split	generic gRPC response headers	stage="prefill" request_id=e6fc4243-ea71-41a9-9844-40d66f2d0900 headers_us=994
2026-09-26T21:57:10.492634Z	debug	dynamo_generic_rpc_split	generic gRPC unary response	stage="selector" request_id=e6fc4243-ea71-41a9-9844-40d66f2d0900 elapsed_us=588
2026-09-26T21:57:10.500348Z	debug	dynamo_generic_rpc_split	generic gRPC response headers	stage="prefill" request_id=729b526c-5528-4f87-bde3-94c7f8d88800 headers_us=1298
2026-09-26T21:57:10.504132Z	debug	dynamo_generic_rpc_split	generic gRPC unary response	stage="selector" request_id=729b526c-5528-4f87-bde3-94c7f8d88800 elapsed_us=2880
2026-09-26T21:57:10.508327Z	debug	dynamo_generic_rpc_split	generic gRPC response headers	stage="prefill" request_id=70975e55-4959-4892-9627-decbb3097600 headers_us=2024
2026-09-26T21:57:10.509333Z	debug	dynamo_generic_rpc_split	generic gRPC unary response	stage="selector" request_id=70975e55-4959-4892-9627-decbb3097600 elapsed_us=947
2026-09-26T21:57:10.534033Z	debug	dynamo_generic_rpc_split	generic gRPC response headers	stage="prefill" request_id=1d81fbd0-f5b0-4677-902e-7322044c7600 headers_us=1761
2026-09-26T21:57:10.535644Z	debug	dynamo_generic_rpc_split	generic gRPC unary response	stage="selector" request_id=1d81fbd0-f5b0-4677-902e-7322044c7600 elapsed_us=1365
2026-09-26T21:57:10.667017Z	debug	dynamo_generic_rpc_split	generic gRPC response headers	stage="prefill" request_id=1d6ad74a-2735-4b39-a80f-6b18f4a15000 headers_us=1167
2026-09-26T21:57:10.668068Z	debug	dynamo_generic_rpc_split	generic gRPC unary response	stage="selector" request_id=1d6ad74a-2735-4b39-a80f-6b18f4a15000 elapsed_us=920
2026-09-26T21:57:10.680645Z	debug	dynamo_generic_rpc_split	generic gRPC response headers	stage="prefill" request_id=5b501bd7-2f13-475f-b3f9-435378ff8f00 headers_us=771
2026-09-26T21:57:10.681698Z	debug	dynamo_generic_rpc_split	generic gRPC unary response	stage="selector" request_id=5b501bd7-2f13-475f-b3f9-435378ff8f00 elapsed_us=907
2026-09-26T21:57:10.705509Z	debug	dynamo_generic_rpc_split	generic gRPC response headers	stage="prefill" request_id=99202302-f842-4b45-816f-062f08308400 headers_us=2507
2026-09-26T21:57:10.708969Z	debug	dynamo_generic_rpc_split	generic gRPC unary response	stage="selector" request_id=99202302-f842-4b45-816f-062f08308400 elapsed_us=3331
2026-09-26T21:57:10.739342Z	debug	dynamo_generic_rpc_split	generic gRPC response headers	stage="prefill" request_id=f250db82-c285-4d12-bfc8-b0a03e18b900 headers_us=5895
2026-09-26T21:57:10.744905Z	debug	dynamo_generic_rpc_split	generic gRPC unary response	stage="selector" request_id=f250db82-c285-4d12-bfc8-b0a03e18b900 elapsed_us=5439
2026-09-26T21:57:10.765752Z	debug	dynamo_generic_rpc_split	generic gRPC response headers	stage="prefill" request_id=c46b3c86-cf83-460c-bd1a-3d73caaa8700 headers_us=2752
2026-09-26T21:57:10.769081Z	debug	dynamo_generic_rpc_split	generic gRPC unary response	stage="selector" request_id=c46b3c86-cf83-460c-bd1a-3d73caaa8700 elapsed_us=3254
2026-09-26T21:57:10.775102Z	debug	dynamo_generic_rpc_split	generic gRPC response headers	stage="prefill" request_id=346d5fec-a1dc-41cd-838d-3ad229f20900 headers_us=6422
2026-09-26T21:57:10.777769Z	debug	dynamo_generic_rpc_split	generic gRPC response headers	stage="prefill" request_id=0855fe01-e2af-4b6f-8672-2b98fc5ff300 headers_us=4048
2026-09-26T21:57:10.777983Z	debug	dynamo_generic_rpc_split	generic gRPC unary response	stage="selector" request_id=346d5fec-a1dc-41cd-838d-3ad229f20900 elapsed_us=2770
2026-09-26T21:57:10.781278Z	debug	dynamo_generic_rpc_split	generic gRPC unary response	stage="selector" request_id=0855fe01-e2af-4b6f-8672-2b98fc5ff300 elapsed_us=3461
2026-09-26T21:57:10.795508Z	debug	dynamo_generic_rpc_split	generic gRPC response headers	stage="prefill" request_id=0ff90578-ca25-42cc-b8f6-1c4434291f00 headers_us=3986
2026-09-26T21:57:10.797638Z	debug	dynamo_generic_rpc_split	generic gRPC response headers	stage="prefill" request_id=6d0650d4-e368-43bc-a006-45e0c1625b00 headers_us=3044
2026-09-26T21:57:10.798915Z	debug	dynamo_generic_rpc_split	generic gRPC unary response	stage="selector" request_id=0ff90578-ca25-42cc-b8f6-1c4434291f00 elapsed_us=3288
2026-09-26T21:57:10.801613Z	debug	dynamo_generic_rpc_split	generic gRPC unary response	stage="selector" request_id=6d0650d4-e368-43bc-a006-45e0c1625b00 elapsed_us=3070
2026-09-26T21:57:10.833918Z	debug	dynamo_generic_rpc_split	generic gRPC response headers	stage="prefill" request_id=b33e4cf6-d701-4701-92c8-e8cda705b200 headers_us=866
2026-09-26T21:57:10.834455Z	debug	dynamo_generic_rpc_split	generic gRPC unary response	stage="selector" request_id=b33e4cf6-d701-4701-92c8-e8cda705b200 elapsed_us=470
2026-09-26T21:57:10.861929Z	debug	dynamo_generic_rpc_split	generic gRPC response headers	stage="prefill" request_id=de85f9f6-75d6-4a23-9b95-ea78fd3c6900 headers_us=3405
2026-09-26T21:57:10.862628Z	debug	dynamo_generic_rpc_split	generic gRPC response headers	stage="prefill" request_id=3dbc2835-7001-4ac2-903c-72d6814e5800 headers_us=4562
2026-09-26T21:57:10.867558Z	debug	dynamo_generic_rpc_split	generic gRPC unary response	stage="selector" request_id=de85f9f6-75d6-4a23-9b95-ea78fd3c6900 elapsed_us=4028
2026-09-26T21:57:10.868420Z	debug	dynamo_generic_rpc_split	generic gRPC unary response	stage="selector" request_id=3dbc2835-7001-4ac2-903c-72d6814e5800 elapsed_us=5690
2026-09-26T21:57:10.896853Z	debug	dynamo_generic_rpc_split	generic gRPC response headers	stage="prefill" request_id=31178300-0ffc-4794-ab09-73a13a0b6700 headers_us=4127
2026-09-26T21:57:10.899034Z	debug	dynamo_generic_rpc_split	generic gRPC unary response	stage="selector" request_id=31178300-0ffc-4794-ab09-73a13a0b6700 elapsed_us=1972
2026-09-26T21:57:10.902188Z	debug	dynamo_generic_rpc_split	generic gRPC response headers	stage="prefill" request_id=995eda63-6467-4ed3-a4b9-ece9c5d5c200 headers_us=2347
2026-09-26T21:57:10.906307Z	debug	dynamo_generic_rpc_split	generic gRPC unary response	stage="selector" request_id=995eda63-6467-4ed3-a4b9-ece9c5d5c200 elapsed_us=3972
2026-09-26T21:57:10.935576Z	debug	dynamo_generic_rpc_split	generic gRPC response headers	stage="prefill" request_id=08668856-8f32-49f2-a8a9-834f1dbcd800 headers_us=4754
2026-09-26T21:57:10.939543Z	debug	dynamo_generic_rpc_split	generic gRPC unary response	stage="selector" request_id=08668856-8f32-49f2-a8a9-834f1dbcd800 elapsed_us=3867
2026-09-26T21:57:11.041573Z	debug	dynamo_generic_rpc_split	generic gRPC response headers	stage="prefill" request_id=337eb1b2-1bf0-4f63-9983-7534f240ea00 headers_us=5033
2026-09-26T21:57:11.047791Z	debug	dynamo_generic_rpc_split	generic gRPC unary response	stage="selector" request_id=337eb1b2-1bf0-4f63-9983-7534f240ea00 elapsed_us=6058
2026-09-26T21:57:11.108120Z	debug	dynamo_generic_rpc_split	generic gRPC response headers	stage="prefill" request_id=6e9b73c0-848e-410f-b237-18d07076e700 headers_us=1422
2026-09-26T21:57:11.109546Z	debug	dynamo_generic_rpc_split	generic gRPC unary response	stage="selector" request_id=6e9b73c0-848e-410f-b237-18d07076e700 elapsed_us=1268
2026-09-26T21:57:11.110135Z	debug	dynamo_generic_rpc_split	generic gRPC response headers	stage="prefill" request_id=9aa857f2-4268-4e85-be12-8bd3790fdb00 headers_us=1142
2026-09-26T21:57:11.111345Z	debug	dynamo_generic_rpc_split	generic gRPC unary response	stage="selector" request_id=9aa857f2-4268-4e85-be12-8bd3790fdb00 elapsed_us=1122
2026-09-26T21:57:11.115466Z	debug	dynamo_generic_rpc_split	generic gRPC response headers	stage="prefill" request_id=9795911b-60a0-495b-b2b7-a52caf630600 headers_us=1112
2026-09-26T21:57:11.118449Z	debug	dynamo_generic_rpc_split	generic gRPC unary response	stage="selector" request_id=9795911b-60a0-495b-b2b7-a52caf630600 elapsed_us=2799
2026-09-26T21:57:11.153802Z	debug	dynamo_generic_rpc_split	generic gRPC response headers	stage="prefill" request_id=e9a533ea-8eec-444b-b5cf-be40ba982f00 headers_us=2419
2026-09-26T21:57:11.155201Z	debug	dynamo_generic_rpc_split	generic gRPC response headers	stage="prefill" request_id=f74c09b5-1160-4cdb-a03f-a44845878900 headers_us=1864
2026-09-26T21:57:11.156843Z	debug	dynamo_generic_rpc_split	generic gRPC unary response	stage="selector" request_id=e9a533ea-8eec-444b-b5cf-be40ba982f00 elapsed_us=2956
2026-09-26T21:57:11.158184Z	debug	dynamo_generic_rpc_split	generic gRPC unary response	stage="selector" request_id=f74c09b5-1160-4cdb-a03f-a44845878900 elapsed_us=2908
2026-09-26T21:57:11.169168Z	debug	dynamo_generic_rpc_split	generic gRPC response headers	stage="prefill" request_id=80d289e5-3a11-4c91-b2d2-cbf51609ea00 headers_us=2240
2026-09-26T21:57:11.171153Z	debug	dynamo_generic_rpc_split	generic gRPC unary response	stage="selector" request_id=80d289e5-3a11-4c91-b2d2-cbf51609ea00 elapsed_us=1929
2026-09-26T21:57:11.186108Z	debug	dynamo_generic_rpc_split	generic gRPC response headers	stage="prefill" request_id=7e58a6cc-ed0d-4288-ae37-23e95d256b00 headers_us=1285
2026-09-26T21:57:11.188057Z	debug	dynamo_generic_rpc_split	generic gRPC unary response	stage="selector" request_id=7e58a6cc-ed0d-4288-ae37-23e95d256b00 elapsed_us=1870
2026-09-26T21:57:11.226231Z	debug	dynamo_generic_rpc_split	generic gRPC response headers	stage="prefill" request_id=70a962e5-9de3-44f3-b9c2-ad8d6af66f00 headers_us=1908
2026-09-26T21:57:11.233312Z	debug	dynamo_generic_rpc_split	generic gRPC unary response	stage="selector" request_id=70a962e5-9de3-44f3-b9c2-ad8d6af66f00 elapsed_us=7012
2026-09-26T21:57:11.236995Z	debug	dynamo_generic_rpc_split	generic gRPC response headers	stage="prefill" request_id=58549bd3-4971-48d9-a1ad-e77b6f3ba000 headers_us=2428
2026-09-26T21:57:11.239236Z	debug	dynamo_generic_rpc_split	generic gRPC unary response	stage="selector" request_id=58549bd3-4971-48d9-a1ad-e77b6f3ba000 elapsed_us=2174
2026-09-26T21:57:11.273301Z	debug	dynamo_generic_rpc_split	generic gRPC response headers	stage="prefill" request_id=4a117fcc-090a-493c-8bd5-4d04d5438500 headers_us=1567
2026-09-26T21:57:11.275069Z	debug	dynamo_generic_rpc_split	generic gRPC unary response	stage="selector" request_id=4a117fcc-090a-493c-8bd5-4d04d5438500 elapsed_us=1657
2026-09-26T21:57:11.321570Z	debug	dynamo_generic_rpc_split	generic gRPC response headers	stage="prefill" request_id=939528d3-d8ca-4110-9717-e28043e64500 headers_us=1027
2026-09-26T21:57:11.322234Z	debug	dynamo_generic_rpc_split	generic gRPC unary response	stage="selector" request_id=939528d3-d8ca-4110-9717-e28043e64500 elapsed_us=554
2026-09-26T21:57:11.337163Z	debug	dynamo_generic_rpc_split	generic gRPC response headers	stage="prefill" request_id=0d13b31c-20ae-4708-b4d6-b27210f47400 headers_us=1951
2026-09-26T21:57:11.338636Z	debug	dynamo_generic_rpc_split	generic gRPC unary response	stage="selector" request_id=0d13b31c-20ae-4708-b4d6-b27210f47400 elapsed_us=1334
2026-09-26T21:57:11.342102Z	debug	dynamo_generic_rpc_split	generic gRPC response headers	stage="prefill" request_id=e0da5354-c97b-42e4-a1bf-644a5ad40c00 headers_us=3010
2026-09-26T21:57:11.345713Z	debug	dynamo_generic_rpc_split	generic gRPC unary response	stage="selector" request_id=e0da5354-c97b-42e4-a1bf-644a5ad40c00 elapsed_us=3342
2026-09-26T21:57:11.368217Z	debug	dynamo_generic_rpc_split	generic gRPC response headers	stage="prefill" request_id=344b37db-e92b-422e-9713-71dc45bffe00 headers_us=8230
2026-09-26T21:57:11.370549Z	debug	dynamo_generic_rpc_split	generic gRPC unary response	stage="selector" request_id=344b37db-e92b-422e-9713-71dc45bffe00 elapsed_us=2125
2026-09-26T21:57:11.388375Z	debug	dynamo_generic_rpc_split	generic gRPC response headers	stage="prefill" request_id=ec77a278-4924-4268-919a-d503b1365f00 headers_us=2020
2026-09-26T21:57:11.389836Z	debug	dynamo_generic_rpc_split	generic gRPC unary response	stage="selector" request_id=ec77a278-4924-4268-919a-d503b1365f00 elapsed_us=1369
2026-09-26T21:57:11.411078Z	debug	dynamo_generic_rpc_split	generic gRPC response headers	stage="prefill" request_id=6230a742-ca1a-4d87-8ec0-771092160c00 headers_us=1298
2026-09-26T21:57:11.413075Z	debug	dynamo_generic_rpc_split	generic gRPC unary response	stage="selector" request_id=6230a742-ca1a-4d87-8ec0-771092160c00 elapsed_us=817
2026-09-26T21:57:11.455557Z	debug	dynamo_generic_rpc_split	generic gRPC response headers	stage="prefill" request_id=dbb0de4f-7d88-4a5f-b973-3451d807d300 headers_us=5521
2026-09-26T21:57:11.458725Z	debug	dynamo_generic_rpc_split	generic gRPC unary response	stage="selector" request_id=dbb0de4f-7d88-4a5f-b973-3451d807d300 elapsed_us=2965
2026-09-26T21:57:11.458879Z	debug	dynamo_generic_rpc_split	generic gRPC response headers	stage="prefill" request_id=7c54553c-c8bc-45ad-b8cc-76118d596a00 headers_us=2291
2026-09-26T21:57:11.463426Z	debug	dynamo_generic_rpc_split	generic gRPC unary response	stage="selector" request_id=7c54553c-c8bc-45ad-b8cc-76118d596a00 elapsed_us=4466
2026-09-26T21:57:11.466079Z	debug	dynamo_generic_rpc_split	generic gRPC response headers	stage="prefill" request_id=ea01f7ed-4719-48df-8234-55f91328da00 headers_us=3965
2026-09-26T21:57:11.469532Z	debug	dynamo_generic_rpc_split	generic gRPC unary response	stage="selector" request_id=ea01f7ed-4719-48df-8234-55f91328da00 elapsed_us=3403
2026-09-26T21:57:11.488796Z	debug	dynamo_generic_rpc_split	generic gRPC response headers	stage="prefill" request_id=825fd767-57ba-4b40-a105-82fc5e6f8200 headers_us=3230
2026-09-26T21:57:11.490777Z	debug	dynamo_generic_rpc_split	generic gRPC unary response	stage="selector" request_id=825fd767-57ba-4b40-a105-82fc5e6f8200 elapsed_us=1552
2026-09-26T21:57:11.512304Z	debug	dynamo_generic_rpc_split	generic gRPC response headers	stage="prefill" request_id=6945575f-2d6a-48ff-862a-fc2ad2995e00 headers_us=1789
2026-09-26T21:57:11.515469Z	debug	dynamo_generic_rpc_split	generic gRPC unary response	stage="selector" request_id=6945575f-2d6a-48ff-862a-fc2ad2995e00 elapsed_us=3120
2026-09-26T21:57:11.518508Z	debug	dynamo_generic_rpc_split	generic gRPC response headers	stage="prefill" request_id=cf965429-c2ca-4939-bc5a-083f408e5600 headers_us=2402
2026-09-26T21:57:11.519922Z	debug	dynamo_generic_rpc_split	generic gRPC unary response	stage="selector" request_id=cf965429-c2ca-4939-bc5a-083f408e5600 elapsed_us=856
2026-09-26T21:57:11.530163Z	debug	dynamo_generic_rpc_split	generic gRPC response headers	stage="prefill" request_id=ff3a256a-97ea-48c1-8d07-b600c0cb1700 headers_us=1990
2026-09-26T21:57:11.531660Z	debug	dynamo_generic_rpc_split	generic gRPC response headers	stage="prefill" request_id=afab4d64-055c-40a9-bfc7-4ec57a810f00 headers_us=2471
2026-09-26T21:57:11.531747Z	debug	dynamo_generic_rpc_split	generic gRPC response headers	stage="prefill" request_id=af6aff18-3534-4b7b-a32d-a6db149c4400 headers_us=2373
2026-09-26T21:57:11.532628Z	debug	dynamo_generic_rpc_split	generic gRPC response headers	stage="prefill" request_id=d88063eb-6c29-40ae-baad-a939b5f90a00 headers_us=3088
2026-09-26T21:57:11.532889Z	debug	dynamo_generic_rpc_split	generic gRPC unary response	stage="selector" request_id=ff3a256a-97ea-48c1-8d07-b600c0cb1700 elapsed_us=2671
2026-09-26T21:57:11.533112Z	debug	dynamo_generic_rpc_split	generic gRPC unary response	stage="selector" request_id=afab4d64-055c-40a9-bfc7-4ec57a810f00 elapsed_us=1366
2026-09-26T21:57:11.533782Z	debug	dynamo_generic_rpc_split	generic gRPC response headers	stage="prefill" request_id=e195c434-f0f8-4647-b55d-e96d098c3000 headers_us=1956
2026-09-26T21:57:11.534062Z	debug	dynamo_generic_rpc_split	generic gRPC unary response	stage="selector" request_id=af6aff18-3534-4b7b-a32d-a6db149c4400 elapsed_us=2256
2026-09-26T21:57:11.534133Z	debug	dynamo_generic_rpc_split	generic gRPC unary response	stage="selector" request_id=d88063eb-6c29-40ae-baad-a939b5f90a00 elapsed_us=1437
2026-09-26T21:57:11.534990Z	debug	dynamo_generic_rpc_split	generic gRPC unary response	stage="selector" request_id=e195c434-f0f8-4647-b55d-e96d098c3000 elapsed_us=1108
2026-09-26T21:57:11.583621Z	debug	dynamo_generic_rpc_split	generic gRPC response headers	stage="prefill" request_id=9ebc8eb7-c1c2-449a-b577-6b4a60b7da00 headers_us=3297
2026-09-26T21:57:11.585828Z	debug	dynamo_generic_rpc_split	generic gRPC unary response	stage="selector" request_id=9ebc8eb7-c1c2-449a-b577-6b4a60b7da00 elapsed_us=2064
2026-09-26T21:57:11.626503Z	debug	dynamo_generic_rpc_split	generic gRPC response headers	stage="prefill" request_id=befb084f-0c7c-4918-a4c7-ed5502033f00 headers_us=1521
2026-09-26T21:57:11.626751Z	debug	dynamo_generic_rpc_split	generic gRPC response headers	stage="prefill" request_id=579b1e60-faa5-450a-a6d3-fe048988f700 headers_us=1741
2026-09-26T21:57:11.628307Z	debug	dynamo_generic_rpc_split	generic gRPC unary response	stage="selector" request_id=579b1e60-faa5-450a-a6d3-fe048988f700 elapsed_us=1478
2026-09-26T21:57:11.629621Z	debug	dynamo_generic_rpc_split	generic gRPC unary response	stage="selector" request_id=befb084f-0c7c-4918-a4c7-ed5502033f00 elapsed_us=3024
2026-09-26T21:57:11.668428Z	debug	dynamo_generic_rpc_split	generic gRPC response headers	stage="prefill" request_id=71f0eace-94bd-48f9-93e3-4f65a5efe200 headers_us=6084
2026-09-26T21:57:11.670033Z	debug	dynamo_generic_rpc_split	generic gRPC response headers	stage="prefill" request_id=76a8070d-11c2-4a2b-84a2-14e4a030fd00 headers_us=3614
2026-09-26T21:57:11.671392Z	debug	dynamo_generic_rpc_split	generic gRPC unary response	stage="selector" request_id=71f0eace-94bd-48f9-93e3-4f65a5efe200 elapsed_us=2894
2026-09-26T21:57:11.671908Z	debug	dynamo_generic_rpc_split	generic gRPC response headers	stage="prefill" request_id=f1e86783-bbf4-41c8-837e-150ee0556200 headers_us=5266
2026-09-26T21:57:11.674711Z	debug	dynamo_generic_rpc_split	generic gRPC unary response	stage="selector" request_id=76a8070d-11c2-4a2b-84a2-14e4a030fd00 elapsed_us=4503
2026-09-26T21:57:11.678277Z	debug	dynamo_generic_rpc_split	generic gRPC unary response	stage="selector" request_id=f1e86783-bbf4-41c8-837e-150ee0556200 elapsed_us=5072
2026-09-26T21:57:11.704094Z	debug	dynamo_generic_rpc_split	generic gRPC response headers	stage="prefill" request_id=b53a934c-51e9-443f-aa04-0a09cee3a400 headers_us=1923
2026-09-26T21:57:11.705086Z	debug	dynamo_generic_rpc_split	generic gRPC unary response	stage="selector" request_id=b53a934c-51e9-443f-aa04-0a09cee3a400 elapsed_us=877
2026-09-26T21:57:11.705229Z	debug	dynamo_generic_rpc_split	generic gRPC response headers	stage="prefill" request_id=e68d5a45-64a5-4bac-80df-48e0f6673a00 headers_us=3041
2026-09-26T21:57:11.709098Z	debug	dynamo_generic_rpc_split	generic gRPC unary response	stage="selector" request_id=e68d5a45-64a5-4bac-80df-48e0f6673a00 elapsed_us=3810
2026-09-26T21:57:11.742015Z	debug	dynamo_generic_rpc_split	generic gRPC response headers	stage="prefill" request_id=01ce2d0d-22e8-490a-bbd2-ff3acef85e00 headers_us=4013
2026-09-26T21:57:11.742901Z	debug	dynamo_generic_rpc_split	generic gRPC unary response	stage="selector" request_id=01ce2d0d-22e8-490a-bbd2-ff3acef85e00 elapsed_us=820
2026-09-26T21:57:11.753354Z	debug	dynamo_generic_rpc_split	generic gRPC response headers	stage="prefill" request_id=e7066746-8dda-4c20-9eac-323e9bf7d400 headers_us=1226
2026-09-26T21:57:11.755174Z	debug	dynamo_generic_rpc_split	generic gRPC unary response	stage="selector" request_id=e7066746-8dda-4c20-9eac-323e9bf7d400 elapsed_us=1725
2026-09-26T21:57:11.772495Z	debug	dynamo_generic_rpc_split	generic gRPC response headers	stage="prefill" request_id=c84e3eac-8331-4386-900d-d42609461e00 headers_us=2270
2026-09-26T21:57:11.775098Z	debug	dynamo_generic_rpc_split	generic gRPC unary response	stage="selector" request_id=c84e3eac-8331-4386-900d-d42609461e00 elapsed_us=2406
2026-09-26T21:57:11.798185Z	debug	dynamo_generic_rpc_split	generic gRPC response headers	stage="prefill" request_id=e9e427a3-f06c-47ca-9225-382b270e4600 headers_us=2747
2026-09-26T21:57:11.802091Z	debug	dynamo_generic_rpc_split	generic gRPC unary response	stage="selector" request_id=e9e427a3-f06c-47ca-9225-382b270e4600 elapsed_us=3805
2026-09-26T21:57:11.810128Z	debug	dynamo_generic_rpc_split	generic gRPC response headers	stage="prefill" request_id=dc8a34b1-c859-4838-ac57-0ea8ecf06200 headers_us=2204
2026-09-26T21:57:11.811363Z	debug	dynamo_generic_rpc_split	generic gRPC unary response	stage="selector" request_id=dc8a34b1-c859-4838-ac57-0ea8ecf06200 elapsed_us=1169
2026-09-26T21:57:11.846566Z	debug	dynamo_generic_rpc_split	generic gRPC response headers	stage="prefill" request_id=551650c7-23cc-4441-bc3b-739fbdcd1600 headers_us=940
2026-09-26T21:57:11.848487Z	debug	dynamo_generic_rpc_split	generic gRPC unary response	stage="selector" request_id=551650c7-23cc-4441-bc3b-739fbdcd1600 elapsed_us=1728
2026-09-26T21:57:11.893578Z	debug	dynamo_generic_rpc_split	generic gRPC response headers	stage="prefill" request_id=3fe692b1-c98a-4193-af8a-06b704b79000 headers_us=1731
2026-09-26T21:57:11.894697Z	debug	dynamo_generic_rpc_split	generic gRPC unary response	stage="selector" request_id=3fe692b1-c98a-4193-af8a-06b704b79000 elapsed_us=934
2026-09-26T21:57:11.901571Z	debug	dynamo_generic_rpc_split	generic gRPC response headers	stage="prefill" request_id=f4c45822-62ba-4167-8a03-2818a2608000 headers_us=1233
2026-09-26T21:57:11.903361Z	debug	dynamo_generic_rpc_split	generic gRPC unary response	stage="selector" request_id=f4c45822-62ba-4167-8a03-2818a2608000 elapsed_us=1335
2026-09-26T21:57:11.939851Z	debug	dynamo_generic_rpc_split	generic gRPC response headers	stage="prefill" request_id=dc95165d-253a-4011-9101-04e604ff4100 headers_us=1524
2026-09-26T21:57:11.942023Z	debug	dynamo_generic_rpc_split	generic gRPC unary response	stage="selector" request_id=dc95165d-253a-4011-9101-04e604ff4100 elapsed_us=2066
2026-09-26T21:57:11.955255Z	debug	dynamo_generic_rpc_split	generic gRPC response headers	stage="prefill" request_id=eb0a96d3-8376-49ea-8766-0bd89a755b00 headers_us=2408
2026-09-26T21:57:11.956833Z	debug	dynamo_generic_rpc_split	generic gRPC unary response	stage="selector" request_id=eb0a96d3-8376-49ea-8766-0bd89a755b00 elapsed_us=1508
2026-09-26T21:57:12.028385Z	debug	dynamo_generic_rpc_split	generic gRPC response headers	stage="prefill" request_id=aa55cf1d-0665-4220-8fb1-01748beb7d00 headers_us=3612
2026-09-26T21:57:12.034006Z	debug	dynamo_generic_rpc_split	generic gRPC unary response	stage="selector" request_id=aa55cf1d-0665-4220-8fb1-01748beb7d00 elapsed_us=3548
2026-09-26T21:57:12.075224Z	debug	dynamo_generic_rpc_split	generic gRPC response headers	stage="prefill" request_id=16a3b160-a1bc-4346-bc99-abc5ef02dd00 headers_us=1629
2026-09-26T21:57:12.076223Z	debug	dynamo_generic_rpc_split	generic gRPC unary response	stage="selector" request_id=16a3b160-a1bc-4346-bc99-abc5ef02dd00 elapsed_us=929
2026-09-26T21:57:12.093474Z	debug	dynamo_generic_rpc_split	generic gRPC response headers	stage="prefill" request_id=fd097923-1dce-42d7-86d3-2158e69ea300 headers_us=2166
2026-09-26T21:57:12.094690Z	debug	dynamo_generic_rpc_split	generic gRPC unary response	stage="selector" request_id=fd097923-1dce-42d7-86d3-2158e69ea300 elapsed_us=1067
2026-09-26T21:57:12.148622Z	debug	dynamo_generic_rpc_split	generic gRPC response headers	stage="prefill" request_id=61951a25-a2fb-44ae-b6bb-0b6e706d0500 headers_us=3409
2026-09-26T21:57:12.150164Z	debug	dynamo_generic_rpc_split	generic gRPC unary response	stage="selector" request_id=61951a25-a2fb-44ae-b6bb-0b6e706d0500 elapsed_us=1442
2026-09-26T21:57:12.249688Z	debug	dynamo_generic_rpc_split	generic gRPC response headers	stage="prefill" request_id=e449872c-53d9-49be-a367-903373453500 headers_us=1873
2026-09-26T21:57:12.252094Z	debug	dynamo_generic_rpc_split	generic gRPC unary response	stage="selector" request_id=e449872c-53d9-49be-a367-903373453500 elapsed_us=2305
2026-09-26T21:57:12.302810Z	debug	dynamo_generic_rpc_split	generic gRPC response headers	stage="prefill" request_id=7e5d5971-074c-43f7-bbc4-f9e355fbb300 headers_us=1743
2026-09-26T21:57:12.304762Z	debug	dynamo_generic_rpc_split	generic gRPC unary response	stage="selector" request_id=7e5d5971-074c-43f7-bbc4-f9e355fbb300 elapsed_us=1869
2026-09-26T21:57:12.333879Z	debug	dynamo_generic_rpc_split	generic gRPC response headers	stage="prefill" request_id=435308ac-91a2-4794-96b3-a6f6fc189500 headers_us=1239
2026-09-26T21:57:12.337723Z	debug	dynamo_generic_rpc_split	generic gRPC unary response	stage="selector" request_id=435308ac-91a2-4794-96b3-a6f6fc189500 elapsed_us=2236
2026-09-26T21:57:12.382414Z	debug	dynamo_generic_rpc_split	generic gRPC response headers	stage="prefill" request_id=658f983f-e91e-4f89-9b4a-0ae3db17c700 headers_us=1887
2026-09-26T21:57:12.386647Z	debug	dynamo_generic_rpc_split	generic gRPC unary response	stage="selector" request_id=658f983f-e91e-4f89-9b4a-0ae3db17c700 elapsed_us=4101
2026-09-26T21:57:12.398334Z	debug	dynamo_generic_rpc_split	generic gRPC response headers	stage="prefill" request_id=87738c31-0d32-476d-9203-c91fdcbbf000 headers_us=4251
2026-09-26T21:57:12.401136Z	debug	dynamo_generic_rpc_split	generic gRPC unary response	stage="selector" request_id=87738c31-0d32-476d-9203-c91fdcbbf000 elapsed_us=2749
2026-09-26T21:57:12.449721Z	debug	dynamo_generic_rpc_split	generic gRPC response headers	stage="prefill" request_id=37dc483d-aa31-4bd0-9167-ffc63fafdc00 headers_us=6926
2026-09-26T21:57:12.451747Z	debug	dynamo_generic_rpc_split	generic gRPC unary response	stage="selector" request_id=37dc483d-aa31-4bd0-9167-ffc63fafdc00 elapsed_us=1946
2026-09-26T21:57:12.511808Z	debug	dynamo_generic_rpc_split	generic gRPC response headers	stage="prefill" request_id=2d2e8b0c-6504-41ac-96ad-1064c0c10d00 headers_us=3375
2026-09-26T21:57:12.514171Z	debug	dynamo_generic_rpc_split	generic gRPC unary response	stage="selector" request_id=2d2e8b0c-6504-41ac-96ad-1064c0c10d00 elapsed_us=2286
2026-09-26T21:57:12.620718Z	debug	dynamo_generic_rpc_split	generic gRPC response headers	stage="prefill" request_id=2a2c5ca2-3b43-438b-977c-5ad7edfe4700 headers_us=2726
2026-09-26T21:57:12.624798Z	debug	dynamo_generic_rpc_split	generic gRPC unary response	stage="selector" request_id=2a2c5ca2-3b43-438b-977c-5ad7edfe4700 elapsed_us=3927
2026-09-26T21:57:12.625693Z	debug	dynamo_generic_rpc_split	generic gRPC response headers	stage="prefill" request_id=fe9c3bd9-091a-4986-bcaf-37f78bef4c00 headers_us=3464
2026-09-26T21:57:12.629284Z	debug	dynamo_generic_rpc_split	generic gRPC unary response	stage="selector" request_id=fe9c3bd9-091a-4986-bcaf-37f78bef4c00 elapsed_us=3460
2026-09-26T21:57:12.661817Z	debug	dynamo_generic_rpc_split	generic gRPC response headers	stage="prefill" request_id=5400d71a-f066-47f0-b245-64259012af00 headers_us=1460
2026-09-26T21:57:12.662732Z	debug	dynamo_generic_rpc_split	generic gRPC response headers	stage="prefill" request_id=3baf926d-559a-4709-bd31-e6c613f67b00 headers_us=2562
2026-09-26T21:57:12.664988Z	debug	dynamo_generic_rpc_split	generic gRPC unary response	stage="selector" request_id=5400d71a-f066-47f0-b245-64259012af00 elapsed_us=3098
2026-09-26T21:57:12.668140Z	debug	dynamo_generic_rpc_split	generic gRPC unary response	stage="selector" request_id=3baf926d-559a-4709-bd31-e6c613f67b00 elapsed_us=5345
2026-09-26T21:57:12.697860Z	debug	dynamo_generic_rpc_split	generic gRPC response headers	stage="prefill" request_id=c63afbdc-ed30-47ac-a33c-860f52d23600 headers_us=3380
2026-09-26T21:57:12.703368Z	debug	dynamo_generic_rpc_split	generic gRPC unary response	stage="selector" request_id=c63afbdc-ed30-47ac-a33c-860f52d23600 elapsed_us=5271
2026-09-26T21:57:12.715135Z	debug	dynamo_generic_rpc_split	generic gRPC response headers	stage="prefill" request_id=7ecfbb5f-9123-4df5-a4a4-d01e48deef00 headers_us=2582
2026-09-26T21:57:12.718304Z	debug	dynamo_generic_rpc_split	generic gRPC unary response	stage="selector" request_id=7ecfbb5f-9123-4df5-a4a4-d01e48deef00 elapsed_us=3105
2026-09-26T21:57:12.721204Z	debug	dynamo_generic_rpc_split	generic gRPC response headers	stage="prefill" request_id=68ac8ac6-4bd5-41bd-9245-6ea99736e100 headers_us=2917
2026-09-26T21:57:12.728697Z	debug	dynamo_generic_rpc_split	generic gRPC unary response	stage="selector" request_id=68ac8ac6-4bd5-41bd-9245-6ea99736e100 elapsed_us=7367
2026-09-26T21:57:12.731611Z	debug	dynamo_generic_rpc_split	generic gRPC response headers	stage="prefill" request_id=b72902ea-3f6c-41c9-ad78-6380718af200 headers_us=5902
2026-09-26T21:57:12.737010Z	debug	dynamo_generic_rpc_split	generic gRPC unary response	stage="selector" request_id=b72902ea-3f6c-41c9-ad78-6380718af200 elapsed_us=5279
2026-09-26T21:57:12.781645Z	debug	dynamo_generic_rpc_split	generic gRPC response headers	stage="prefill" request_id=575fc873-c2af-4cb5-a1c8-1a8b2944d700 headers_us=5574
2026-09-26T21:57:12.791446Z	debug	dynamo_generic_rpc_split	generic gRPC unary response	stage="selector" request_id=575fc873-c2af-4cb5-a1c8-1a8b2944d700 elapsed_us=8810
2026-09-26T21:57:12.800595Z	debug	dynamo_generic_rpc_split	generic gRPC response headers	stage="prefill" request_id=4632b511-6321-4728-b18d-87a6a25d1600 headers_us=7728
2026-09-26T21:57:12.805338Z	debug	dynamo_generic_rpc_split	generic gRPC unary response	stage="selector" request_id=4632b511-6321-4728-b18d-87a6a25d1600 elapsed_us=4621
2026-09-26T21:57:12.812791Z	debug	dynamo_generic_rpc_split	generic gRPC response headers	stage="prefill" request_id=8d81549f-7193-4516-b87f-6ab402b38200 headers_us=7250
2026-09-26T21:57:12.818323Z	debug	dynamo_generic_rpc_split	generic gRPC unary response	stage="selector" request_id=8d81549f-7193-4516-b87f-6ab402b38200 elapsed_us=5474
2026-09-26T21:57:12.950117Z	debug	dynamo_generic_rpc_split	generic gRPC response headers	stage="prefill" request_id=53b64853-6755-4a84-933c-7430688cc000 headers_us=4032
2026-09-26T21:57:12.952552Z	debug	dynamo_generic_rpc_split	generic gRPC unary response	stage="selector" request_id=53b64853-6755-4a84-933c-7430688cc000 elapsed_us=2368
2026-09-26T21:57:13.021427Z	debug	dynamo_generic_rpc_split	generic gRPC response headers	stage="prefill" request_id=7d8af95f-1d4d-432a-a461-56ab2911c600 headers_us=4278
2026-09-26T21:57:13.023980Z	debug	dynamo_generic_rpc_split	generic gRPC unary response	stage="selector" request_id=7d8af95f-1d4d-432a-a461-56ab2911c600 elapsed_us=2497
2026-09-26T21:57:13.057790Z	debug	dynamo_generic_rpc_split	generic gRPC response headers	stage="prefill" request_id=1caf96b3-a110-438b-8086-525fea6ffe00 headers_us=2697
2026-09-26T21:57:13.063139Z	debug	dynamo_generic_rpc_split	generic gRPC unary response	stage="selector" request_id=1caf96b3-a110-438b-8086-525fea6ffe00 elapsed_us=4061
2026-09-26T21:57:13.072386Z	debug	dynamo_generic_rpc_split	generic gRPC response headers	stage="prefill" request_id=17d6c99b-eef6-48c6-bf81-36d35570aa00 headers_us=1546
2026-09-26T21:57:13.076111Z	debug	dynamo_generic_rpc_split	generic gRPC unary response	stage="selector" request_id=17d6c99b-eef6-48c6-bf81-36d35570aa00 elapsed_us=3553
2026-09-26T21:57:13.118977Z	debug	dynamo_generic_rpc_split	generic gRPC response headers	stage="prefill" request_id=64fa7ffd-0efb-41b0-a04b-74ab3954f500 headers_us=3295
2026-09-26T21:57:13.121388Z	debug	dynamo_generic_rpc_split	generic gRPC unary response	stage="selector" request_id=64fa7ffd-0efb-41b0-a04b-74ab3954f500 elapsed_us=2251
2026-09-26T21:57:13.131696Z	debug	dynamo_generic_rpc_split	generic gRPC response headers	stage="prefill" request_id=2fd34d46-e487-419f-a2cb-84417b35cb00 headers_us=3351
2026-09-26T21:57:13.131997Z	debug	dynamo_generic_rpc_split	generic gRPC response headers	stage="prefill" request_id=666759e0-a20d-4c97-b412-3fdba92e1900 headers_us=5988
2026-09-26T21:57:13.134317Z	debug	dynamo_generic_rpc_split	generic gRPC unary response	stage="selector" request_id=666759e0-a20d-4c97-b412-3fdba92e1900 elapsed_us=2241
2026-09-26T21:57:13.138443Z	debug	dynamo_generic_rpc_split	generic gRPC unary response	stage="selector" request_id=2fd34d46-e487-419f-a2cb-84417b35cb00 elapsed_us=6578
2026-09-26T21:57:13.139376Z	debug	dynamo_generic_rpc_split	generic gRPC response headers	stage="prefill" request_id=57a6f607-5fd7-4712-b9f6-773867c8fc00 headers_us=4725
2026-09-26T21:57:13.143798Z	debug	dynamo_generic_rpc_split	generic gRPC unary response	stage="selector" request_id=57a6f607-5fd7-4712-b9f6-773867c8fc00 elapsed_us=4320
2026-09-26T21:57:13.161208Z	debug	dynamo_generic_rpc_split	generic gRPC response headers	stage="prefill" request_id=cef1e6ca-0dbf-46ef-b001-e5d88c645000 headers_us=3936
2026-09-26T21:57:13.163343Z	debug	dynamo_generic_rpc_split	generic gRPC unary response	stage="selector" request_id=cef1e6ca-0dbf-46ef-b001-e5d88c645000 elapsed_us=2053
2026-09-26T21:57:13.182550Z	debug	dynamo_generic_rpc_split	generic gRPC response headers	stage="prefill" request_id=91505f11-64cc-4ea2-a0ed-7a7493781400 headers_us=4681
2026-09-26T21:57:13.189986Z	debug	dynamo_generic_rpc_split	generic gRPC unary response	stage="selector" request_id=91505f11-64cc-4ea2-a0ed-7a7493781400 elapsed_us=7346
2026-09-26T21:57:13.205585Z	debug	dynamo_generic_rpc_split	generic gRPC response headers	stage="prefill" request_id=0a0ec10b-bbfe-4167-afac-4300b192ee00 headers_us=2065
2026-09-26T21:57:13.206892Z	debug	dynamo_generic_rpc_split	generic gRPC unary response	stage="selector" request_id=0a0ec10b-bbfe-4167-afac-4300b192ee00 elapsed_us=1175
2026-09-26T21:57:13.271893Z	debug	dynamo_generic_rpc_split	generic gRPC response headers	stage="prefill" request_id=7ed01f82-ea82-4271-8ff6-f2dce8ef1f00 headers_us=5614
2026-09-26T21:57:13.280326Z	debug	dynamo_generic_rpc_split	generic gRPC unary response	stage="selector" request_id=7ed01f82-ea82-4271-8ff6-f2dce8ef1f00 elapsed_us=8317
2026-09-26T21:57:13.347318Z	debug	dynamo_generic_rpc_split	generic gRPC response headers	stage="prefill" request_id=2461ddb4-cc75-472e-9fe0-8593dce94400 headers_us=8869
2026-09-26T21:57:13.357615Z	debug	dynamo_generic_rpc_split	generic gRPC unary response	stage="selector" request_id=2461ddb4-cc75-472e-9fe0-8593dce94400 elapsed_us=10228
2026-09-26T21:57:13.429383Z	debug	dynamo_generic_rpc_split	generic gRPC response headers	stage="prefill" request_id=721f84e7-1546-41ff-b4a8-de2cc3965f00 headers_us=1948
2026-09-26T21:57:13.431757Z	debug	dynamo_generic_rpc_split	generic gRPC unary response	stage="selector" request_id=721f84e7-1546-41ff-b4a8-de2cc3965f00 elapsed_us=2271
2026-09-26T21:57:13.558760Z	debug	dynamo_generic_rpc_split	generic gRPC response headers	stage="prefill" request_id=016108e5-c232-4852-b966-abbbff480c00 headers_us=4184
2026-09-26T21:57:13.564177Z	debug	dynamo_generic_rpc_split	generic gRPC unary response	stage="selector" request_id=016108e5-c232-4852-b966-abbbff480c00 elapsed_us=5287
2026-09-26T21:57:13.585770Z	debug	dynamo_generic_rpc_split	generic gRPC response headers	stage="prefill" request_id=3e364e5a-ef83-47cb-9fc4-0c1b66008a00 headers_us=5025
2026-09-26T21:57:13.588925Z	debug	dynamo_generic_rpc_split	generic gRPC response headers	stage="prefill" request_id=4d98484a-d8a1-46f4-8b50-5dc1e8721600 headers_us=5479
2026-09-26T21:57:13.590902Z	debug	dynamo_generic_rpc_split	generic gRPC unary response	stage="selector" request_id=3e364e5a-ef83-47cb-9fc4-0c1b66008a00 elapsed_us=5058
2026-09-26T21:57:13.592719Z	debug	dynamo_generic_rpc_split	generic gRPC unary response	stage="selector" request_id=4d98484a-d8a1-46f4-8b50-5dc1e8721600 elapsed_us=3700
2026-09-26T21:57:13.667619Z	debug	dynamo_generic_rpc_split	generic gRPC response headers	stage="prefill" request_id=6405ee03-2534-4277-a0d9-124e8b093900 headers_us=2278
2026-09-26T21:57:13.669148Z	debug	dynamo_generic_rpc_split	generic gRPC response headers	stage="prefill" request_id=3e6bff84-4c10-4dff-93e4-b23e28745400 headers_us=4338
2026-09-26T21:57:13.670557Z	debug	dynamo_generic_rpc_split	generic gRPC unary response	stage="selector" request_id=6405ee03-2534-4277-a0d9-124e8b093900 elapsed_us=2804
2026-09-26T21:57:13.671979Z	debug	dynamo_generic_rpc_split	generic gRPC unary response	stage="selector" request_id=3e6bff84-4c10-4dff-93e4-b23e28745400 elapsed_us=2763
2026-09-26T21:57:13.706390Z	debug	dynamo_generic_rpc_split	generic gRPC response headers	stage="prefill" request_id=23772c8e-b83d-481c-83ce-da9866819500 headers_us=4854
2026-09-26T21:57:13.706710Z	debug	dynamo_generic_rpc_split	generic gRPC response headers	stage="prefill" request_id=fde3b25f-a548-462f-8e7d-54521a87ca00 headers_us=4466
2026-09-26T21:57:13.710145Z	debug	dynamo_generic_rpc_split	generic gRPC unary response	stage="selector" request_id=fde3b25f-a548-462f-8e7d-54521a87ca00 elapsed_us=3341
2026-09-26T21:57:13.715286Z	debug	dynamo_generic_rpc_split	generic gRPC unary response	stage="selector" request_id=23772c8e-b83d-481c-83ce-da9866819500 elapsed_us=8789
2026-09-26T21:57:13.744021Z	debug	dynamo_generic_rpc_split	generic gRPC response headers	stage="prefill" request_id=42d6bc94-3bc1-4613-b14b-606028889f00 headers_us=4244
2026-09-26T21:57:13.748533Z	debug	dynamo_generic_rpc_split	generic gRPC unary response	stage="selector" request_id=42d6bc94-3bc1-4613-b14b-606028889f00 elapsed_us=4440
2026-09-26T21:57:13.767649Z	debug	dynamo_generic_rpc_split	generic gRPC response headers	stage="prefill" request_id=e529b4ac-5be2-4e23-bdef-d6accdd46200 headers_us=4428
2026-09-26T21:57:13.770256Z	debug	dynamo_generic_rpc_split	generic gRPC unary response	stage="selector" request_id=e529b4ac-5be2-4e23-bdef-d6accdd46200 elapsed_us=2532
2026-09-26T21:57:13.799761Z	debug	dynamo_generic_rpc_split	generic gRPC response headers	stage="prefill" request_id=cd8bd78c-3361-40bc-a233-a928f545b800 headers_us=2148
2026-09-26T21:57:13.800912Z	debug	dynamo_generic_rpc_split	generic gRPC response headers	stage="prefill" request_id=c8ea3e7e-60b1-4464-b2b1-451434daac00 headers_us=1726
2026-09-26T21:57:13.803626Z	debug	dynamo_generic_rpc_split	generic gRPC unary response	stage="selector" request_id=cd8bd78c-3361-40bc-a233-a928f545b800 elapsed_us=2269
2026-09-26T21:57:13.803833Z	debug	dynamo_generic_rpc_split	generic gRPC unary response	stage="selector" request_id=c8ea3e7e-60b1-4464-b2b1-451434daac00 elapsed_us=2668
2026-09-26T21:57:13.848635Z	debug	dynamo_generic_rpc_split	generic gRPC response headers	stage="prefill" request_id=46b02a5e-cc48-4b46-91dd-7ae327ca4600 headers_us=2299
2026-09-26T21:57:13.850570Z	debug	dynamo_generic_rpc_split	generic gRPC unary response	stage="selector" request_id=46b02a5e-cc48-4b46-91dd-7ae327ca4600 elapsed_us=1855
2026-09-26T21:57:13.872724Z	debug	dynamo_generic_rpc_split	generic gRPC response headers	stage="prefill" request_id=01fe1ae0-9220-4c11-8fbc-0d1bd447bf00 headers_us=1486
2026-09-26T21:57:13.874177Z	debug	dynamo_generic_rpc_split	generic gRPC unary response	stage="selector" request_id=01fe1ae0-9220-4c11-8fbc-0d1bd447bf00 elapsed_us=1392
2026-09-26T21:57:13.915970Z	debug	dynamo_generic_rpc_split	generic gRPC response headers	stage="prefill" request_id=222baa9f-59ca-47a0-95ab-b32dc9c1e900 headers_us=812
2026-09-26T21:57:13.916868Z	debug	dynamo_generic_rpc_split	generic gRPC unary response	stage="selector" request_id=222baa9f-59ca-47a0-95ab-b32dc9c1e900 elapsed_us=781
2026-09-26T21:57:13.940654Z	debug	dynamo_generic_rpc_split	generic gRPC response headers	stage="prefill" request_id=e8bd7cc8-6768-4e3e-bbf0-4b40ac29a500 headers_us=1011
2026-09-26T21:57:13.942015Z	debug	dynamo_generic_rpc_split	generic gRPC unary response	stage="selector" request_id=e8bd7cc8-6768-4e3e-bbf0-4b40ac29a500 elapsed_us=1288
2026-09-26T21:57:13.957677Z	debug	dynamo_generic_rpc_split	generic gRPC response headers	stage="prefill" request_id=d5068bce-5b19-4909-a8df-270fdda09600 headers_us=1718
2026-09-26T21:57:13.959706Z	debug	dynamo_generic_rpc_split	generic gRPC unary response	stage="selector" request_id=d5068bce-5b19-4909-a8df-270fdda09600 elapsed_us=1962
2026-09-26T21:57:13.992452Z	debug	dynamo_generic_rpc_split	generic gRPC response headers	stage="prefill" request_id=95f231b7-d3ea-4893-bf1c-a9073f914d00 headers_us=3808
2026-09-26T21:57:13.997106Z	debug	dynamo_generic_rpc_split	generic gRPC unary response	stage="selector" request_id=95f231b7-d3ea-4893-bf1c-a9073f914d00 elapsed_us=4501
2026-09-26T21:57:14.073161Z	debug	dynamo_generic_rpc_split	generic gRPC response headers	stage="prefill" request_id=f6f5e802-5d0f-49cf-96c1-31c44f7e3600 headers_us=4606
2026-09-26T21:57:14.076559Z	debug	dynamo_generic_rpc_split	generic gRPC unary response	stage="selector" request_id=f6f5e802-5d0f-49cf-96c1-31c44f7e3600 elapsed_us=3278
2026-09-26T21:57:14.097758Z	debug	dynamo_generic_rpc_split	generic gRPC response headers	stage="prefill" request_id=d1708122-f872-4b45-b508-b209d5de6100 headers_us=4972
2026-09-26T21:57:14.099157Z	debug	dynamo_generic_rpc_split	generic gRPC unary response	stage="selector" request_id=d1708122-f872-4b45-b508-b209d5de6100 elapsed_us=1342
2026-09-26T21:57:14.101354Z	debug	dynamo_generic_rpc_split	generic gRPC response headers	stage="prefill" request_id=41070567-12fd-486c-8dba-448521952800 headers_us=3240
2026-09-26T21:57:14.103695Z	debug	dynamo_generic_rpc_split	generic gRPC unary response	stage="selector" request_id=41070567-12fd-486c-8dba-448521952800 elapsed_us=2244
2026-09-26T21:57:14.118980Z	debug	dynamo_generic_rpc_split	generic gRPC response headers	stage="prefill" request_id=eb72c6e7-d5c4-4fe0-9367-4c05bfef3800 headers_us=2555
2026-09-26T21:57:14.121576Z	debug	dynamo_generic_rpc_split	generic gRPC unary response	stage="selector" request_id=eb72c6e7-d5c4-4fe0-9367-4c05bfef3800 elapsed_us=2443
2026-09-26T21:57:14.136810Z	debug	dynamo_generic_rpc_split	generic gRPC response headers	stage="prefill" request_id=43664f5b-8821-4a53-bae9-2a0dcbdb0d00 headers_us=853
2026-09-26T21:57:14.138367Z	debug	dynamo_generic_rpc_split	generic gRPC unary response	stage="selector" request_id=43664f5b-8821-4a53-bae9-2a0dcbdb0d00 elapsed_us=1488
2026-09-26T21:57:14.204551Z	debug	dynamo_generic_rpc_split	generic gRPC response headers	stage="prefill" request_id=d0e45c00-2c6f-4de1-bc5f-f97a13094b00 headers_us=1529
2026-09-26T21:57:14.207901Z	debug	dynamo_generic_rpc_split	generic gRPC unary response	stage="selector" request_id=d0e45c00-2c6f-4de1-bc5f-f97a13094b00 elapsed_us=3161
2026-09-26T21:57:14.262448Z	debug	dynamo_generic_rpc_split	generic gRPC response headers	stage="prefill" request_id=94b91cb1-b220-4fad-9adb-7387226bfd00 headers_us=1882
2026-09-26T21:57:14.268213Z	debug	dynamo_generic_rpc_split	generic gRPC unary response	stage="selector" request_id=94b91cb1-b220-4fad-9adb-7387226bfd00 elapsed_us=5641
2026-09-26T21:57:14.273289Z	debug	dynamo_generic_rpc_split	generic gRPC response headers	stage="prefill" request_id=540a19ad-3920-4445-8c02-7ad08e8e8400 headers_us=6277
2026-09-26T21:57:14.276810Z	debug	dynamo_generic_rpc_split	generic gRPC unary response	stage="selector" request_id=540a19ad-3920-4445-8c02-7ad08e8e8400 elapsed_us=3464
2026-09-26T21:57:14.287529Z	debug	dynamo_generic_rpc_split	generic gRPC response headers	stage="prefill" request_id=1b19abb1-a704-4c8c-9bc9-0988ff9fb200 headers_us=3064
2026-09-26T21:57:14.290767Z	debug	dynamo_generic_rpc_split	generic gRPC unary response	stage="selector" request_id=1b19abb1-a704-4c8c-9bc9-0988ff9fb200 elapsed_us=3176
2026-09-26T21:57:14.312473Z	debug	dynamo_generic_rpc_split	generic gRPC response headers	stage="prefill" request_id=7657c5d5-9f22-4c3d-b116-f99a53cefa00 headers_us=1876
2026-09-26T21:57:14.314030Z	debug	dynamo_generic_rpc_split	generic gRPC unary response	stage="selector" request_id=7657c5d5-9f22-4c3d-b116-f99a53cefa00 elapsed_us=1484
2026-09-26T21:57:14.319168Z	debug	dynamo_generic_rpc_split	generic gRPC response headers	stage="prefill" request_id=bc4e5960-0a8e-4a6b-847a-7937d2b0fd00 headers_us=2954
2026-09-26T21:57:14.321972Z	debug	dynamo_generic_rpc_split	generic gRPC unary response	stage="selector" request_id=bc4e5960-0a8e-4a6b-847a-7937d2b0fd00 elapsed_us=2693
2026-09-26T21:57:14.369787Z	debug	dynamo_generic_rpc_split	generic gRPC response headers	stage="prefill" request_id=7775388c-71f9-4a01-8c94-a7645d3e6400 headers_us=2507
2026-09-26T21:57:14.370929Z	debug	dynamo_generic_rpc_split	generic gRPC unary response	stage="selector" request_id=7775388c-71f9-4a01-8c94-a7645d3e6400 elapsed_us=1019
2026-09-26T21:57:14.379155Z	debug	dynamo_generic_rpc_split	generic gRPC response headers	stage="prefill" request_id=512530bb-fb7c-47c2-8630-1e738d68d800 headers_us=2666
2026-09-26T21:57:14.381430Z	debug	dynamo_generic_rpc_split	generic gRPC unary response	stage="selector" request_id=512530bb-fb7c-47c2-8630-1e738d68d800 elapsed_us=2202
2026-09-26T21:57:14.398689Z	debug	dynamo_generic_rpc_split	generic gRPC response headers	stage="prefill" request_id=ecce99e5-6eaf-4b9f-858f-c2d5cd2b6d00 headers_us=3322
2026-09-26T21:57:14.401616Z	debug	dynamo_generic_rpc_split	generic gRPC unary response	stage="selector" request_id=ecce99e5-6eaf-4b9f-858f-c2d5cd2b6d00 elapsed_us=2855
2026-09-26T21:57:14.412081Z	debug	dynamo_generic_rpc_split	generic gRPC response headers	stage="prefill" request_id=8dad93fd-8d79-48a9-b3df-0d1937870f00 headers_us=4935
2026-09-26T21:57:14.414681Z	debug	dynamo_generic_rpc_split	generic gRPC unary response	stage="selector" request_id=8dad93fd-8d79-48a9-b3df-0d1937870f00 elapsed_us=2520
2026-09-26T21:57:14.421766Z	debug	dynamo_generic_rpc_split	generic gRPC response headers	stage="prefill" request_id=bbfee504-68a0-4427-962a-5e13207d4000 headers_us=1733
2026-09-26T21:57:14.426220Z	debug	dynamo_generic_rpc_split	generic gRPC response headers	stage="prefill" request_id=5f5d165f-6c69-4f10-a5a4-0d6cb0110600 headers_us=6148
2026-09-26T21:57:14.429773Z	debug	dynamo_generic_rpc_split	generic gRPC unary response	stage="selector" request_id=5f5d165f-6c69-4f10-a5a4-0d6cb0110600 elapsed_us=3499
2026-09-26T21:57:14.429951Z	debug	dynamo_generic_rpc_split	generic gRPC unary response	stage="selector" request_id=bbfee504-68a0-4427-962a-5e13207d4000 elapsed_us=8057
2026-09-26T21:57:14.436976Z	debug	dynamo_generic_rpc_split	generic gRPC response headers	stage="prefill" request_id=6cbc8510-5692-4410-a5de-334ecfd36900 headers_us=7478
2026-09-26T21:57:14.440886Z	debug	dynamo_generic_rpc_split	generic gRPC unary response	stage="selector" request_id=6cbc8510-5692-4410-a5de-334ecfd36900 elapsed_us=3848
2026-09-26T21:57:14.531059Z	debug	dynamo_generic_rpc_split	generic gRPC response headers	stage="prefill" request_id=94fa6090-08a0-434d-a9f0-ff0c90cebe00 headers_us=5899
2026-09-26T21:57:14.533583Z	debug	dynamo_generic_rpc_split	generic gRPC unary response	stage="selector" request_id=94fa6090-08a0-434d-a9f0-ff0c90cebe00 elapsed_us=2442
2026-09-26T21:57:14.621633Z	debug	dynamo_generic_rpc_split	generic gRPC response headers	stage="prefill" request_id=d0934ff4-58dc-42f9-acba-8670c32b5a00 headers_us=5372
2026-09-26T21:57:14.625756Z	debug	dynamo_generic_rpc_split	generic gRPC unary response	stage="selector" request_id=d0934ff4-58dc-42f9-acba-8670c32b5a00 elapsed_us=4002
2026-09-26T21:57:14.707056Z	debug	dynamo_generic_rpc_split	generic gRPC response headers	stage="prefill" request_id=361ebdac-29af-410d-86db-d74fa0962000 headers_us=2926
2026-09-26T21:57:14.708794Z	debug	dynamo_generic_rpc_split	generic gRPC unary response	stage="selector" request_id=361ebdac-29af-410d-86db-d74fa0962000 elapsed_us=1670
2026-09-26T21:57:14.830538Z	debug	dynamo_generic_rpc_split	generic gRPC response headers	stage="prefill" request_id=bf3823ad-90a5-4604-bfaf-76c99c055300 headers_us=3261
2026-09-26T21:57:14.832120Z	debug	dynamo_generic_rpc_split	generic gRPC unary response	stage="selector" request_id=bf3823ad-90a5-4604-bfaf-76c99c055300 elapsed_us=1448
2026-09-26T21:57:14.839119Z	debug	dynamo_generic_rpc_split	generic gRPC response headers	stage="prefill" request_id=9a8c12cf-cc34-4066-8d7f-dc1f464ae600 headers_us=1758
2026-09-26T21:57:14.839287Z	debug	dynamo_generic_rpc_split	generic gRPC response headers	stage="prefill" request_id=b071bc1b-a7a4-4211-8f2e-bc9b63b2ed00 headers_us=1784
2026-09-26T21:57:14.840744Z	debug	dynamo_generic_rpc_split	generic gRPC unary response	stage="selector" request_id=9a8c12cf-cc34-4066-8d7f-dc1f464ae600 elapsed_us=1534
2026-09-26T21:57:14.842021Z	debug	dynamo_generic_rpc_split	generic gRPC unary response	stage="selector" request_id=b071bc1b-a7a4-4211-8f2e-bc9b63b2ed00 elapsed_us=2030
2026-09-26T21:57:14.863194Z	debug	dynamo_generic_rpc_split	generic gRPC response headers	stage="prefill" request_id=ee38a20e-a501-4d67-bc72-aa2833b0b400 headers_us=1752
2026-09-26T21:57:14.866808Z	debug	dynamo_generic_rpc_split	generic gRPC unary response	stage="selector" request_id=ee38a20e-a501-4d67-bc72-aa2833b0b400 elapsed_us=2491
2026-09-26T21:57:14.900032Z	debug	dynamo_generic_rpc_split	generic gRPC response headers	stage="prefill" request_id=fc591c8b-60a9-451e-8563-47357646d800 headers_us=2841
2026-09-26T21:57:14.901913Z	debug	dynamo_generic_rpc_split	generic gRPC unary response	stage="selector" request_id=fc591c8b-60a9-451e-8563-47357646d800 elapsed_us=1487
2026-09-26T21:57:14.943790Z	debug	dynamo_generic_rpc_split	generic gRPC response headers	stage="prefill" request_id=dddded8a-7c4f-40a6-a849-e37e13f3ea00 headers_us=3366
2026-09-26T21:57:14.949443Z	debug	dynamo_generic_rpc_split	generic gRPC unary response	stage="selector" request_id=dddded8a-7c4f-40a6-a849-e37e13f3ea00 elapsed_us=5568
2026-09-26T21:57:14.992456Z	debug	dynamo_generic_rpc_split	generic gRPC response headers	stage="prefill" request_id=863faf85-18b1-4d54-a731-40f00026fc00 headers_us=1326
2026-09-26T21:57:14.993781Z	debug	dynamo_generic_rpc_split	generic gRPC unary response	stage="selector" request_id=863faf85-18b1-4d54-a731-40f00026fc00 elapsed_us=1235
2026-09-26T21:57:15.001622Z	debug	dynamo_generic_rpc_split	generic gRPC response headers	stage="prefill" request_id=ac279667-64b0-49fd-8b1c-5e4fc8452b00 headers_us=1328
2026-09-26T21:57:15.002691Z	debug	dynamo_generic_rpc_split	generic gRPC unary response	stage="selector" request_id=ac279667-64b0-49fd-8b1c-5e4fc8452b00 elapsed_us=992
2026-09-26T21:57:15.016766Z	debug	dynamo_generic_rpc_split	generic gRPC response headers	stage="prefill" request_id=25f20d13-460b-4e68-916f-209e89e42400 headers_us=2717
2026-09-26T21:57:15.018655Z	debug	dynamo_generic_rpc_split	generic gRPC unary response	stage="selector" request_id=25f20d13-460b-4e68-916f-209e89e42400 elapsed_us=1781
2026-09-26T21:57:15.115246Z	debug	dynamo_generic_rpc_split	generic gRPC response headers	stage="prefill" request_id=42acf098-7947-4e50-9b75-c7ad7dd18200 headers_us=4069
2026-09-26T21:57:15.118910Z	debug	dynamo_generic_rpc_split	generic gRPC unary response	stage="selector" request_id=42acf098-7947-4e50-9b75-c7ad7dd18200 elapsed_us=3572
2026-09-26T21:57:15.141098Z	debug	dynamo_generic_rpc_split	generic gRPC response headers	stage="prefill" request_id=71e4f99a-398f-422e-bbcd-ddff7f22fe00 headers_us=9340
2026-09-26T21:57:15.142213Z	debug	dynamo_generic_rpc_split	generic gRPC response headers	stage="prefill" request_id=f52502f7-b844-48ea-98bf-4874f6018900 headers_us=4551
2026-09-26T21:57:15.143863Z	debug	dynamo_generic_rpc_split	generic gRPC unary response	stage="selector" request_id=71e4f99a-398f-422e-bbcd-ddff7f22fe00 elapsed_us=2684
2026-09-26T21:57:15.147623Z	debug	dynamo_generic_rpc_split	generic gRPC unary response	stage="selector" request_id=f52502f7-b844-48ea-98bf-4874f6018900 elapsed_us=1853
2026-09-26T21:57:15.190285Z	debug	dynamo_generic_rpc_split	generic gRPC response headers	stage="prefill" request_id=737045ab-f266-49a2-825a-725fbf450e00 headers_us=2665
2026-09-26T21:57:15.192988Z	debug	dynamo_generic_rpc_split	generic gRPC unary response	stage="selector" request_id=737045ab-f266-49a2-825a-725fbf450e00 elapsed_us=2431
2026-09-26T21:57:15.227943Z	debug	dynamo_generic_rpc_split	generic gRPC response headers	stage="prefill" request_id=dd396de7-c1df-49e5-8e84-a20d02046000 headers_us=3415
2026-09-26T21:57:15.231763Z	debug	dynamo_generic_rpc_split	generic gRPC unary response	stage="selector" request_id=dd396de7-c1df-49e5-8e84-a20d02046000 elapsed_us=3658
2026-09-26T21:57:15.254510Z	debug	dynamo_generic_rpc_split	generic gRPC response headers	stage="prefill" request_id=10d048bb-154a-452f-9e7c-835031be1000 headers_us=2273
2026-09-26T21:57:15.259854Z	debug	dynamo_generic_rpc_split	generic gRPC unary response	stage="selector" request_id=10d048bb-154a-452f-9e7c-835031be1000 elapsed_us=5226
2026-09-26T21:57:15.274043Z	debug	dynamo_generic_rpc_split	generic gRPC response headers	stage="prefill" request_id=17aafbbc-4120-4f50-831a-ed1b40ff8800 headers_us=4617
2026-09-26T21:57:15.276528Z	debug	dynamo_generic_rpc_split	generic gRPC unary response	stage="selector" request_id=17aafbbc-4120-4f50-831a-ed1b40ff8800 elapsed_us=2322
2026-09-26T21:57:15.276812Z	debug	dynamo_generic_rpc_split	generic gRPC response headers	stage="prefill" request_id=46653acd-3280-4f41-b987-2d6842b0a000 headers_us=4850
2026-09-26T21:57:15.281137Z	debug	dynamo_generic_rpc_split	generic gRPC unary response	stage="selector" request_id=46653acd-3280-4f41-b987-2d6842b0a000 elapsed_us=4062
2026-09-26T21:57:15.298165Z	debug	dynamo_generic_rpc_split	generic gRPC response headers	stage="prefill" request_id=66d39ea7-4c7f-416e-bed9-a11ceed25200 headers_us=2388
2026-09-26T21:57:15.299357Z	debug	dynamo_generic_rpc_split	generic gRPC unary response	stage="selector" request_id=66d39ea7-4c7f-416e-bed9-a11ceed25200 elapsed_us=1102
2026-09-26T21:57:15.368436Z	debug	dynamo_generic_rpc_split	generic gRPC response headers	stage="prefill" request_id=8c1d82f7-9334-4581-b02d-36b1b230b700 headers_us=1869
2026-09-26T21:57:15.374004Z	debug	dynamo_generic_rpc_split	generic gRPC unary response	stage="selector" request_id=8c1d82f7-9334-4581-b02d-36b1b230b700 elapsed_us=5292
2026-09-26T21:57:15.389412Z	debug	dynamo_generic_rpc_split	generic gRPC response headers	stage="prefill" request_id=9a1af00d-1dd1-40f6-8c58-95962b958800 headers_us=3002
2026-09-26T21:57:15.390840Z	debug	dynamo_generic_rpc_split	generic gRPC unary response	stage="selector" request_id=9a1af00d-1dd1-40f6-8c58-95962b958800 elapsed_us=1306
2026-09-26T21:57:15.392506Z	debug	dynamo_generic_rpc_split	generic gRPC response headers	stage="prefill" request_id=fde5b58f-7963-4dbd-a284-bf41d6aff600 headers_us=3520
2026-09-26T21:57:15.397688Z	debug	dynamo_generic_rpc_split	generic gRPC unary response	stage="selector" request_id=fde5b58f-7963-4dbd-a284-bf41d6aff600 elapsed_us=5080
2026-09-26T21:57:15.467046Z	debug	dynamo_generic_rpc_split	generic gRPC response headers	stage="prefill" request_id=c952e70f-1b4a-405c-b759-14e56c549f00 headers_us=1083
2026-09-26T21:57:15.468262Z	debug	dynamo_generic_rpc_split	generic gRPC unary response	stage="selector" request_id=c952e70f-1b4a-405c-b759-14e56c549f00 elapsed_us=1056
2026-09-26T21:57:15.537999Z	debug	dynamo_generic_rpc_split	generic gRPC response headers	stage="prefill" request_id=626017ef-b2ac-4c0c-b4f1-818e96294800 headers_us=4118
2026-09-26T21:57:15.546441Z	debug	dynamo_generic_rpc_split	generic gRPC unary response	stage="selector" request_id=626017ef-b2ac-4c0c-b4f1-818e96294800 elapsed_us=7476
2026-09-26T21:57:15.594114Z	debug	dynamo_generic_rpc_split	generic gRPC response headers	stage="prefill" request_id=d81b389c-a28a-4a90-8be1-44134db70d00 headers_us=2733
2026-09-26T21:57:15.598593Z	debug	dynamo_generic_rpc_split	generic gRPC unary response	stage="selector" request_id=d81b389c-a28a-4a90-8be1-44134db70d00 elapsed_us=4404
2026-09-26T21:57:15.632598Z	debug	dynamo_generic_rpc_split	generic gRPC response headers	stage="prefill" request_id=87e33703-a75c-4763-a181-30477052b900 headers_us=2842
2026-09-26T21:57:15.634769Z	debug	dynamo_generic_rpc_split	generic gRPC unary response	stage="selector" request_id=87e33703-a75c-4763-a181-30477052b900 elapsed_us=2079
2026-09-26T21:57:15.638564Z	debug	dynamo_generic_rpc_split	generic gRPC response headers	stage="prefill" request_id=cc1f1d88-0c09-4c02-8606-feadd51cff00 headers_us=2490
2026-09-26T21:57:15.640914Z	debug	dynamo_generic_rpc_split	generic gRPC unary response	stage="selector" request_id=cc1f1d88-0c09-4c02-8606-feadd51cff00 elapsed_us=1874
2026-09-26T21:57:15.684658Z	debug	dynamo_generic_rpc_split	generic gRPC response headers	stage="prefill" request_id=ccb89ff8-1d46-41c7-ad1d-fa675363be00 headers_us=4700
2026-09-26T21:57:15.691272Z	debug	dynamo_generic_rpc_split	generic gRPC response headers	stage="prefill" request_id=88ab13fa-e281-4154-aec1-14fb1e23e600 headers_us=6764
2026-09-26T21:57:15.692327Z	debug	dynamo_generic_rpc_split	generic gRPC unary response	stage="selector" request_id=ccb89ff8-1d46-41c7-ad1d-fa675363be00 elapsed_us=7553
2026-09-26T21:57:15.698826Z	debug	dynamo_generic_rpc_split	generic gRPC unary response	stage="selector" request_id=88ab13fa-e281-4154-aec1-14fb1e23e600 elapsed_us=7323
2026-09-26T21:57:15.705215Z	debug	dynamo_generic_rpc_split	generic gRPC response headers	stage="prefill" request_id=9f2c2aa6-aa2c-4c06-957e-07c143270200 headers_us=7128
2026-09-26T21:57:15.709581Z	debug	dynamo_generic_rpc_split	generic gRPC unary response	stage="selector" request_id=9f2c2aa6-aa2c-4c06-957e-07c143270200 elapsed_us=4277
2026-09-26T21:57:15.722997Z	debug	dynamo_generic_rpc_split	generic gRPC response headers	stage="prefill" request_id=f59451ea-cd0c-4834-b42b-3b5b6d614500 headers_us=5844
2026-09-26T21:57:15.728186Z	debug	dynamo_generic_rpc_split	generic gRPC unary response	stage="selector" request_id=f59451ea-cd0c-4834-b42b-3b5b6d614500 elapsed_us=5106
2026-09-26T21:57:15.737056Z	debug	dynamo_generic_rpc_split	generic gRPC response headers	stage="prefill" request_id=85d8ba67-9088-42cb-8c9d-1f71c6869000 headers_us=3071
2026-09-26T21:57:15.740219Z	debug	dynamo_generic_rpc_split	generic gRPC unary response	stage="selector" request_id=85d8ba67-9088-42cb-8c9d-1f71c6869000 elapsed_us=3097
2026-09-26T21:57:15.772905Z	debug	dynamo_generic_rpc_split	generic gRPC response headers	stage="prefill" request_id=f9497ce3-d9d2-4599-8a53-ff61583bfe00 headers_us=1947
2026-09-26T21:57:15.774773Z	debug	dynamo_generic_rpc_split	generic gRPC unary response	stage="selector" request_id=f9497ce3-d9d2-4599-8a53-ff61583bfe00 elapsed_us=1631
2026-09-26T21:57:15.810795Z	debug	dynamo_generic_rpc_split	generic gRPC response headers	stage="prefill" request_id=8ef495c0-19fc-47d6-af3c-07fa1d914900 headers_us=2959
2026-09-26T21:57:15.813410Z	debug	dynamo_generic_rpc_split	generic gRPC response headers	stage="prefill" request_id=90d24da2-536f-4feb-9fb7-6a509d187700 headers_us=5483
2026-09-26T21:57:15.815759Z	debug	dynamo_generic_rpc_split	generic gRPC unary response	stage="selector" request_id=90d24da2-536f-4feb-9fb7-6a509d187700 elapsed_us=2294
2026-09-26T21:57:15.816974Z	debug	dynamo_generic_rpc_split	generic gRPC unary response	stage="selector" request_id=8ef495c0-19fc-47d6-af3c-07fa1d914900 elapsed_us=3865
2026-09-26T21:57:15.819265Z	debug	dynamo_generic_rpc_split	generic gRPC response headers	stage="prefill" request_id=e745f020-02a2-4c7f-a15d-b3f3d388da00 headers_us=5243
2026-09-26T21:57:15.824185Z	debug	dynamo_generic_rpc_split	generic gRPC unary response	stage="selector" request_id=e745f020-02a2-4c7f-a15d-b3f3d388da00 elapsed_us=4866
2026-09-26T21:57:15.830500Z	debug	dynamo_generic_rpc_split	generic gRPC response headers	stage="prefill" request_id=d5a88eee-2f19-4c5d-8f48-7b5fb931ce00 headers_us=2218
2026-09-26T21:57:15.831893Z	debug	dynamo_generic_rpc_split	generic gRPC unary response	stage="selector" request_id=d5a88eee-2f19-4c5d-8f48-7b5fb931ce00 elapsed_us=1216
2026-09-26T21:57:15.879288Z	debug	dynamo_generic_rpc_split	generic gRPC response headers	stage="prefill" request_id=eb740877-baca-4b8c-af10-7f72242d0a00 headers_us=2516
2026-09-26T21:57:15.882550Z	debug	dynamo_generic_rpc_split	generic gRPC unary response	stage="selector" request_id=eb740877-baca-4b8c-af10-7f72242d0a00 elapsed_us=3204
2026-09-26T21:57:15.966435Z	debug	dynamo_generic_rpc_split	generic gRPC response headers	stage="prefill" request_id=3cc90919-103e-4f51-9564-d37d89060700 headers_us=1291
2026-09-26T21:57:15.967343Z	debug	dynamo_generic_rpc_split	generic gRPC unary response	stage="selector" request_id=3cc90919-103e-4f51-9564-d37d89060700 elapsed_us=700
2026-09-26T21:57:15.967379Z	debug	dynamo_generic_rpc_split	generic gRPC response headers	stage="prefill" request_id=2c06e032-926a-4b23-a377-bf77f7222d00 headers_us=2190
2026-09-26T21:57:15.968698Z	debug	dynamo_generic_rpc_split	generic gRPC unary response	stage="selector" request_id=2c06e032-926a-4b23-a377-bf77f7222d00 elapsed_us=1243
2026-09-26T21:57:15.981177Z	debug	dynamo_generic_rpc_split	generic gRPC response headers	stage="prefill" request_id=ba532e66-22c5-41b6-8b57-d2fb14dc6900 headers_us=2112
2026-09-26T21:57:15.982920Z	debug	dynamo_generic_rpc_split	generic gRPC unary response	stage="selector" request_id=ba532e66-22c5-41b6-8b57-d2fb14dc6900 elapsed_us=1612
2026-09-26T21:57:16.023470Z	debug	dynamo_generic_rpc_split	generic gRPC response headers	stage="prefill" request_id=2b1d8aaa-84c9-448e-b419-82316c100600 headers_us=2305
2026-09-26T21:57:16.027091Z	debug	dynamo_generic_rpc_split	generic gRPC unary response	stage="selector" request_id=2b1d8aaa-84c9-448e-b419-82316c100600 elapsed_us=3515
2026-09-26T21:57:16.045443Z	debug	dynamo_generic_rpc_split	generic gRPC response headers	stage="prefill" request_id=0cd7ee5a-177b-43fe-ba4d-2a5c44df6000 headers_us=5446
2026-09-26T21:57:16.048012Z	debug	dynamo_generic_rpc_split	generic gRPC unary response	stage="selector" request_id=0cd7ee5a-177b-43fe-ba4d-2a5c44df6000 elapsed_us=2054
2026-09-26T21:57:16.067899Z	debug	dynamo_generic_rpc_split	generic gRPC response headers	stage="prefill" request_id=5652c0e1-da7f-427a-84a1-7bd0bbe68d00 headers_us=1926
2026-09-26T21:57:16.069647Z	debug	dynamo_generic_rpc_split	generic gRPC unary response	stage="selector" request_id=5652c0e1-da7f-427a-84a1-7bd0bbe68d00 elapsed_us=1658
2026-09-26T21:57:16.083253Z	debug	dynamo_generic_rpc_split	generic gRPC response headers	stage="prefill" request_id=c7a8aafc-b738-4e48-b3e5-e009bc637a00 headers_us=2104
2026-09-26T21:57:16.085291Z	debug	dynamo_generic_rpc_split	generic gRPC unary response	stage="selector" request_id=c7a8aafc-b738-4e48-b3e5-e009bc637a00 elapsed_us=1707
2026-09-26T21:57:16.108380Z	debug	dynamo_generic_rpc_split	generic gRPC response headers	stage="prefill" request_id=339b1303-492b-428f-a52c-1b57aa2fcf00 headers_us=863
2026-09-26T21:57:16.109840Z	debug	dynamo_generic_rpc_split	generic gRPC unary response	stage="selector" request_id=339b1303-492b-428f-a52c-1b57aa2fcf00 elapsed_us=1362
2026-09-26T21:57:16.124065Z	debug	dynamo_generic_rpc_split	generic gRPC response headers	stage="prefill" request_id=f803abe1-0c46-41a1-ad36-9baa5248de00 headers_us=1428
2026-09-26T21:57:16.124749Z	debug	dynamo_generic_rpc_split	generic gRPC unary response	stage="selector" request_id=f803abe1-0c46-41a1-ad36-9baa5248de00 elapsed_us=622
2026-09-26T21:57:16.147522Z	debug	dynamo_generic_rpc_split	generic gRPC response headers	stage="prefill" request_id=e898acad-5e2e-476f-8c59-ab9193d25200 headers_us=2052
2026-09-26T21:57:16.149171Z	debug	dynamo_generic_rpc_split	generic gRPC unary response	stage="selector" request_id=e898acad-5e2e-476f-8c59-ab9193d25200 elapsed_us=1539
2026-09-26T21:57:16.163568Z	debug	dynamo_generic_rpc_split	generic gRPC response headers	stage="prefill" request_id=e64e35ac-bee8-4572-9505-6ed5134a6200 headers_us=1545
2026-09-26T21:57:16.165138Z	debug	dynamo_generic_rpc_split	generic gRPC unary response	stage="selector" request_id=e64e35ac-bee8-4572-9505-6ed5134a6200 elapsed_us=1489
2026-09-26T21:57:16.324358Z	debug	dynamo_generic_rpc_split	generic gRPC response headers	stage="prefill" request_id=a71503bb-baea-435a-bd15-2b6f648b2c00 headers_us=1603
2026-09-26T21:57:16.325674Z	debug	dynamo_generic_rpc_split	generic gRPC unary response	stage="selector" request_id=a71503bb-baea-435a-bd15-2b6f648b2c00 elapsed_us=1223
2026-09-26T21:57:16.361930Z	debug	dynamo_generic_rpc_split	generic gRPC response headers	stage="prefill" request_id=dc986e05-bc0a-41b6-8911-09f10bd2a700 headers_us=1212
2026-09-26T21:57:16.363092Z	debug	dynamo_generic_rpc_split	generic gRPC unary response	stage="selector" request_id=dc986e05-bc0a-41b6-8911-09f10bd2a700 elapsed_us=1082
2026-09-26T21:57:16.384022Z	debug	dynamo_generic_rpc_split	generic gRPC response headers	stage="prefill" request_id=0062ab9e-ef11-4d06-9094-6c7a9c011000 headers_us=927
2026-09-26T21:57:16.384905Z	debug	dynamo_generic_rpc_split	generic gRPC unary response	stage="selector" request_id=0062ab9e-ef11-4d06-9094-6c7a9c011000 elapsed_us=799
2026-09-26T21:57:16.494449Z	debug	dynamo_generic_rpc_split	generic gRPC response headers	stage="prefill" request_id=60852486-0d7e-4756-a3cb-e24153884600 headers_us=1645
2026-09-26T21:57:16.495301Z	debug	dynamo_generic_rpc_split	generic gRPC unary response	stage="selector" request_id=60852486-0d7e-4756-a3cb-e24153884600 elapsed_us=711
2026-09-26T21:57:16.569196Z	debug	dynamo_generic_rpc_split	generic gRPC response headers	stage="prefill" request_id=e0aad648-8cb0-44f5-ae0f-8b6052311000 headers_us=733
2026-09-26T21:57:16.569879Z	debug	dynamo_generic_rpc_split	generic gRPC unary response	stage="selector" request_id=e0aad648-8cb0-44f5-ae0f-8b6052311000 elapsed_us=585
2026-09-26T21:57:16.598467Z	debug	dynamo_generic_rpc_split	generic gRPC response headers	stage="prefill" request_id=83083f4e-c1f1-4059-a575-7d4d62b45700 headers_us=1296
2026-09-26T21:57:16.600053Z	debug	dynamo_generic_rpc_split	generic gRPC unary response	stage="selector" request_id=83083f4e-c1f1-4059-a575-7d4d62b45700 elapsed_us=1523
2026-09-26T21:57:16.612024Z	debug	dynamo_generic_rpc_split	generic gRPC response headers	stage="prefill" request_id=ccc34836-5a94-4fcd-af65-d2cb16dfeb00 headers_us=1135
2026-09-26T21:57:16.613546Z	debug	dynamo_generic_rpc_split	generic gRPC unary response	stage="selector" request_id=ccc34836-5a94-4fcd-af65-d2cb16dfeb00 elapsed_us=1453
2026-09-26T21:57:16.655315Z	debug	dynamo_generic_rpc_split	generic gRPC response headers	stage="prefill" request_id=fc38b263-856c-4400-b832-89c54217c200 headers_us=2303
2026-09-26T21:57:16.655967Z	debug	dynamo_generic_rpc_split	generic gRPC unary response	stage="selector" request_id=fc38b263-856c-4400-b832-89c54217c200 elapsed_us=555
2026-09-26T21:57:16.693474Z	debug	dynamo_generic_rpc_split	generic gRPC response headers	stage="prefill" request_id=fb68e5cc-261c-4484-8747-bfcccd9c9f00 headers_us=766
2026-09-26T21:57:16.694414Z	debug	dynamo_generic_rpc_split	generic gRPC unary response	stage="selector" request_id=fb68e5cc-261c-4484-8747-bfcccd9c9f00 elapsed_us=813
2026-09-26T21:57:16.732417Z	debug	dynamo_generic_rpc_split	generic gRPC response headers	stage="prefill" request_id=cc378392-c5d3-4514-95c2-5f23a3eb0800 headers_us=3580
2026-09-26T21:57:16.733891Z	debug	dynamo_generic_rpc_split	generic gRPC unary response	stage="selector" request_id=cc378392-c5d3-4514-95c2-5f23a3eb0800 elapsed_us=1378
2026-09-26T21:57:16.755232Z	debug	dynamo_generic_rpc_split	generic gRPC response headers	stage="prefill" request_id=921419e5-f111-49dc-8f92-447579631000 headers_us=1046
2026-09-26T21:57:16.756044Z	debug	dynamo_generic_rpc_split	generic gRPC unary response	stage="selector" request_id=921419e5-f111-49dc-8f92-447579631000 elapsed_us=568
2026-09-26T21:57:16.762487Z	debug	dynamo_generic_rpc_split	generic gRPC response headers	stage="prefill" request_id=b17e0af6-8ad0-45d0-a4fa-5dc866305b00 headers_us=1857
2026-09-26T21:57:16.763812Z	debug	dynamo_generic_rpc_split	generic gRPC unary response	stage="selector" request_id=b17e0af6-8ad0-45d0-a4fa-5dc866305b00 elapsed_us=1223
2026-09-26T21:57:16.780975Z	debug	dynamo_generic_rpc_split	generic gRPC response headers	stage="prefill" request_id=65933d70-73f8-4706-b5f0-316d729b6b00 headers_us=709
2026-09-26T21:57:16.782049Z	debug	dynamo_generic_rpc_split	generic gRPC unary response	stage="selector" request_id=65933d70-73f8-4706-b5f0-316d729b6b00 elapsed_us=1009
2026-09-26T21:57:16.782671Z	debug	dynamo_generic_rpc_split	generic gRPC response headers	stage="prefill" request_id=8b53793c-e852-4cee-80ce-409a62d52700 headers_us=2266
2026-09-26T21:57:16.784082Z	debug	dynamo_generic_rpc_split	generic gRPC unary response	stage="selector" request_id=8b53793c-e852-4cee-80ce-409a62d52700 elapsed_us=1347
2026-09-26T21:57:16.817519Z	debug	dynamo_generic_rpc_split	generic gRPC response headers	stage="prefill" request_id=bd17863f-0174-48bb-b000-3b85873f3e00 headers_us=1379
2026-09-26T21:57:16.818699Z	debug	dynamo_generic_rpc_split	generic gRPC unary response	stage="selector" request_id=bd17863f-0174-48bb-b000-3b85873f3e00 elapsed_us=1084
2026-09-26T21:57:16.823991Z	debug	dynamo_generic_rpc_split	generic gRPC response headers	stage="prefill" request_id=1de37331-1ddc-4cd8-940b-e7dbdd2a6200 headers_us=1272
2026-09-26T21:57:16.824452Z	debug	dynamo_generic_rpc_split	generic gRPC response headers	stage="prefill" request_id=d098386b-c651-4d9c-8559-acee67ba2900 headers_us=1377
2026-09-26T21:57:16.824705Z	debug	dynamo_generic_rpc_split	generic gRPC unary response	stage="selector" request_id=1de37331-1ddc-4cd8-940b-e7dbdd2a6200 elapsed_us=638
2026-09-26T21:57:16.825386Z	debug	dynamo_generic_rpc_split	generic gRPC unary response	stage="selector" request_id=d098386b-c651-4d9c-8559-acee67ba2900 elapsed_us=877
2026-09-26T21:57:16.838468Z	debug	dynamo_generic_rpc_split	generic gRPC response headers	stage="prefill" request_id=b2149169-45e5-4e1a-967d-e6b8029c3700 headers_us=1058
2026-09-26T21:57:16.839186Z	debug	dynamo_generic_rpc_split	generic gRPC unary response	stage="selector" request_id=b2149169-45e5-4e1a-967d-e6b8029c3700 elapsed_us=640
2026-09-26T21:57:16.879267Z	debug	dynamo_generic_rpc_split	generic gRPC response headers	stage="prefill" request_id=56d2b3a7-0268-4f35-add0-fcc460fc1700 headers_us=971
2026-09-26T21:57:16.879991Z	debug	dynamo_generic_rpc_split	generic gRPC unary response	stage="selector" request_id=56d2b3a7-0268-4f35-add0-fcc460fc1700 elapsed_us=641
2026-09-26T21:57:16.884371Z	debug	dynamo_generic_rpc_split	generic gRPC response headers	stage="prefill" request_id=9e28b195-62ac-4c45-96c0-f7b932da7800 headers_us=2884
2026-09-26T21:57:16.885524Z	debug	dynamo_generic_rpc_split	generic gRPC unary response	stage="selector" request_id=9e28b195-62ac-4c45-96c0-f7b932da7800 elapsed_us=1058
2026-09-26T21:57:16.966972Z	debug	dynamo_generic_rpc_split	generic gRPC response headers	stage="prefill" request_id=9cf5a1eb-6d40-4aaf-a04a-137f3c594200 headers_us=1328
2026-09-26T21:57:16.967914Z	debug	dynamo_generic_rpc_split	generic gRPC unary response	stage="selector" request_id=9cf5a1eb-6d40-4aaf-a04a-137f3c594200 elapsed_us=879
2026-09-26T21:57:16.993079Z	debug	dynamo_generic_rpc_split	generic gRPC response headers	stage="prefill" request_id=cc01861a-71be-49fa-b14d-8f1b32535d00 headers_us=969
2026-09-26T21:57:16.994155Z	debug	dynamo_generic_rpc_split	generic gRPC unary response	stage="selector" request_id=cc01861a-71be-49fa-b14d-8f1b32535d00 elapsed_us=945
2026-09-26T21:57:17.002652Z	debug	dynamo_generic_rpc_split	generic gRPC response headers	stage="prefill" request_id=66fdf656-fcae-4625-8597-4415ea8c4800 headers_us=1786
2026-09-26T21:57:17.005917Z	debug	dynamo_generic_rpc_split	generic gRPC unary response	stage="selector" request_id=66fdf656-fcae-4625-8597-4415ea8c4800 elapsed_us=3140
2026-09-26T21:57:17.011479Z	debug	dynamo_generic_rpc_split	generic gRPC response headers	stage="prefill" request_id=8490505a-6705-430c-96fb-0539d12c7100 headers_us=4348
2026-09-26T21:57:17.014854Z	debug	dynamo_generic_rpc_split	generic gRPC unary response	stage="selector" request_id=8490505a-6705-430c-96fb-0539d12c7100 elapsed_us=3284
2026-09-26T21:57:17.070242Z	debug	dynamo_generic_rpc_split	generic gRPC response headers	stage="prefill" request_id=7e9aaf13-b65f-42df-b2c5-d9b96e364c00 headers_us=4948
2026-09-26T21:57:17.071799Z	debug	dynamo_generic_rpc_split	generic gRPC unary response	stage="selector" request_id=7e9aaf13-b65f-42df-b2c5-d9b96e364c00 elapsed_us=1489
2026-09-26T21:57:17.087801Z	debug	dynamo_generic_rpc_split	generic gRPC response headers	stage="prefill" request_id=03803bf5-fe58-4c74-8ae6-94b6fa273500 headers_us=1787
2026-09-26T21:57:17.089784Z	debug	dynamo_generic_rpc_split	generic gRPC unary response	stage="selector" request_id=03803bf5-fe58-4c74-8ae6-94b6fa273500 elapsed_us=1882
2026-09-26T21:57:17.112665Z	debug	dynamo_generic_rpc_split	generic gRPC response headers	stage="prefill" request_id=3a771381-3d89-46cc-942b-638b2db7e000 headers_us=1467
2026-09-26T21:57:17.113749Z	debug	dynamo_generic_rpc_split	generic gRPC unary response	stage="selector" request_id=3a771381-3d89-46cc-942b-638b2db7e000 elapsed_us=1030
2026-09-26T21:57:17.154291Z	debug	dynamo_generic_rpc_split	generic gRPC response headers	stage="prefill" request_id=b646e89f-c342-470c-997c-5116aa68ae00 headers_us=2917
2026-09-26T21:57:17.157911Z	debug	dynamo_generic_rpc_split	generic gRPC unary response	stage="selector" request_id=b646e89f-c342-470c-997c-5116aa68ae00 elapsed_us=2872
2026-09-26T21:57:17.177912Z	debug	dynamo_generic_rpc_split	generic gRPC response headers	stage="prefill" request_id=4866325b-74ce-4c57-8702-21e401db6800 headers_us=1478
2026-09-26T21:57:17.178980Z	debug	dynamo_generic_rpc_split	generic gRPC unary response	stage="selector" request_id=4866325b-74ce-4c57-8702-21e401db6800 elapsed_us=856
2026-09-26T21:57:17.271258Z	debug	dynamo_generic_rpc_split	generic gRPC response headers	stage="prefill" request_id=2818984a-5e92-4d0c-ae2d-d3b8447d9b00 headers_us=1446
2026-09-26T21:57:17.272330Z	debug	dynamo_generic_rpc_split	generic gRPC unary response	stage="selector" request_id=2818984a-5e92-4d0c-ae2d-d3b8447d9b00 elapsed_us=877
2026-09-26T21:57:17.279071Z	debug	dynamo_generic_rpc_split	generic gRPC response headers	stage="prefill" request_id=74349ca8-dd58-414a-a078-29b967583b00 headers_us=1485
2026-09-26T21:57:17.281195Z	debug	dynamo_generic_rpc_split	generic gRPC unary response	stage="selector" request_id=74349ca8-dd58-414a-a078-29b967583b00 elapsed_us=1586
2026-09-26T21:57:17.283254Z	debug	dynamo_generic_rpc_split	generic gRPC response headers	stage="prefill" request_id=d2a295ae-8cff-4b7e-a386-6de939ad6000 headers_us=3266
2026-09-26T21:57:17.288337Z	debug	dynamo_generic_rpc_split	generic gRPC unary response	stage="selector" request_id=d2a295ae-8cff-4b7e-a386-6de939ad6000 elapsed_us=4973
2026-09-26T21:57:17.306011Z	debug	dynamo_generic_rpc_split	generic gRPC response headers	stage="prefill" request_id=52110274-5b56-470a-8cbe-a1985a784a00 headers_us=1518
2026-09-26T21:57:17.307346Z	debug	dynamo_generic_rpc_split	generic gRPC unary response	stage="selector" request_id=52110274-5b56-470a-8cbe-a1985a784a00 elapsed_us=1215
2026-09-26T21:57:17.322390Z	debug	dynamo_generic_rpc_split	generic gRPC response headers	stage="prefill" request_id=5395e827-664e-4dd6-8285-eda9d7dc6100 headers_us=1514
2026-09-26T21:57:17.325101Z	debug	dynamo_generic_rpc_split	generic gRPC unary response	stage="selector" request_id=5395e827-664e-4dd6-8285-eda9d7dc6100 elapsed_us=2475
2026-09-26T21:57:17.344273Z	debug	dynamo_generic_rpc_split	generic gRPC response headers	stage="prefill" request_id=f48dc947-5372-4f8d-b908-44f0aeb52600 headers_us=3089
2026-09-26T21:57:17.344727Z	debug	dynamo_generic_rpc_split	generic gRPC response headers	stage="prefill" request_id=5f49493f-0862-4879-8e17-a555d6f0dd00 headers_us=2171
2026-09-26T21:57:17.346872Z	debug	dynamo_generic_rpc_split	generic gRPC unary response	stage="selector" request_id=5f49493f-0862-4879-8e17-a555d6f0dd00 elapsed_us=1827
2026-09-26T21:57:17.347355Z	debug	dynamo_generic_rpc_split	generic gRPC unary response	stage="selector" request_id=f48dc947-5372-4f8d-b908-44f0aeb52600 elapsed_us=2939
2026-09-26T21:57:17.448300Z	debug	dynamo_generic_rpc_split	generic gRPC response headers	stage="prefill" request_id=3adb9fa9-9072-47e6-b9c0-dba9edea9d00 headers_us=2584
2026-09-26T21:57:17.450895Z	debug	dynamo_generic_rpc_split	generic gRPC unary response	stage="selector" request_id=3adb9fa9-9072-47e6-b9c0-dba9edea9d00 elapsed_us=2382
2026-09-26T21:57:17.463140Z	debug	dynamo_generic_rpc_split	generic gRPC response headers	stage="prefill" request_id=c405789d-77c2-46bc-b3fb-0270ab6dd900 headers_us=3256
2026-09-26T21:57:17.465648Z	debug	dynamo_generic_rpc_split	generic gRPC unary response	stage="selector" request_id=c405789d-77c2-46bc-b3fb-0270ab6dd900 elapsed_us=1839
2026-09-26T21:57:17.469685Z	debug	dynamo_generic_rpc_split	generic gRPC response headers	stage="prefill" request_id=d86fe79a-c994-45d2-98db-5758c98a9700 headers_us=2414
2026-09-26T21:57:17.470908Z	debug	dynamo_generic_rpc_split	generic gRPC unary response	stage="selector" request_id=d86fe79a-c994-45d2-98db-5758c98a9700 elapsed_us=1145
2026-09-26T21:57:17.480166Z	debug	dynamo_generic_rpc_split	generic gRPC response headers	stage="prefill" request_id=aae16214-fe05-47de-b2e5-2a129ade2400 headers_us=1531
2026-09-26T21:57:17.480984Z	debug	dynamo_generic_rpc_split	generic gRPC unary response	stage="selector" request_id=aae16214-fe05-47de-b2e5-2a129ade2400 elapsed_us=737
2026-09-26T21:57:17.505882Z	debug	dynamo_generic_rpc_split	generic gRPC response headers	stage="prefill" request_id=cf39b1aa-5901-42fd-ba70-548f1c933d00 headers_us=2286
2026-09-26T21:57:17.507793Z	debug	dynamo_generic_rpc_split	generic gRPC unary response	stage="selector" request_id=cf39b1aa-5901-42fd-ba70-548f1c933d00 elapsed_us=1823
2026-09-26T21:57:17.542893Z	debug	dynamo_generic_rpc_split	generic gRPC response headers	stage="prefill" request_id=0cd8c7f9-700e-404c-86ef-626be1d3ce00 headers_us=1673
2026-09-26T21:57:17.544203Z	debug	dynamo_generic_rpc_split	generic gRPC unary response	stage="selector" request_id=0cd8c7f9-700e-404c-86ef-626be1d3ce00 elapsed_us=1153
2026-09-26T21:57:17.569131Z	debug	dynamo_generic_rpc_split	generic gRPC response headers	stage="prefill" request_id=949fb9e1-4c20-4f7a-ba72-67a295e5e000 headers_us=1698
2026-09-26T21:57:17.571310Z	debug	dynamo_generic_rpc_split	generic gRPC unary response	stage="selector" request_id=949fb9e1-4c20-4f7a-ba72-67a295e5e000 elapsed_us=2059
2026-09-26T21:57:17.579156Z	debug	dynamo_generic_rpc_split	generic gRPC response headers	stage="prefill" request_id=78e6c407-8b39-48e4-89bc-2f895d62d300 headers_us=1486
2026-09-26T21:57:17.579873Z	debug	dynamo_generic_rpc_split	generic gRPC unary response	stage="selector" request_id=78e6c407-8b39-48e4-89bc-2f895d62d300 elapsed_us=634
2026-09-26T21:57:17.655809Z	debug	dynamo_generic_rpc_split	generic gRPC response headers	stage="prefill" request_id=32ee6183-d452-48d2-85e3-3c7434247e00 headers_us=1122
2026-09-26T21:57:17.657286Z	debug	dynamo_generic_rpc_split	generic gRPC unary response	stage="selector" request_id=32ee6183-d452-48d2-85e3-3c7434247e00 elapsed_us=1069
2026-09-26T21:57:17.674290Z	debug	dynamo_generic_rpc_split	generic gRPC response headers	stage="prefill" request_id=eecb7c72-0c12-4e8a-afb6-ee30dce92900 headers_us=988
2026-09-26T21:57:17.676109Z	debug	dynamo_generic_rpc_split	generic gRPC unary response	stage="selector" request_id=eecb7c72-0c12-4e8a-afb6-ee30dce92900 elapsed_us=1764
2026-09-26T21:57:17.744914Z	debug	dynamo_generic_rpc_split	generic gRPC response headers	stage="prefill" request_id=0362e4f6-848c-4eeb-83e9-7397993cc000 headers_us=861
2026-09-26T21:57:17.745800Z	debug	dynamo_generic_rpc_split	generic gRPC unary response	stage="selector" request_id=0362e4f6-848c-4eeb-83e9-7397993cc000 elapsed_us=797
2026-09-26T21:57:17.787955Z	debug	dynamo_generic_rpc_split	generic gRPC response headers	stage="prefill" request_id=389b79e0-1afc-4322-aeb8-f90db2ca2200 headers_us=744
2026-09-26T21:57:17.789372Z	debug	dynamo_generic_rpc_split	generic gRPC unary response	stage="selector" request_id=389b79e0-1afc-4322-aeb8-f90db2ca2200 elapsed_us=1306
2026-09-26T21:57:17.815536Z	debug	dynamo_generic_rpc_split	generic gRPC response headers	stage="prefill" request_id=0955fcaa-a467-423a-b56d-e33bc7ca5f00 headers_us=2942
2026-09-26T21:57:17.819004Z	debug	dynamo_generic_rpc_split	generic gRPC unary response	stage="selector" request_id=0955fcaa-a467-423a-b56d-e33bc7ca5f00 elapsed_us=3389
2026-09-26T21:57:17.845036Z	debug	dynamo_generic_rpc_split	generic gRPC response headers	stage="prefill" request_id=f7caebfd-1264-4db4-8895-3ef52c3d6c00 headers_us=2378
2026-09-26T21:57:17.848361Z	debug	dynamo_generic_rpc_split	generic gRPC unary response	stage="selector" request_id=f7caebfd-1264-4db4-8895-3ef52c3d6c00 elapsed_us=3239
2026-09-26T21:57:17.880184Z	debug	dynamo_generic_rpc_split	generic gRPC response headers	stage="prefill" request_id=2423e993-336d-4ebb-8874-78f6ab565700 headers_us=3621
2026-09-26T21:57:17.882133Z	debug	dynamo_generic_rpc_split	generic gRPC response headers	stage="prefill" request_id=2da980b1-f4df-41e7-9202-36ea685a0c00 headers_us=3346
2026-09-26T21:57:17.884647Z	debug	dynamo_generic_rpc_split	generic gRPC unary response	stage="selector" request_id=2423e993-336d-4ebb-8874-78f6ab565700 elapsed_us=3268
2026-09-26T21:57:17.884665Z	debug	dynamo_generic_rpc_split	generic gRPC unary response	stage="selector" request_id=2da980b1-f4df-41e7-9202-36ea685a0c00 elapsed_us=2454
2026-09-26T21:57:17.892968Z	debug	dynamo_generic_rpc_split	generic gRPC response headers	stage="prefill" request_id=3c23a2e2-7791-486e-affd-7be053038300 headers_us=2756
2026-09-26T21:57:17.895122Z	debug	dynamo_generic_rpc_split	generic gRPC unary response	stage="selector" request_id=3c23a2e2-7791-486e-affd-7be053038300 elapsed_us=2088
2026-09-26T21:57:17.911986Z	debug	dynamo_generic_rpc_split	generic gRPC response headers	stage="prefill" request_id=d907b5be-a62c-44c4-a52a-df1d66ca0300 headers_us=1699
2026-09-26T21:57:17.913302Z	debug	dynamo_generic_rpc_split	generic gRPC unary response	stage="selector" request_id=d907b5be-a62c-44c4-a52a-df1d66ca0300 elapsed_us=1238
2026-09-26T21:57:17.935385Z	debug	dynamo_generic_rpc_split	generic gRPC response headers	stage="prefill" request_id=025ff980-9a6a-4346-885a-5d0dcf90cf00 headers_us=1177
2026-09-26T21:57:17.936727Z	debug	dynamo_generic_rpc_split	generic gRPC unary response	stage="selector" request_id=025ff980-9a6a-4346-885a-5d0dcf90cf00 elapsed_us=1251
2026-09-26T21:57:18.009624Z	debug	dynamo_generic_rpc_split	generic gRPC response headers	stage="prefill" request_id=40088faf-b464-4fd2-ad3f-e1f7966ce500 headers_us=571
2026-09-26T21:57:18.010566Z	debug	dynamo_generic_rpc_split	generic gRPC unary response	stage="selector" request_id=40088faf-b464-4fd2-ad3f-e1f7966ce500 elapsed_us=746
2026-09-26T21:57:18.030381Z	debug	dynamo_generic_rpc_split	generic gRPC response headers	stage="prefill" request_id=97cdbbb0-9635-4677-9adf-d0b29b13e100 headers_us=771
2026-09-26T21:57:18.031411Z	debug	dynamo_generic_rpc_split	generic gRPC unary response	stage="selector" request_id=97cdbbb0-9635-4677-9adf-d0b29b13e100 elapsed_us=900
2026-09-26T21:57:18.096823Z	debug	dynamo_generic_rpc_split	generic gRPC response headers	stage="prefill" request_id=926a1b4d-b4a7-45a5-a92f-2c9d44957400 headers_us=903
2026-09-26T21:57:18.098833Z	debug	dynamo_generic_rpc_split	generic gRPC unary response	stage="selector" request_id=926a1b4d-b4a7-45a5-a92f-2c9d44957400 elapsed_us=1780
2026-09-26T21:57:18.126318Z	debug	dynamo_generic_rpc_split	generic gRPC response headers	stage="prefill" request_id=016f1d27-9e3c-42e2-8dd9-871a17045800 headers_us=1212
2026-09-26T21:57:18.127359Z	debug	dynamo_generic_rpc_split	generic gRPC unary response	stage="selector" request_id=016f1d27-9e3c-42e2-8dd9-871a17045800 elapsed_us=912
2026-09-26T21:57:18.128970Z	debug	dynamo_generic_rpc_split	generic gRPC response headers	stage="prefill" request_id=e0e9fe3d-4d44-4b85-b2bd-6e14a7698200 headers_us=918
2026-09-26T21:57:18.129854Z	debug	dynamo_generic_rpc_split	generic gRPC unary response	stage="selector" request_id=e0e9fe3d-4d44-4b85-b2bd-6e14a7698200 elapsed_us=805
2026-09-26T21:57:18.187482Z	debug	dynamo_generic_rpc_split	generic gRPC response headers	stage="prefill" request_id=1ffcd0f2-c32f-48d6-bfc1-eb9ca99a9700 headers_us=918
2026-09-26T21:57:18.189232Z	debug	dynamo_generic_rpc_split	generic gRPC unary response	stage="selector" request_id=1ffcd0f2-c32f-48d6-bfc1-eb9ca99a9700 elapsed_us=1606
2026-09-26T21:57:18.296517Z	debug	dynamo_generic_rpc_split	generic gRPC response headers	stage="prefill" request_id=fac0338a-58e3-49e4-8087-0b67a3b1db00 headers_us=901
2026-09-26T21:57:18.296945Z	debug	dynamo_generic_rpc_split	generic gRPC response headers	stage="prefill" request_id=7515b045-36de-4a65-a06f-6d661f65e200 headers_us=869
2026-09-26T21:57:18.297417Z	debug	dynamo_generic_rpc_split	generic gRPC unary response	stage="selector" request_id=fac0338a-58e3-49e4-8087-0b67a3b1db00 elapsed_us=839
2026-09-26T21:57:18.298547Z	debug	dynamo_generic_rpc_split	generic gRPC unary response	stage="selector" request_id=7515b045-36de-4a65-a06f-6d661f65e200 elapsed_us=1504
2026-09-26T21:57:18.322226Z	debug	dynamo_generic_rpc_split	generic gRPC response headers	stage="prefill" request_id=654aa9c6-8730-4f73-a1a8-6c8bf0f14200 headers_us=1751
2026-09-26T21:57:18.324069Z	debug	dynamo_generic_rpc_split	generic gRPC unary response	stage="selector" request_id=654aa9c6-8730-4f73-a1a8-6c8bf0f14200 elapsed_us=1774
2026-09-26T21:57:18.330724Z	debug	dynamo_generic_rpc_split	generic gRPC response headers	stage="prefill" request_id=f3f14748-f3d7-429e-9229-036d92ed6900 headers_us=1465
2026-09-26T21:57:18.331786Z	debug	dynamo_generic_rpc_split	generic gRPC unary response	stage="selector" request_id=f3f14748-f3d7-429e-9229-036d92ed6900 elapsed_us=857
2026-09-26T21:57:18.339037Z	debug	dynamo_generic_rpc_split	generic gRPC response headers	stage="prefill" request_id=67667d05-48c6-4f08-8bda-a7d783bfc200 headers_us=605
2026-09-26T21:57:18.339910Z	debug	dynamo_generic_rpc_split	generic gRPC unary response	stage="selector" request_id=67667d05-48c6-4f08-8bda-a7d783bfc200 elapsed_us=465
