2026-09-26T21:19:20.827084Z	debug	dynamo_static_rpc_split	static prefill RPC split	connection.id=226 request.id=110 request_id=b218c58b-ec14-4a6c-9759-1e52528f2700 headers_us=2214 stream_us=3
2026-09-26T21:19:20.834627Z	debug	dynamo_static_selector_rpc	static selector RPC	connection.id=226 request.id=110 request_id=b218c58b-ec14-4a6c-9759-1e52528f2700 elapsed_us=3100
static_stage_us prepare=9533 prefill=6664 select=3124 decode=846 total=20167
2026-09-26T21:19:20.909611Z	debug	dynamo_static_rpc_split	static prefill RPC split	connection.id=193 request.id=494 request_id=45c34de8-74cb-439f-a87c-b0dc3d871b00 headers_us=3560 stream_us=2298
2026-09-26T21:19:20.914316Z	debug	dynamo_static_selector_rpc	static selector RPC	connection.id=193 request.id=494 request_id=45c34de8-74cb-439f-a87c-b0dc3d871b00 elapsed_us=4629
static_stage_us prepare=7919 prefill=5937 select=4647 decode=1016 total=19519
2026-09-26T21:19:20.993556Z	debug	dynamo_static_rpc_split	static prefill RPC split	connection.id=143 request.id=915 request_id=64381ac7-cdf2-4f15-8351-443a0ee84d00 headers_us=5704 stream_us=8
2026-09-26T21:19:21.000505Z	debug	dynamo_static_selector_rpc	static selector RPC	connection.id=143 request.id=915 request_id=64381ac7-cdf2-4f15-8351-443a0ee84d00 elapsed_us=6930
static_stage_us prepare=7424 prefill=5730 select=6946 decode=755 total=20855
2026-09-26T21:19:21.015829Z	debug	dynamo_static_rpc_split	static prefill RPC split	connection.id=252 request.id=1025 request_id=ef162b4c-654b-46ed-9bcf-3d4fd3bf9800 headers_us=4628 stream_us=3
2026-09-26T21:19:21.018861Z	debug	dynamo_static_selector_rpc	static selector RPC	connection.id=252 request.id=1025 request_id=ef162b4c-654b-46ed-9bcf-3d4fd3bf9800 elapsed_us=3020
static_stage_us prepare=6721 prefill=4645 select=3032 decode=703 total=15101
2026-09-26T21:19:21.021378Z	debug	dynamo_static_rpc_split	static prefill RPC split	connection.id=261 request.id=1057 request_id=7514de67-cbb1-4a1e-a2a6-dc37f0479600 headers_us=4573 stream_us=4
2026-09-26T21:19:21.025332Z	debug	dynamo_static_selector_rpc	static selector RPC	connection.id=261 request.id=1057 request_id=7514de67-cbb1-4a1e-a2a6-dc37f0479600 elapsed_us=3943
static_stage_us prepare=8560 prefill=4589 select=3955 decode=1269 total=18373
2026-09-26T21:19:21.080953Z	debug	dynamo_static_rpc_split	static prefill RPC split	connection.id=197 request.id=1327 request_id=1b6f89e2-9fa7-4d2c-9149-11046a2fc300 headers_us=886 stream_us=5
2026-09-26T21:19:21.082465Z	debug	dynamo_static_selector_rpc	static selector RPC	connection.id=197 request.id=1327 request_id=1b6f89e2-9fa7-4d2c-9149-11046a2fc300 elapsed_us=1490
static_stage_us prepare=2085 prefill=912 select=1514 decode=1132 total=5643
2026-09-26T21:19:21.200088Z	debug	dynamo_static_rpc_split	static prefill RPC split	connection.id=175 request.id=1750 request_id=e2fb4125-a766-4f24-9dd7-6add10512100 headers_us=790 stream_us=8
2026-09-26T21:19:21.200569Z	debug	dynamo_static_selector_rpc	static selector RPC	connection.id=175 request.id=1750 request_id=e2fb4125-a766-4f24-9dd7-6add10512100 elapsed_us=455
static_stage_us prepare=1618 prefill=824 select=474 decode=689 total=3605
2026-09-26T21:19:21.207704Z	debug	dynamo_static_rpc_split	static prefill RPC split	connection.id=179 request.id=1761 request_id=58a46d4d-5138-4dbd-b1e0-40bcb3897b00 headers_us=1308 stream_us=10
2026-09-26T21:19:21.208487Z	debug	dynamo_static_selector_rpc	static selector RPC	connection.id=179 request.id=1761 request_id=58a46d4d-5138-4dbd-b1e0-40bcb3897b00 elapsed_us=760
static_stage_us prepare=3075 prefill=1342 select=772 decode=864 total=6053
2026-09-26T21:19:21.337572Z	debug	dynamo_static_rpc_split	static prefill RPC split	connection.id=143 request.id=2348 request_id=d0c347d3-cfaf-4d2c-a7ab-80727d56cf00 headers_us=2109 stream_us=12
2026-09-26T21:19:21.340840Z	debug	dynamo_static_selector_rpc	static selector RPC	connection.id=143 request.id=2348 request_id=d0c347d3-cfaf-4d2c-a7ab-80727d56cf00 elapsed_us=3248
static_stage_us prepare=2630 prefill=2143 select=3264 decode=1123 total=9160
2026-09-26T21:19:21.355183Z	debug	dynamo_static_rpc_split	static prefill RPC split	connection.id=256 request.id=2425 request_id=5e88c67e-80d3-43a2-bdbb-119575f8de00 headers_us=2310 stream_us=16
2026-09-26T21:19:21.358176Z	debug	dynamo_static_selector_rpc	static selector RPC	connection.id=256 request.id=2425 request_id=5e88c67e-80d3-43a2-bdbb-119575f8de00 elapsed_us=2978
static_stage_us prepare=4968 prefill=2342 select=2992 decode=847 total=11149
2026-09-26T21:19:21.366923Z	debug	dynamo_static_rpc_split	static prefill RPC split	connection.id=265 request.id=2500 request_id=2e5a63d4-0dd1-4f92-b84c-5169a01b0400 headers_us=4641 stream_us=9
2026-09-26T21:19:21.370036Z	debug	dynamo_static_selector_rpc	static selector RPC	connection.id=265 request.id=2500 request_id=2e5a63d4-0dd1-4f92-b84c-5169a01b0400 elapsed_us=3061
static_stage_us prepare=2254 prefill=4702 select=3077 decode=902 total=10935
2026-09-26T21:19:21.378544Z	debug	dynamo_static_rpc_split	static prefill RPC split	connection.id=257 request.id=2573 request_id=4b45d8c1-539f-4fdf-a8d9-9bcf217fcf00 headers_us=2185 stream_us=9
2026-09-26T21:19:21.381251Z	debug	dynamo_static_selector_rpc	static selector RPC	connection.id=257 request.id=2573 request_id=4b45d8c1-539f-4fdf-a8d9-9bcf217fcf00 elapsed_us=2694
static_stage_us prepare=4746 prefill=2208 select=2707 decode=939 total=10600
2026-09-26T21:19:21.408778Z	debug	dynamo_static_rpc_split	static prefill RPC split	connection.id=190 request.id=2700 request_id=7500322b-825b-46e0-8ff4-95f0139aae00 headers_us=4420 stream_us=4
2026-09-26T21:19:21.415851Z	debug	dynamo_static_selector_rpc	static selector RPC	connection.id=190 request.id=2700 request_id=7500322b-825b-46e0-8ff4-95f0139aae00 elapsed_us=7059
static_stage_us prepare=9029 prefill=4438 select=7073 decode=723 total=21263
2026-09-26T21:19:21.470989Z	debug	dynamo_static_rpc_split	static prefill RPC split	connection.id=258 request.id=3055 request_id=0abe447e-a21b-445c-80a3-7fbbf8952b00 headers_us=1090 stream_us=12
2026-09-26T21:19:21.472124Z	debug	dynamo_static_selector_rpc	static selector RPC	connection.id=258 request.id=3055 request_id=0abe447e-a21b-445c-80a3-7fbbf8952b00 elapsed_us=1117
static_stage_us prepare=4107 prefill=1124 select=1129 decode=633 total=6993
2026-09-26T21:19:21.556635Z	debug	dynamo_static_rpc_split	static prefill RPC split	connection.id=234 request.id=3516 request_id=f5c5fedc-c022-4d2c-8e07-37f21d191400 headers_us=1865 stream_us=31
2026-09-26T21:19:21.559063Z	debug	dynamo_static_selector_rpc	static selector RPC	connection.id=234 request.id=3516 request_id=f5c5fedc-c022-4d2c-8e07-37f21d191400 elapsed_us=2407
static_stage_us prepare=4513 prefill=1919 select=2437 decode=961 total=9830
2026-09-26T21:19:21.628671Z	debug	dynamo_static_rpc_split	static prefill RPC split	connection.id=167 request.id=3927 request_id=12d0f82f-81bf-455e-b2e4-8174b66ea500 headers_us=3578 stream_us=13
2026-09-26T21:19:21.632736Z	debug	dynamo_static_selector_rpc	static selector RPC	connection.id=167 request.id=3927 request_id=12d0f82f-81bf-455e-b2e4-8174b66ea500 elapsed_us=4044
static_stage_us prepare=5643 prefill=3613 select=4059 decode=1050 total=14365
2026-09-26T21:19:21.695340Z	debug	dynamo_static_rpc_split	static prefill RPC split	connection.id=185 request.id=4292 request_id=516d1276-2434-48fb-b06c-9108a5417600 headers_us=3183 stream_us=3
2026-09-26T21:19:21.699534Z	debug	dynamo_static_selector_rpc	static selector RPC	connection.id=185 request.id=4292 request_id=516d1276-2434-48fb-b06c-9108a5417600 elapsed_us=4146
static_stage_us prepare=7724 prefill=3234 select=4164 decode=1201 total=16323
2026-09-26T21:19:21.744974Z	debug	dynamo_static_rpc_split	static prefill RPC split	connection.id=212 request.id=4580 request_id=c92e3723-9a65-4e44-aefe-c8cd1418f800 headers_us=858 stream_us=8
2026-09-26T21:19:21.746416Z	debug	dynamo_static_selector_rpc	static selector RPC	connection.id=212 request.id=4580 request_id=c92e3723-9a65-4e44-aefe-c8cd1418f800 elapsed_us=1418
static_stage_us prepare=2906 prefill=893 select=1429 decode=793 total=6021
2026-09-26T21:19:21.910790Z	debug	dynamo_static_rpc_split	static prefill RPC split	connection.id=319 request.id=5511 request_id=03e5b98b-a2d1-4ee6-b329-7b6bece35f00 headers_us=11002 stream_us=6
2026-09-26T21:19:21.918337Z	debug	dynamo_static_selector_rpc	static selector RPC	connection.id=319 request.id=5511 request_id=03e5b98b-a2d1-4ee6-b329-7b6bece35f00 elapsed_us=7529
static_stage_us prepare=17396 prefill=11028 select=7550 decode=1962 total=37936
2026-09-26T21:19:21.941582Z	debug	dynamo_static_rpc_split	static prefill RPC split	connection.id=479 request.id=5726 request_id=b5be5f79-1e21-4051-8a8e-1d93f1c7c400 headers_us=6125 stream_us=10
2026-09-26T21:19:21.947781Z	debug	dynamo_static_selector_rpc	static selector RPC	connection.id=479 request.id=5726 request_id=b5be5f79-1e21-4051-8a8e-1d93f1c7c400 elapsed_us=6173
static_stage_us prepare=10839 prefill=6161 select=6185 decode=1528 total=24713
2026-09-26T21:19:21.980041Z	debug	dynamo_static_rpc_split	static prefill RPC split	connection.id=400 request.id=5903 request_id=52d7f3d6-28a3-49dd-9f67-bdbd487c6300 headers_us=11776 stream_us=5
2026-09-26T21:19:21.981376Z	debug	dynamo_static_rpc_split	static prefill RPC split	connection.id=454 request.id=5955 request_id=b1bd081b-f2bc-440c-9e70-2b8f7bfec300 headers_us=11778 stream_us=14
2026-09-26T21:19:21.991759Z	debug	dynamo_static_selector_rpc	static selector RPC	connection.id=400 request.id=5903 request_id=52d7f3d6-28a3-49dd-9f67-bdbd487c6300 elapsed_us=11699
static_stage_us prepare=14763 prefill=11800 select=11717 decode=979 total=39259
2026-09-26T21:19:21.997573Z	debug	dynamo_static_selector_rpc	static selector RPC	connection.id=454 request.id=5955 request_id=b1bd081b-f2bc-440c-9e70-2b8f7bfec300 elapsed_us=16180
static_stage_us prepare=8820 prefill=11807 select=16197 decode=891 total=37715
2026-09-26T21:19:22.212143Z	debug	dynamo_static_rpc_split	static prefill RPC split	connection.id=377 request.id=7277 request_id=4e288882-e279-4fe8-86d9-67417b1cd000 headers_us=6846 stream_us=6263
2026-09-26T21:19:22.228809Z	debug	dynamo_static_selector_rpc	static selector RPC	connection.id=377 request.id=7277 request_id=4e288882-e279-4fe8-86d9-67417b1cd000 elapsed_us=16565
static_stage_us prepare=11635 prefill=13211 select=16579 decode=721 total=42146
2026-09-26T21:19:22.475079Z	debug	dynamo_static_rpc_split	static prefill RPC split	connection.id=682 request.id=8632 request_id=f1eeadb0-05bb-4b02-bc1f-a47963228000 headers_us=42236 stream_us=11
2026-09-26T21:19:22.488797Z	debug	dynamo_static_rpc_split	static prefill RPC split	connection.id=804 request.id=8836 request_id=d0c500a6-6071-4699-98a7-211dbe7f9000 headers_us=27603 stream_us=32
2026-09-26T21:19:22.507586Z	debug	dynamo_static_selector_rpc	static selector RPC	connection.id=682 request.id=8632 request_id=f1eeadb0-05bb-4b02-bc1f-a47963228000 elapsed_us=32477
static_stage_us prepare=40842 prefill=42276 select=32495 decode=2612 total=118225
2026-09-26T21:19:22.516417Z	debug	dynamo_static_selector_rpc	static selector RPC	connection.id=804 request.id=8836 request_id=d0c500a6-6071-4699-98a7-211dbe7f9000 elapsed_us=27601
static_stage_us prepare=50799 prefill=27654 select=27623 decode=1378 total=107454
2026-09-26T21:19:22.547244Z	debug	dynamo_static_rpc_split	static prefill RPC split	connection.id=409 request.id=9085 request_id=29826287-1450-4acf-bf82-4df6ccbdb800 headers_us=25503 stream_us=74
2026-09-26T21:19:22.578852Z	debug	dynamo_static_selector_rpc	static selector RPC	connection.id=409 request.id=9085 request_id=29826287-1450-4acf-bf82-4df6ccbdb800 elapsed_us=31591
static_stage_us prepare=56613 prefill=25594 select=31605 decode=2914 total=116726
2026-09-26T21:19:22.703869Z	debug	dynamo_static_rpc_split	static prefill RPC split	connection.id=436 request.id=9933 request_id=a0480834-38a9-4e5f-8f1c-021357c5fb00 headers_us=28130 stream_us=10
2026-09-26T21:19:22.711269Z	debug	dynamo_static_rpc_split	static prefill RPC split	connection.id=405 request.id=9962 request_id=b2c6deb4-c046-4ab7-935b-a99967101d00 headers_us=28162 stream_us=13
2026-09-26T21:19:22.737034Z	debug	dynamo_static_selector_rpc	static selector RPC	connection.id=436 request.id=9933 request_id=a0480834-38a9-4e5f-8f1c-021357c5fb00 elapsed_us=33148
static_stage_us prepare=66928 prefill=28158 select=33164 decode=1463 total=129713
2026-09-26T21:19:22.743953Z	debug	dynamo_static_selector_rpc	static selector RPC	connection.id=405 request.id=9962 request_id=b2c6deb4-c046-4ab7-935b-a99967101d00 elapsed_us=32661
static_stage_us prepare=67474 prefill=28199 select=32678 decode=1011 total=129362
2026-09-26T21:19:22.753016Z	debug	dynamo_static_rpc_split	static prefill RPC split	connection.id=353 request.id=10216 request_id=3da9d84e-64a1-438a-b624-e1a41c389100 headers_us=28575 stream_us=11
2026-09-26T21:19:22.767718Z	debug	dynamo_static_rpc_split	static prefill RPC split	connection.id=163 request.id=10308 request_id=86ba9c4f-4e1e-4857-b4b1-dbbf982f4e00 headers_us=27797 stream_us=9
2026-09-26T21:19:22.776481Z	debug	dynamo_static_selector_rpc	static selector RPC	connection.id=353 request.id=10216 request_id=3da9d84e-64a1-438a-b624-e1a41c389100 elapsed_us=23447
2026-09-26T21:19:22.777335Z	debug	dynamo_static_rpc_split	static prefill RPC split	connection.id=825 request.id=10382 request_id=64e47b4d-536b-476b-948a-4c35c3387c00 headers_us=29117 stream_us=6
static_stage_us prepare=58073 prefill=28605 select=23461 decode=924 total=111063
2026-09-26T21:19:22.794122Z	debug	dynamo_static_selector_rpc	static selector RPC	connection.id=163 request.id=10308 request_id=86ba9c4f-4e1e-4857-b4b1-dbbf982f4e00 elapsed_us=26388
static_stage_us prepare=47614 prefill=27822 select=26405 decode=900 total=102741
2026-09-26T21:19:22.801768Z	debug	dynamo_static_selector_rpc	static selector RPC	connection.id=825 request.id=10382 request_id=64e47b4d-536b-476b-948a-4c35c3387c00 elapsed_us=24418
static_stage_us prepare=45955 prefill=29151 select=24428 decode=2333 total=101867
2026-09-26T21:19:22.824711Z	debug	dynamo_static_rpc_split	static prefill RPC split	connection.id=486 request.id=10670 request_id=f84c52de-95f0-40dd-a1e8-81222619db00 headers_us=30048 stream_us=9
2026-09-26T21:19:22.853119Z	debug	dynamo_static_selector_rpc	static selector RPC	connection.id=486 request.id=10670 request_id=f84c52de-95f0-40dd-a1e8-81222619db00 elapsed_us=28394
static_stage_us prepare=48433 prefill=30073 select=28411 decode=901 total=107818
2026-09-26T21:19:22.867074Z	debug	dynamo_static_rpc_split	static prefill RPC split	connection.id=670 request.id=10973 request_id=87be1ab2-3975-4273-aa9a-bb1554753c00 headers_us=32051 stream_us=9
2026-09-26T21:19:22.893170Z	debug	dynamo_static_selector_rpc	static selector RPC	connection.id=670 request.id=10973 request_id=87be1ab2-3975-4273-aa9a-bb1554753c00 elapsed_us=26081
static_stage_us prepare=49392 prefill=32075 select=26100 decode=1857 total=109424
2026-09-26T21:19:23.045039Z	debug	dynamo_static_rpc_split	static prefill RPC split	connection.id=854 request.id=12100 request_id=8c1bdea8-eec6-40bf-b4ca-653136a83c00 headers_us=28442 stream_us=14
2026-09-26T21:19:23.052974Z	debug	dynamo_static_rpc_split	static prefill RPC split	connection.id=705 request.id=12259 request_id=45f13613-d5ba-4066-a381-2e38485dff00 headers_us=17180 stream_us=8
2026-09-26T21:19:23.077770Z	debug	dynamo_static_selector_rpc	static selector RPC	connection.id=854 request.id=12100 request_id=8c1bdea8-eec6-40bf-b4ca-653136a83c00 elapsed_us=32255
static_stage_us prepare=52896 prefill=28934 select=32273 decode=4219 total=118322
2026-09-26T21:19:23.084065Z	debug	dynamo_static_selector_rpc	static selector RPC	connection.id=705 request.id=12259 request_id=45f13613-d5ba-4066-a381-2e38485dff00 elapsed_us=31072
static_stage_us prepare=54214 prefill=17207 select=31084 decode=3176 total=105681
2026-09-26T21:19:23.191441Z	debug	dynamo_static_rpc_split	static prefill RPC split	connection.id=245 request.id=13080 request_id=dc2ed18d-fa19-4d22-8618-7bbc4d1e0400 headers_us=28882 stream_us=11
2026-09-26T21:19:23.219849Z	debug	dynamo_static_selector_rpc	static selector RPC	connection.id=245 request.id=13080 request_id=dc2ed18d-fa19-4d22-8618-7bbc4d1e0400 elapsed_us=28339
static_stage_us prepare=46109 prefill=28963 select=28356 decode=1398 total=104826
2026-09-26T21:19:23.227769Z	debug	dynamo_static_rpc_split	static prefill RPC split	connection.id=249 request.id=13276 request_id=4353432c-8bdf-41bb-bc58-2a908cfe3900 headers_us=28999 stream_us=8
2026-09-26T21:19:23.229967Z	debug	dynamo_static_rpc_split	static prefill RPC split	connection.id=954 request.id=13215 request_id=c5cd2723-bcf2-4b9c-a811-0b072b3d5800 headers_us=37436 stream_us=2
2026-09-26T21:19:23.246894Z	debug	dynamo_static_rpc_split	static prefill RPC split	connection.id=137 request.id=13418 request_id=b2ecae50-d063-4cef-9334-b9a693aa3e00 headers_us=34359 stream_us=4
2026-09-26T21:19:23.254666Z	debug	dynamo_static_selector_rpc	static selector RPC	connection.id=249 request.id=13276 request_id=4353432c-8bdf-41bb-bc58-2a908cfe3900 elapsed_us=26880
static_stage_us prepare=49302 prefill=29025 select=26893 decode=894 total=106114
2026-09-26T21:19:23.256662Z	debug	dynamo_static_selector_rpc	static selector RPC	connection.id=954 request.id=13215 request_id=c5cd2723-bcf2-4b9c-a811-0b072b3d5800 elapsed_us=26683
static_stage_us prepare=52244 prefill=37452 select=26699 decode=3697 total=120092
2026-09-26T21:19:23.272110Z	debug	dynamo_static_selector_rpc	static selector RPC	connection.id=137 request.id=13418 request_id=b2ecae50-d063-4cef-9334-b9a693aa3e00 elapsed_us=25195
static_stage_us prepare=46174 prefill=34384 select=25207 decode=2123 total=107888
2026-09-26T21:19:23.282317Z	debug	dynamo_static_rpc_split	static prefill RPC split	connection.id=161 request.id=13602 request_id=92d7b54b-2283-4ca6-b3d2-97f77bb0dd00 headers_us=28278 stream_us=5
2026-09-26T21:19:23.311801Z	debug	dynamo_static_selector_rpc	static selector RPC	connection.id=161 request.id=13602 request_id=92d7b54b-2283-4ca6-b3d2-97f77bb0dd00 elapsed_us=29445
static_stage_us prepare=51967 prefill=28322 select=29459 decode=1176 total=110924
2026-09-26T21:19:23.317829Z	debug	dynamo_static_rpc_split	static prefill RPC split	connection.id=455 request.id=13808 request_id=0827b323-a676-4372-a1ba-e16a9992ef00 headers_us=34271 stream_us=6
2026-09-26T21:19:23.346105Z	debug	dynamo_static_selector_rpc	static selector RPC	connection.id=455 request.id=13808 request_id=0827b323-a676-4372-a1ba-e16a9992ef00 elapsed_us=28263
static_stage_us prepare=48999 prefill=34292 select=28273 decode=1323 total=112887
2026-09-26T21:19:23.358509Z	debug	dynamo_static_rpc_split	static prefill RPC split	connection.id=648 request.id=14154 request_id=80f9ed23-9ca5-4445-a5ea-7a0df0362f00 headers_us=24134 stream_us=28
2026-09-26T21:19:23.372430Z	debug	dynamo_static_rpc_split	static prefill RPC split	connection.id=898 request.id=14228 request_id=035acb6a-077d-4efe-93f2-b215c34aca00 headers_us=28073 stream_us=5
2026-09-26T21:19:23.388410Z	debug	dynamo_static_selector_rpc	static selector RPC	connection.id=648 request.id=14154 request_id=80f9ed23-9ca5-4445-a5ea-7a0df0362f00 elapsed_us=29885
static_stage_us prepare=52221 prefill=24180 select=29901 decode=3297 total=109599
2026-09-26T21:19:23.405991Z	debug	dynamo_static_selector_rpc	static selector RPC	connection.id=898 request.id=14228 request_id=035acb6a-077d-4efe-93f2-b215c34aca00 elapsed_us=33540
static_stage_us prepare=51257 prefill=28099 select=33557 decode=1444 total=114357
2026-09-26T21:19:23.437154Z	debug	dynamo_static_rpc_split	static prefill RPC split	connection.id=281 request.id=14634 request_id=bd6405b4-253a-463e-aee9-71215d118f00 headers_us=25763 stream_us=25
2026-09-26T21:19:23.470913Z	debug	dynamo_static_selector_rpc	static selector RPC	connection.id=281 request.id=14634 request_id=bd6405b4-253a-463e-aee9-71215d118f00 elapsed_us=33738
static_stage_us prepare=52913 prefill=25808 select=33795 decode=1146 total=113662
2026-09-26T21:19:23.558095Z	debug	dynamo_static_rpc_split	static prefill RPC split	connection.id=865 request.id=15308 request_id=e0ec6317-b002-46e5-9584-07511e107c00 headers_us=27040 stream_us=12
2026-09-26T21:19:23.590550Z	debug	dynamo_static_selector_rpc	static selector RPC	connection.id=865 request.id=15308 request_id=e0ec6317-b002-46e5-9584-07511e107c00 elapsed_us=32437
static_stage_us prepare=59722 prefill=27071 select=32451 decode=1843 total=121087
2026-09-26T21:19:23.623504Z	debug	dynamo_static_rpc_split	static prefill RPC split	connection.id=475 request.id=15684 request_id=1895dab1-3f51-4538-ae0d-fd028f1b0b00 headers_us=33326 stream_us=11
2026-09-26T21:19:23.632066Z	debug	dynamo_static_rpc_split	static prefill RPC split	connection.id=931 request.id=15818 request_id=86eada21-9b5d-4278-a90e-1d8325b8f300 headers_us=25493 stream_us=4
2026-09-26T21:19:23.650404Z	debug	dynamo_static_selector_rpc	static selector RPC	connection.id=475 request.id=15684 request_id=1895dab1-3f51-4538-ae0d-fd028f1b0b00 elapsed_us=26840
static_stage_us prepare=56446 prefill=33397 select=26854 decode=2674 total=119371
2026-09-26T21:19:23.663698Z	debug	dynamo_static_selector_rpc	static selector RPC	connection.id=931 request.id=15818 request_id=86eada21-9b5d-4278-a90e-1d8325b8f300 elapsed_us=31619
static_stage_us prepare=51218 prefill=25510 select=31631 decode=1048 total=109407
2026-09-26T21:19:23.798442Z	debug	dynamo_static_rpc_split	static prefill RPC split	connection.id=887 request.id=16760 request_id=5eb6cc5a-76f8-4481-a7be-afa0b41c2500 headers_us=31782 stream_us=17
2026-09-26T21:19:23.816235Z	debug	dynamo_static_rpc_split	static prefill RPC split	connection.id=317 request.id=16883 request_id=9ccf2692-ec4a-4cfa-bf13-c0b1c3609100 headers_us=31531 stream_us=6
2026-09-26T21:19:23.832300Z	debug	dynamo_static_selector_rpc	static selector RPC	connection.id=887 request.id=16760 request_id=5eb6cc5a-76f8-4481-a7be-afa0b41c2500 elapsed_us=33809
static_stage_us prepare=56807 prefill=31849 select=33827 decode=684 total=123167
2026-09-26T21:19:23.846684Z	debug	dynamo_static_selector_rpc	static selector RPC	connection.id=317 request.id=16883 request_id=9ccf2692-ec4a-4cfa-bf13-c0b1c3609100 elapsed_us=30429
static_stage_us prepare=50565 prefill=31557 select=30443 decode=897 total=113462
2026-09-26T21:19:23.881192Z	debug	dynamo_static_rpc_split	static prefill RPC split	connection.id=619 request.id=17233 request_id=205d65e2-40e3-4e1d-8abe-e4e01d20b300 headers_us=31039 stream_us=4
2026-09-26T21:19:23.897759Z	debug	dynamo_static_rpc_split	static prefill RPC split	connection.id=766 request.id=17363 request_id=75a56117-b143-419a-98d6-7d86abe52c00 headers_us=25858 stream_us=14
2026-09-26T21:19:23.918668Z	debug	dynamo_static_selector_rpc	static selector RPC	connection.id=619 request.id=17233 request_id=205d65e2-40e3-4e1d-8abe-e4e01d20b300 elapsed_us=37452
static_stage_us prepare=59174 prefill=31068 select=37465 decode=777 total=128484
2026-09-26T21:19:23.929765Z	debug	dynamo_static_selector_rpc	static selector RPC	connection.id=766 request.id=17363 request_id=75a56117-b143-419a-98d6-7d86abe52c00 elapsed_us=31973
static_stage_us prepare=60745 prefill=25905 select=31992 decode=1044 total=119686
2026-09-26T21:19:23.935864Z	debug	dynamo_static_rpc_split	static prefill RPC split	connection.id=324 request.id=17573 request_id=6b1e93d3-27cf-4490-aa16-3366157afb00 headers_us=35185 stream_us=10
2026-09-26T21:19:23.965176Z	debug	dynamo_static_selector_rpc	static selector RPC	connection.id=324 request.id=17573 request_id=6b1e93d3-27cf-4490-aa16-3366157afb00 elapsed_us=29295
static_stage_us prepare=51846 prefill=35212 select=29308 decode=1564 total=117930
2026-09-26T21:19:24.033893Z	debug	dynamo_static_rpc_split	static prefill RPC split	connection.id=517 request.id=18088 request_id=a5d37f2b-69ac-46ce-89d6-58ca56344600 headers_us=40974 stream_us=5
2026-09-26T21:19:24.048084Z	debug	dynamo_static_rpc_split	static prefill RPC split	connection.id=189 request.id=18320 request_id=3d7c483b-6163-4d95-a32b-5204fd238600 headers_us=26564 stream_us=10
2026-09-26T21:19:24.064554Z	debug	dynamo_static_selector_rpc	static selector RPC	connection.id=517 request.id=18088 request_id=a5d37f2b-69ac-46ce-89d6-58ca56344600 elapsed_us=30639
static_stage_us prepare=55632 prefill=41001 select=30656 decode=1988 total=129277
2026-09-26T21:19:24.070501Z	debug	dynamo_static_selector_rpc	static selector RPC	connection.id=189 request.id=18320 request_id=3d7c483b-6163-4d95-a32b-5204fd238600 elapsed_us=22392
static_stage_us prepare=45038 prefill=26600 select=22404 decode=4178 total=98220
2026-09-26T21:19:24.121168Z	debug	dynamo_static_rpc_split	static prefill RPC split	connection.id=753 request.id=18661 request_id=41098215-4a54-4b46-be29-a023cb282800 headers_us=27471 stream_us=5
2026-09-26T21:19:24.126520Z	debug	dynamo_static_rpc_split	static prefill RPC split	connection.id=600 request.id=18792 request_id=7cf385fe-2dbc-40a8-a3b0-a3edeacc3f00 headers_us=25654 stream_us=4
2026-09-26T21:19:24.128126Z	debug	dynamo_static_rpc_split	static prefill RPC split	connection.id=529 request.id=18789 request_id=19fae577-9f4b-43d4-a8cf-b4a960e6c400 headers_us=27217 stream_us=6
2026-09-26T21:19:24.145758Z	debug	dynamo_static_rpc_split	static prefill RPC split	connection.id=946 request.id=18872 request_id=bb2d051e-8a5c-4eb5-b756-db53f3017600 headers_us=30839 stream_us=4
2026-09-26T21:19:24.152988Z	debug	dynamo_static_selector_rpc	static selector RPC	connection.id=753 request.id=18661 request_id=41098215-4a54-4b46-be29-a023cb282800 elapsed_us=31798
2026-09-26T21:19:24.154148Z	debug	dynamo_static_selector_rpc	static selector RPC	connection.id=600 request.id=18792 request_id=7cf385fe-2dbc-40a8-a3b0-a3edeacc3f00 elapsed_us=27615
2026-09-26T21:19:24.154367Z	debug	dynamo_static_selector_rpc	static selector RPC	connection.id=529 request.id=18789 request_id=19fae577-9f4b-43d4-a8cf-b4a960e6c400 elapsed_us=26220
static_stage_us prepare=45871 prefill=27498 select=31812 decode=1895 total=107076
static_stage_us prepare=42426 prefill=25673 select=27624 decode=1859 total=97582
static_stage_us prepare=42886 prefill=27244 select=26232 decode=3185 total=99547
2026-09-26T21:19:24.173728Z	debug	dynamo_static_selector_rpc	static selector RPC	connection.id=946 request.id=18872 request_id=bb2d051e-8a5c-4eb5-b756-db53f3017600 elapsed_us=27956
static_stage_us prepare=43436 prefill=30858 select=27967 decode=2146 total=104407
2026-09-26T21:19:24.224625Z	debug	dynamo_static_rpc_split	static prefill RPC split	connection.id=864 request.id=19358 request_id=78712694-ac83-400b-9066-a18092be1500 headers_us=30656 stream_us=8
2026-09-26T21:19:24.231969Z	debug	dynamo_static_rpc_split	static prefill RPC split	connection.id=687 request.id=19474 request_id=65e4f90c-2abb-4061-b18d-8216bc871f00 headers_us=23660 stream_us=8
2026-09-26T21:19:24.234389Z	debug	dynamo_static_rpc_split	static prefill RPC split	connection.id=133 request.id=19479 request_id=a1a6010f-02fe-464f-a59a-9197faa8af00 headers_us=26035 stream_us=4
2026-09-26T21:19:24.249436Z	debug	dynamo_static_selector_rpc	static selector RPC	connection.id=864 request.id=19358 request_id=78712694-ac83-400b-9066-a18092be1500 elapsed_us=24795
static_stage_us prepare=49847 prefill=30683 select=24805 decode=1644 total=106979
2026-09-26T21:19:24.255840Z	debug	dynamo_static_selector_rpc	static selector RPC	connection.id=687 request.id=19474 request_id=65e4f90c-2abb-4061-b18d-8216bc871f00 elapsed_us=23853
static_stage_us prepare=40007 prefill=23686 select=23866 decode=1345 total=88904
2026-09-26T21:19:24.263376Z	debug	dynamo_static_selector_rpc	static selector RPC	connection.id=133 request.id=19479 request_id=a1a6010f-02fe-464f-a59a-9197faa8af00 elapsed_us=28910
static_stage_us prepare=39526 prefill=26116 select=28923 decode=2405 total=96970
2026-09-26T21:19:24.294982Z	debug	dynamo_static_rpc_split	static prefill RPC split	connection.id=437 request.id=19820 request_id=aa2cc0f7-4dc2-470b-98c1-8afa79177600 headers_us=33624 stream_us=10
2026-09-26T21:19:24.295123Z	debug	dynamo_static_rpc_split	static prefill RPC split	connection.id=238 request.id=19883 request_id=d423c0a9-6004-467b-908d-14f404cdc700 headers_us=26624 stream_us=39
2026-09-26T21:19:24.323293Z	debug	dynamo_static_selector_rpc	static selector RPC	connection.id=238 request.id=19883 request_id=d423c0a9-6004-467b-908d-14f404cdc700 elapsed_us=28158
2026-09-26T21:19:24.323413Z	debug	dynamo_static_selector_rpc	static selector RPC	connection.id=437 request.id=19820 request_id=aa2cc0f7-4dc2-470b-98c1-8afa79177600 elapsed_us=28383
static_stage_us prepare=47380 prefill=26676 select=28171 decode=2130 total=104357
static_stage_us prepare=50118 prefill=33683 select=28389 decode=2395 total=114585
2026-09-26T21:19:24.354753Z	debug	dynamo_static_rpc_split	static prefill RPC split	connection.id=548 request.id=20173 request_id=b8707065-b906-43ba-a7f0-967c5ff2f400 headers_us=31044 stream_us=3
2026-09-26T21:19:24.354891Z	debug	dynamo_static_rpc_split	static prefill RPC split	connection.id=439 request.id=20290 request_id=fabf1e53-384b-4742-9b5a-4778ea83bd00 headers_us=29755 stream_us=12
2026-09-26T21:19:24.361973Z	debug	dynamo_static_rpc_split	static prefill RPC split	connection.id=162 request.id=20258 request_id=09f14afd-4920-42fa-a97b-0316b49d3300 headers_us=31646 stream_us=5
2026-09-26T21:19:24.380247Z	debug	dynamo_static_rpc_split	static prefill RPC split	connection.id=262 request.id=20337 request_id=bf65e51e-0c00-4a8c-a617-470c4d0efa00 headers_us=29435 stream_us=6
2026-09-26T21:19:24.384155Z	debug	dynamo_static_selector_rpc	static selector RPC	connection.id=548 request.id=20173 request_id=b8707065-b906-43ba-a7f0-967c5ff2f400 elapsed_us=29387
2026-09-26T21:19:24.388503Z	debug	dynamo_static_selector_rpc	static selector RPC	connection.id=162 request.id=20258 request_id=09f14afd-4920-42fa-a97b-0316b49d3300 elapsed_us=26511
static_stage_us prepare=51335 prefill=31063 select=29401 decode=6727 total=118526
static_stage_us prepare=49752 prefill=31670 select=26523 decode=4870 total=112815
2026-09-26T21:19:24.396659Z	debug	dynamo_static_selector_rpc	static selector RPC	connection.id=439 request.id=20290 request_id=fabf1e53-384b-4742-9b5a-4778ea83bd00 elapsed_us=41757
static_stage_us prepare=39731 prefill=29791 select=41775 decode=2119 total=113416
2026-09-26T21:19:24.409181Z	debug	dynamo_static_selector_rpc	static selector RPC	connection.id=262 request.id=20337 request_id=bf65e51e-0c00-4a8c-a617-470c4d0efa00 elapsed_us=28915
static_stage_us prepare=54613 prefill=29461 select=28927 decode=2597 total=115598
2026-09-26T21:19:24.501339Z	debug	dynamo_static_rpc_split	static prefill RPC split	connection.id=730 request.id=21024 request_id=4443f4a0-2702-4236-ba21-2aa7d1375000 headers_us=33154 stream_us=4
2026-09-26T21:19:24.512247Z	debug	dynamo_static_rpc_split	static prefill RPC split	connection.id=937 request.id=21190 request_id=691780fa-223e-4650-b4be-68c029e7c100 headers_us=33433 stream_us=4
2026-09-26T21:19:24.526530Z	debug	dynamo_static_selector_rpc	static selector RPC	connection.id=730 request.id=21024 request_id=4443f4a0-2702-4236-ba21-2aa7d1375000 elapsed_us=25175
static_stage_us prepare=53914 prefill=33174 select=25187 decode=1367 total=113642
2026-09-26T21:19:24.545442Z	debug	dynamo_static_selector_rpc	static selector RPC	connection.id=937 request.id=21190 request_id=691780fa-223e-4650-b4be-68c029e7c100 elapsed_us=33183
static_stage_us prepare=46383 prefill=33451 select=33197 decode=1198 total=114229
2026-09-26T21:19:24.554177Z	debug	dynamo_static_rpc_split	static prefill RPC split	connection.id=764 request.id=21420 request_id=7778a230-27e6-4d0e-8154-d8a8e0780700 headers_us=32016 stream_us=13
2026-09-26T21:19:24.592169Z	debug	dynamo_static_selector_rpc	static selector RPC	connection.id=764 request.id=21420 request_id=7778a230-27e6-4d0e-8154-d8a8e0780700 elapsed_us=37976
static_stage_us prepare=53738 prefill=32046 select=37988 decode=2669 total=126441
2026-09-26T21:19:24.595753Z	debug	dynamo_static_rpc_split	static prefill RPC split	connection.id=941 request.id=21621 request_id=fcfcd81c-2cfe-4e89-bd04-b88e72dffa00 headers_us=34093 stream_us=6
2026-09-26T21:19:24.608020Z	debug	dynamo_static_rpc_split	static prefill RPC split	connection.id=594 request.id=21731 request_id=65957bfc-90dd-4300-b0fe-2cb10558eb00 headers_us=28811 stream_us=6
2026-09-26T21:19:24.621709Z	debug	dynamo_static_selector_rpc	static selector RPC	connection.id=941 request.id=21621 request_id=fcfcd81c-2cfe-4e89-bd04-b88e72dffa00 elapsed_us=25945
static_stage_us prepare=49096 prefill=34111 select=25959 decode=1326 total=110492
2026-09-26T21:19:24.626979Z	debug	dynamo_static_rpc_split	static prefill RPC split	connection.id=317 request.id=21768 request_id=ff3a3ba8-12e7-4e64-9687-06d3ad1ae500 headers_us=31830 stream_us=55
2026-09-26T21:19:24.639970Z	debug	dynamo_static_selector_rpc	static selector RPC	connection.id=594 request.id=21731 request_id=65957bfc-90dd-4300-b0fe-2cb10558eb00 elapsed_us=31937
static_stage_us prepare=50317 prefill=28830 select=31947 decode=1202 total=112296
2026-09-26T21:19:24.659492Z	debug	dynamo_static_selector_rpc	static selector RPC	connection.id=317 request.id=21768 request_id=ff3a3ba8-12e7-4e64-9687-06d3ad1ae500 elapsed_us=32489
static_stage_us prepare=59170 prefill=31910 select=32510 decode=1495 total=125085
2026-09-26T21:19:24.672145Z	debug	dynamo_static_rpc_split	static prefill RPC split	connection.id=290 request.id=22107 request_id=e294d035-5edb-4a59-ae5a-aab714b34a00 headers_us=27366 stream_us=87
2026-09-26T21:19:24.700747Z	debug	dynamo_static_selector_rpc	static selector RPC	connection.id=290 request.id=22107 request_id=e294d035-5edb-4a59-ae5a-aab714b34a00 elapsed_us=28559
static_stage_us prepare=58296 prefill=27497 select=28573 decode=1212 total=115578
2026-09-26T21:19:24.742870Z	debug	dynamo_static_rpc_split	static prefill RPC split	connection.id=583 request.id=22467 request_id=be17f28b-47cf-413d-a8b3-ba4979e86000 headers_us=34786 stream_us=252
2026-09-26T21:19:24.773474Z	debug	dynamo_static_selector_rpc	static selector RPC	connection.id=583 request.id=22467 request_id=be17f28b-47cf-413d-a8b3-ba4979e86000 elapsed_us=30590
static_stage_us prepare=54768 prefill=35052 select=30604 decode=1089 total=121513
2026-09-26T21:19:24.784501Z	debug	dynamo_static_rpc_split	static prefill RPC split	connection.id=799 request.id=22734 request_id=84f0c137-deea-4cbf-b9af-36a74de81100 headers_us=36371 stream_us=14
2026-09-26T21:19:24.784516Z	debug	dynamo_static_rpc_split	static prefill RPC split	connection.id=614 request.id=22736 request_id=19d5a3d1-f26c-4bc2-be69-7aa3f4399b00 headers_us=36406 stream_us=13
2026-09-26T21:19:24.810927Z	debug	dynamo_static_selector_rpc	static selector RPC	connection.id=614 request.id=22736 request_id=19d5a3d1-f26c-4bc2-be69-7aa3f4399b00 elapsed_us=26401
2026-09-26T21:19:24.811044Z	debug	dynamo_static_selector_rpc	static selector RPC	connection.id=799 request.id=22734 request_id=84f0c137-deea-4cbf-b9af-36a74de81100 elapsed_us=26496
static_stage_us prepare=58613 prefill=36432 select=26531 decode=821 total=122397
static_stage_us prepare=58539 prefill=36430 select=26475 decode=4268 total=125712
2026-09-26T21:19:24.839034Z	debug	dynamo_static_rpc_split	static prefill RPC split	connection.id=763 request.id=23101 request_id=74fd5fb3-31a8-45f7-9191-b631c5f79a00 headers_us=29411 stream_us=4
2026-09-26T21:19:24.867020Z	debug	dynamo_static_selector_rpc	static selector RPC	connection.id=763 request.id=23101 request_id=74fd5fb3-31a8-45f7-9191-b631c5f79a00 elapsed_us=27958
static_stage_us prepare=55897 prefill=29445 select=27969 decode=1253 total=114564
2026-09-26T21:19:24.918911Z	debug	dynamo_static_rpc_split	static prefill RPC split	connection.id=816 request.id=23547 request_id=c23204be-5e06-4f9e-a316-05f55bbe7900 headers_us=34745 stream_us=5
2026-09-26T21:19:24.922837Z	debug	dynamo_static_rpc_split	static prefill RPC split	connection.id=586 request.id=23625 request_id=cd9dd9ba-919a-44d5-8027-1ac1b519cb00 headers_us=30074 stream_us=3
2026-09-26T21:19:24.946403Z	debug	dynamo_static_selector_rpc	static selector RPC	connection.id=816 request.id=23547 request_id=c23204be-5e06-4f9e-a316-05f55bbe7900 elapsed_us=27474
static_stage_us prepare=56841 prefill=34770 select=27486 decode=988 total=120085
2026-09-26T21:19:24.955878Z	debug	dynamo_static_selector_rpc	static selector RPC	connection.id=586 request.id=23625 request_id=cd9dd9ba-919a-44d5-8027-1ac1b519cb00 elapsed_us=33027
static_stage_us prepare=48316 prefill=30092 select=33039 decode=1301 total=112748
2026-09-26T21:19:24.991398Z	debug	dynamo_static_rpc_split	static prefill RPC split	connection.id=234 request.id=23997 request_id=77d968ea-e268-474a-986f-bfd3a2f1dc00 headers_us=36640 stream_us=12
2026-09-26T21:19:24.991547Z	debug	dynamo_static_rpc_split	static prefill RPC split	connection.id=255 request.id=23968 request_id=c4b0dcd0-1e10-43d5-a73d-966b0a970200 headers_us=27288 stream_us=6
2026-09-26T21:19:25.005077Z	debug	dynamo_static_rpc_split	static prefill RPC split	connection.id=448 request.id=24110 request_id=65679dc5-7496-4fc2-8a8d-c00bc3c8db00 headers_us=26666 stream_us=8
2026-09-26T21:19:25.022689Z	debug	dynamo_static_selector_rpc	static selector RPC	connection.id=234 request.id=23997 request_id=77d968ea-e268-474a-986f-bfd3a2f1dc00 elapsed_us=31270
static_stage_us prepare=53053 prefill=36673 select=31283 decode=1780 total=122789
2026-09-26T21:19:25.029225Z	debug	dynamo_static_selector_rpc	static selector RPC	connection.id=255 request.id=23968 request_id=c4b0dcd0-1e10-43d5-a73d-966b0a970200 elapsed_us=37663
static_stage_us prepare=65987 prefill=27308 select=37676 decode=1763 total=132734
2026-09-26T21:19:25.039816Z	debug	dynamo_static_selector_rpc	static selector RPC	connection.id=448 request.id=24110 request_id=65679dc5-7496-4fc2-8a8d-c00bc3c8db00 elapsed_us=34718
static_stage_us prepare=53210 prefill=26696 select=34732 decode=873 total=115511
2026-09-26T21:19:25.113595Z	debug	dynamo_static_rpc_split	static prefill RPC split	connection.id=651 request.id=24733 request_id=75195272-d0f3-4d19-a96e-df22a27bdf00 headers_us=29694 stream_us=5
2026-09-26T21:19:25.146741Z	debug	dynamo_static_selector_rpc	static selector RPC	connection.id=651 request.id=24733 request_id=75195272-d0f3-4d19-a96e-df22a27bdf00 elapsed_us=33127
static_stage_us prepare=61128 prefill=29720 select=33141 decode=987 total=124976
2026-09-26T21:19:25.195904Z	debug	dynamo_static_rpc_split	static prefill RPC split	connection.id=460 request.id=25327 request_id=baa8e1a7-e79f-4832-9a98-8cdaeed94c00 headers_us=30365 stream_us=4
2026-09-26T21:19:25.195921Z	debug	dynamo_static_rpc_split	static prefill RPC split	connection.id=850 request.id=25319 request_id=1c93ccee-71ff-49ab-b99a-c7099ed5ee00 headers_us=30388 stream_us=14
2026-09-26T21:19:25.223523Z	debug	dynamo_static_rpc_split	static prefill RPC split	connection.id=919 request.id=25400 request_id=00e25d03-865e-4b4f-bffa-a02a8d9b8300 headers_us=33758 stream_us=5
2026-09-26T21:19:25.225449Z	debug	dynamo_static_selector_rpc	static selector RPC	connection.id=850 request.id=25319 request_id=1c93ccee-71ff-49ab-b99a-c7099ed5ee00 elapsed_us=29494
static_stage_us prepare=41426 prefill=30438 select=29507 decode=975 total=102346
2026-09-26T21:19:25.227617Z	debug	dynamo_static_selector_rpc	static selector RPC	connection.id=460 request.id=25327 request_id=baa8e1a7-e79f-4832-9a98-8cdaeed94c00 elapsed_us=31694
static_stage_us prepare=41008 prefill=30389 select=31707 decode=707 total=103811
2026-09-26T21:19:25.247115Z	debug	dynamo_static_rpc_split	static prefill RPC split	connection.id=821 request.id=25616 request_id=444f11f7-2e7a-462a-a6de-0a5040f7ac00 headers_us=26789 stream_us=11
2026-09-26T21:19:25.255972Z	debug	dynamo_static_selector_rpc	static selector RPC	connection.id=919 request.id=25400 request_id=00e25d03-865e-4b4f-bffa-a02a8d9b8300 elapsed_us=32431
static_stage_us prepare=53194 prefill=33781 select=32446 decode=1275 total=120696
2026-09-26T21:19:25.272718Z	debug	dynamo_static_selector_rpc	static selector RPC	connection.id=821 request.id=25616 request_id=444f11f7-2e7a-462a-a6de-0a5040f7ac00 elapsed_us=25585
static_stage_us prepare=46139 prefill=26817 select=25596 decode=1531 total=100083
2026-09-26T21:19:25.276018Z	debug	dynamo_static_rpc_split	static prefill RPC split	connection.id=418 request.id=25738 request_id=0112be41-fed7-4bbb-85c8-ffdf8eb2e800 headers_us=31893 stream_us=6
2026-09-26T21:19:25.312251Z	debug	dynamo_static_selector_rpc	static selector RPC	connection.id=418 request.id=25738 request_id=0112be41-fed7-4bbb-85c8-ffdf8eb2e800 elapsed_us=36219
static_stage_us prepare=53136 prefill=31914 select=36234 decode=2513 total=123797
2026-09-26T21:19:25.406056Z	debug	dynamo_static_rpc_split	static prefill RPC split	connection.id=685 request.id=26473 request_id=f5a4aaa1-677b-4baa-ae2a-c91a5589dc00 headers_us=33175 stream_us=12
2026-09-26T21:19:25.430395Z	debug	dynamo_static_selector_rpc	static selector RPC	connection.id=685 request.id=26473 request_id=f5a4aaa1-677b-4baa-ae2a-c91a5589dc00 elapsed_us=24318
static_stage_us prepare=54456 prefill=33209 select=24337 decode=803 total=112805
2026-09-26T21:19:25.440062Z	debug	dynamo_static_rpc_split	static prefill RPC split	connection.id=132 request.id=26748 request_id=6234c487-0de6-4ae0-b4af-4eba735b3400 headers_us=27747 stream_us=26
2026-09-26T21:19:25.449292Z	debug	dynamo_static_rpc_split	static prefill RPC split	connection.id=599 request.id=26803 request_id=e7d33a64-c403-4154-9571-6c7b3a551000 headers_us=30440 stream_us=3
2026-09-26T21:19:25.449423Z	debug	dynamo_static_rpc_split	static prefill RPC split	connection.id=683 request.id=26849 request_id=a86d4e54-3190-482d-9152-494fccc15a00 headers_us=31433 stream_us=5
2026-09-26T21:19:25.460326Z	debug	dynamo_static_selector_rpc	static selector RPC	connection.id=132 request.id=26748 request_id=6234c487-0de6-4ae0-b4af-4eba735b3400 elapsed_us=20250
static_stage_us prepare=54748 prefill=27789 select=20262 decode=2735 total=105534
2026-09-26T21:19:25.474353Z	debug	dynamo_static_selector_rpc	static selector RPC	connection.id=683 request.id=26849 request_id=a86d4e54-3190-482d-9152-494fccc15a00 elapsed_us=24912
2026-09-26T21:19:25.474793Z	debug	dynamo_static_selector_rpc	static selector RPC	connection.id=599 request.id=26803 request_id=e7d33a64-c403-4154-9571-6c7b3a551000 elapsed_us=25476
static_stage_us prepare=44866 prefill=31457 select=24926 decode=1415 total=102664
static_stage_us prepare=52496 prefill=30470 select=25486 decode=1556 total=110008
2026-09-26T21:19:25.481258Z	debug	dynamo_static_rpc_split	static prefill RPC split	connection.id=550 request.id=26944 request_id=11c2831c-435f-4972-a736-cc5d592bea00 headers_us=31165 stream_us=14
2026-09-26T21:19:25.511240Z	debug	dynamo_static_selector_rpc	static selector RPC	connection.id=550 request.id=26944 request_id=11c2831c-435f-4972-a736-cc5d592bea00 elapsed_us=29966
static_stage_us prepare=55106 prefill=31196 select=31379 decode=3347 total=121028
2026-09-26T21:19:25.581365Z	debug	dynamo_static_rpc_split	static prefill RPC split	connection.id=863 request.id=27667 request_id=56e9be59-0e3a-4594-9d7d-33772d240900 headers_us=33051 stream_us=3
2026-09-26T21:19:25.592030Z	debug	dynamo_static_rpc_split	static prefill RPC split	connection.id=257 request.id=27707 request_id=67e6d6c6-b165-4ddc-b371-21947a07ee00 headers_us=28639 stream_us=10
2026-09-26T21:19:25.604770Z	debug	dynamo_static_rpc_split	static prefill RPC split	connection.id=210 request.id=27810 request_id=0cbd342d-5bd6-4feb-bad1-3498cc771c00 headers_us=23448 stream_us=5
2026-09-26T21:19:25.612722Z	debug	dynamo_static_selector_rpc	static selector RPC	connection.id=863 request.id=27667 request_id=56e9be59-0e3a-4594-9d7d-33772d240900 elapsed_us=31340
static_stage_us prepare=44783 prefill=33072 select=31355 decode=1570 total=110780
2026-09-26T21:19:25.616565Z	debug	dynamo_static_selector_rpc	static selector RPC	connection.id=257 request.id=27707 request_id=67e6d6c6-b165-4ddc-b371-21947a07ee00 elapsed_us=24520
static_stage_us prepare=51316 prefill=28664 select=24530 decode=1161 total=105671
2026-09-26T21:19:25.623460Z	debug	dynamo_static_rpc_split	static prefill RPC split	connection.id=236 request.id=27942 request_id=faad2359-cf09-477f-ae30-2d6e223cb800 headers_us=30041 stream_us=3
2026-09-26T21:19:25.633894Z	debug	dynamo_static_selector_rpc	static selector RPC	connection.id=210 request.id=27810 request_id=0cbd342d-5bd6-4feb-bad1-3498cc771c00 elapsed_us=29112
static_stage_us prepare=51660 prefill=23466 select=29127 decode=3179 total=107432
2026-09-26T21:19:25.652976Z	debug	dynamo_static_selector_rpc	static selector RPC	connection.id=236 request.id=27942 request_id=faad2359-cf09-477f-ae30-2d6e223cb800 elapsed_us=29504
static_stage_us prepare=50836 prefill=30057 select=29538 decode=1344 total=111775
2026-09-26T21:19:25.776360Z	debug	dynamo_static_rpc_split	static prefill RPC split	connection.id=649 request.id=28863 request_id=bfc651c3-5fa3-407a-9bc6-6f7518088300 headers_us=26690 stream_us=12
2026-09-26T21:19:25.800959Z	debug	dynamo_static_selector_rpc	static selector RPC	connection.id=649 request.id=28863 request_id=bfc651c3-5fa3-407a-9bc6-6f7518088300 elapsed_us=24556
static_stage_us prepare=55154 prefill=26744 select=24574 decode=2261 total=108733
2026-09-26T21:19:25.851543Z	debug	dynamo_static_rpc_split	static prefill RPC split	connection.id=797 request.id=29447 request_id=cffa1913-bbda-4940-8d5d-4b6c3e3fce00 headers_us=26308 stream_us=19
2026-09-26T21:19:25.851570Z	debug	dynamo_static_rpc_split	static prefill RPC split	connection.id=204 request.id=29318 request_id=3cc431b6-4e8a-4da8-a547-f6f24c4fc000 headers_us=28002 stream_us=4
2026-09-26T21:19:25.880495Z	debug	dynamo_static_selector_rpc	static selector RPC	connection.id=797 request.id=29447 request_id=cffa1913-bbda-4940-8d5d-4b6c3e3fce00 elapsed_us=28921
2026-09-26T21:19:25.881478Z	debug	dynamo_static_selector_rpc	static selector RPC	connection.id=204 request.id=29318 request_id=3cc431b6-4e8a-4da8-a547-f6f24c4fc000 elapsed_us=29898
static_stage_us prepare=40598 prefill=26359 select=28934 decode=1242 total=97133
static_stage_us prepare=56235 prefill=28017 select=29915 decode=1700 total=115867
2026-09-26T21:19:25.939856Z	debug	dynamo_static_rpc_split	static prefill RPC split	connection.id=601 request.id=29909 request_id=9642d8d2-74e1-4db4-868f-f541bfdd0800 headers_us=35737 stream_us=2
2026-09-26T21:19:25.966230Z	debug	dynamo_static_rpc_split	static prefill RPC split	connection.id=735 request.id=30082 request_id=5105d393-6949-4c87-ab6f-6bed33b37700 headers_us=32725 stream_us=4
2026-09-26T21:19:25.970177Z	debug	dynamo_static_rpc_split	static prefill RPC split	connection.id=143 request.id=30144 request_id=adfead29-8ba5-412f-9587-57343f84a400 headers_us=30892 stream_us=7
2026-09-26T21:19:25.970174Z	debug	dynamo_static_rpc_split	static prefill RPC split	connection.id=515 request.id=30133 request_id=7911db42-a814-4a9a-9df2-0f46d98a2900 headers_us=30920 stream_us=7
2026-09-26T21:19:25.972094Z	debug	dynamo_static_rpc_split	static prefill RPC split	connection.id=575 request.id=30135 request_id=ab85ef13-a1e1-465e-bb09-44090c3e7100 headers_us=32802 stream_us=4
2026-09-26T21:19:25.972269Z	debug	dynamo_static_selector_rpc	static selector RPC	connection.id=601 request.id=29909 request_id=9642d8d2-74e1-4db4-868f-f541bfdd0800 elapsed_us=32394
static_stage_us prepare=52130 prefill=35758 select=32407 decode=2775 total=123070
2026-09-26T21:19:25.994684Z	debug	dynamo_static_selector_rpc	static selector RPC	connection.id=735 request.id=30082 request_id=5105d393-6949-4c87-ab6f-6bed33b37700 elapsed_us=28433
static_stage_us prepare=55815 prefill=32751 select=28445 decode=1082 total=118093
2026-09-26T21:19:25.996814Z	debug	dynamo_static_selector_rpc	static selector RPC	connection.id=515 request.id=30133 request_id=7911db42-a814-4a9a-9df2-0f46d98a2900 elapsed_us=26620
2026-09-26T21:19:25.996995Z	debug	dynamo_static_selector_rpc	static selector RPC	connection.id=143 request.id=30144 request_id=adfead29-8ba5-412f-9587-57343f84a400 elapsed_us=26774
static_stage_us prepare=55936 prefill=30949 select=26638 decode=1061 total=114584
static_stage_us prepare=52669 prefill=30944 select=26781 decode=1490 total=111884
2026-09-26T21:19:26.003789Z	debug	dynamo_static_selector_rpc	static selector RPC	connection.id=575 request.id=30135 request_id=ab85ef13-a1e1-465e-bb09-44090c3e7100 elapsed_us=31684
static_stage_us prepare=55633 prefill=32818 select=31704 decode=1104 total=121259
2026-09-26T21:19:26.073078Z	debug	dynamo_static_rpc_split	static prefill RPC split	connection.id=337 request.id=30720 request_id=1f64107b-0d4e-4202-be60-a5aa2c56cd00 headers_us=32681 stream_us=10
static_stage_us prepare=56346 prefill=32710 select=25823 decode=788 total=115667
2026-09-26T21:19:26.098895Z	debug	dynamo_static_selector_rpc	static selector RPC	connection.id=337 request.id=30720 request_id=1f64107b-0d4e-4202-be60-a5aa2c56cd00 elapsed_us=25799
2026-09-26T21:19:26.162323Z	debug	dynamo_static_rpc_split	static prefill RPC split	connection.id=658 request.id=31345 request_id=1df0f8ba-ec12-4dd6-a23e-8a590aa7b200 headers_us=31607 stream_us=3
2026-09-26T21:19:26.177112Z	debug	dynamo_static_rpc_split	static prefill RPC split	connection.id=160 request.id=31459 request_id=aa9f0db2-45f6-4172-9776-a767840d1400 headers_us=30881 stream_us=4
2026-09-26T21:19:26.194238Z	debug	dynamo_static_selector_rpc	static selector RPC	connection.id=658 request.id=31345 request_id=1df0f8ba-ec12-4dd6-a23e-8a590aa7b200 elapsed_us=31896
static_stage_us prepare=52131 prefill=31631 select=31911 decode=885 total=116558
2026-09-26T21:19:26.199765Z	debug	dynamo_static_selector_rpc	static selector RPC	connection.id=160 request.id=31459 request_id=aa9f0db2-45f6-4172-9776-a767840d1400 elapsed_us=22601
static_stage_us prepare=53134 prefill=30936 select=22620 decode=945 total=107635
2026-09-26T21:19:26.220259Z	debug	dynamo_static_rpc_split	static prefill RPC split	connection.id=346 request.id=31704 request_id=e380e686-4f68-47ab-a3fd-ec9ee0721200 headers_us=30684 stream_us=7
2026-09-26T21:19:26.252955Z	debug	dynamo_static_selector_rpc	static selector RPC	connection.id=346 request.id=31704 request_id=e380e686-4f68-47ab-a3fd-ec9ee0721200 elapsed_us=32680
static_stage_us prepare=50600 prefill=30708 select=32694 decode=3626 total=117628
2026-09-26T21:19:26.262073Z	debug	dynamo_static_rpc_split	static prefill RPC split	connection.id=379 request.id=31973 request_id=2a8c2725-5da4-40fa-ab4a-4b9fd4eb7400 headers_us=30294 stream_us=10
2026-09-26T21:19:26.288264Z	debug	dynamo_static_rpc_split	static prefill RPC split	connection.id=597 request.id=32169 request_id=fec0ebce-4f1c-497f-a661-346ba1d51000 headers_us=28787 stream_us=13
2026-09-26T21:19:26.292552Z	debug	dynamo_static_selector_rpc	static selector RPC	connection.id=379 request.id=31973 request_id=2a8c2725-5da4-40fa-ab4a-4b9fd4eb7400 elapsed_us=30456
static_stage_us prepare=51323 prefill=30327 select=30470 decode=845 total=112965
2026-09-26T21:19:26.313034Z	debug	dynamo_static_selector_rpc	static selector RPC	connection.id=597 request.id=32169 request_id=fec0ebce-4f1c-497f-a661-346ba1d51000 elapsed_us=24748
static_stage_us prepare=51335 prefill=28823 select=24759 decode=1808 total=106725
2026-09-26T21:19:26.333283Z	debug	dynamo_static_rpc_split	static prefill RPC split	connection.id=283 request.id=32435 request_id=7f90cd5a-2305-4bee-8975-670914e0a700 headers_us=30185 stream_us=14
2026-09-26T21:19:26.333367Z	debug	dynamo_static_rpc_split	static prefill RPC split	connection.id=504 request.id=32438 request_id=266bc83b-c6f9-4516-a52e-a3f937c37300 headers_us=30187 stream_us=4
2026-09-26T21:19:26.348554Z	debug	dynamo_static_rpc_split	static prefill RPC split	connection.id=733 request.id=32519 request_id=23d84270-0528-4bba-9fd3-f1d4bb677200 headers_us=30562 stream_us=4
2026-09-26T21:19:26.371753Z	debug	dynamo_static_selector_rpc	static selector RPC	connection.id=504 request.id=32438 request_id=266bc83b-c6f9-4516-a52e-a3f937c37300 elapsed_us=38378
static_stage_us prepare=48212 prefill=30199 select=38391 decode=1143 total=117945
2026-09-26T21:19:26.373494Z	debug	dynamo_static_selector_rpc	static selector RPC	connection.id=283 request.id=32435 request_id=7f90cd5a-2305-4bee-8975-670914e0a700 elapsed_us=40188
static_stage_us prepare=48178 prefill=30222 select=40201 decode=937 total=119538
2026-09-26T21:19:26.379675Z	debug	dynamo_static_selector_rpc	static selector RPC	connection.id=733 request.id=32519 request_id=23d84270-0528-4bba-9fd3-f1d4bb677200 elapsed_us=31090
static_stage_us prepare=48067 prefill=30597 select=31103 decode=1149 total=110916
2026-09-26T21:19:26.440075Z	debug	dynamo_static_rpc_split	static prefill RPC split	connection.id=915 request.id=33087 request_id=26774b90-20a0-4a52-9126-e5bd4d1fad00 headers_us=31834 stream_us=7
2026-09-26T21:19:26.467998Z	debug	dynamo_static_selector_rpc	static selector RPC	connection.id=915 request.id=33087 request_id=26774b90-20a0-4a52-9126-e5bd4d1fad00 elapsed_us=27905
static_stage_us prepare=54797 prefill=31861 select=27922 decode=1606 total=116186
2026-09-26T21:19:26.498837Z	debug	dynamo_static_rpc_split	static prefill RPC split	connection.id=142 request.id=33422 request_id=749ecf1c-ded5-4f2b-a039-444d438dda00 headers_us=32582 stream_us=6
2026-09-26T21:19:26.527756Z	debug	dynamo_static_selector_rpc	static selector RPC	connection.id=142 request.id=33422 request_id=749ecf1c-ded5-4f2b-a039-444d438dda00 elapsed_us=28903
static_stage_us prepare=49048 prefill=32605 select=28960 decode=1888 total=112501
2026-09-26T21:19:26.651298Z	debug	dynamo_static_rpc_split	static prefill RPC split	connection.id=817 request.id=34490 request_id=4211563e-ac22-42ab-82b4-b036cdd56200 headers_us=25595 stream_us=4
2026-09-26T21:19:26.674417Z	debug	dynamo_static_rpc_split	static prefill RPC split	connection.id=349 request.id=34595 request_id=092c896f-dd88-40b1-8cad-5c10ca424d00 headers_us=32271 stream_us=14
2026-09-26T21:19:26.678707Z	debug	dynamo_static_selector_rpc	static selector RPC	connection.id=817 request.id=34490 request_id=4211563e-ac22-42ab-82b4-b036cdd56200 elapsed_us=27390
static_stage_us prepare=50233 prefill=25619 select=27414 decode=2055 total=105321
2026-09-26T21:19:26.704484Z	debug	dynamo_static_selector_rpc	static selector RPC	connection.id=349 request.id=34595 request_id=092c896f-dd88-40b1-8cad-5c10ca424d00 elapsed_us=29922
2026-09-26T21:19:26.705533Z	debug	dynamo_static_rpc_split	static prefill RPC split	connection.id=789 request.id=34783 request_id=5a4ffc35-f631-4cb5-addb-63384332f600 headers_us=27703 stream_us=15
static_stage_us prepare=48019 prefill=32430 select=29941 decode=1211 total=111601
2026-09-26T21:19:26.728623Z	debug	dynamo_static_rpc_split	static prefill RPC split	connection.id=737 request.id=34848 request_id=5a26a638-e421-48fb-95ff-76b0f0067500 headers_us=30525 stream_us=27
2026-09-26T21:19:26.738198Z	debug	dynamo_static_selector_rpc	static selector RPC	connection.id=789 request.id=34783 request_id=5a4ffc35-f631-4cb5-addb-63384332f600 elapsed_us=32635
static_stage_us prepare=51009 prefill=27749 select=32654 decode=1424 total=112836
2026-09-26T21:19:26.753759Z	debug	dynamo_static_rpc_split	static prefill RPC split	connection.id=813 request.id=35156 request_id=91d13859-fb5a-45dc-a304-12352fff4500 headers_us=28288 stream_us=22
2026-09-26T21:19:26.757904Z	debug	dynamo_static_selector_rpc	static selector RPC	connection.id=737 request.id=34848 request_id=5a26a638-e421-48fb-95ff-76b0f0067500 elapsed_us=29264
static_stage_us prepare=57589 prefill=30570 select=29280 decode=2276 total=119715
2026-09-26T21:19:26.783559Z	debug	dynamo_static_selector_rpc	static selector RPC	connection.id=813 request.id=35156 request_id=91d13859-fb5a-45dc-a304-12352fff4500 elapsed_us=29784
static_stage_us prepare=43113 prefill=28326 select=29796 decode=1287 total=102522
2026-09-26T21:19:26.833999Z	debug	dynamo_static_rpc_split	static prefill RPC split	connection.id=931 request.id=35646 request_id=afcc08a0-dad3-42ca-ba70-63c03f029f00 headers_us=25109 stream_us=6
2026-09-26T21:19:26.863090Z	debug	dynamo_static_selector_rpc	static selector RPC	connection.id=931 request.id=35646 request_id=afcc08a0-dad3-42ca-ba70-63c03f029f00 elapsed_us=29064
static_stage_us prepare=42074 prefill=25143 select=29079 decode=1475 total=97771
2026-09-26T21:19:26.929763Z	debug	dynamo_static_rpc_split	static prefill RPC split	connection.id=485 request.id=36311 request_id=a4952365-68a5-4460-9570-007d0bdc3900 headers_us=23286 stream_us=12
2026-09-26T21:19:26.936175Z	debug	dynamo_static_rpc_split	static prefill RPC split	connection.id=202 request.id=36268 request_id=b25d6f22-6bb9-48d4-820a-caccf25b7d00 headers_us=27524 stream_us=8
2026-09-26T21:19:26.936341Z	debug	dynamo_static_rpc_split	static prefill RPC split	connection.id=707 request.id=36252 request_id=a128751a-bdb0-4d97-be2f-14d8788c0b00 headers_us=31306 stream_us=18
2026-09-26T21:19:26.936370Z	debug	dynamo_static_rpc_split	static prefill RPC split	connection.id=456 request.id=36306 request_id=ca37317e-3969-4fe6-971b-1d87230c3400 headers_us=29937 stream_us=10
2026-09-26T21:19:26.945758Z	debug	dynamo_static_rpc_split	static prefill RPC split	connection.id=860 request.id=36336 request_id=81323ca5-8b33-4615-a7db-ce70119cc100 headers_us=24914 stream_us=13
2026-09-26T21:19:26.957918Z	debug	dynamo_static_rpc_split	static prefill RPC split	connection.id=433 request.id=36474 request_id=b7456845-d5df-42bf-b298-eddbaf318900 headers_us=24954 stream_us=5
2026-09-26T21:19:26.961714Z	debug	dynamo_static_selector_rpc	static selector RPC	connection.id=202 request.id=36268 request_id=b25d6f22-6bb9-48d4-820a-caccf25b7d00 elapsed_us=25526
2026-09-26T21:19:26.962013Z	debug	dynamo_static_selector_rpc	static selector RPC	connection.id=707 request.id=36252 request_id=a128751a-bdb0-4d97-be2f-14d8788c0b00 elapsed_us=25660
static_stage_us prepare=54934 prefill=27546 select=25540 decode=897 total=108917
2026-09-26T21:19:26.962833Z	debug	dynamo_static_selector_rpc	static selector RPC	connection.id=485 request.id=36311 request_id=a4952365-68a5-4460-9570-007d0bdc3900 elapsed_us=33035
2026-09-26T21:19:26.963231Z	debug	dynamo_static_selector_rpc	static selector RPC	connection.id=456 request.id=36306 request_id=ca37317e-3969-4fe6-971b-1d87230c3400 elapsed_us=26847
static_stage_us prepare=53056 prefill=31338 select=25672 decode=2905 total=112971
static_stage_us prepare=47657 prefill=23334 select=33064 decode=2739 total=106794
static_stage_us prepare=47974 prefill=30022 select=26859 decode=3231 total=108086
2026-09-26T21:19:26.973576Z	debug	dynamo_static_selector_rpc	static selector RPC	connection.id=860 request.id=36336 request_id=81323ca5-8b33-4615-a7db-ce70119cc100 elapsed_us=27782
static_stage_us prepare=56415 prefill=24963 select=27794 decode=1000 total=110172
2026-09-26T21:19:26.986626Z	debug	dynamo_static_selector_rpc	static selector RPC	connection.id=433 request.id=36474 request_id=b7456845-d5df-42bf-b298-eddbaf318900 elapsed_us=28696
static_stage_us prepare=46631 prefill=24972 select=28709 decode=1094 total=101406
2026-09-26T21:19:26.996096Z	debug	dynamo_static_rpc_split	static prefill RPC split	connection.id=466 request.id=36685 request_id=09ba3c3f-d48a-470b-9ed3-15c4192e7000 headers_us=30238 stream_us=2
2026-09-26T21:19:27.021174Z	debug	dynamo_static_selector_rpc	static selector RPC	connection.id=466 request.id=36685 request_id=09ba3c3f-d48a-470b-9ed3-15c4192e7000 elapsed_us=25065
static_stage_us prepare=48005 prefill=30255 select=25078 decode=1183 total=104521
2026-09-26T21:19:27.040427Z	debug	dynamo_static_rpc_split	static prefill RPC split	connection.id=303 request.id=36959 request_id=f71e1d61-c92e-41d0-a8fa-0591e941dd00 headers_us=28955 stream_us=19
2026-09-26T21:19:27.074008Z	debug	dynamo_static_selector_rpc	static selector RPC	connection.id=303 request.id=36959 request_id=f71e1d61-c92e-41d0-a8fa-0591e941dd00 elapsed_us=33564
static_stage_us prepare=45950 prefill=28992 select=33579 decode=1499 total=110020
2026-09-26T21:19:27.079071Z	debug	dynamo_static_rpc_split	static prefill RPC split	connection.id=669 request.id=37248 request_id=919f2ae8-c125-4da7-9352-22a370a69c00 headers_us=26900 stream_us=4
2026-09-26T21:19:27.085561Z	debug	dynamo_static_rpc_split	static prefill RPC split	connection.id=518 request.id=37232 request_id=021b7641-6df1-425e-94d7-b2ba2327ee00 headers_us=32359 stream_us=39
2026-09-26T21:19:27.107052Z	debug	dynamo_static_selector_rpc	static selector RPC	connection.id=669 request.id=37248 request_id=919f2ae8-c125-4da7-9352-22a370a69c00 elapsed_us=27965
static_stage_us prepare=48666 prefill=26921 select=27977 decode=1969 total=105533
2026-09-26T21:19:27.112177Z	debug	dynamo_static_selector_rpc	static selector RPC	connection.id=518 request.id=37232 request_id=021b7641-6df1-425e-94d7-b2ba2327ee00 elapsed_us=26579
static_stage_us prepare=51803 prefill=32434 select=26594 decode=1025 total=111856
2026-09-26T21:19:27.149045Z	debug	dynamo_static_rpc_split	static prefill RPC split	connection.id=853 request.id=37596 request_id=06c56cbc-dc25-4ccd-a185-4e9d61f9f000 headers_us=35076 stream_us=4
2026-09-26T21:19:27.166024Z	debug	dynamo_static_rpc_split	static prefill RPC split	connection.id=249 request.id=37778 request_id=95ce1509-e187-4f5e-86fb-a1f146c3a200 headers_us=22585 stream_us=15
2026-09-26T21:19:27.168992Z	debug	dynamo_static_rpc_split	static prefill RPC split	connection.id=519 request.id=37714 request_id=6017d32d-4c48-450b-b971-66f5d490db00 headers_us=30083 stream_us=7
2026-09-26T21:19:27.179368Z	debug	dynamo_static_selector_rpc	static selector RPC	connection.id=853 request.id=37596 request_id=06c56cbc-dc25-4ccd-a185-4e9d61f9f000 elapsed_us=30305
static_stage_us prepare=52671 prefill=35101 select=30319 decode=1582 total=119673
2026-09-26T21:19:27.195398Z	debug	dynamo_static_selector_rpc	static selector RPC	connection.id=519 request.id=37714 request_id=6017d32d-4c48-450b-b971-66f5d490db00 elapsed_us=26394
static_stage_us prepare=56849 prefill=30102 select=26408 decode=1405 total=114764
2026-09-26T21:19:27.199862Z	debug	dynamo_static_selector_rpc	static selector RPC	connection.id=249 request.id=37778 request_id=95ce1509-e187-4f5e-86fb-a1f146c3a200 elapsed_us=33817
static_stage_us prepare=49978 prefill=22623 select=33827 decode=1240 total=107668
2026-09-26T21:19:27.211088Z	debug	dynamo_static_rpc_split	static prefill RPC split	connection.id=404 request.id=38047 request_id=462588a3-3ead-4ca2-8abb-2eb3523fe500 headers_us=28896 stream_us=10
2026-09-26T21:19:27.240183Z	debug	dynamo_static_selector_rpc	static selector RPC	connection.id=404 request.id=38047 request_id=462588a3-3ead-4ca2-8abb-2eb3523fe500 elapsed_us=29074
static_stage_us prepare=47225 prefill=28927 select=29088 decode=1148 total=106388
2026-09-26T21:19:27.348471Z	debug	dynamo_static_rpc_split	static prefill RPC split	connection.id=358 request.id=38874 request_id=14f9e910-5125-4f71-80ab-5918f2d0a000 headers_us=28276 stream_us=5
2026-09-26T21:19:27.379682Z	debug	dynamo_static_selector_rpc	static selector RPC	connection.id=358 request.id=38874 request_id=14f9e910-5125-4f71-80ab-5918f2d0a000 elapsed_us=31189
static_stage_us prepare=50406 prefill=28303 select=31211 decode=870 total=110790
2026-09-26T21:19:27.385180Z	debug	dynamo_static_rpc_split	static prefill RPC split	connection.id=507 request.id=39125 request_id=f526455e-95b8-44f5-bbca-165c4dc38a00 headers_us=34363 stream_us=8
2026-09-26T21:19:27.396338Z	debug	dynamo_static_rpc_split	static prefill RPC split	connection.id=531 request.id=39183 request_id=292d2a57-edb6-4dd6-8679-3d94d00e4200 headers_us=35791 stream_us=48
2026-09-26T21:19:27.411344Z	debug	dynamo_static_selector_rpc	static selector RPC	connection.id=507 request.id=39125 request_id=f526455e-95b8-44f5-bbca-165c4dc38a00 elapsed_us=26147
static_stage_us prepare=43648 prefill=34391 select=26157 decode=1096 total=105292
2026-09-26T21:19:27.416891Z	debug	dynamo_static_rpc_split	static prefill RPC split	connection.id=811 request.id=39329 request_id=984b1fe9-d772-4e78-bb95-48d1321cc500 headers_us=29342 stream_us=5
2026-09-26T21:19:27.424095Z	debug	dynamo_static_selector_rpc	static selector RPC	connection.id=531 request.id=39183 request_id=292d2a57-edb6-4dd6-8679-3d94d00e4200 elapsed_us=27738
static_stage_us prepare=45093 prefill=35859 select=27752 decode=1877 total=110581
2026-09-26T21:19:27.444999Z	debug	dynamo_static_selector_rpc	static selector RPC	connection.id=811 request.id=39329 request_id=984b1fe9-d772-4e78-bb95-48d1321cc500 elapsed_us=28093
static_stage_us prepare=52175 prefill=29363 select=28110 decode=1833 total=111481
2026-09-26T21:19:27.516272Z	debug	dynamo_static_rpc_split	static prefill RPC split	connection.id=708 request.id=39955 request_id=44ff4c6a-02a6-4ad5-bfcd-b171e52a3600 headers_us=28502 stream_us=10
2026-09-26T21:19:27.544183Z	debug	dynamo_static_selector_rpc	static selector RPC	connection.id=708 request.id=39955 request_id=44ff4c6a-02a6-4ad5-bfcd-b171e52a3600 elapsed_us=27891
static_stage_us prepare=44901 prefill=28532 select=27908 decode=1166 total=102507
2026-09-26T21:19:27.625134Z	debug	dynamo_static_rpc_split	static prefill RPC split	connection.id=133 request.id=40660 request_id=089079a6-049a-487d-a17d-396bae5d4900 headers_us=31849 stream_us=10
2026-09-26T21:19:27.655284Z	debug	dynamo_static_selector_rpc	static selector RPC	connection.id=133 request.id=40660 request_id=089079a6-049a-487d-a17d-396bae5d4900 elapsed_us=30103
static_stage_us prepare=45228 prefill=31906 select=30123 decode=1887 total=109144
2026-09-26T21:19:27.689840Z	debug	dynamo_static_rpc_split	static prefill RPC split	connection.id=789 request.id=41013 request_id=576e7ba4-47d5-4585-b34a-b9ff7ad02700 headers_us=27511 stream_us=4
2026-09-26T21:19:27.721910Z	debug	dynamo_static_selector_rpc	static selector RPC	connection.id=789 request.id=41013 request_id=576e7ba4-47d5-4585-b34a-b9ff7ad02700 elapsed_us=32047
static_stage_us prepare=65145 prefill=27540 select=32067 decode=2027 total=126779
2026-09-26T21:19:27.743238Z	debug	dynamo_static_rpc_split	static prefill RPC split	connection.id=475 request.id=41403 request_id=d5852950-cba3-4d3f-a10d-deb39d4f3700 headers_us=32658 stream_us=36
2026-09-26T21:19:27.767966Z	debug	dynamo_static_selector_rpc	static selector RPC	connection.id=475 request.id=41403 request_id=d5852950-cba3-4d3f-a10d-deb39d4f3700 elapsed_us=24707
static_stage_us prepare=47317 prefill=32716 select=24725 decode=1427 total=106185
2026-09-26T21:19:27.798673Z	debug	dynamo_static_rpc_split	static prefill RPC split	connection.id=772 request.id=41758 request_id=25ff96df-355c-41c8-a4c0-df96dbcb7300 headers_us=29865 stream_us=4
2026-09-26T21:19:27.818244Z	debug	dynamo_static_selector_rpc	static selector RPC	connection.id=772 request.id=41758 request_id=25ff96df-355c-41c8-a4c0-df96dbcb7300 elapsed_us=19555
static_stage_us prepare=51523 prefill=29885 select=19573 decode=6099 total=107080
2026-09-26T21:19:27.850956Z	debug	dynamo_static_rpc_split	static prefill RPC split	connection.id=327 request.id=41914 request_id=3b576fea-bd0f-4c63-b942-ffc8b26c1500 headers_us=34635 stream_us=28
2026-09-26T21:19:27.879199Z	debug	dynamo_static_selector_rpc	static selector RPC	connection.id=327 request.id=41914 request_id=3b576fea-bd0f-4c63-b942-ffc8b26c1500 elapsed_us=28224
static_stage_us prepare=74452 prefill=34683 select=28252 decode=2310 total=139697
2026-09-26T21:19:27.987026Z	debug	dynamo_static_rpc_split	static prefill RPC split	connection.id=270 request.id=42888 request_id=84ab4c79-4602-4f99-b066-4a361cf81b00 headers_us=27352 stream_us=3
2026-09-26T21:19:27.987180Z	debug	dynamo_static_rpc_split	static prefill RPC split	connection.id=220 request.id=42797 request_id=85c85c64-6d4e-4553-9483-1f1b3b0e2500 headers_us=34087 stream_us=15
2026-09-26T21:19:27.993662Z	debug	dynamo_static_rpc_split	static prefill RPC split	connection.id=784 request.id=43080 request_id=a7bfd0f6-5266-4e79-988a-d4566d3b6900 headers_us=21928 stream_us=10
2026-09-26T21:19:28.013233Z	debug	dynamo_static_selector_rpc	static selector RPC	connection.id=220 request.id=42797 request_id=85c85c64-6d4e-4553-9483-1f1b3b0e2500 elapsed_us=26033
static_stage_us prepare=52710 prefill=34124 select=26048 decode=1574 total=114456
2026-09-26T21:19:28.016048Z	debug	dynamo_static_selector_rpc	static selector RPC	connection.id=270 request.id=42888 request_id=84ab4c79-4602-4f99-b066-4a361cf81b00 elapsed_us=29002
2026-09-26T21:19:28.016488Z	debug	dynamo_static_selector_rpc	static selector RPC	connection.id=784 request.id=43080 request_id=a7bfd0f6-5266-4e79-988a-d4566d3b6900 elapsed_us=22578
static_stage_us prepare=33599 prefill=22187 select=22592 decode=1242 total=79620
static_stage_us prepare=49035 prefill=27375 select=29016 decode=1844 total=107270
2026-09-26T21:19:28.037392Z	debug	dynamo_static_rpc_split	static prefill RPC split	connection.id=232 request.id=43135 request_id=711e685a-d2e9-408b-8a7c-8c8506909300 headers_us=26230 stream_us=11
2026-09-26T21:19:28.045721Z	debug	dynamo_static_rpc_split	static prefill RPC split	connection.id=182 request.id=43226 request_id=50ff04fd-68cf-4baa-bb31-74b395860200 headers_us=20403 stream_us=5
2026-09-26T21:19:28.058815Z	debug	dynamo_static_selector_rpc	static selector RPC	connection.id=232 request.id=43135 request_id=711e685a-d2e9-408b-8a7c-8c8506909300 elapsed_us=21405
static_stage_us prepare=49851 prefill=26259 select=21417 decode=3201 total=100728
2026-09-26T21:19:28.082863Z	debug	dynamo_static_selector_rpc	static selector RPC	connection.id=182 request.id=43226 request_id=50ff04fd-68cf-4baa-bb31-74b395860200 elapsed_us=37130
static_stage_us prepare=51052 prefill=20419 select=37143 decode=2637 total=111251
2026-09-26T21:19:28.132418Z	debug	dynamo_static_rpc_split	static prefill RPC split	connection.id=754 request.id=43661 request_id=23b0ce21-c14d-4242-bd7b-70d66025aa00 headers_us=33644 stream_us=3
2026-09-26T21:19:28.165965Z	debug	dynamo_static_selector_rpc	static selector RPC	connection.id=754 request.id=43661 request_id=23b0ce21-c14d-4242-bd7b-70d66025aa00 elapsed_us=33524
static_stage_us prepare=56072 prefill=33671 select=33548 decode=2625 total=125916
2026-09-26T21:19:28.174703Z	debug	dynamo_static_rpc_split	static prefill RPC split	connection.id=882 request.id=44027 request_id=55f94851-a7c1-49bd-93a6-87a5be1efc00 headers_us=29183 stream_us=3
2026-09-26T21:19:28.174759Z	debug	dynamo_static_rpc_split	static prefill RPC split	connection.id=799 request.id=44039 request_id=307e3f2b-6a29-4d78-8465-b96e9e5c0300 headers_us=28920 stream_us=6
2026-09-26T21:19:28.199571Z	debug	dynamo_static_selector_rpc	static selector RPC	connection.id=799 request.id=44039 request_id=307e3f2b-6a29-4d78-8465-b96e9e5c0300 elapsed_us=24781
static_stage_us prepare=46056 prefill=28960 select=24797 decode=2087 total=101900
static_stage_us prepare=48609 prefill=29206 select=28979 decode=1434 total=108228
2026-09-26T21:19:28.203685Z	debug	dynamo_static_selector_rpc	static selector RPC	connection.id=882 request.id=44027 request_id=55f94851-a7c1-49bd-93a6-87a5be1efc00 elapsed_us=28963
2026-09-26T21:19:28.324435Z	debug	dynamo_static_rpc_split	static prefill RPC split	connection.id=352 request.id=45005 request_id=58ca1bdd-98cb-4b7c-8265-a4fbdbd9dc00 headers_us=23874 stream_us=9
2026-09-26T21:19:28.348390Z	debug	dynamo_static_selector_rpc	static selector RPC	connection.id=352 request.id=45005 request_id=58ca1bdd-98cb-4b7c-8265-a4fbdbd9dc00 elapsed_us=23929
static_stage_us prepare=43864 prefill=23911 select=23948 decode=3699 total=95422
2026-09-26T21:19:28.376021Z	debug	dynamo_static_rpc_split	static prefill RPC split	connection.id=284 request.id=45219 request_id=44f60c18-1b7a-4bc9-ab73-c316e0e9c800 headers_us=29681 stream_us=5
2026-09-26T21:19:28.392238Z	debug	dynamo_static_rpc_split	static prefill RPC split	connection.id=189 request.id=45434 request_id=b17257ac-9267-49c9-972b-3d5caea9bc00 headers_us=22986 stream_us=4
2026-09-26T21:19:28.403199Z	debug	dynamo_static_selector_rpc	static selector RPC	connection.id=284 request.id=45219 request_id=44f60c18-1b7a-4bc9-ab73-c316e0e9c800 elapsed_us=27150
static_stage_us prepare=46222 prefill=29714 select=27181 decode=1059 total=104176
2026-09-26T21:19:28.420018Z	debug	dynamo_static_selector_rpc	static selector RPC	connection.id=189 request.id=45434 request_id=b17257ac-9267-49c9-972b-3d5caea9bc00 elapsed_us=27755
static_stage_us prepare=35172 prefill=23021 select=27770 decode=1078 total=87041
2026-09-26T21:19:28.619566Z	debug	dynamo_static_rpc_split	static prefill RPC split	connection.id=407 request.id=46861 request_id=f34f8c4f-39fd-4484-b7ee-6fecfa431800 headers_us=23953 stream_us=10
2026-09-26T21:19:28.624332Z	debug	dynamo_static_rpc_split	static prefill RPC split	connection.id=744 request.id=46797 request_id=c1193347-397b-465d-8f18-ee592208ec00 headers_us=34347 stream_us=3
2026-09-26T21:19:28.646893Z	debug	dynamo_static_selector_rpc	static selector RPC	connection.id=407 request.id=46861 request_id=f34f8c4f-39fd-4484-b7ee-6fecfa431800 elapsed_us=27281
static_stage_us prepare=49024 prefill=24011 select=27296 decode=1829 total=102160
2026-09-26T21:19:28.650130Z	debug	dynamo_static_rpc_split	static prefill RPC split	connection.id=606 request.id=46991 request_id=bd3e82f6-56ba-4d7e-a2e0-4df8769ca900 headers_us=29723 stream_us=6
2026-09-26T21:19:28.654852Z	debug	dynamo_static_selector_rpc	static selector RPC	connection.id=744 request.id=46797 request_id=c1193347-397b-465d-8f18-ee592208ec00 elapsed_us=30494
static_stage_us prepare=50965 prefill=34376 select=30509 decode=1733 total=117583
2026-09-26T21:19:28.675724Z	debug	dynamo_static_selector_rpc	static selector RPC	connection.id=606 request.id=46991 request_id=bd3e82f6-56ba-4d7e-a2e0-4df8769ca900 elapsed_us=25577
static_stage_us prepare=49779 prefill=29747 select=25593 decode=1009 total=106128
2026-09-26T21:19:28.680114Z	debug	dynamo_static_rpc_split	static prefill RPC split	connection.id=887 request.id=47150 request_id=8735d9ec-1f21-42af-84e1-2e8103e52900 headers_us=28414 stream_us=35
2026-09-26T21:19:28.693488Z	debug	dynamo_static_rpc_split	static prefill RPC split	connection.id=359 request.id=47193 request_id=b1b404be-9e20-4c39-8799-281cecff9700 headers_us=31973 stream_us=10
2026-09-26T21:19:28.702781Z	debug	dynamo_static_rpc_split	static prefill RPC split	connection.id=360 request.id=47350 request_id=712aeaca-f302-4f30-8b27-23a9f7283400 headers_us=22757 stream_us=5
2026-09-26T21:19:28.715040Z	debug	dynamo_static_selector_rpc	static selector RPC	connection.id=887 request.id=47150 request_id=8735d9ec-1f21-42af-84e1-2e8103e52900 elapsed_us=34908
static_stage_us prepare=52416 prefill=28468 select=34919 decode=644 total=116447
2026-09-26T21:19:28.722158Z	debug	dynamo_static_selector_rpc	static selector RPC	connection.id=359 request.id=47193 request_id=b1b404be-9e20-4c39-8799-281cecff9700 elapsed_us=28657
static_stage_us prepare=51578 prefill=31998 select=28670 decode=1748 total=113994
2026-09-26T21:19:28.730478Z	debug	dynamo_static_selector_rpc	static selector RPC	connection.id=360 request.id=47350 request_id=712aeaca-f302-4f30-8b27-23a9f7283400 elapsed_us=27682
static_stage_us prepare=46521 prefill=22777 select=27694 decode=3612 total=100604
2026-09-26T21:19:28.740437Z	debug	dynamo_static_rpc_split	static prefill RPC split	connection.id=358 request.id=47514 request_id=1ee88f15-5142-482c-a2cb-ffc42f1e6300 headers_us=24967 stream_us=14
2026-09-26T21:19:28.764548Z	debug	dynamo_static_selector_rpc	static selector RPC	connection.id=358 request.id=47514 request_id=1ee88f15-5142-482c-a2cb-ffc42f1e6300 elapsed_us=24096
static_stage_us prepare=50106 prefill=24997 select=24111 decode=1238 total=100452
2026-09-26T21:19:28.888045Z	debug	dynamo_static_rpc_split	static prefill RPC split	connection.id=594 request.id=48505 request_id=76df6a7f-3d91-49e3-908f-e6cc70b23700 headers_us=23993 stream_us=14
2026-09-26T21:19:28.910882Z	debug	dynamo_static_selector_rpc	static selector RPC	connection.id=594 request.id=48505 request_id=76df6a7f-3d91-49e3-908f-e6cc70b23700 elapsed_us=22802
static_stage_us prepare=48846 prefill=24031 select=22833 decode=2435 total=98145
2026-09-26T21:19:28.919527Z	debug	dynamo_static_rpc_split	static prefill RPC split	connection.id=560 request.id=48667 request_id=c60a19f2-dd8d-44de-bcfd-9c26de8dad00 headers_us=24523 stream_us=10
2026-09-26T21:19:28.950155Z	debug	dynamo_static_selector_rpc	static selector RPC	connection.id=560 request.id=48667 request_id=c60a19f2-dd8d-44de-bcfd-9c26de8dad00 elapsed_us=30611
static_stage_us prepare=53710 prefill=24550 select=30629 decode=1053 total=109942
2026-09-26T21:19:29.035032Z	debug	dynamo_static_rpc_split	static prefill RPC split	connection.id=918 request.id=49354 request_id=8f7a8707-487d-472b-a456-d9b9f1d7bf00 headers_us=29143 stream_us=4
2026-09-26T21:19:29.058850Z	debug	dynamo_static_selector_rpc	static selector RPC	connection.id=918 request.id=49354 request_id=8f7a8707-487d-472b-a456-d9b9f1d7bf00 elapsed_us=23800
static_stage_us prepare=51195 prefill=29165 select=23821 decode=2184 total=106365
2026-09-26T21:19:29.091524Z	debug	dynamo_static_rpc_split	static prefill RPC split	connection.id=684 request.id=49710 request_id=59332fdd-6b71-4275-bec5-f354091a9900 headers_us=29079 stream_us=4
2026-09-26T21:19:29.113954Z	debug	dynamo_static_rpc_split	static prefill RPC split	connection.id=618 request.id=49829 request_id=9573f8ca-b32a-41ac-b697-0b20ff9d5800 headers_us=25299 stream_us=11
2026-09-26T21:19:29.124223Z	debug	dynamo_static_selector_rpc	static selector RPC	connection.id=684 request.id=49710 request_id=59332fdd-6b71-4275-bec5-f354091a9900 elapsed_us=32674
static_stage_us prepare=45524 prefill=29109 select=32718 decode=3417 total=110768
2026-09-26T21:19:29.139387Z	debug	dynamo_static_selector_rpc	static selector RPC	connection.id=618 request.id=49829 request_id=9573f8ca-b32a-41ac-b697-0b20ff9d5800 elapsed_us=25415
static_stage_us prepare=54811 prefill=25329 select=25429 decode=1181 total=106750
2026-09-26T21:19:29.177931Z	debug	dynamo_static_rpc_split	static prefill RPC split	connection.id=567 request.id=50191 request_id=28cec12a-dc7a-4c85-8a87-e4aa1dca1f00 headers_us=29786 stream_us=4
2026-09-26T21:19:29.179140Z	debug	dynamo_static_rpc_split	static prefill RPC split	connection.id=470 request.id=50174 request_id=f58cadb0-71a2-466c-ad49-0d105556f600 headers_us=31029 stream_us=25
2026-09-26T21:19:29.197858Z	debug	dynamo_static_rpc_split	static prefill RPC split	connection.id=436 request.id=50366 request_id=9c1c3aba-1232-44b9-8d1e-9e0d81563c00 headers_us=25723 stream_us=3
2026-09-26T21:19:29.205338Z	debug	dynamo_static_rpc_split	static prefill RPC split	connection.id=732 request.id=50354 request_id=3dfcad1f-3a68-4115-a4c1-095717dab900 headers_us=31673 stream_us=6
2026-09-26T21:19:29.207695Z	debug	dynamo_static_selector_rpc	static selector RPC	connection.id=567 request.id=50191 request_id=28cec12a-dc7a-4c85-8a87-e4aa1dca1f00 elapsed_us=29736
static_stage_us prepare=48368 prefill=29818 select=29754 decode=2268 total=110208
2026-09-26T21:19:29.217739Z	debug	dynamo_static_selector_rpc	static selector RPC	connection.id=470 request.id=50174 request_id=f58cadb0-71a2-466c-ad49-0d105556f600 elapsed_us=38584
static_stage_us prepare=49740 prefill=31070 select=38597 decode=1912 total=121319
2026-09-26T21:19:29.225712Z	debug	dynamo_static_selector_rpc	static selector RPC	connection.id=436 request.id=50366 request_id=9c1c3aba-1232-44b9-8d1e-9e0d81563c00 elapsed_us=27839
2026-09-26T21:19:29.227098Z	debug	dynamo_static_selector_rpc	static selector RPC	connection.id=732 request.id=50354 request_id=3dfcad1f-3a68-4115-a4c1-095717dab900 elapsed_us=21746
static_stage_us prepare=38836 prefill=25743 select=27853 decode=1580 total=94012
static_stage_us prepare=41899 prefill=31694 select=21758 decode=2171 total=97522
2026-09-26T21:19:29.258139Z	debug	dynamo_static_rpc_split	static prefill RPC split	connection.id=349 request.id=50647 request_id=4403d295-84b4-4cce-b950-9868a27b8400 headers_us=29764 stream_us=12
2026-09-26T21:19:29.271184Z	debug	dynamo_static_rpc_split	static prefill RPC split	connection.id=331 request.id=50766 request_id=035ef1f5-b730-4fc6-adbd-a997c4ca3200 headers_us=29826 stream_us=11
2026-09-26T21:19:29.284122Z	debug	dynamo_static_selector_rpc	static selector RPC	connection.id=349 request.id=50647 request_id=4403d295-84b4-4cce-b950-9868a27b8400 elapsed_us=25968
static_stage_us prepare=58254 prefill=29792 select=25981 decode=709 total=114736
2026-09-26T21:19:29.295461Z	debug	dynamo_static_selector_rpc	static selector RPC	connection.id=331 request.id=50766 request_id=035ef1f5-b730-4fc6-adbd-a997c4ca3200 elapsed_us=24261
static_stage_us prepare=57829 prefill=29855 select=24273 decode=1855 total=113812
2026-09-26T21:19:29.376000Z	debug	dynamo_static_rpc_split	static prefill RPC split	connection.id=777 request.id=51459 request_id=523a180f-7e75-4549-8601-e29fb29d9200 headers_us=32070 stream_us=3
2026-09-26T21:19:29.400270Z	debug	dynamo_static_selector_rpc	static selector RPC	connection.id=777 request.id=51459 request_id=523a180f-7e75-4549-8601-e29fb29d9200 elapsed_us=24250
static_stage_us prepare=45387 prefill=32093 select=24271 decode=1554 total=103305
2026-09-26T21:19:29.437874Z	debug	dynamo_static_rpc_split	static prefill RPC split	connection.id=223 request.id=51709 request_id=6dfc826e-9ea4-465f-a6a9-381f16475800 headers_us=29611 stream_us=11
2026-09-26T21:19:29.446272Z	debug	dynamo_static_rpc_split	static prefill RPC split	connection.id=161 request.id=51800 request_id=226a7dd2-4e75-4182-91ac-433ce0cb7500 headers_us=26906 stream_us=5
2026-09-26T21:19:29.446297Z	debug	dynamo_static_rpc_split	static prefill RPC split	connection.id=906 request.id=51783 request_id=0433df44-8771-431d-9fbb-c756e8997300 headers_us=26959 stream_us=4
2026-09-26T21:19:29.446308Z	debug	dynamo_static_rpc_split	static prefill RPC split	connection.id=647 request.id=51810 request_id=1c14791c-9e05-4062-a758-a65237cd4500 headers_us=25235 stream_us=13
2026-09-26T21:19:29.471058Z	debug	dynamo_static_selector_rpc	static selector RPC	connection.id=223 request.id=51709 request_id=6dfc826e-9ea4-465f-a6a9-381f16475800 elapsed_us=33164
static_stage_us prepare=57637 prefill=29643 select=33175 decode=1022 total=121477
2026-09-26T21:19:29.478675Z	debug	dynamo_static_selector_rpc	static selector RPC	connection.id=906 request.id=51783 request_id=0433df44-8771-431d-9fbb-c756e8997300 elapsed_us=32368
static_stage_us prepare=47110 prefill=26974 select=32385 decode=1770 total=108239
2026-09-26T21:19:29.487384Z	debug	dynamo_static_selector_rpc	static selector RPC	connection.id=647 request.id=51810 request_id=1c14791c-9e05-4062-a758-a65237cd4500 elapsed_us=41067
2026-09-26T21:19:29.487446Z	debug	dynamo_static_selector_rpc	static selector RPC	connection.id=161 request.id=51800 request_id=226a7dd2-4e75-4182-91ac-433ce0cb7500 elapsed_us=41158
static_stage_us prepare=47293 prefill=25259 select=41078 decode=911 total=114541
static_stage_us prepare=46703 prefill=26927 select=41167 decode=1016 total=115813
2026-09-26T21:19:29.598330Z	debug	dynamo_static_rpc_split	static prefill RPC split	connection.id=303 request.id=52691 request_id=681dd716-3736-4fdc-bb0f-099a91685d00 headers_us=29331 stream_us=25
2026-09-26T21:19:29.636262Z	debug	dynamo_static_selector_rpc	static selector RPC	connection.id=303 request.id=52691 request_id=681dd716-3736-4fdc-bb0f-099a91685d00 elapsed_us=37909
static_stage_us prepare=55631 prefill=29379 select=37958 decode=1152 total=124120
2026-09-26T21:19:29.637809Z	debug	dynamo_static_rpc_split	static prefill RPC split	connection.id=204 request.id=52868 request_id=2f3e34d2-07ea-411a-86ad-395a81a36d00 headers_us=39024 stream_us=16
2026-09-26T21:19:29.641451Z	debug	dynamo_static_rpc_split	static prefill RPC split	connection.id=548 request.id=52922 request_id=8407e7f4-2139-4824-9199-ba6e41400500 headers_us=34710 stream_us=4
2026-09-26T21:19:29.667563Z	debug	dynamo_static_selector_rpc	static selector RPC	connection.id=204 request.id=52868 request_id=2f3e34d2-07ea-411a-86ad-395a81a36d00 elapsed_us=29719
static_stage_us prepare=53619 prefill=39075 select=29736 decode=1369 total=123799
2026-09-26T21:19:29.677687Z	debug	dynamo_static_selector_rpc	static selector RPC	connection.id=548 request.id=52922 request_id=8407e7f4-2139-4824-9199-ba6e41400500 elapsed_us=36204
static_stage_us prepare=52131 prefill=34746 select=36218 decode=1181 total=124276
2026-09-26T21:19:29.742743Z	debug	dynamo_static_rpc_split	static prefill RPC split	connection.id=835 request.id=53539 request_id=ebd345b8-30c2-44a4-a295-dc736b203400 headers_us=31616 stream_us=15
2026-09-26T21:19:29.768845Z	debug	dynamo_static_selector_rpc	static selector RPC	connection.id=835 request.id=53539 request_id=ebd345b8-30c2-44a4-a295-dc736b203400 elapsed_us=26080
static_stage_us prepare=51411 prefill=31654 select=26098 decode=816 total=109979
2026-09-26T21:19:29.782544Z	debug	dynamo_static_rpc_split	static prefill RPC split	connection.id=621 request.id=53853 request_id=f7996e6d-fdc4-463e-85a0-8e7d7c9a7a00 headers_us=27549 stream_us=4
2026-09-26T21:19:29.788622Z	debug	dynamo_static_rpc_split	static prefill RPC split	connection.id=270 request.id=53831 request_id=329d33d5-a158-46da-a473-cde8f296b100 headers_us=32300 stream_us=10
2026-09-26T21:19:29.808820Z	debug	dynamo_static_selector_rpc	static selector RPC	connection.id=621 request.id=53853 request_id=f7996e6d-fdc4-463e-85a0-8e7d7c9a7a00 elapsed_us=26257
static_stage_us prepare=50806 prefill=27572 select=26291 decode=1251 total=105920
2026-09-26T21:19:29.816705Z	debug	dynamo_static_selector_rpc	static selector RPC	connection.id=270 request.id=53831 request_id=329d33d5-a158-46da-a473-cde8f296b100 elapsed_us=28068
static_stage_us prepare=54749 prefill=32326 select=28079 decode=776 total=115930
2026-09-26T21:19:29.823877Z	debug	dynamo_static_rpc_split	static prefill RPC split	connection.id=910 request.id=54046 request_id=e1ecccc6-4145-452d-a7c8-56ba190aaa00 headers_us=28266 stream_us=12
2026-09-26T21:19:29.838869Z	debug	dynamo_static_rpc_split	static prefill RPC split	connection.id=741 request.id=54132 request_id=d4ad73c7-9cb3-4c5c-a166-27f3d3aff300 headers_us=27242 stream_us=4
2026-09-26T21:19:29.853998Z	debug	dynamo_static_rpc_split	static prefill RPC split	connection.id=709 request.id=54235 request_id=33b1f53d-88b2-468f-9310-537a3bdcdb00 headers_us=35718 stream_us=7
2026-09-26T21:19:29.861945Z	debug	dynamo_static_selector_rpc	static selector RPC	connection.id=910 request.id=54046 request_id=e1ecccc6-4145-452d-a7c8-56ba190aaa00 elapsed_us=38053
static_stage_us prepare=50479 prefill=28294 select=38096 decode=612 total=117481
2026-09-26T21:19:29.872521Z	debug	dynamo_static_selector_rpc	static selector RPC	connection.id=741 request.id=54132 request_id=d4ad73c7-9cb3-4c5c-a166-27f3d3aff300 elapsed_us=33632
static_stage_us prepare=54189 prefill=27267 select=33643 decode=1005 total=116104
2026-09-26T21:19:29.887122Z	debug	dynamo_static_selector_rpc	static selector RPC	connection.id=709 request.id=54235 request_id=33b1f53d-88b2-468f-9310-537a3bdcdb00 elapsed_us=33111
static_stage_us prepare=48978 prefill=35739 select=33122 decode=1480 total=119319
2026-09-26T21:19:29.901631Z	debug	dynamo_static_rpc_split	static prefill RPC split	connection.id=300 request.id=54613 request_id=4d3275a1-9e4a-4a46-8484-f389e3b69000 headers_us=25821 stream_us=4
2026-09-26T21:19:29.901864Z	debug	dynamo_static_rpc_split	static prefill RPC split	connection.id=156 request.id=54472 request_id=aecbc90c-accc-4c42-a70b-ac594fa8d700 headers_us=37084 stream_us=3
2026-09-26T21:19:29.936035Z	debug	dynamo_static_selector_rpc	static selector RPC	connection.id=300 request.id=54613 request_id=4d3275a1-9e4a-4a46-8484-f389e3b69000 elapsed_us=34387
2026-09-26T21:19:29.936336Z	debug	dynamo_static_selector_rpc	static selector RPC	connection.id=156 request.id=54472 request_id=aecbc90c-accc-4c42-a70b-ac594fa8d700 elapsed_us=34461
static_stage_us prepare=59170 prefill=37099 select=34473 decode=2272 total=133014
static_stage_us prepare=51397 prefill=25844 select=34399 decode=3406 total=115046
2026-09-26T21:19:29.950451Z	debug	dynamo_static_rpc_split	static prefill RPC split	connection.id=702 request.id=54806 request_id=0a8da2ae-165b-4729-8a4f-adffc91a7b00 headers_us=28550 stream_us=2
2026-09-26T21:19:29.957811Z	debug	dynamo_static_rpc_split	static prefill RPC split	connection.id=693 request.id=54914 request_id=5211de71-a23b-4805-b0c3-233f34262d00 headers_us=24891 stream_us=15
2026-09-26T21:19:29.980387Z	debug	dynamo_static_selector_rpc	static selector RPC	connection.id=702 request.id=54806 request_id=0a8da2ae-165b-4729-8a4f-adffc91a7b00 elapsed_us=29922
static_stage_us prepare=61737 prefill=28567 select=29935 decode=698 total=120937
2026-09-26T21:19:29.985120Z	debug	dynamo_static_selector_rpc	static selector RPC	connection.id=693 request.id=54914 request_id=5211de71-a23b-4805-b0c3-233f34262d00 elapsed_us=27287
static_stage_us prepare=47947 prefill=24928 select=27321 decode=909 total=101105
2026-09-26T21:19:30.065632Z	debug	dynamo_static_rpc_split	static prefill RPC split	connection.id=162 request.id=55567 request_id=33d1b253-2356-402e-a0c6-7c6007e91500 headers_us=31069 stream_us=4
2026-09-26T21:19:30.093714Z	debug	dynamo_static_selector_rpc	static selector RPC	connection.id=162 request.id=55567 request_id=33d1b253-2356-402e-a0c6-7c6007e91500 elapsed_us=28037
static_stage_us prepare=36187 prefill=31117 select=28055 decode=949 total=96308
2026-09-26T21:19:30.159968Z	debug	dynamo_static_rpc_split	static prefill RPC split	connection.id=483 request.id=56075 request_id=4dba7cf0-7426-4558-8c02-6c620d242e00 headers_us=31181 stream_us=6
2026-09-26T21:19:30.177026Z	debug	dynamo_static_rpc_split	static prefill RPC split	connection.id=314 request.id=56241 request_id=3c59e292-f3d5-43d6-ba4c-e3f692786e00 headers_us=26197 stream_us=11
2026-09-26T21:19:30.186401Z	debug	dynamo_static_rpc_split	static prefill RPC split	connection.id=581 request.id=56295 request_id=9ddeb76c-bdc5-4b6e-9161-c5f26a701b00 headers_us=24442 stream_us=12
2026-09-26T21:19:30.193351Z	debug	dynamo_static_selector_rpc	static selector RPC	connection.id=483 request.id=56075 request_id=4dba7cf0-7426-4558-8c02-6c620d242e00 elapsed_us=33356
static_stage_us prepare=41008 prefill=31215 select=33368 decode=4018 total=109609
2026-09-26T21:19:30.201130Z	debug	dynamo_static_selector_rpc	static selector RPC	connection.id=314 request.id=56241 request_id=3c59e292-f3d5-43d6-ba4c-e3f692786e00 elapsed_us=24084
static_stage_us prepare=44586 prefill=26230 select=24099 decode=3532 total=98447
2026-09-26T21:19:30.212834Z	debug	dynamo_static_rpc_split	static prefill RPC split	connection.id=481 request.id=56408 request_id=6ead08b6-d25e-41a1-970f-f8ed293a4e00 headers_us=26993 stream_us=4
2026-09-26T21:19:30.213168Z	debug	dynamo_static_selector_rpc	static selector RPC	connection.id=581 request.id=56295 request_id=9ddeb76c-bdc5-4b6e-9161-c5f26a701b00 elapsed_us=26749
static_stage_us prepare=48754 prefill=24474 select=26767 decode=2617 total=102612
2026-09-26T21:19:30.235141Z	debug	dynamo_static_rpc_split	static prefill RPC split	connection.id=674 request.id=56628 request_id=aefb505e-c2ae-49a9-9993-80d7ee94fb00 headers_us=19507 stream_us=24
2026-09-26T21:19:30.242252Z	debug	dynamo_static_selector_rpc	static selector RPC	connection.id=481 request.id=56408 request_id=6ead08b6-d25e-41a1-970f-f8ed293a4e00 elapsed_us=29395
static_stage_us prepare=49762 prefill=27021 select=29406 decode=1600 total=107789
2026-09-26T21:19:30.265384Z	debug	dynamo_static_selector_rpc	static selector RPC	connection.id=674 request.id=56628 request_id=aefb505e-c2ae-49a9-9993-80d7ee94fb00 elapsed_us=30023
static_stage_us prepare=43544 prefill=19752 select=30043 decode=638 total=93977
2026-09-26T21:19:30.282925Z	debug	dynamo_static_rpc_split	static prefill RPC split	connection.id=243 request.id=56900 request_id=6a3ac54f-39f1-4bb0-8e9c-933969684300 headers_us=27761 stream_us=25
2026-09-26T21:19:30.312210Z	debug	dynamo_static_rpc_split	static prefill RPC split	connection.id=534 request.id=57145 request_id=f9961b9c-379c-449a-a89e-09000bd78b00 headers_us=21369 stream_us=14
2026-09-26T21:19:30.312848Z	debug	dynamo_static_selector_rpc	static selector RPC	connection.id=243 request.id=56900 request_id=6a3ac54f-39f1-4bb0-8e9c-933969684300 elapsed_us=29889
static_stage_us prepare=40652 prefill=27822 select=29902 decode=788 total=99164
2026-09-26T21:19:30.340496Z	debug	dynamo_static_selector_rpc	static selector RPC	connection.id=534 request.id=57145 request_id=f9961b9c-379c-449a-a89e-09000bd78b00 elapsed_us=28267
static_stage_us prepare=47871 prefill=21402 select=28291 decode=950 total=98514
2026-09-26T21:19:30.383385Z	debug	dynamo_static_rpc_split	static prefill RPC split	connection.id=220 request.id=57487 request_id=d1ed6af9-f289-4dd8-863b-912b14a25e00 headers_us=29883 stream_us=6
2026-09-26T21:19:30.412444Z	debug	dynamo_static_selector_rpc	static selector RPC	connection.id=220 request.id=57487 request_id=d1ed6af9-f289-4dd8-863b-912b14a25e00 elapsed_us=29035
static_stage_us prepare=49979 prefill=29915 select=29055 decode=1865 total=110814
2026-09-26T21:19:30.422767Z	debug	dynamo_static_rpc_split	static prefill RPC split	connection.id=259 request.id=57811 request_id=e9e71e55-ef24-4d3e-9f4e-def99f841000 headers_us=34322 stream_us=19
2026-09-26T21:19:30.430084Z	debug	dynamo_static_rpc_split	static prefill RPC split	connection.id=511 request.id=57910 request_id=f10be82b-25b2-493e-93f9-9dafae7f0d00 headers_us=26463 stream_us=5
2026-09-26T21:19:30.438113Z	debug	dynamo_static_rpc_split	static prefill RPC split	connection.id=599 request.id=57977 request_id=c01ea9a1-434d-4863-b239-ffd3d29ffe00 headers_us=27670 stream_us=18
2026-09-26T21:19:30.452018Z	debug	dynamo_static_selector_rpc	static selector RPC	connection.id=259 request.id=57811 request_id=e9e71e55-ef24-4d3e-9f4e-def99f841000 elapsed_us=29237
static_stage_us prepare=42245 prefill=34355 select=29249 decode=1333 total=107182
2026-09-26T21:19:30.459519Z	debug	dynamo_static_selector_rpc	static selector RPC	connection.id=511 request.id=57910 request_id=f10be82b-25b2-493e-93f9-9dafae7f0d00 elapsed_us=29411
static_stage_us prepare=44860 prefill=26492 select=29422 decode=1064 total=101838
2026-09-26T21:19:30.463098Z	debug	dynamo_static_rpc_split	static prefill RPC split	connection.id=735 request.id=58061 request_id=4b81b296-66af-4681-9cd5-f63ccce50500 headers_us=27885 stream_us=25
2026-09-26T21:19:30.465543Z	debug	dynamo_static_selector_rpc	static selector RPC	connection.id=599 request.id=57977 request_id=c01ea9a1-434d-4863-b239-ffd3d29ffe00 elapsed_us=27415
static_stage_us prepare=42968 prefill=27704 select=27427 decode=982 total=99081
2026-09-26T21:19:30.474674Z	debug	dynamo_static_rpc_split	static prefill RPC split	connection.id=943 request.id=58149 request_id=745efbf4-1892-4293-8841-4b932425a500 headers_us=26013 stream_us=4
2026-09-26T21:19:30.487800Z	debug	dynamo_static_selector_rpc	static selector RPC	connection.id=735 request.id=58061 request_id=4b81b296-66af-4681-9cd5-f63ccce50500 elapsed_us=24655
static_stage_us prepare=51847 prefill=27959 select=24666 decode=2061 total=106533
2026-09-26T21:19:30.506775Z	debug	dynamo_static_selector_rpc	static selector RPC	connection.id=943 request.id=58149 request_id=745efbf4-1892-4293-8841-4b932425a500 elapsed_us=32091
static_stage_us prepare=49884 prefill=26028 select=32106 decode=2109 total=110127
2026-09-26T21:19:30.622899Z	debug	dynamo_static_rpc_split	static prefill RPC split	connection.id=807 request.id=58975 request_id=b4631633-9aff-4c84-adf4-b1fc764d4600 headers_us=28595 stream_us=39
2026-09-26T21:19:30.647360Z	debug	dynamo_static_selector_rpc	static selector RPC	connection.id=807 request.id=58975 request_id=b4631633-9aff-4c84-adf4-b1fc764d4600 elapsed_us=24443
static_stage_us prepare=66610 prefill=28654 select=24460 decode=948 total=120672
2026-09-26T21:19:30.722286Z	debug	dynamo_static_rpc_split	static prefill RPC split	connection.id=929 request.id=59694 request_id=54bdd835-5343-47a6-b788-16a0fcdf7f00 headers_us=24708 stream_us=4
2026-09-26T21:19:30.752964Z	debug	dynamo_static_selector_rpc	static selector RPC	connection.id=929 request.id=59694 request_id=54bdd835-5343-47a6-b788-16a0fcdf7f00 elapsed_us=30658
static_stage_us prepare=55561 prefill=24733 select=30676 decode=1604 total=112574
2026-09-26T21:19:30.765680Z	debug	dynamo_static_rpc_split	static prefill RPC split	connection.id=161 request.id=59848 request_id=48b194ee-55a0-4def-b01f-bb1f9f629b00 headers_us=27349 stream_us=4
2026-09-26T21:19:30.792364Z	debug	dynamo_static_selector_rpc	static selector RPC	connection.id=161 request.id=59848 request_id=48b194ee-55a0-4def-b01f-bb1f9f629b00 elapsed_us=26668
static_stage_us prepare=47929 prefill=27370 select=26682 decode=1080 total=103061
2026-09-26T21:19:30.825015Z	debug	dynamo_static_rpc_split	static prefill RPC split	connection.id=577 request.id=60142 request_id=061dd2c8-6a50-4e7b-a60e-8208c806f300 headers_us=37244 stream_us=3
2026-09-26T21:19:30.861175Z	debug	dynamo_static_selector_rpc	static selector RPC	connection.id=577 request.id=60142 request_id=061dd2c8-6a50-4e7b-a60e-8208c806f300 elapsed_us=36142
static_stage_us prepare=55383 prefill=37266 select=36157 decode=1351 total=130157
2026-09-26T21:19:30.957147Z	debug	dynamo_static_rpc_split	static prefill RPC split	connection.id=225 request.id=60975 request_id=9bd03df5-071e-47ad-a0db-8b4c8bfb9e00 headers_us=37068 stream_us=6
2026-09-26T21:19:30.972817Z	debug	dynamo_static_rpc_split	static prefill RPC split	connection.id=141 request.id=61005 request_id=97ccec13-9dce-41bb-825f-9588cb015b00 headers_us=32667 stream_us=37
2026-09-26T21:19:30.986382Z	debug	dynamo_static_selector_rpc	static selector RPC	connection.id=225 request.id=60975 request_id=9bd03df5-071e-47ad-a0db-8b4c8bfb9e00 elapsed_us=29213
static_stage_us prepare=48322 prefill=37098 select=29225 decode=2503 total=117148
2026-09-26T21:19:31.000101Z	debug	dynamo_static_selector_rpc	static selector RPC	connection.id=141 request.id=61005 request_id=97ccec13-9dce-41bb-825f-9588cb015b00 elapsed_us=27270
static_stage_us prepare=63600 prefill=32718 select=27291 decode=1565 total=125174
2026-09-26T21:19:31.100833Z	debug	dynamo_static_rpc_split	static prefill RPC split	connection.id=262 request.id=61870 request_id=19d5577e-c653-497e-b20b-aee0f65f0100 headers_us=34524 stream_us=7
2026-09-26T21:19:31.115653Z	debug	dynamo_static_rpc_split	static prefill RPC split	connection.id=921 request.id=61992 request_id=1a043de7-3f1d-423c-9cdb-0b2b19f4ab00 headers_us=32891 stream_us=13
2026-09-26T21:19:31.131950Z	debug	dynamo_static_selector_rpc	static selector RPC	connection.id=262 request.id=61870 request_id=19d5577e-c653-497e-b20b-aee0f65f0100 elapsed_us=31067
static_stage_us prepare=48939 prefill=34582 select=31084 decode=2161 total=116766
2026-09-26T21:19:31.139591Z	debug	dynamo_static_selector_rpc	static selector RPC	connection.id=921 request.id=61992 request_id=1a043de7-3f1d-423c-9cdb-0b2b19f4ab00 elapsed_us=23906
static_stage_us prepare=49386 prefill=32937 select=23924 decode=1225 total=107472
2026-09-26T21:19:31.202455Z	debug	dynamo_static_rpc_split	static prefill RPC split	connection.id=886 request.id=62583 request_id=2e14bb7e-3976-412f-a84f-b52914d25800 headers_us=27470 stream_us=10
2026-09-26T21:19:31.229976Z	debug	dynamo_static_selector_rpc	static selector RPC	connection.id=886 request.id=62583 request_id=2e14bb7e-3976-412f-a84f-b52914d25800 elapsed_us=27501
static_stage_us prepare=43826 prefill=27500 select=27519 decode=890 total=99735
2026-09-26T21:19:31.257723Z	debug	dynamo_static_rpc_split	static prefill RPC split	connection.id=779 request.id=62968 request_id=f6ebfe15-fc10-405c-be25-1796b1e68f00 headers_us=32860 stream_us=9
2026-09-26T21:19:31.285001Z	debug	dynamo_static_rpc_split	static prefill RPC split	connection.id=923 request.id=63170 request_id=67f176ef-dc56-498e-be62-b5a576a89f00 headers_us=30514 stream_us=11
2026-09-26T21:19:31.290151Z	debug	dynamo_static_selector_rpc	static selector RPC	connection.id=779 request.id=62968 request_id=f6ebfe15-fc10-405c-be25-1796b1e68f00 elapsed_us=32411
static_stage_us prepare=41629 prefill=32888 select=32429 decode=1458 total=108404
2026-09-26T21:19:31.311565Z	debug	dynamo_static_selector_rpc	static selector RPC	connection.id=923 request.id=63170 request_id=67f176ef-dc56-498e-be62-b5a576a89f00 elapsed_us=26504
2026-09-26T21:19:31.312543Z	debug	dynamo_static_rpc_split	static prefill RPC split	connection.id=893 request.id=63324 request_id=29350641-3272-4fd7-b7c5-b058fb812600 headers_us=31344 stream_us=5
static_stage_us prepare=45480 prefill=30584 select=26519 decode=2467 total=105050
2026-09-26T21:19:31.328337Z	debug	dynamo_static_rpc_split	static prefill RPC split	connection.id=137 request.id=63380 request_id=a928c4e3-010d-436d-8833-7fd8124f0700 headers_us=24832 stream_us=4
2026-09-26T21:19:31.341287Z	debug	dynamo_static_rpc_split	static prefill RPC split	connection.id=487 request.id=63553 request_id=479cdb03-e0cf-4b25-b244-e153311ca900 headers_us=28091 stream_us=4
2026-09-26T21:19:31.346479Z	debug	dynamo_static_selector_rpc	static selector RPC	connection.id=893 request.id=63324 request_id=29350641-3272-4fd7-b7c5-b058fb812600 elapsed_us=33921
static_stage_us prepare=47279 prefill=31367 select=33932 decode=1998 total=114576
2026-09-26T21:19:31.353967Z	debug	dynamo_static_selector_rpc	static selector RPC	connection.id=137 request.id=63380 request_id=a928c4e3-010d-436d-8833-7fd8124f0700 elapsed_us=25618
static_stage_us prepare=57238 prefill=24851 select=25628 decode=765 total=108482
2026-09-26T21:19:31.367605Z	debug	dynamo_static_rpc_split	static prefill RPC split	connection.id=769 request.id=63625 request_id=b0fc4955-8ca9-48a9-a772-3f160cbaa500 headers_us=31167 stream_us=4
2026-09-26T21:19:31.368006Z	debug	dynamo_static_selector_rpc	static selector RPC	connection.id=487 request.id=63553 request_id=479cdb03-e0cf-4b25-b244-e153311ca900 elapsed_us=26708
static_stage_us prepare=38824 prefill=28108 select=26733 decode=951 total=94616
2026-09-26T21:19:31.373089Z	debug	dynamo_static_rpc_split	static prefill RPC split	connection.id=260 request.id=63719 request_id=17b93657-e169-477e-b814-39bd1f44c200 headers_us=27929 stream_us=43
2026-09-26T21:19:31.392170Z	debug	dynamo_static_selector_rpc	static selector RPC	connection.id=769 request.id=63625 request_id=b0fc4955-8ca9-48a9-a772-3f160cbaa500 elapsed_us=24553
static_stage_us prepare=43283 prefill=31182 select=24566 decode=1934 total=100965
2026-09-26T21:19:31.400832Z	debug	dynamo_static_selector_rpc	static selector RPC	connection.id=260 request.id=63719 request_id=17b93657-e169-477e-b814-39bd1f44c200 elapsed_us=27714
static_stage_us prepare=41045 prefill=28002 select=27728 decode=1243 total=98018
2026-09-26T21:19:31.428200Z	debug	dynamo_static_rpc_split	static prefill RPC split	connection.id=310 request.id=63986 request_id=190e2b41-a860-4a30-9b9c-62913d58cc00 headers_us=28361 stream_us=19
2026-09-26T21:19:31.460239Z	debug	dynamo_static_selector_rpc	static selector RPC	connection.id=310 request.id=63986 request_id=190e2b41-a860-4a30-9b9c-62913d58cc00 elapsed_us=32013
static_stage_us prepare=51110 prefill=28405 select=32028 decode=742 total=112285
2026-09-26T21:19:31.474999Z	debug	dynamo_static_rpc_split	static prefill RPC split	connection.id=707 request.id=64307 request_id=251d93c5-a7a4-4be2-87ca-65a8445e0e00 headers_us=29780 stream_us=4
2026-09-26T21:19:31.509649Z	debug	dynamo_static_selector_rpc	static selector RPC	connection.id=707 request.id=64307 request_id=251d93c5-a7a4-4be2-87ca-65a8445e0e00 elapsed_us=34636
static_stage_us prepare=51410 prefill=29798 select=34650 decode=792 total=116650
2026-09-26T21:19:31.568157Z	debug	dynamo_static_rpc_split	static prefill RPC split	connection.id=925 request.id=64857 request_id=d5760515-b572-4f6e-9339-eba201160600 headers_us=24649 stream_us=3
2026-09-26T21:19:31.595587Z	debug	dynamo_static_selector_rpc	static selector RPC	connection.id=925 request.id=64857 request_id=d5760515-b572-4f6e-9339-eba201160600 elapsed_us=27383
static_stage_us prepare=57983 prefill=24698 select=27403 decode=1167 total=111251
2026-09-26T21:19:31.634430Z	debug	dynamo_static_rpc_split	static prefill RPC split	connection.id=501 request.id=65230 request_id=11e2d65c-8de1-4b63-a384-7a7a2b05ee00 headers_us=36972 stream_us=19
2026-09-26T21:19:31.642490Z	debug	dynamo_static_rpc_split	static prefill RPC split	connection.id=324 request.id=65318 request_id=94324876-74cd-40cf-8f28-664daaebcf00 headers_us=26811 stream_us=3
2026-09-26T21:19:31.660966Z	debug	dynamo_static_selector_rpc	static selector RPC	connection.id=501 request.id=65230 request_id=11e2d65c-8de1-4b63-a384-7a7a2b05ee00 elapsed_us=26509
static_stage_us prepare=43923 prefill=37017 select=26524 decode=1729 total=109193
2026-09-26T21:19:31.672909Z	debug	dynamo_static_selector_rpc	static selector RPC	connection.id=324 request.id=65318 request_id=94324876-74cd-40cf-8f28-664daaebcf00 elapsed_us=30403
static_stage_us prepare=51415 prefill=26831 select=30416 decode=1504 total=110166
2026-09-26T21:19:31.690534Z	debug	dynamo_static_rpc_split	static prefill RPC split	connection.id=372 request.id=65538 request_id=e08eb9e9-a1e4-45ff-ae1b-340275609f00 headers_us=34174 stream_us=4
2026-09-26T21:19:31.718476Z	debug	dynamo_static_rpc_split	static prefill RPC split	connection.id=794 request.id=65718 request_id=2202125e-d276-4a55-af7e-02327ef00700 headers_us=28250 stream_us=4
2026-09-26T21:19:31.721034Z	debug	dynamo_static_selector_rpc	static selector RPC	connection.id=372 request.id=65538 request_id=e08eb9e9-a1e4-45ff-ae1b-340275609f00 elapsed_us=30480
static_stage_us prepare=55469 prefill=34199 select=30495 decode=936 total=121099
2026-09-26T21:19:31.743893Z	debug	dynamo_static_rpc_split	static prefill RPC split	connection.id=658 request.id=65981 request_id=f7c47824-8258-4249-9759-3302577a4400 headers_us=25592 stream_us=6
2026-09-26T21:19:31.745955Z	debug	dynamo_static_selector_rpc	static selector RPC	connection.id=794 request.id=65718 request_id=2202125e-d276-4a55-af7e-02327ef00700 elapsed_us=27467
static_stage_us prepare=54875 prefill=28267 select=27478 decode=1708 total=112328
2026-09-26T21:19:31.772766Z	debug	dynamo_static_selector_rpc	static selector RPC	connection.id=658 request.id=65981 request_id=f7c47824-8258-4249-9759-3302577a4400 elapsed_us=28857
static_stage_us prepare=44596 prefill=25615 select=28881 decode=2570 total=101662
2026-09-26T21:19:31.788900Z	debug	dynamo_static_rpc_split	static prefill RPC split	connection.id=918 request.id=66162 request_id=b8c7c477-b928-4c18-acac-d8429e89c800 headers_us=33118 stream_us=4
2026-09-26T21:19:31.789357Z	debug	dynamo_static_rpc_split	static prefill RPC split	connection.id=149 request.id=66170 request_id=d5fdc14d-aec6-4482-97d2-80d04cef5300 headers_us=33573 stream_us=19
2026-09-26T21:19:31.793533Z	debug	dynamo_static_rpc_split	static prefill RPC split	connection.id=912 request.id=66188 request_id=fbed4a09-472a-49fe-bf1a-cd1606eafe00 headers_us=30567 stream_us=2
2026-09-26T21:19:31.809808Z	debug	dynamo_static_rpc_split	static prefill RPC split	connection.id=417 request.id=66354 request_id=8d9cb300-1b78-4dda-a4e9-d304be4dd800 headers_us=24211 stream_us=5
static_stage_us prepare=51437 prefill=33605 select=31015 decode=1029 total=117086
2026-09-26T21:19:31.820371Z	debug	dynamo_static_selector_rpc	static selector RPC	connection.id=149 request.id=66170 request_id=d5fdc14d-aec6-4482-97d2-80d04cef5300 elapsed_us=31002
2026-09-26T21:19:31.823287Z	debug	dynamo_static_selector_rpc	static selector RPC	connection.id=918 request.id=66162 request_id=b8c7c477-b928-4c18-acac-d8429e89c800 elapsed_us=34371
static_stage_us prepare=53770 prefill=33137 select=34384 decode=2014 total=123305
2026-09-26T21:19:31.829777Z	debug	dynamo_static_selector_rpc	static selector RPC	connection.id=912 request.id=66188 request_id=fbed4a09-472a-49fe-bf1a-cd1606eafe00 elapsed_us=36233
static_stage_us prepare=55219 prefill=30581 select=36245 decode=1194 total=123239
2026-09-26T21:19:31.841316Z	debug	dynamo_static_rpc_split	static prefill RPC split	connection.id=651 request.id=66559 request_id=67389616-ed2e-4ff6-b141-e548fb854e00 headers_us=25218 stream_us=5
2026-09-26T21:19:31.841366Z	debug	dynamo_static_selector_rpc	static selector RPC	connection.id=417 request.id=66354 request_id=8d9cb300-1b78-4dda-a4e9-d304be4dd800 elapsed_us=31542
static_stage_us prepare=50334 prefill=24234 select=31554 decode=1081 total=107203
2026-09-26T21:19:31.864249Z	debug	dynamo_static_rpc_split	static prefill RPC split	connection.id=429 request.id=66719 request_id=b763a40b-3bd6-4a79-a111-62be406e6d00 headers_us=24276 stream_us=46
2026-09-26T21:19:31.870561Z	debug	dynamo_static_rpc_split	static prefill RPC split	connection.id=379 request.id=66734 request_id=a0c00ba3-9dd0-4e3c-9f68-e1698c656800 headers_us=26372 stream_us=48
2026-09-26T21:19:31.871967Z	debug	dynamo_static_selector_rpc	static selector RPC	connection.id=651 request.id=66559 request_id=67389616-ed2e-4ff6-b141-e548fb854e00 elapsed_us=30634
static_stage_us prepare=48187 prefill=25241 select=30649 decode=1351 total=105428
2026-09-26T21:19:31.891657Z	debug	dynamo_static_selector_rpc	static selector RPC	connection.id=429 request.id=66719 request_id=b763a40b-3bd6-4a79-a111-62be406e6d00 elapsed_us=27385
static_stage_us prepare=50647 prefill=24345 select=27398 decode=3946 total=106336
2026-09-26T21:19:31.901011Z	debug	dynamo_static_selector_rpc	static selector RPC	connection.id=379 request.id=66734 request_id=a0c00ba3-9dd0-4e3c-9f68-e1698c656800 elapsed_us=29777
static_stage_us prepare=53596 prefill=27093 select=29789 decode=993 total=111471
2026-09-26T21:19:31.962800Z	debug	dynamo_static_rpc_split	static prefill RPC split	connection.id=849 request.id=67296 request_id=7d90b2f6-b63e-4117-9b1d-f54f294d6c00 headers_us=25714 stream_us=97
2026-09-26T21:19:31.988333Z	debug	dynamo_static_rpc_split	static prefill RPC split	connection.id=781 request.id=67355 request_id=7387c210-d4fd-4d22-a209-a7e5d7b11500 headers_us=32825 stream_us=10
2026-09-26T21:19:31.994953Z	debug	dynamo_static_selector_rpc	static selector RPC	connection.id=849 request.id=67296 request_id=7d90b2f6-b63e-4117-9b1d-f54f294d6c00 elapsed_us=32136
static_stage_us prepare=42888 prefill=25829 select=32151 decode=1615 total=102483
2026-09-26T21:19:32.019152Z	debug	dynamo_static_rpc_split	static prefill RPC split	connection.id=938 request.id=67524 request_id=8389bf36-f9f0-466d-a966-fcff98b9b400 headers_us=37075 stream_us=5
2026-09-26T21:19:32.019296Z	debug	dynamo_static_selector_rpc	static selector RPC	connection.id=781 request.id=67355 request_id=7387c210-d4fd-4d22-a209-a7e5d7b11500 elapsed_us=30923
static_stage_us prepare=54504 prefill=32874 select=30939 decode=1509 total=119826
2026-09-26T21:19:32.030219Z	debug	dynamo_static_rpc_split	static prefill RPC split	connection.id=692 request.id=67707 request_id=008d010e-fe6d-405e-85ca-10660e30da00 headers_us=26863 stream_us=17
2026-09-26T21:19:32.053660Z	debug	dynamo_static_selector_rpc	static selector RPC	connection.id=938 request.id=67524 request_id=8389bf36-f9f0-466d-a966-fcff98b9b400 elapsed_us=34495
static_stage_us prepare=58960 prefill=37095 select=34507 decode=974 total=131536
2026-09-26T21:19:32.061460Z	debug	dynamo_static_selector_rpc	static selector RPC	connection.id=692 request.id=67707 request_id=008d010e-fe6d-405e-85ca-10660e30da00 elapsed_us=31227
2026-09-26T21:19:32.061897Z	debug	dynamo_static_rpc_split	static prefill RPC split	connection.id=205 request.id=67855 request_id=47e80fb3-009c-4bbc-878e-76033d15c700 headers_us=25388 stream_us=7
static_stage_us prepare=56057 prefill=26897 select=31245 decode=2480 total=116679
2026-09-26T21:19:32.087983Z	debug	dynamo_static_rpc_split	static prefill RPC split	connection.id=817 request.id=68019 request_id=dc73d0c5-3981-4521-b43f-4e595f862c00 headers_us=27016 stream_us=40
2026-09-26T21:19:32.090232Z	debug	dynamo_static_selector_rpc	static selector RPC	connection.id=205 request.id=67855 request_id=47e80fb3-009c-4bbc-878e-76033d15c700 elapsed_us=28321
static_stage_us prepare=59088 prefill=25408 select=28335 decode=878 total=113709
2026-09-26T21:19:32.116139Z	debug	dynamo_static_selector_rpc	static selector RPC	connection.id=817 request.id=68019 request_id=dc73d0c5-3981-4521-b43f-4e595f862c00 elapsed_us=28116
static_stage_us prepare=53942 prefill=27098 select=28130 decode=2079 total=111249
2026-09-26T21:19:32.241377Z	debug	dynamo_static_rpc_split	static prefill RPC split	connection.id=770 request.id=68997 request_id=013614d4-3a97-4e89-ae3a-554cd95ca000 headers_us=32938 stream_us=5
2026-09-26T21:19:32.253680Z	debug	dynamo_static_rpc_split	static prefill RPC split	connection.id=916 request.id=69151 request_id=723c6f64-e617-4373-9739-e9f39a01f900 headers_us=21720 stream_us=12
2026-09-26T21:19:32.265542Z	debug	dynamo_static_selector_rpc	static selector RPC	connection.id=770 request.id=68997 request_id=013614d4-3a97-4e89-ae3a-554cd95ca000 elapsed_us=24146
static_stage_us prepare=46472 prefill=32964 select=24166 decode=722 total=104324
2026-09-26T21:19:32.284024Z	debug	dynamo_static_selector_rpc	static selector RPC	connection.id=916 request.id=69151 request_id=723c6f64-e617-4373-9739-e9f39a01f900 elapsed_us=30328
static_stage_us prepare=47630 prefill=21749 select=30343 decode=1431 total=101153
2026-09-26T21:19:32.349238Z	debug	dynamo_static_rpc_split	static prefill RPC split	connection.id=261 request.id=69644 request_id=5ab51d8d-b3c0-40ec-88f0-04b1a985b000 headers_us=36030 stream_us=13
2026-09-26T21:19:32.364797Z	debug	dynamo_static_rpc_split	static prefill RPC split	connection.id=872 request.id=69807 request_id=84282e7a-36aa-4e93-88d3-d23a4fd3cb00 headers_us=30051 stream_us=9
2026-09-26T21:19:32.375167Z	debug	dynamo_static_selector_rpc	static selector RPC	connection.id=261 request.id=69644 request_id=5ab51d8d-b3c0-40ec-88f0-04b1a985b000 elapsed_us=25886
static_stage_us prepare=49612 prefill=36088 select=25906 decode=2010 total=113616
2026-09-26T21:19:32.390183Z	debug	dynamo_static_selector_rpc	static selector RPC	connection.id=872 request.id=69807 request_id=84282e7a-36aa-4e93-88d3-d23a4fd3cb00 elapsed_us=25372
static_stage_us prepare=45840 prefill=30074 select=25383 decode=3001 total=104298
2026-09-26T21:19:32.472504Z	debug	dynamo_static_rpc_split	static prefill RPC split	connection.id=212 request.id=70522 request_id=5898681f-f5f4-4d52-b8b1-905188c75200 headers_us=25199 stream_us=5
2026-09-26T21:19:32.473542Z	debug	dynamo_static_rpc_split	static prefill RPC split	connection.id=675 request.id=70455 request_id=b450cb29-a2cb-4abc-bfff-e6955235a200 headers_us=29757 stream_us=3
2026-09-26T21:19:32.504772Z	debug	dynamo_static_selector_rpc	static selector RPC	connection.id=212 request.id=70522 request_id=5898681f-f5f4-4d52-b8b1-905188c75200 elapsed_us=32250
2026-09-26T21:19:32.504980Z	debug	dynamo_static_selector_rpc	static selector RPC	connection.id=675 request.id=70455 request_id=b450cb29-a2cb-4abc-bfff-e6955235a200 elapsed_us=31422
static_stage_us prepare=42655 prefill=25222 select=32267 decode=1089 total=101233
static_stage_us prepare=49227 prefill=29779 select=31432 decode=1507 total=111945
2026-09-26T21:19:32.542747Z	debug	dynamo_static_rpc_split	static prefill RPC split	connection.id=301 request.id=70952 request_id=f356ec42-7929-498a-9033-a170c347d400 headers_us=28260 stream_us=10
2026-09-26T21:19:32.569804Z	debug	dynamo_static_selector_rpc	static selector RPC	connection.id=301 request.id=70952 request_id=f356ec42-7929-498a-9033-a170c347d400 elapsed_us=27044
static_stage_us prepare=49272 prefill=28283 select=27062 decode=971 total=105588
2026-09-26T21:19:32.576513Z	debug	dynamo_static_rpc_split	static prefill RPC split	connection.id=815 request.id=71147 request_id=b05e21c2-fada-43e1-be12-2731b573cb00 headers_us=29114 stream_us=11
2026-09-26T21:19:32.603637Z	debug	dynamo_static_selector_rpc	static selector RPC	connection.id=815 request.id=71147 request_id=b05e21c2-fada-43e1-be12-2731b573cb00 elapsed_us=27107
static_stage_us prepare=54770 prefill=29141 select=27119 decode=3345 total=114375
2026-09-26T21:19:32.648304Z	debug	dynamo_static_rpc_split	static prefill RPC split	connection.id=825 request.id=71606 request_id=ae8c0f4a-8afe-4c7d-bbe6-7e41094b8e00 headers_us=36625 stream_us=10
2026-09-26T21:19:32.652643Z	debug	dynamo_static_rpc_split	static prefill RPC split	connection.id=717 request.id=71655 request_id=efbd9116-f77f-41e5-9546-e96aaedb3a00 headers_us=30122 stream_us=8
2026-09-26T21:19:32.677305Z	debug	dynamo_static_selector_rpc	static selector RPC	connection.id=825 request.id=71606 request_id=ae8c0f4a-8afe-4c7d-bbe6-7e41094b8e00 elapsed_us=28983
2026-09-26T21:19:32.677509Z	debug	dynamo_static_selector_rpc	static selector RPC	connection.id=717 request.id=71655 request_id=efbd9116-f77f-41e5-9546-e96aaedb3a00 elapsed_us=24848
static_stage_us prepare=45183 prefill=30150 select=24874 decode=760 total=100967
static_stage_us prepare=41762 prefill=36655 select=29001 decode=1206 total=108624
2026-09-26T21:19:32.684667Z	debug	dynamo_static_rpc_split	static prefill RPC split	connection.id=878 request.id=71787 request_id=30c613f3-45ae-45c7-972e-9547f6462100 headers_us=29956 stream_us=6
2026-09-26T21:19:32.711648Z	debug	dynamo_static_selector_rpc	static selector RPC	connection.id=878 request.id=71787 request_id=30c613f3-45ae-45c7-972e-9547f6462100 elapsed_us=26967
static_stage_us prepare=51208 prefill=29978 select=26982 decode=1076 total=109244
2026-09-26T21:19:32.794008Z	debug	dynamo_static_rpc_split	static prefill RPC split	connection.id=725 request.id=72378 request_id=fbbdd713-c5c9-4600-87a0-21f4dc1b1500 headers_us=31987 stream_us=7
2026-09-26T21:19:32.819870Z	debug	dynamo_static_rpc_split	static prefill RPC split	connection.id=741 request.id=72627 request_id=e40b07d7-b312-4bc8-bf90-1ca989399c00 headers_us=27543 stream_us=11
2026-09-26T21:19:32.819874Z	debug	dynamo_static_rpc_split	static prefill RPC split	connection.id=501 request.id=72595 request_id=13ad8023-9ba4-41d9-8003-4b9e46108800 headers_us=31792 stream_us=15
2026-09-26T21:19:32.826603Z	debug	dynamo_static_selector_rpc	static selector RPC	connection.id=725 request.id=72378 request_id=fbbdd713-c5c9-4600-87a0-21f4dc1b1500 elapsed_us=32557
static_stage_us prepare=63564 prefill=32033 select=32569 decode=2863 total=131029
2026-09-26T21:19:32.838441Z	debug	dynamo_static_rpc_split	static prefill RPC split	connection.id=506 request.id=72741 request_id=9ac37b6c-6bf8-4fa1-8680-37049d9d4200 headers_us=27385 stream_us=2
2026-09-26T21:19:32.851152Z	debug	dynamo_static_selector_rpc	static selector RPC	connection.id=741 request.id=72627 request_id=e40b07d7-b312-4bc8-bf90-1ca989399c00 elapsed_us=31253
static_stage_us prepare=52907 prefill=27584 select=31267 decode=1092 total=112850
2026-09-26T21:19:32.852699Z	debug	dynamo_static_selector_rpc	static selector RPC	connection.id=501 request.id=72595 request_id=13ad8023-9ba4-41d9-8003-4b9e46108800 elapsed_us=32798
static_stage_us prepare=56042 prefill=31834 select=32811 decode=1823 total=122510
2026-09-26T21:19:32.868022Z	debug	dynamo_static_selector_rpc	static selector RPC	connection.id=506 request.id=72741 request_id=9ac37b6c-6bf8-4fa1-8680-37049d9d4200 elapsed_us=29565
static_stage_us prepare=54075 prefill=27404 select=29578 decode=857 total=111914
2026-09-26T21:19:32.871326Z	debug	dynamo_static_rpc_split	static prefill RPC split	connection.id=193 request.id=73041 request_id=1978a39d-53a2-418b-bee2-14589e8c8400 headers_us=23783 stream_us=11
2026-09-26T21:19:32.877745Z	debug	dynamo_static_rpc_split	static prefill RPC split	connection.id=872 request.id=73012 request_id=4a448b2b-604d-4414-b59d-4fc86aa21f00 headers_us=27699 stream_us=7
2026-09-26T21:19:32.895304Z	debug	dynamo_static_selector_rpc	static selector RPC	connection.id=193 request.id=73041 request_id=1978a39d-53a2-418b-bee2-14589e8c8400 elapsed_us=23957
static_stage_us prepare=40350 prefill=23815 select=23970 decode=1662 total=89797
2026-09-26T21:19:32.907474Z	debug	dynamo_static_selector_rpc	static selector RPC	connection.id=872 request.id=73012 request_id=4a448b2b-604d-4414-b59d-4fc86aa21f00 elapsed_us=29709
static_stage_us prepare=46912 prefill=27727 select=29728 decode=2235 total=106602
2026-09-26T21:19:32.915471Z	debug	dynamo_static_rpc_split	static prefill RPC split	connection.id=451 request.id=73211 request_id=ffbccdc1-9306-4790-ace6-fd56937bb300 headers_us=30147 stream_us=9
2026-09-26T21:19:32.922369Z	debug	dynamo_static_rpc_split	static prefill RPC split	connection.id=718 request.id=73273 request_id=cddbbde3-fa27-4b0e-ac65-b43950882000 headers_us=27172 stream_us=7
2026-09-26T21:19:32.938924Z	debug	dynamo_static_selector_rpc	static selector RPC	connection.id=451 request.id=73211 request_id=ffbccdc1-9306-4790-ace6-fd56937bb300 elapsed_us=23440
static_stage_us prepare=46739 prefill=30172 select=23460 decode=881 total=101252
2026-09-26T21:19:32.941457Z	debug	dynamo_static_rpc_split	static prefill RPC split	connection.id=529 request.id=73432 request_id=1e1888b8-fd3c-47bc-97b7-966159b97100 headers_us=26939 stream_us=3
2026-09-26T21:19:32.952145Z	debug	dynamo_static_selector_rpc	static selector RPC	connection.id=718 request.id=73273 request_id=cddbbde3-fa27-4b0e-ac65-b43950882000 elapsed_us=29747
static_stage_us prepare=51051 prefill=27207 select=29764 decode=1209 total=109231
2026-09-26T21:19:32.964266Z	debug	dynamo_static_selector_rpc	static selector RPC	connection.id=529 request.id=73432 request_id=1e1888b8-fd3c-47bc-97b7-966159b97100 elapsed_us=22797
static_stage_us prepare=45169 prefill=26955 select=22812 decode=2612 total=97548
2026-09-26T21:19:33.004180Z	debug	dynamo_static_rpc_split	static prefill RPC split	connection.id=222 request.id=73850 request_id=605a663d-f553-4ac0-b87c-5a529213bc00 headers_us=27932 stream_us=14
2026-09-26T21:19:33.030521Z	debug	dynamo_static_selector_rpc	static selector RPC	connection.id=222 request.id=73850 request_id=605a663d-f553-4ac0-b87c-5a529213bc00 elapsed_us=26325
static_stage_us prepare=44270 prefill=27963 select=26346 decode=1165 total=99744
2026-09-26T21:19:33.050499Z	debug	dynamo_static_rpc_split	static prefill RPC split	connection.id=907 request.id=74055 request_id=d9c9a08b-319b-462e-90bc-70fe96115a00 headers_us=27366 stream_us=3
2026-09-26T21:19:33.056031Z	debug	dynamo_static_rpc_split	static prefill RPC split	connection.id=268 request.id=74192 request_id=84c9ba04-8cca-447f-bc4b-763650927e00 headers_us=30216 stream_us=11
2026-09-26T21:19:33.080464Z	debug	dynamo_static_selector_rpc	static selector RPC	connection.id=907 request.id=74055 request_id=d9c9a08b-319b-462e-90bc-70fe96115a00 elapsed_us=29951
static_stage_us prepare=55354 prefill=27384 select=29978 decode=1668 total=114384
2026-09-26T21:19:33.085508Z	debug	dynamo_static_selector_rpc	static selector RPC	connection.id=268 request.id=74192 request_id=84c9ba04-8cca-447f-bc4b-763650927e00 elapsed_us=29461
static_stage_us prepare=39616 prefill=30244 select=29472 decode=1558 total=100890
2026-09-26T21:19:33.172461Z	debug	dynamo_static_rpc_split	static prefill RPC split	connection.id=230 request.id=74978 request_id=9c49f47d-0061-45bd-a40f-5507cc270f00 headers_us=26182 stream_us=4
2026-09-26T21:19:33.200472Z	debug	dynamo_static_selector_rpc	static selector RPC	connection.id=230 request.id=74978 request_id=9c49f47d-0061-45bd-a40f-5507cc270f00 elapsed_us=27991
static_stage_us prepare=41681 prefill=26207 select=28015 decode=1785 total=97688
2026-09-26T21:19:33.211346Z	debug	dynamo_static_rpc_split	static prefill RPC split	connection.id=178 request.id=75156 request_id=ff8cdce1-736a-42b5-8bb0-05dd1ed77e00 headers_us=22688 stream_us=4
2026-09-26T21:19:33.223674Z	debug	dynamo_static_rpc_split	static prefill RPC split	connection.id=859 request.id=75231 request_id=823edba7-3836-4d81-887c-8c78238ed500 headers_us=29932 stream_us=6
2026-09-26T21:19:33.238093Z	debug	dynamo_static_selector_rpc	static selector RPC	connection.id=178 request.id=75156 request_id=ff8cdce1-736a-42b5-8bb0-05dd1ed77e00 elapsed_us=26732
static_stage_us prepare=53789 prefill=22708 select=26745 decode=1641 total=104883
2026-09-26T21:19:33.255958Z	debug	dynamo_static_selector_rpc	static selector RPC	connection.id=859 request.id=75231 request_id=823edba7-3836-4d81-887c-8c78238ed500 elapsed_us=32267
static_stage_us prepare=47036 prefill=29955 select=32282 decode=1873 total=111146
2026-09-26T21:19:33.319302Z	debug	dynamo_static_rpc_split	static prefill RPC split	connection.id=301 request.id=75863 request_id=74ad9e75-9ac0-4487-9164-e34005d54300 headers_us=30393 stream_us=10
2026-09-26T21:19:33.332982Z	debug	dynamo_static_rpc_split	static prefill RPC split	connection.id=562 request.id=75922 request_id=a128bb5a-7d4d-490f-b8d6-ba7f960e1c00 headers_us=29182 stream_us=13
2026-09-26T21:19:33.349910Z	debug	dynamo_static_rpc_split	static prefill RPC split	connection.id=684 request.id=76005 request_id=692ae731-89b2-414c-a21d-fd41949a0400 headers_us=32379 stream_us=13
2026-09-26T21:19:33.352750Z	debug	dynamo_static_selector_rpc	static selector RPC	connection.id=301 request.id=75863 request_id=74ad9e75-9ac0-4487-9164-e34005d54300 elapsed_us=33433
static_stage_us prepare=50368 prefill=30420 select=33444 decode=917 total=115149
2026-09-26T21:19:33.369191Z	debug	dynamo_static_selector_rpc	static selector RPC	connection.id=562 request.id=75922 request_id=a128bb5a-7d4d-490f-b8d6-ba7f960e1c00 elapsed_us=36194
static_stage_us prepare=55795 prefill=29210 select=36208 decode=1091 total=122304
2026-09-26T21:19:33.379005Z	debug	dynamo_static_rpc_split	static prefill RPC split	connection.id=321 request.id=76280 request_id=c33ab21d-ba20-4f20-98f4-515b1a2d4600 headers_us=31378 stream_us=5
2026-09-26T21:19:33.383353Z	debug	dynamo_static_selector_rpc	static selector RPC	connection.id=684 request.id=76005 request_id=692ae731-89b2-414c-a21d-fd41949a0400 elapsed_us=33423
static_stage_us prepare=55333 prefill=32414 select=33438 decode=2337 total=123522
2026-09-26T21:19:33.413273Z	debug	dynamo_static_selector_rpc	static selector RPC	connection.id=321 request.id=76280 request_id=c33ab21d-ba20-4f20-98f4-515b1a2d4600 elapsed_us=34257
static_stage_us prepare=47047 prefill=31396 select=34271 decode=1836 total=114550
2026-09-26T21:19:33.416395Z	debug	dynamo_static_rpc_split	static prefill RPC split	connection.id=291 request.id=76515 request_id=82440e66-f464-4e96-b25e-97d5d3270200 headers_us=25050 stream_us=4
2026-09-26T21:19:33.437193Z	debug	dynamo_static_rpc_split	static prefill RPC split	connection.id=364 request.id=76552 request_id=8195579c-e016-4082-acb2-e48caf6f6900 headers_us=28389 stream_us=3
2026-09-26T21:19:33.447823Z	debug	dynamo_static_selector_rpc	static selector RPC	connection.id=291 request.id=76515 request_id=82440e66-f464-4e96-b25e-97d5d3270200 elapsed_us=31413
static_stage_us prepare=56629 prefill=25070 select=31428 decode=1088 total=114215
2026-09-26T21:19:33.461495Z	debug	dynamo_static_selector_rpc	static selector RPC	connection.id=364 request.id=76552 request_id=8195579c-e016-4082-acb2-e48caf6f6900 elapsed_us=24284
static_stage_us prepare=60335 prefill=28411 select=24296 decode=1390 total=114432
2026-09-26T21:19:33.542845Z	debug	dynamo_static_rpc_split	static prefill RPC split	connection.id=570 request.id=77337 request_id=a6cc20f4-156a-410b-990a-ae5cfd084700 headers_us=28715 stream_us=3
2026-09-26T21:19:33.546276Z	debug	dynamo_static_rpc_split	static prefill RPC split	connection.id=813 request.id=77365 request_id=b4f9a50d-ec1f-4de2-aaa1-51df140a3100 headers_us=33121 stream_us=6
2026-09-26T21:19:33.569819Z	debug	dynamo_static_selector_rpc	static selector RPC	connection.id=813 request.id=77365 request_id=b4f9a50d-ec1f-4de2-aaa1-51df140a3100 elapsed_us=23513
2026-09-26T21:19:33.570010Z	debug	dynamo_static_selector_rpc	static selector RPC	connection.id=570 request.id=77337 request_id=a6cc20f4-156a-410b-990a-ae5cfd084700 elapsed_us=27144
static_stage_us prepare=36349 prefill=33158 select=23540 decode=1396 total=94443
static_stage_us prepare=39486 prefill=28739 select=27160 decode=1494 total=96879
2026-09-26T21:19:33.613793Z	debug	dynamo_static_rpc_split	static prefill RPC split	connection.id=497 request.id=77732 request_id=85b5b885-ed6f-4775-8bcd-f1f8901c5200 headers_us=23779 stream_us=15
static_stage_us prepare=51762 prefill=23812 select=31753 decode=1950 total=109277
2026-09-26T21:19:33.645544Z	debug	dynamo_static_selector_rpc	static selector RPC	connection.id=497 request.id=77732 request_id=85b5b885-ed6f-4775-8bcd-f1f8901c5200 elapsed_us=31734
2026-09-26T21:19:33.711440Z	debug	dynamo_static_rpc_split	static prefill RPC split	connection.id=932 request.id=78319 request_id=1461a25b-6244-4238-8643-ddea5999e900 headers_us=21989 stream_us=6
2026-09-26T21:19:33.716017Z	debug	dynamo_static_rpc_split	static prefill RPC split	connection.id=148 request.id=78294 request_id=e7137139-823c-4805-853a-98046795ca00 headers_us=26631 stream_us=7
2026-09-26T21:19:33.740298Z	debug	dynamo_static_selector_rpc	static selector RPC	connection.id=932 request.id=78319 request_id=1461a25b-6244-4238-8643-ddea5999e900 elapsed_us=28837
static_stage_us prepare=43249 prefill=22016 select=28852 decode=876 total=94993
2026-09-26T21:19:33.747365Z	debug	dynamo_static_selector_rpc	static selector RPC	connection.id=148 request.id=78294 request_id=e7137139-823c-4805-853a-98046795ca00 elapsed_us=31329
static_stage_us prepare=43644 prefill=26658 select=31340 decode=1317 total=102959
2026-09-26T21:19:33.761402Z	debug	dynamo_static_rpc_split	static prefill RPC split	connection.id=920 request.id=78597 request_id=48f31c3d-1962-45c4-bb68-31a937e1f900 headers_us=27095 stream_us=14
2026-09-26T21:19:33.761422Z	debug	dynamo_static_rpc_split	static prefill RPC split	connection.id=628 request.id=78567 request_id=0813381c-6899-41d6-9c83-7e9f073a8300 headers_us=30171 stream_us=3
2026-09-26T21:19:33.790355Z	debug	dynamo_static_selector_rpc	static selector RPC	connection.id=920 request.id=78597 request_id=48f31c3d-1962-45c4-bb68-31a937e1f900 elapsed_us=28937
static_stage_us prepare=58109 prefill=27124 select=28951 decode=2592 total=116776
2026-09-26T21:19:33.816687Z	debug	dynamo_static_selector_rpc	static selector RPC	connection.id=628 request.id=78567 request_id=0813381c-6899-41d6-9c83-7e9f073a8300 elapsed_us=55253
static_stage_us prepare=59805 prefill=30188 select=55271 decode=1428 total=146692
2026-09-26T21:19:33.845101Z	debug	dynamo_static_rpc_split	static prefill RPC split	connection.id=745 request.id=78965 request_id=081e5ce5-f7e6-45b3-ad39-5726a9f5c400 headers_us=55684 stream_us=5
2026-09-26T21:19:33.874145Z	debug	dynamo_static_selector_rpc	static selector RPC	connection.id=745 request.id=78965 request_id=081e5ce5-f7e6-45b3-ad39-5726a9f5c400 elapsed_us=29031
static_stage_us prepare=52435 prefill=55703 select=29047 decode=2754 total=139939
2026-09-26T21:19:33.955573Z	debug	dynamo_static_rpc_split	static prefill RPC split	connection.id=484 request.id=79691 request_id=7a0a4f22-caf9-4773-9af2-6b71bdb74f00 headers_us=29680 stream_us=8
2026-09-26T21:19:33.969082Z	debug	dynamo_static_rpc_split	static prefill RPC split	connection.id=202 request.id=79823 request_id=925a344a-6337-49fe-a18f-f5c73cd8cd00 headers_us=25749 stream_us=13
2026-09-26T21:19:33.987700Z	debug	dynamo_static_selector_rpc	static selector RPC	connection.id=484 request.id=79691 request_id=7a0a4f22-caf9-4773-9af2-6b71bdb74f00 elapsed_us=32102
static_stage_us prepare=57078 prefill=29713 select=32125 decode=1049 total=119965
2026-09-26T21:19:34.000737Z	debug	dynamo_static_selector_rpc	static selector RPC	connection.id=202 request.id=79823 request_id=925a344a-6337-49fe-a18f-f5c73cd8cd00 elapsed_us=31572
static_stage_us prepare=51911 prefill=25845 select=31608 decode=2427 total=111791
2026-09-26T21:19:34.026065Z	debug	dynamo_static_rpc_split	static prefill RPC split	connection.id=633 request.id=80123 request_id=23bc0e11-25e8-4d84-850a-9a3135707f00 headers_us=29797 stream_us=9
2026-09-26T21:19:34.026120Z	debug	dynamo_static_rpc_split	static prefill RPC split	connection.id=481 request.id=80165 request_id=b05ee129-4c61-450c-97f1-9ff6fa84ec00 headers_us=35607 stream_us=10
2026-09-26T21:19:34.052168Z	debug	dynamo_static_selector_rpc	static selector RPC	connection.id=481 request.id=80165 request_id=b05ee129-4c61-450c-97f1-9ff6fa84ec00 elapsed_us=26028
static_stage_us prepare=44459 prefill=35637 select=26042 decode=774 total=106912
2026-09-26T21:19:34.058314Z	debug	dynamo_static_selector_rpc	static selector RPC	connection.id=633 request.id=80123 request_id=23bc0e11-25e8-4d84-850a-9a3135707f00 elapsed_us=32212
static_stage_us prepare=57950 prefill=29844 select=32224 decode=1828 total=121846
2026-09-26T21:19:34.087559Z	debug	dynamo_static_rpc_split	static prefill RPC split	connection.id=749 request.id=80528 request_id=3ad0950d-ad2a-4796-bd9d-eaf9c3044300 headers_us=32872 stream_us=26
2026-09-26T21:19:34.116464Z	debug	dynamo_static_rpc_split	static prefill RPC split	connection.id=932 request.id=80696 request_id=17fa537c-9dd2-4e12-83d9-16d554be6100 headers_us=29271 stream_us=3
2026-09-26T21:19:34.119599Z	debug	dynamo_static_selector_rpc	static selector RPC	connection.id=749 request.id=80528 request_id=3ad0950d-ad2a-4796-bd9d-eaf9c3044300 elapsed_us=32022
static_stage_us prepare=47523 prefill=32916 select=32041 decode=1154 total=113634
2026-09-26T21:19:34.143986Z	debug	dynamo_static_rpc_split	static prefill RPC split	connection.id=158 request.id=80881 request_id=289ff189-5d14-424f-9c4b-02b707b43d00 headers_us=30898 stream_us=5
2026-09-26T21:19:34.145496Z	debug	dynamo_static_selector_rpc	static selector RPC	connection.id=932 request.id=80696 request_id=17fa537c-9dd2-4e12-83d9-16d554be6100 elapsed_us=29017
static_stage_us prepare=55398 prefill=29291 select=29027 decode=2845 total=116561
2026-09-26T21:19:34.176852Z	debug	dynamo_static_selector_rpc	static selector RPC	connection.id=158 request.id=80881 request_id=289ff189-5d14-424f-9c4b-02b707b43d00 elapsed_us=32851
static_stage_us prepare=52631 prefill=30918 select=32865 decode=2052 total=118466
2026-09-26T21:19:34.245420Z	debug	dynamo_static_rpc_split	static prefill RPC split	connection.id=911 request.id=81458 request_id=ab2b166e-f768-4a0b-8cfb-7c8fa20d8f00 headers_us=35690 stream_us=4
2026-09-26T21:19:34.249514Z	debug	dynamo_static_rpc_split	static prefill RPC split	connection.id=808 request.id=81547 request_id=5d2e4b82-1491-42bb-bea5-f804f5607f00 headers_us=23334 stream_us=4
2026-09-26T21:19:34.272369Z	debug	dynamo_static_selector_rpc	static selector RPC	connection.id=911 request.id=81458 request_id=ab2b166e-f768-4a0b-8cfb-7c8fa20d8f00 elapsed_us=26928
static_stage_us prepare=50954 prefill=35715 select=26944 decode=1081 total=114694
2026-09-26T21:19:34.275096Z	debug	dynamo_static_selector_rpc	static selector RPC	connection.id=808 request.id=81547 request_id=5d2e4b82-1491-42bb-bea5-f804f5607f00 elapsed_us=25564
static_stage_us prepare=52651 prefill=23356 select=25585 decode=1327 total=102919
2026-09-26T21:19:34.328219Z	debug	dynamo_static_rpc_split	static prefill RPC split	connection.id=706 request.id=81918 request_id=f897cc1b-1107-4d51-aa68-716ee1a7cd00 headers_us=35237 stream_us=4
2026-09-26T21:19:34.346701Z	debug	dynamo_static_rpc_split	static prefill RPC split	connection.id=187 request.id=82095 request_id=ae33d11f-3ffc-4843-9170-4a69afb49600 headers_us=26671 stream_us=4
2026-09-26T21:19:34.358069Z	debug	dynamo_static_selector_rpc	static selector RPC	connection.id=706 request.id=81918 request_id=f897cc1b-1107-4d51-aa68-716ee1a7cd00 elapsed_us=26779
static_stage_us prepare=63394 prefill=38311 select=26798 decode=1077 total=129580
2026-09-26T21:19:34.365437Z	debug	dynamo_static_rpc_split	static prefill RPC split	connection.id=433 request.id=82145 request_id=1ff2cd96-1734-4bc7-8f46-3f5b8cfc4f00 headers_us=32544 stream_us=32
2026-09-26T21:19:34.372673Z	debug	dynamo_static_selector_rpc	static selector RPC	connection.id=187 request.id=82095 request_id=ae33d11f-3ffc-4843-9170-4a69afb49600 elapsed_us=25958
static_stage_us prepare=61778 prefill=26690 select=25971 decode=1132 total=115571
2026-09-26T21:19:34.389110Z	debug	dynamo_static_selector_rpc	static selector RPC	connection.id=433 request.id=82145 request_id=1ff2cd96-1734-4bc7-8f46-3f5b8cfc4f00 elapsed_us=23652
2026-09-26T21:19:34.389578Z	debug	dynamo_static_rpc_split	static prefill RPC split	connection.id=504 request.id=82351 request_id=98b129f0-4b9e-4956-90d7-30ce42b7ba00 headers_us=24759 stream_us=13
static_stage_us prepare=65001 prefill=32598 select=23665 decode=4060 total=125324
2026-09-26T21:19:34.412921Z	debug	dynamo_static_selector_rpc	static selector RPC	connection.id=504 request.id=82351 request_id=98b129f0-4b9e-4956-90d7-30ce42b7ba00 elapsed_us=23329
static_stage_us prepare=66156 prefill=24787 select=23357 decode=957 total=115257
2026-09-26T21:19:34.478745Z	debug	dynamo_static_rpc_split	static prefill RPC split	connection.id=649 request.id=83038 request_id=7e2e4d01-eac1-4fe8-9a7f-95d5eb53e000 headers_us=26063 stream_us=7
2026-09-26T21:19:34.483664Z	debug	dynamo_static_rpc_split	static prefill RPC split	connection.id=531 request.id=83100 request_id=fa341caa-0140-4200-8bfa-8c2dd68e6b00 headers_us=22545 stream_us=10
2026-09-26T21:19:34.498630Z	debug	dynamo_static_selector_rpc	static selector RPC	connection.id=649 request.id=83038 request_id=7e2e4d01-eac1-4fe8-9a7f-95d5eb53e000 elapsed_us=19868
static_stage_us prepare=40867 prefill=26087 select=19880 decode=1016 total=87850
2026-09-26T21:19:34.507799Z	debug	dynamo_static_selector_rpc	static selector RPC	connection.id=531 request.id=83100 request_id=fa341caa-0140-4200-8bfa-8c2dd68e6b00 elapsed_us=24121
static_stage_us prepare=41282 prefill=22569 select=24146 decode=991 total=88988
2026-09-26T21:19:34.513783Z	debug	dynamo_static_rpc_split	static prefill RPC split	connection.id=528 request.id=83311 request_id=70cd1ed3-0903-4a70-b46a-7a70e6d16e00 headers_us=19592 stream_us=62
2026-09-26T21:19:34.527135Z	debug	dynamo_static_rpc_split	static prefill RPC split	connection.id=470 request.id=83402 request_id=532194d5-e34b-43c3-8bdd-fa2033742b00 headers_us=20218 stream_us=4
2026-09-26T21:19:34.530579Z	debug	dynamo_static_selector_rpc	static selector RPC	connection.id=528 request.id=83311 request_id=70cd1ed3-0903-4a70-b46a-7a70e6d16e00 elapsed_us=16781
static_stage_us prepare=35059 prefill=19669 select=16794 decode=1604 total=73126
2026-09-26T21:19:34.556004Z	debug	dynamo_static_selector_rpc	static selector RPC	connection.id=470 request.id=83402 request_id=532194d5-e34b-43c3-8bdd-fa2033742b00 elapsed_us=28829
static_stage_us prepare=37925 prefill=20263 select=28841 decode=1252 total=88281
2026-09-26T21:19:34.653588Z	debug	dynamo_static_rpc_split	static prefill RPC split	connection.id=847 request.id=84023 request_id=5700c16c-748b-408e-9eac-c5e285ae9e00 headers_us=34279 stream_us=34
2026-09-26T21:19:34.673292Z	debug	dynamo_static_selector_rpc	static selector RPC	connection.id=847 request.id=84023 request_id=5700c16c-748b-408e-9eac-c5e285ae9e00 elapsed_us=19686
static_stage_us prepare=39489 prefill=34332 select=19701 decode=884 total=94406
2026-09-26T21:19:34.710976Z	debug	dynamo_static_rpc_split	static prefill RPC split	connection.id=214 request.id=84284 request_id=f92e4073-62e9-458e-b442-ba9b3192a200 headers_us=23526 stream_us=6
2026-09-26T21:19:34.723918Z	debug	dynamo_static_rpc_split	static prefill RPC split	connection.id=411 request.id=84428 request_id=b8548eea-6c7c-46a0-aee5-2905cd4b2100 headers_us=21956 stream_us=3
2026-09-26T21:19:34.729983Z	debug	dynamo_static_rpc_split	static prefill RPC split	connection.id=170 request.id=84393 request_id=2ef211e3-da22-450c-8c4a-dbe2f359fc00 headers_us=27049 stream_us=19
2026-09-26T21:19:34.738231Z	debug	dynamo_static_selector_rpc	static selector RPC	connection.id=214 request.id=84284 request_id=f92e4073-62e9-458e-b442-ba9b3192a200 elapsed_us=27237
static_stage_us prepare=47360 prefill=23551 select=27261 decode=1318 total=99490
2026-09-26T21:19:34.752755Z	debug	dynamo_static_selector_rpc	static selector RPC	connection.id=411 request.id=84428 request_id=b8548eea-6c7c-46a0-aee5-2905cd4b2100 elapsed_us=28810
static_stage_us prepare=35301 prefill=21987 select=28824 decode=730 total=86842
2026-09-26T21:19:34.755440Z	debug	dynamo_static_selector_rpc	static selector RPC	connection.id=170 request.id=84393 request_id=2ef211e3-da22-450c-8c4a-dbe2f359fc00 elapsed_us=25430
static_stage_us prepare=40500 prefill=27095 select=25444 decode=1452 total=94491
2026-09-26T21:19:34.788286Z	debug	dynamo_static_rpc_split	static prefill RPC split	connection.id=591 request.id=84823 request_id=9aa91d05-c364-4e9b-95ce-2d4b27f3f800 headers_us=26537 stream_us=9
2026-09-26T21:19:34.819317Z	debug	dynamo_static_selector_rpc	static selector RPC	connection.id=591 request.id=84823 request_id=9aa91d05-c364-4e9b-95ce-2d4b27f3f800 elapsed_us=30968
static_stage_us prepare=43636 prefill=26609 select=30982 decode=1281 total=102508
2026-09-26T21:19:34.826734Z	debug	dynamo_static_rpc_split	static prefill RPC split	connection.id=865 request.id=85075 request_id=6fe25e9b-4e28-4806-93fa-405ab994d500 headers_us=26785 stream_us=29
2026-09-26T21:19:34.856602Z	debug	dynamo_static_selector_rpc	static selector RPC	connection.id=865 request.id=85075 request_id=6fe25e9b-4e28-4806-93fa-405ab994d500 elapsed_us=29849
static_stage_us prepare=45627 prefill=26832 select=29864 decode=1099 total=103422
2026-09-26T21:19:34.862853Z	debug	dynamo_static_rpc_split	static prefill RPC split	connection.id=339 request.id=85267 request_id=54672657-0b44-4dcd-b60a-c39f96d24600 headers_us=33169 stream_us=12
2026-09-26T21:19:34.862909Z	debug	dynamo_static_rpc_split	static prefill RPC split	connection.id=200 request.id=85290 request_id=cf1a0177-ad92-481e-9211-7c76a10aa100 headers_us=27553 stream_us=24
2026-09-26T21:19:34.892463Z	debug	dynamo_static_selector_rpc	static selector RPC	connection.id=200 request.id=85290 request_id=cf1a0177-ad92-481e-9211-7c76a10aa100 elapsed_us=29539
static_stage_us prepare=49469 prefill=27591 select=29553 decode=759 total=107372
2026-09-26T21:19:34.894785Z	debug	dynamo_static_selector_rpc	static selector RPC	connection.id=339 request.id=85267 request_id=54672657-0b44-4dcd-b60a-c39f96d24600 elapsed_us=31904
static_stage_us prepare=46413 prefill=33210 select=31917 decode=1485 total=113025
2026-09-26T21:19:34.989175Z	debug	dynamo_static_rpc_split	static prefill RPC split	connection.id=413 request.id=86044 request_id=c42f2584-6c9c-4cdb-b92c-2c19ff7c5500 headers_us=27515 stream_us=3
2026-09-26T21:19:34.996498Z	debug	dynamo_static_rpc_split	static prefill RPC split	connection.id=146 request.id=86106 request_id=3d0901f1-7ced-4b34-b4ee-d17951146800 headers_us=29047 stream_us=10
2026-09-26T21:19:35.016449Z	debug	dynamo_static_selector_rpc	static selector RPC	connection.id=413 request.id=86044 request_id=c42f2584-6c9c-4cdb-b92c-2c19ff7c5500 elapsed_us=27256
static_stage_us prepare=57440 prefill=27537 select=27274 decode=1179 total=113430
2026-09-26T21:19:35.019462Z	debug	dynamo_static_rpc_split	static prefill RPC split	connection.id=286 request.id=86078 request_id=110863b6-2c25-43c8-b9a0-c53c6e1cbe00 headers_us=28530 stream_us=24
2026-09-26T21:19:35.022630Z	debug	dynamo_static_selector_rpc	static selector RPC	connection.id=146 request.id=86106 request_id=3d0901f1-7ced-4b34-b4ee-d17951146800 elapsed_us=26107
static_stage_us prepare=51079 prefill=29084 select=26120 decode=874 total=107157
2026-09-26T21:19:35.040867Z	debug	dynamo_static_selector_rpc	static selector RPC	connection.id=286 request.id=86078 request_id=110863b6-2c25-43c8-b9a0-c53c6e1cbe00 elapsed_us=21384
static_stage_us prepare=80520 prefill=28575 select=21398 decode=1313 total=131806
2026-09-26T21:19:35.111415Z	debug	dynamo_static_rpc_split	static prefill RPC split	connection.id=659 request.id=86756 request_id=e7d7170c-96aa-4f63-bcb7-c6daca0ca900 headers_us=33564 stream_us=4
2026-09-26T21:19:35.114866Z	debug	dynamo_static_rpc_split	static prefill RPC split	connection.id=860 request.id=86674 request_id=7dd8fd17-f0ae-4214-a0bf-b3f610d43c00 headers_us=34473 stream_us=14
2026-09-26T21:19:35.141317Z	debug	dynamo_static_rpc_split	static prefill RPC split	connection.id=322 request.id=86964 request_id=0f75265c-44f2-460e-b8cb-26f58f778100 headers_us=29975 stream_us=5
2026-09-26T21:19:35.142595Z	debug	dynamo_static_selector_rpc	static selector RPC	connection.id=860 request.id=86674 request_id=7dd8fd17-f0ae-4214-a0bf-b3f610d43c00 elapsed_us=27703
static_stage_us prepare=69285 prefill=34513 select=27723 decode=1533 total=133054
2026-09-26T21:19:35.147443Z	debug	dynamo_static_selector_rpc	static selector RPC	connection.id=659 request.id=86756 request_id=e7d7170c-96aa-4f63-bcb7-c6daca0ca900 elapsed_us=36012
static_stage_us prepare=55482 prefill=33587 select=36024 decode=2874 total=127967
2026-09-26T21:19:35.170891Z	debug	dynamo_static_selector_rpc	static selector RPC	connection.id=322 request.id=86964 request_id=0f75265c-44f2-460e-b8cb-26f58f778100 elapsed_us=29538
static_stage_us prepare=51152 prefill=30017 select=29552 decode=1461 total=112182
2026-09-26T21:19:35.201622Z	debug	dynamo_static_rpc_split	static prefill RPC split	connection.id=912 request.id=87301 request_id=5013f6bc-f941-4461-83fb-be4a00ccaf00 headers_us=30358 stream_us=4
2026-09-26T21:19:35.230143Z	debug	dynamo_static_selector_rpc	static selector RPC	connection.id=912 request.id=87301 request_id=5013f6bc-f941-4461-83fb-be4a00ccaf00 elapsed_us=28508
static_stage_us prepare=57082 prefill=30377 select=28524 decode=1495 total=117478
2026-09-26T21:19:35.240965Z	debug	dynamo_static_rpc_split	static prefill RPC split	connection.id=228 request.id=87548 request_id=2ad52fea-ea2e-412d-beaf-8cba3405a600 headers_us=33262 stream_us=3
2026-09-26T21:19:35.257335Z	debug	dynamo_static_rpc_split	static prefill RPC split	connection.id=373 request.id=87609 request_id=c542578c-fbb6-4685-bdf1-dd9ed85b9200 headers_us=36421 stream_us=11
2026-09-26T21:19:35.272628Z	debug	dynamo_static_selector_rpc	static selector RPC	connection.id=228 request.id=87548 request_id=2ad52fea-ea2e-412d-beaf-8cba3405a600 elapsed_us=31644
static_stage_us prepare=47433 prefill=33286 select=31662 decode=1262 total=113643
2026-09-26T21:19:35.284736Z	debug	dynamo_static_selector_rpc	static selector RPC	connection.id=373 request.id=87609 request_id=c542578c-fbb6-4685-bdf1-dd9ed85b9200 elapsed_us=27351
static_stage_us prepare=54511 prefill=36483 select=27363 decode=861 total=119218
2026-09-26T21:19:35.406595Z	debug	dynamo_static_rpc_split	static prefill RPC split	connection.id=370 request.id=88499 request_id=ca887f1a-c864-4c54-bb3b-91d8092cd000 headers_us=29704 stream_us=9
2026-09-26T21:19:35.406652Z	debug	dynamo_static_rpc_split	static prefill RPC split	connection.id=281 request.id=88502 request_id=0fe69681-8763-4d4b-afb8-ac640236e800 headers_us=29738 stream_us=4
2026-09-26T21:19:35.428421Z	debug	dynamo_static_selector_rpc	static selector RPC	connection.id=370 request.id=88499 request_id=ca887f1a-c864-4c54-bb3b-91d8092cd000 elapsed_us=21798
static_stage_us prepare=61344 prefill=29740 select=21816 decode=1282 total=114182
2026-09-26T21:19:35.435429Z	debug	dynamo_static_selector_rpc	static selector RPC	connection.id=281 request.id=88502 request_id=0fe69681-8763-4d4b-afb8-ac640236e800 elapsed_us=28773
static_stage_us prepare=60745 prefill=29746 select=28790 decode=854 total=120135
2026-09-26T21:19:35.469226Z	debug	dynamo_static_rpc_split	static prefill RPC split	connection.id=589 request.id=88959 request_id=a05497f3-db28-43f4-bba2-fd6eba006000 headers_us=25037 stream_us=5
2026-09-26T21:19:35.484728Z	debug	dynamo_static_rpc_split	static prefill RPC split	connection.id=458 request.id=89073 request_id=dc708238-e610-4a28-9c22-955b22f17100 headers_us=25308 stream_us=13
2026-09-26T21:19:35.500599Z	debug	dynamo_static_selector_rpc	static selector RPC	connection.id=589 request.id=88959 request_id=a05497f3-db28-43f4-bba2-fd6eba006000 elapsed_us=31358
static_stage_us prepare=55345 prefill=25059 select=31374 decode=916 total=112694
2026-09-26T21:19:35.521782Z	debug	dynamo_static_selector_rpc	static selector RPC	connection.id=458 request.id=89073 request_id=dc708238-e610-4a28-9c22-955b22f17100 elapsed_us=37033
static_stage_us prepare=50882 prefill=25343 select=37052 decode=864 total=114141
2026-09-26T21:19:35.575710Z	debug	dynamo_static_rpc_split	static prefill RPC split	connection.id=597 request.id=89587 request_id=1059701f-4582-452d-b013-c46983572f00 headers_us=33163 stream_us=10
2026-09-26T21:19:35.606913Z	debug	dynamo_static_selector_rpc	static selector RPC	connection.id=597 request.id=89587 request_id=1059701f-4582-452d-b013-c46983572f00 elapsed_us=31178
static_stage_us prepare=47273 prefill=33198 select=31192 decode=737 total=112400
2026-09-26T21:19:35.619957Z	debug	dynamo_static_rpc_split	static prefill RPC split	connection.id=699 request.id=89829 request_id=8fec3253-a68e-4d62-bf23-e1b6664f2800 headers_us=25559 stream_us=35
2026-09-26T21:19:35.638137Z	debug	dynamo_static_rpc_split	static prefill RPC split	connection.id=213 request.id=89939 request_id=1e776206-082b-48ed-9b80-85fe63c06b00 headers_us=24235 stream_us=10
2026-09-26T21:19:35.653919Z	debug	dynamo_static_selector_rpc	static selector RPC	connection.id=699 request.id=89829 request_id=8fec3253-a68e-4d62-bf23-e1b6664f2800 elapsed_us=33942
static_stage_us prepare=57168 prefill=25615 select=34039 decode=903 total=117725
2026-09-26T21:19:35.656890Z	debug	dynamo_static_rpc_split	static prefill RPC split	connection.id=882 request.id=89999 request_id=e01371f5-1344-4708-a137-51c0fdf0ff00 headers_us=35217 stream_us=4
2026-09-26T21:19:35.665075Z	debug	dynamo_static_selector_rpc	static selector RPC	connection.id=213 request.id=89939 request_id=1e776206-082b-48ed-9b80-85fe63c06b00 elapsed_us=26924
static_stage_us prepare=56195 prefill=24274 select=26937 decode=946 total=108352
2026-09-26T21:19:35.681396Z	debug	dynamo_static_selector_rpc	static selector RPC	connection.id=882 request.id=89999 request_id=e01371f5-1344-4708-a137-51c0fdf0ff00 elapsed_us=24486
static_stage_us prepare=54899 prefill=35242 select=24499 decode=791 total=115431
2026-09-26T21:19:35.714110Z	debug	dynamo_static_rpc_split	static prefill RPC split	connection.id=351 request.id=90433 request_id=2d1071f0-c21e-4bb4-ad31-3fdd6db06500 headers_us=26218 stream_us=4
2026-09-26T21:19:35.723806Z	debug	dynamo_static_rpc_split	static prefill RPC split	connection.id=787 request.id=90543 request_id=136ea3b1-5aa6-4168-941b-d42622c09900 headers_us=24369 stream_us=4
2026-09-26T21:19:35.735466Z	debug	dynamo_static_selector_rpc	static selector RPC	connection.id=351 request.id=90433 request_id=2d1071f0-c21e-4bb4-ad31-3fdd6db06500 elapsed_us=21341
static_stage_us prepare=53743 prefill=26237 select=21352 decode=1315 total=102647
2026-09-26T21:19:35.746473Z	debug	dynamo_static_selector_rpc	static selector RPC	connection.id=787 request.id=90543 request_id=136ea3b1-5aa6-4168-941b-d42622c09900 elapsed_us=22650
static_stage_us prepare=48101 prefill=24390 select=22663 decode=2167 total=97321
2026-09-26T21:19:35.765388Z	debug	dynamo_static_rpc_split	static prefill RPC split	connection.id=344 request.id=90720 request_id=aafd3132-74ad-42e9-9ebd-461381585d00 headers_us=30690 stream_us=6
2026-09-26T21:19:35.789642Z	debug	dynamo_static_selector_rpc	static selector RPC	connection.id=344 request.id=90720 request_id=aafd3132-74ad-42e9-9ebd-461381585d00 elapsed_us=24236
static_stage_us prepare=50792 prefill=30714 select=24251 decode=2977 total=108734
2026-09-26T21:19:35.932942Z	debug	dynamo_static_rpc_split	static prefill RPC split	connection.id=362 request.id=91888 request_id=47d338f0-b0ab-4196-ab31-ecb7f601e500 headers_us=21716 stream_us=128
2026-09-26T21:19:35.954516Z	debug	dynamo_static_selector_rpc	static selector RPC	connection.id=362 request.id=91888 request_id=47d338f0-b0ab-4196-ab31-ecb7f601e500 elapsed_us=21552
static_stage_us prepare=44138 prefill=21866 select=21575 decode=1394 total=88973
2026-09-26T21:19:35.967598Z	debug	dynamo_static_rpc_split	static prefill RPC split	connection.id=218 request.id=92039 request_id=b9b39916-f328-4c83-8c01-279f6ab35a00 headers_us=25029 stream_us=16
2026-09-26T21:19:35.990452Z	debug	dynamo_static_selector_rpc	static selector RPC	connection.id=218 request.id=92039 request_id=b9b39916-f328-4c83-8c01-279f6ab35a00 elapsed_us=22838
static_stage_us prepare=47905 prefill=25063 select=22863 decode=1394 total=97225
2026-09-26T21:19:36.047155Z	debug	dynamo_static_rpc_split	static prefill RPC split	connection.id=251 request.id=92590 request_id=b7c82153-aaee-4c69-a044-8496d109f300 headers_us=27116 stream_us=18
2026-09-26T21:19:36.073473Z	debug	dynamo_static_selector_rpc	static selector RPC	connection.id=251 request.id=92590 request_id=b7c82153-aaee-4c69-a044-8496d109f300 elapsed_us=26298
static_stage_us prepare=42421 prefill=27155 select=26316 decode=872 total=96764
2026-09-26T21:19:36.095367Z	debug	dynamo_static_rpc_split	static prefill RPC split	connection.id=325 request.id=92898 request_id=9f04edc7-64b1-48d7-b26d-d5747ddb8800 headers_us=22118 stream_us=9
2026-09-26T21:19:36.121278Z	debug	dynamo_static_selector_rpc	static selector RPC	connection.id=325 request.id=92898 request_id=9f04edc7-64b1-48d7-b26d-d5747ddb8800 elapsed_us=25890
static_stage_us prepare=45814 prefill=22147 select=25904 decode=3537 total=97402
2026-09-26T21:19:36.145197Z	debug	dynamo_static_rpc_split	static prefill RPC split	connection.id=543 request.id=93216 request_id=25d7dece-be85-42ec-894c-4e4396c26e00 headers_us=18204 stream_us=33
2026-09-26T21:19:36.172400Z	debug	dynamo_static_selector_rpc	static selector RPC	connection.id=543 request.id=93216 request_id=25d7dece-be85-42ec-894c-4e4396c26e00 elapsed_us=27168
static_stage_us prepare=54787 prefill=18278 select=27186 decode=1320 total=101571
2026-09-26T21:19:36.215221Z	debug	dynamo_static_rpc_split	static prefill RPC split	connection.id=171 request.id=93572 request_id=e59175bc-b2fb-49dc-863f-ea44d5906600 headers_us=22245 stream_us=5
2026-09-26T21:19:36.239978Z	debug	dynamo_static_selector_rpc	static selector RPC	connection.id=171 request.id=93572 request_id=e59175bc-b2fb-49dc-863f-ea44d5906600 elapsed_us=24739
static_stage_us prepare=60623 prefill=22270 select=24777 decode=6494 total=114164
2026-09-26T21:19:36.247226Z	debug	dynamo_static_rpc_split	static prefill RPC split	connection.id=609 request.id=93703 request_id=2879acdd-b7f9-4679-8aaf-58f180781d00 headers_us=32306 stream_us=25
2026-09-26T21:19:36.247624Z	debug	dynamo_static_rpc_split	static prefill RPC split	connection.id=715 request.id=93784 request_id=f91c10e2-2c86-4d22-abe2-c6d3b7c17100 headers_us=32406 stream_us=4
2026-09-26T21:19:36.268543Z	debug	dynamo_static_selector_rpc	static selector RPC	connection.id=609 request.id=93703 request_id=2879acdd-b7f9-4679-8aaf-58f180781d00 elapsed_us=21268
2026-09-26T21:19:36.268863Z	debug	dynamo_static_selector_rpc	static selector RPC	connection.id=715 request.id=93784 request_id=f91c10e2-2c86-4d22-abe2-c6d3b7c17100 elapsed_us=21224
static_stage_us prepare=59833 prefill=32379 select=21283 decode=1516 total=115011
static_stage_us prepare=47306 prefill=32435 select=21234 decode=1758 total=102733
2026-09-26T21:19:36.290580Z	debug	dynamo_static_rpc_split	static prefill RPC split	connection.id=172 request.id=94177 request_id=2cd7fa8d-7e11-4622-bf74-461d51bfd400 headers_us=25606 stream_us=5
2026-09-26T21:19:36.301301Z	debug	dynamo_static_rpc_split	static prefill RPC split	connection.id=536 request.id=94215 request_id=18547c8b-60ea-466f-a7be-5e37980d1600 headers_us=18140 stream_us=6
2026-09-26T21:19:36.316171Z	debug	dynamo_static_selector_rpc	static selector RPC	connection.id=172 request.id=94177 request_id=2cd7fa8d-7e11-4622-bf74-461d51bfd400 elapsed_us=25575
static_stage_us prepare=28206 prefill=25627 select=25589 decode=2920 total=82342
2026-09-26T21:19:36.324923Z	debug	dynamo_static_selector_rpc	static selector RPC	connection.id=536 request.id=94215 request_id=18547c8b-60ea-466f-a7be-5e37980d1600 elapsed_us=23605
static_stage_us prepare=43273 prefill=18163 select=23628 decode=3132 total=88196
2026-09-26T21:19:36.429916Z	debug	dynamo_static_rpc_split	static prefill RPC split	connection.id=406 request.id=94985 request_id=044c2d48-a7bc-4f28-af04-4204e3e17100 headers_us=23235 stream_us=5
2026-09-26T21:19:36.458794Z	debug	dynamo_static_selector_rpc	static selector RPC	connection.id=406 request.id=94985 request_id=044c2d48-a7bc-4f28-af04-4204e3e17100 elapsed_us=28846
static_stage_us prepare=55085 prefill=23272 select=28869 decode=14446 total=121672
2026-09-26T21:19:36.600604Z	debug	dynamo_static_rpc_split	static prefill RPC split	connection.id=159 request.id=95965 request_id=bcd1e991-c00a-4cea-9b26-6941f0176700 headers_us=31472 stream_us=7
2026-09-26T21:19:36.625623Z	debug	dynamo_static_selector_rpc	static selector RPC	connection.id=159 request.id=95965 request_id=bcd1e991-c00a-4cea-9b26-6941f0176700 elapsed_us=24996
static_stage_us prepare=39272 prefill=31502 select=25013 decode=1149 total=96936
2026-09-26T21:19:36.801797Z	debug	dynamo_static_rpc_split	static prefill RPC split	connection.id=590 request.id=97142 request_id=f75736e4-55d0-4358-b218-959cb7a90e00 headers_us=32398 stream_us=13
2026-09-26T21:19:36.830139Z	debug	dynamo_static_selector_rpc	static selector RPC	connection.id=590 request.id=97142 request_id=f75736e4-55d0-4358-b218-959cb7a90e00 elapsed_us=28318
static_stage_us prepare=48813 prefill=32436 select=28339 decode=2820 total=112408
2026-09-26T21:19:36.867023Z	debug	dynamo_static_rpc_split	static prefill RPC split	connection.id=531 request.id=97518 request_id=89d74bcf-8ff0-4066-b71c-7701a46cba00 headers_us=31439 stream_us=4
2026-09-26T21:19:36.877781Z	debug	dynamo_static_rpc_split	static prefill RPC split	connection.id=319 request.id=97658 request_id=8be24b55-f709-424e-9b51-7e5d59548200 headers_us=31376 stream_us=4
2026-09-26T21:19:36.897808Z	debug	dynamo_static_selector_rpc	static selector RPC	connection.id=531 request.id=97518 request_id=89d74bcf-8ff0-4066-b71c-7701a46cba00 elapsed_us=30766
static_stage_us prepare=57219 prefill=31462 select=30785 decode=2296 total=121762
2026-09-26T21:19:36.911510Z	debug	dynamo_static_selector_rpc	static selector RPC	connection.id=319 request.id=97658 request_id=8be24b55-f709-424e-9b51-7e5d59548200 elapsed_us=33716
static_stage_us prepare=52588 prefill=31393 select=33730 decode=956 total=118667
2026-09-26T21:19:36.976715Z	debug	dynamo_static_rpc_split	static prefill RPC split	connection.id=399 request.id=98228 request_id=fd983846-e0fc-4d2a-83ee-d55436f02300 headers_us=30330 stream_us=24
2026-09-26T21:19:36.998253Z	debug	dynamo_static_rpc_split	static prefill RPC split	connection.id=393 request.id=98348 request_id=51f6e1d8-e088-4aaf-9a97-d26d44816800 headers_us=27565 stream_us=4
2026-09-26T21:19:37.007955Z	debug	dynamo_static_selector_rpc	static selector RPC	connection.id=399 request.id=98228 request_id=fd983846-e0fc-4d2a-83ee-d55436f02300 elapsed_us=31200
static_stage_us prepare=47968 prefill=30394 select=31216 decode=1841 total=111419
2026-09-26T21:19:37.023620Z	debug	dynamo_static_rpc_split	static prefill RPC split	connection.id=410 request.id=98500 request_id=d2e33526-9cb4-4a71-8024-ea986b34f200 headers_us=30094 stream_us=6
2026-09-26T21:19:37.026433Z	debug	dynamo_static_selector_rpc	static selector RPC	connection.id=393 request.id=98348 request_id=51f6e1d8-e088-4aaf-9a97-d26d44816800 elapsed_us=28163
static_stage_us prepare=55713 prefill=27587 select=28175 decode=875 total=112350
2026-09-26T21:19:37.031356Z	debug	dynamo_static_rpc_split	static prefill RPC split	connection.id=595 request.id=98600 request_id=ce07228a-7f38-4d89-ac0c-6155a220f700 headers_us=27244 stream_us=14
2026-09-26T21:19:37.050363Z	debug	dynamo_static_rpc_split	static prefill RPC split	connection.id=721 request.id=98612 request_id=716776c7-5626-424b-addd-82044aa67100 headers_us=35339 stream_us=10
2026-09-26T21:19:37.055168Z	debug	dynamo_static_selector_rpc	static selector RPC	connection.id=410 request.id=98500 request_id=d2e33526-9cb4-4a71-8024-ea986b34f200 elapsed_us=31529
static_stage_us prepare=56473 prefill=30119 select=31552 decode=3477 total=121621
2026-09-26T21:19:37.059412Z	debug	dynamo_static_selector_rpc	static selector RPC	connection.id=595 request.id=98600 request_id=ce07228a-7f38-4d89-ac0c-6155a220f700 elapsed_us=28036
static_stage_us prepare=52419 prefill=27278 select=28047 decode=998 total=108742
2026-09-26T21:19:37.061272Z	debug	dynamo_static_rpc_split	static prefill RPC split	connection.id=714 request.id=98731 request_id=b2a57474-4a03-4471-9ef7-98b24e659700 headers_us=29896 stream_us=12
2026-09-26T21:19:37.071234Z	debug	dynamo_static_selector_rpc	static selector RPC	connection.id=721 request.id=98612 request_id=716776c7-5626-424b-addd-82044aa67100 elapsed_us=20858
static_stage_us prepare=60193 prefill=35364 select=20870 decode=1141 total=117568
2026-09-26T21:19:37.085868Z	debug	dynamo_static_selector_rpc	static selector RPC	connection.id=714 request.id=98731 request_id=b2a57474-4a03-4471-9ef7-98b24e659700 elapsed_us=24581
static_stage_us prepare=54067 prefill=29924 select=24593 decode=3758 total=112342
2026-09-26T21:19:37.112764Z	debug	dynamo_static_rpc_split	static prefill RPC split	connection.id=761 request.id=99096 request_id=eba86f0f-099b-4d7d-9fdc-8f9862c1e300 headers_us=29600 stream_us=12
2026-09-26T21:19:37.144471Z	debug	dynamo_static_selector_rpc	static selector RPC	connection.id=761 request.id=99096 request_id=eba86f0f-099b-4d7d-9fdc-8f9862c1e300 elapsed_us=31693
static_stage_us prepare=41276 prefill=29626 select=31705 decode=1366 total=103973
2026-09-26T21:19:37.183609Z	debug	dynamo_static_rpc_split	static prefill RPC split	connection.id=839 request.id=99499 request_id=b57f7286-11db-473d-b65a-9b1f4313e300 headers_us=28989 stream_us=6
2026-09-26T21:19:37.213404Z	debug	dynamo_static_rpc_split	static prefill RPC split	connection.id=908 request.id=99614 request_id=107a4047-43d2-4358-8677-4daeaa30fd00 headers_us=33926 stream_us=21
2026-09-26T21:19:37.214484Z	debug	dynamo_static_selector_rpc	static selector RPC	connection.id=839 request.id=99499 request_id=b57f7286-11db-473d-b65a-9b1f4313e300 elapsed_us=30856
static_stage_us prepare=47725 prefill=29015 select=30866 decode=1285 total=108891
2026-09-26T21:19:37.243662Z	debug	dynamo_static_selector_rpc	static selector RPC	connection.id=908 request.id=99614 request_id=107a4047-43d2-4358-8677-4daeaa30fd00 elapsed_us=30244
static_stage_us prepare=52600 prefill=33961 select=30257 decode=1778 total=118596
2026-09-26T21:19:37.258124Z	debug	dynamo_static_rpc_split	static prefill RPC split	connection.id=146 request.id=99909 request_id=83ff9b04-f90c-4295-a1d2-4112f4858e00 headers_us=29961 stream_us=5
2026-09-26T21:19:37.277774Z	debug	dynamo_static_rpc_split	static prefill RPC split	connection.id=392 request.id=100054 request_id=a6a38cfb-769d-4bf2-8f83-3e8e9efabc00 headers_us=29270 stream_us=14
2026-09-26T21:19:37.282640Z	debug	dynamo_static_rpc_split	static prefill RPC split	connection.id=699 request.id=100077 request_id=d93b7a84-2105-44cb-a6c4-84e1fa188100 headers_us=26776 stream_us=25
2026-09-26T21:19:37.286413Z	debug	dynamo_static_selector_rpc	static selector RPC	connection.id=146 request.id=99909 request_id=83ff9b04-f90c-4295-a1d2-4112f4858e00 elapsed_us=28272
static_stage_us prepare=55289 prefill=29984 select=28284 decode=892 total=114449
2026-09-26T21:19:37.306243Z	debug	dynamo_static_selector_rpc	static selector RPC	connection.id=392 request.id=100054 request_id=a6a38cfb-769d-4bf2-8f83-3e8e9efabc00 elapsed_us=28455
static_stage_us prepare=53521 prefill=29299 select=28467 decode=1153 total=112440
2026-09-26T21:19:37.320294Z	debug	dynamo_static_selector_rpc	static selector RPC	connection.id=699 request.id=100077 request_id=d93b7a84-2105-44cb-a6c4-84e1fa188100 elapsed_us=37628
static_stage_us prepare=56503 prefill=26828 select=37640 decode=3238 total=124209
2026-09-26T21:19:37.393148Z	debug	dynamo_static_rpc_split	static prefill RPC split	connection.id=445 request.id=100700 request_id=5672df3f-60a7-43e4-88e7-a1288564a300 headers_us=34494 stream_us=3
2026-09-26T21:19:37.393748Z	debug	dynamo_static_rpc_split	static prefill RPC split	connection.id=134 request.id=100698 request_id=d61a0ef6-32f6-45f2-9508-c91c117e1100 headers_us=35130 stream_us=5
2026-09-26T21:19:37.422030Z	debug	dynamo_static_selector_rpc	static selector RPC	connection.id=134 request.id=100698 request_id=d61a0ef6-32f6-45f2-9508-c91c117e1100 elapsed_us=28267
static_stage_us prepare=54497 prefill=35151 select=28283 decode=2577 total=120508
2026-09-26T21:19:37.428546Z	debug	dynamo_static_selector_rpc	static selector RPC	connection.id=445 request.id=100700 request_id=5672df3f-60a7-43e4-88e7-a1288564a300 elapsed_us=35375
static_stage_us prepare=54079 prefill=34521 select=35396 decode=1637 total=125633
2026-09-26T21:19:37.431835Z	debug	dynamo_static_rpc_split	static prefill RPC split	connection.id=197 request.id=100945 request_id=a94199f1-1f77-4444-a16b-1943da5fdc00 headers_us=29990 stream_us=11
2026-09-26T21:19:37.441744Z	debug	dynamo_static_rpc_split	static prefill RPC split	connection.id=799 request.id=101008 request_id=2a112c40-5217-4623-909d-7f8c5f24eb00 headers_us=31285 stream_us=3
2026-09-26T21:19:37.462486Z	debug	dynamo_static_selector_rpc	static selector RPC	connection.id=197 request.id=100945 request_id=a94199f1-1f77-4444-a16b-1943da5fdc00 elapsed_us=30628
static_stage_us prepare=57593 prefill=30025 select=30642 decode=1218 total=119478
2026-09-26T21:19:37.478223Z	debug	dynamo_static_selector_rpc	static selector RPC	connection.id=799 request.id=101008 request_id=2a112c40-5217-4623-909d-7f8c5f24eb00 elapsed_us=36465
2026-09-26T21:19:37.480601Z	debug	dynamo_static_rpc_split	static prefill RPC split	connection.id=438 request.id=101224 request_id=cc46012a-f621-45bd-85ed-222c326dad00 headers_us=27490 stream_us=17
static_stage_us prepare=57770 prefill=31303 select=36480 decode=3870 total=129423
static_stage_us prepare=54600 prefill=27526 select=30267 decode=1209 total=113602
2026-09-26T21:19:37.510869Z	debug	dynamo_static_selector_rpc	static selector RPC	connection.id=438 request.id=101224 request_id=cc46012a-f621-45bd-85ed-222c326dad00 elapsed_us=30249
2026-09-26T21:19:37.546313Z	debug	dynamo_static_rpc_split	static prefill RPC split	connection.id=259 request.id=101561 request_id=91cc1f78-9d13-4d68-a870-1cabf2dc5b00 headers_us=34583 stream_us=3
2026-09-26T21:19:37.573709Z	debug	dynamo_static_rpc_split	static prefill RPC split	connection.id=233 request.id=101674 request_id=7373d62d-aec0-4b3b-9b8c-2ba102831900 headers_us=38295 stream_us=7
2026-09-26T21:19:37.578721Z	debug	dynamo_static_selector_rpc	static selector RPC	connection.id=259 request.id=101561 request_id=91cc1f78-9d13-4d68-a870-1cabf2dc5b00 elapsed_us=32390
static_stage_us prepare=56756 prefill=34604 select=32403 decode=944 total=124707
2026-09-26T21:19:37.598572Z	debug	dynamo_static_selector_rpc	static selector RPC	connection.id=233 request.id=101674 request_id=7373d62d-aec0-4b3b-9b8c-2ba102831900 elapsed_us=24844
static_stage_us prepare=56612 prefill=38323 select=24855 decode=734 total=120524
2026-09-26T21:19:37.651172Z	debug	dynamo_static_rpc_split	static prefill RPC split	connection.id=441 request.id=102178 request_id=f8fddf69-d11d-494e-8f87-4169a570cc00 headers_us=28374 stream_us=2
2026-09-26T21:19:37.665424Z	debug	dynamo_static_rpc_split	static prefill RPC split	connection.id=229 request.id=102268 request_id=052800aa-e607-4e93-b449-66d51be0d000 headers_us=30708 stream_us=3
2026-09-26T21:19:37.676113Z	debug	dynamo_static_selector_rpc	static selector RPC	connection.id=441 request.id=102178 request_id=f8fddf69-d11d-494e-8f87-4169a570cc00 elapsed_us=24927
static_stage_us prepare=57540 prefill=28391 select=24937 decode=1961 total=112829
2026-09-26T21:19:37.693501Z	debug	dynamo_static_selector_rpc	static selector RPC	connection.id=229 request.id=102268 request_id=052800aa-e607-4e93-b449-66d51be0d000 elapsed_us=28065
static_stage_us prepare=54374 prefill=30726 select=28080 decode=1257 total=114437
2026-09-26T21:19:37.756648Z	debug	dynamo_static_rpc_split	static prefill RPC split	connection.id=943 request.id=102901 request_id=f3c04c2c-984a-44ad-8580-bc7845d3c600 headers_us=23955 stream_us=5
2026-09-26T21:19:37.787688Z	debug	dynamo_static_selector_rpc	static selector RPC	connection.id=943 request.id=102901 request_id=f3c04c2c-984a-44ad-8580-bc7845d3c600 elapsed_us=31024
static_stage_us prepare=47161 prefill=23977 select=31047 decode=3196 total=105381
2026-09-26T21:19:37.837179Z	debug	dynamo_static_rpc_split	static prefill RPC split	connection.id=951 request.id=103369 request_id=eb53b9dd-720a-45eb-b423-42fe1aa1ed00 headers_us=28932 stream_us=10
2026-09-26T21:19:37.847033Z	debug	dynamo_static_rpc_split	static prefill RPC split	connection.id=540 request.id=103386 request_id=0dbe7b05-b0dd-4ebe-a0eb-dac1a65a8a00 headers_us=38809 stream_us=6
2026-09-26T21:19:37.861323Z	debug	dynamo_static_rpc_split	static prefill RPC split	connection.id=844 request.id=103476 request_id=a160360a-d59a-4c24-9251-19cf70eaa800 headers_us=26552 stream_us=7
2026-09-26T21:19:37.861326Z	debug	dynamo_static_rpc_split	static prefill RPC split	connection.id=183 request.id=103505 request_id=916f2234-6e87-48ad-8581-71e33734d500 headers_us=28914 stream_us=10
2026-09-26T21:19:37.871488Z	debug	dynamo_static_selector_rpc	static selector RPC	connection.id=951 request.id=103369 request_id=eb53b9dd-720a-45eb-b423-42fe1aa1ed00 elapsed_us=34270
static_stage_us prepare=49439 prefill=29020 select=34284 decode=1461 total=114204
2026-09-26T21:19:37.881088Z	debug	dynamo_static_selector_rpc	static selector RPC	connection.id=540 request.id=103386 request_id=0dbe7b05-b0dd-4ebe-a0eb-dac1a65a8a00 elapsed_us=34024
static_stage_us prepare=46490 prefill=38847 select=34038 decode=1073 total=120448
2026-09-26T21:19:37.887293Z	debug	dynamo_static_selector_rpc	static selector RPC	connection.id=183 request.id=103505 request_id=916f2234-6e87-48ad-8581-71e33734d500 elapsed_us=25946
static_stage_us prepare=54044 prefill=28946 select=25959 decode=1016 total=109965
2026-09-26T21:19:37.888731Z	debug	dynamo_static_rpc_split	static prefill RPC split	connection.id=420 request.id=103629 request_id=56efb809-2baf-4d0d-ab7c-3fe742f60f00 headers_us=27025 stream_us=4
2026-09-26T21:19:37.889718Z	debug	dynamo_static_selector_rpc	static selector RPC	connection.id=844 request.id=103476 request_id=a160360a-d59a-4c24-9251-19cf70eaa800 elapsed_us=28380
static_stage_us prepare=59033 prefill=26576 select=28391 decode=722 total=114722
2026-09-26T21:19:37.903119Z	debug	dynamo_static_rpc_split	static prefill RPC split	connection.id=346 request.id=103766 request_id=b3427501-053c-402e-ae85-185f25ecc500 headers_us=31676 stream_us=9
2026-09-26T21:19:37.921253Z	debug	dynamo_static_selector_rpc	static selector RPC	connection.id=420 request.id=103629 request_id=56efb809-2baf-4d0d-ab7c-3fe742f60f00 elapsed_us=32508
static_stage_us prepare=61384 prefill=27043 select=32524 decode=2553 total=123504
2026-09-26T21:19:37.939397Z	debug	dynamo_static_selector_rpc	static selector RPC	connection.id=346 request.id=103766 request_id=b3427501-053c-402e-ae85-185f25ecc500 elapsed_us=36251
static_stage_us prepare=54236 prefill=31712 select=36271 decode=1753 total=123972
2026-09-26T21:19:38.031067Z	debug	dynamo_static_rpc_split	static prefill RPC split	connection.id=469 request.id=104403 request_id=57bb7b48-1428-4596-a125-5ca81fd32300 headers_us=39473 stream_us=5
2026-09-26T21:19:38.058215Z	debug	dynamo_static_rpc_split	static prefill RPC split	connection.id=417 request.id=104582 request_id=f2a819f1-2e42-493c-a449-02c4989b1f00 headers_us=34939 stream_us=4
2026-09-26T21:19:38.058618Z	debug	dynamo_static_rpc_split	static prefill RPC split	connection.id=811 request.id=104564 request_id=b0cff2fd-8334-4b88-be30-c475762de200 headers_us=38789 stream_us=10
2026-09-26T21:19:38.066822Z	debug	dynamo_static_selector_rpc	static selector RPC	connection.id=469 request.id=104403 request_id=57bb7b48-1428-4596-a125-5ca81fd32300 elapsed_us=35735
static_stage_us prepare=55753 prefill=39497 select=35751 decode=1624 total=132625
2026-09-26T21:19:38.087221Z	debug	dynamo_static_selector_rpc	static selector RPC	connection.id=811 request.id=104564 request_id=b0cff2fd-8334-4b88-be30-c475762de200 elapsed_us=28534
2026-09-26T21:19:38.087330Z	debug	dynamo_static_selector_rpc	static selector RPC	connection.id=417 request.id=104582 request_id=f2a819f1-2e42-493c-a449-02c4989b1f00 elapsed_us=29095
static_stage_us prepare=62298 prefill=34963 select=29113 decode=1237 total=127611
static_stage_us prepare=61118 prefill=38867 select=28551 decode=2185 total=130721
2026-09-26T21:19:38.121019Z	debug	dynamo_static_rpc_split	static prefill RPC split	connection.id=266 request.id=104943 request_id=6dd7631d-a79c-4b61-af0a-a6e8afe45700 headers_us=30550 stream_us=6
2026-09-26T21:19:38.131166Z	debug	dynamo_static_rpc_split	static prefill RPC split	connection.id=873 request.id=105007 request_id=f9e92852-d303-4b41-967f-f99637c8e100 headers_us=30907 stream_us=6
2026-09-26T21:19:38.149039Z	debug	dynamo_static_selector_rpc	static selector RPC	connection.id=266 request.id=104943 request_id=6dd7631d-a79c-4b61-af0a-a6e8afe45700 elapsed_us=27976
static_stage_us prepare=59125 prefill=30616 select=27990 decode=1599 total=119330
2026-09-26T21:19:38.164069Z	debug	dynamo_static_selector_rpc	static selector RPC	connection.id=873 request.id=105007 request_id=f9e92852-d303-4b41-967f-f99637c8e100 elapsed_us=32888
static_stage_us prepare=58196 prefill=30928 select=32901 decode=834 total=122859
2026-09-26T21:19:38.179924Z	debug	dynamo_static_rpc_split	static prefill RPC split	connection.id=799 request.id=105298 request_id=b67db550-4f40-4354-a348-0ce78e97b500 headers_us=30169 stream_us=5
2026-09-26T21:19:38.213000Z	debug	dynamo_static_selector_rpc	static selector RPC	connection.id=799 request.id=105298 request_id=b67db550-4f40-4354-a348-0ce78e97b500 elapsed_us=33034
static_stage_us prepare=52989 prefill=30209 select=33059 decode=1064 total=117321
2026-09-26T21:19:38.265059Z	debug	dynamo_static_rpc_split	static prefill RPC split	connection.id=881 request.id=105851 request_id=c1dbe715-c360-44dd-bcfc-ccd0f1753000 headers_us=27679 stream_us=12
2026-09-26T21:19:38.296643Z	debug	dynamo_static_selector_rpc	static selector RPC	connection.id=881 request.id=105851 request_id=c1dbe715-c360-44dd-bcfc-ccd0f1753000 elapsed_us=31547
static_stage_us prepare=49642 prefill=27727 select=31562 decode=1671 total=110602
2026-09-26T21:19:38.379325Z	debug	dynamo_static_rpc_split	static prefill RPC split	connection.id=149 request.id=106554 request_id=1dca52b0-5b18-4c9a-a672-15d33bd74500 headers_us=31120 stream_us=20
2026-09-26T21:19:38.409972Z	debug	dynamo_static_selector_rpc	static selector RPC	connection.id=149 request.id=106554 request_id=1dca52b0-5b18-4c9a-a672-15d33bd74500 elapsed_us=30625
static_stage_us prepare=45887 prefill=31163 select=30642 decode=702 total=108394
2026-09-26T21:19:38.440642Z	debug	dynamo_static_rpc_split	static prefill RPC split	connection.id=879 request.id=106901 request_id=d33bb47b-0875-4e78-992c-350f62a54400 headers_us=37564 stream_us=25
2026-09-26T21:19:38.463190Z	debug	dynamo_static_rpc_split	static prefill RPC split	connection.id=683 request.id=107032 request_id=e3ada96d-3774-41a5-a59d-4e717ceef300 headers_us=32842 stream_us=7
2026-09-26T21:19:38.463319Z	debug	dynamo_static_rpc_split	static prefill RPC split	connection.id=479 request.id=107049 request_id=070d10e5-13a6-4a9f-8e1c-cc5b11a05e00 headers_us=32919 stream_us=5
2026-09-26T21:19:38.482547Z	debug	dynamo_static_selector_rpc	static selector RPC	connection.id=879 request.id=106901 request_id=d33bb47b-0875-4e78-992c-350f62a54400 elapsed_us=41877
static_stage_us prepare=49169 prefill=37618 select=41893 decode=1224 total=129904
2026-09-26T21:19:38.493259Z	debug	dynamo_static_selector_rpc	static selector RPC	connection.id=479 request.id=107049 request_id=070d10e5-13a6-4a9f-8e1c-cc5b11a05e00 elapsed_us=29925
2026-09-26T21:19:38.493260Z	debug	dynamo_static_selector_rpc	static selector RPC	connection.id=683 request.id=107032 request_id=e3ada96d-3774-41a5-a59d-4e717ceef300 elapsed_us=30040
static_stage_us prepare=52689 prefill=32939 select=29945 decode=3333 total=118906
static_stage_us prepare=55452 prefill=32881 select=30060 decode=3742 total=122135
2026-09-26T21:19:38.541342Z	debug	dynamo_static_rpc_split	static prefill RPC split	connection.id=268 request.id=107405 request_id=3ff9c4d5-64d9-4fcf-8ea0-c8b0e58b4100 headers_us=43298 stream_us=27
2026-09-26T21:19:38.545930Z	debug	dynamo_static_rpc_split	static prefill RPC split	connection.id=561 request.id=107534 request_id=1cf3e65e-e979-41d6-b302-4766740f8900 headers_us=32065 stream_us=8
2026-09-26T21:19:38.576084Z	debug	dynamo_static_selector_rpc	static selector RPC	connection.id=561 request.id=107534 request_id=1cf3e65e-e979-41d6-b302-4766740f8900 elapsed_us=30125
static_stage_us prepare=53870 prefill=32102 select=30141 decode=1995 total=118108
2026-09-26T21:19:38.581547Z	debug	dynamo_static_selector_rpc	static selector RPC	connection.id=268 request.id=107405 request_id=3ff9c4d5-64d9-4fcf-8ea0-c8b0e58b4100 elapsed_us=40181
static_stage_us prepare=56744 prefill=43349 select=40196 decode=707 total=140996
2026-09-26T21:19:38.614438Z	debug	dynamo_static_rpc_split	static prefill RPC split	connection.id=151 request.id=107887 request_id=b267c5c2-6db1-4865-93fa-7e90e400ba00 headers_us=36464 stream_us=24
2026-09-26T21:19:38.637437Z	debug	dynamo_static_rpc_split	static prefill RPC split	connection.id=884 request.id=108023 request_id=d18e5fed-4061-4dc7-b0d9-64faf1eda700 headers_us=32787 stream_us=6
2026-09-26T21:19:38.637848Z	debug	dynamo_static_rpc_split	static prefill RPC split	connection.id=244 request.id=108019 request_id=e727a434-c264-40f6-ab24-b15055396b00 headers_us=33214 stream_us=17
2026-09-26T21:19:38.658883Z	debug	dynamo_static_selector_rpc	static selector RPC	connection.id=151 request.id=107887 request_id=b267c5c2-6db1-4865-93fa-7e90e400ba00 elapsed_us=44420
static_stage_us prepare=56682 prefill=36514 select=44434 decode=1570 total=139200
2026-09-26T21:19:38.665055Z	debug	dynamo_static_rpc_split	static prefill RPC split	connection.id=238 request.id=108068 request_id=ab2d3e67-3db1-4b8b-ae83-010e0def7d00 headers_us=33181 stream_us=7
2026-09-26T21:19:38.676232Z	debug	dynamo_static_selector_rpc	static selector RPC	connection.id=244 request.id=108019 request_id=e727a434-c264-40f6-ab24-b15055396b00 elapsed_us=38367
2026-09-26T21:19:38.676691Z	debug	dynamo_static_selector_rpc	static selector RPC	connection.id=884 request.id=108023 request_id=d18e5fed-4061-4dc7-b0d9-64faf1eda700 elapsed_us=39224
static_stage_us prepare=55046 prefill=32825 select=39238 decode=920 total=128029
static_stage_us prepare=55607 prefill=33248 select=38380 decode=2916 total=130151
2026-09-26T21:19:38.701505Z	debug	dynamo_static_selector_rpc	static selector RPC	connection.id=238 request.id=108068 request_id=ab2d3e67-3db1-4b8b-ae83-010e0def7d00 elapsed_us=36434
static_stage_us prepare=63431 prefill=33205 select=36448 decode=705 total=133789
2026-09-26T21:19:38.710053Z	debug	dynamo_static_rpc_split	static prefill RPC split	connection.id=160 request.id=108309 request_id=b5f59bdd-a88a-4fb3-a93a-5497b49dcc00 headers_us=37913 stream_us=5
2026-09-26T21:19:38.739847Z	debug	dynamo_static_rpc_split	static prefill RPC split	connection.id=596 request.id=108493 request_id=5b9afeff-337c-40c7-baf8-c62de634ab00 headers_us=39179 stream_us=4
2026-09-26T21:19:38.744371Z	debug	dynamo_static_selector_rpc	static selector RPC	connection.id=160 request.id=108309 request_id=b5f59bdd-a88a-4fb3-a93a-5497b49dcc00 elapsed_us=34305
static_stage_us prepare=65767 prefill=37931 select=34319 decode=3780 total=141797
2026-09-26T21:19:38.772359Z	debug	dynamo_static_selector_rpc	static selector RPC	connection.id=596 request.id=108493 request_id=5b9afeff-337c-40c7-baf8-c62de634ab00 elapsed_us=32498
static_stage_us prepare=62025 prefill=39197 select=32534 decode=956 total=134712
2026-09-26T21:19:38.889359Z	debug	dynamo_static_rpc_split	static prefill RPC split	connection.id=374 request.id=109472 request_id=d3a5bef3-c45c-4915-8a2f-20de35687e00 headers_us=33774 stream_us=3
2026-09-26T21:19:38.913921Z	debug	dynamo_static_rpc_split	static prefill RPC split	connection.id=918 request.id=109662 request_id=07ab0bce-744c-4112-9a8d-8c6deaaee200 headers_us=25907 stream_us=6
2026-09-26T21:19:38.920109Z	debug	dynamo_static_selector_rpc	static selector RPC	connection.id=374 request.id=109472 request_id=d3a5bef3-c45c-4915-8a2f-20de35687e00 elapsed_us=30718
static_stage_us prepare=45619 prefill=33809 select=30739 decode=1486 total=111653
2026-09-26T21:19:38.940373Z	debug	dynamo_static_selector_rpc	static selector RPC	connection.id=918 request.id=109662 request_id=07ab0bce-744c-4112-9a8d-8c6deaaee200 elapsed_us=26426
static_stage_us prepare=50177 prefill=25940 select=26444 decode=1185 total=103746
2026-09-26T21:19:39.028350Z	debug	dynamo_static_rpc_split	static prefill RPC split	connection.id=782 request.id=110254 request_id=bb6cd68a-81ff-4cd6-a90e-2cfe197ef900 headers_us=32059 stream_us=9
2026-09-26T21:19:39.037053Z	debug	dynamo_static_rpc_split	static prefill RPC split	connection.id=225 request.id=110331 request_id=5706b3fe-3b30-46ba-85ee-3c97b1d90b00 headers_us=31697 stream_us=14
2026-09-26T21:19:39.051963Z	debug	dynamo_static_selector_rpc	static selector RPC	connection.id=782 request.id=110254 request_id=bb6cd68a-81ff-4cd6-a90e-2cfe197ef900 elapsed_us=23577
static_stage_us prepare=53484 prefill=32104 select=23590 decode=839 total=110017
2026-09-26T21:19:39.068233Z	debug	dynamo_static_selector_rpc	static selector RPC	connection.id=225 request.id=110331 request_id=5706b3fe-3b30-46ba-85ee-3c97b1d90b00 elapsed_us=31163
static_stage_us prepare=54245 prefill=31729 select=31176 decode=897 total=118047
2026-09-26T21:19:39.144998Z	debug	dynamo_static_rpc_split	static prefill RPC split	connection.id=518 request.id=111053 request_id=425855d7-767e-42eb-ae03-6130b3d5ee00 headers_us=34578 stream_us=13
2026-09-26T21:19:39.159315Z	debug	dynamo_static_rpc_split	static prefill RPC split	connection.id=633 request.id=111125 request_id=9a0af9aa-e11d-478b-affd-362afbb25f00 headers_us=36779 stream_us=3
2026-09-26T21:19:39.170607Z	debug	dynamo_static_selector_rpc	static selector RPC	connection.id=518 request.id=111053 request_id=425855d7-767e-42eb-ae03-6130b3d5ee00 elapsed_us=25589
static_stage_us prepare=44991 prefill=34612 select=25606 decode=2777 total=107986
2026-09-26T21:19:39.183247Z	debug	dynamo_static_rpc_split	static prefill RPC split	connection.id=908 request.id=111280 request_id=bb650ad4-bd60-4a8d-b18a-f954abef4500 headers_us=29537 stream_us=11
2026-09-26T21:19:39.188713Z	debug	dynamo_static_selector_rpc	static selector RPC	connection.id=633 request.id=111125 request_id=9a0af9aa-e11d-478b-affd-362afbb25f00 elapsed_us=29378
static_stage_us prepare=44576 prefill=36803 select=29395 decode=2861 total=113635
2026-09-26T21:19:39.217552Z	debug	dynamo_static_selector_rpc	static selector RPC	connection.id=908 request.id=111280 request_id=bb650ad4-bd60-4a8d-b18a-f954abef4500 elapsed_us=34286
static_stage_us prepare=51469 prefill=29567 select=34300 decode=905 total=116241
2026-09-26T21:19:39.235247Z	debug	dynamo_static_rpc_split	static prefill RPC split	connection.id=538 request.id=111706 request_id=f8b6266a-f99f-402d-86d7-03605a519200 headers_us=26870 stream_us=9
2026-09-26T21:19:39.270239Z	debug	dynamo_static_selector_rpc	static selector RPC	connection.id=538 request.id=111706 request_id=f8b6266a-f99f-402d-86d7-03605a519200 elapsed_us=34976
static_stage_us prepare=42163 prefill=26896 select=34993 decode=1174 total=105226
2026-09-26T21:19:39.304141Z	debug	dynamo_static_rpc_split	static prefill RPC split	connection.id=207 request.id=112108 request_id=a98ec0dc-f173-4816-9f03-7e4973839300 headers_us=20510 stream_us=3
2026-09-26T21:19:39.334234Z	debug	dynamo_static_selector_rpc	static selector RPC	connection.id=207 request.id=112108 request_id=a98ec0dc-f173-4816-9f03-7e4973839300 elapsed_us=30076
static_stage_us prepare=50138 prefill=20539 select=30091 decode=1582 total=102350
2026-09-26T21:19:39.460787Z	debug	dynamo_static_rpc_split	static prefill RPC split	connection.id=595 request.id=112847 request_id=58d7910e-667c-4f3b-91d8-dc2c6acf6700 headers_us=29330 stream_us=9
2026-09-26T21:19:39.493513Z	debug	dynamo_static_selector_rpc	static selector RPC	connection.id=595 request.id=112847 request_id=58d7910e-667c-4f3b-91d8-dc2c6acf6700 elapsed_us=32695
static_stage_us prepare=70959 prefill=29372 select=32713 decode=8164 total=141208
2026-09-26T21:19:39.527671Z	debug	dynamo_static_rpc_split	static prefill RPC split	connection.id=380 request.id=113352 request_id=0258c4f4-deba-4cf5-9bef-901ec80ced00 headers_us=32979 stream_us=56
2026-09-26T21:19:39.528459Z	debug	dynamo_static_rpc_split	static prefill RPC split	connection.id=161 request.id=113443 request_id=ec3afc11-e25f-485b-89fb-59a1747d2300 headers_us=25670 stream_us=2
2026-09-26T21:19:39.533647Z	debug	dynamo_static_rpc_split	static prefill RPC split	connection.id=180 request.id=113483 request_id=e1e7c5ba-a3b3-48ab-a96b-664dd38b0b00 headers_us=18460 stream_us=3
2026-09-26T21:19:39.547032Z	debug	dynamo_static_rpc_split	static prefill RPC split	connection.id=538 request.id=113582 request_id=959f913c-4cbd-4ab5-82eb-cf0e94f1fb00 headers_us=22336 stream_us=15
2026-09-26T21:19:39.548735Z	debug	dynamo_static_selector_rpc	static selector RPC	connection.id=161 request.id=113443 request_id=ec3afc11-e25f-485b-89fb-59a1747d2300 elapsed_us=20260
2026-09-26T21:19:39.549559Z	debug	dynamo_static_selector_rpc	static selector RPC	connection.id=380 request.id=113352 request_id=0258c4f4-deba-4cf5-9bef-901ec80ced00 elapsed_us=21870
static_stage_us prepare=46004 prefill=33055 select=21879 decode=604 total=101542
static_stage_us prepare=45066 prefill=25690 select=20274 decode=1637 total=92667
2026-09-26T21:19:39.556740Z	debug	dynamo_static_selector_rpc	static selector RPC	connection.id=180 request.id=113483 request_id=e1e7c5ba-a3b3-48ab-a96b-664dd38b0b00 elapsed_us=23080
static_stage_us prepare=51750 prefill=18478 select=23096 decode=5198 total=98522
2026-09-26T21:19:39.563200Z	debug	dynamo_static_selector_rpc	static selector RPC	connection.id=538 request.id=113582 request_id=959f913c-4cbd-4ab5-82eb-cf0e94f1fb00 elapsed_us=16151
static_stage_us prepare=44910 prefill=22369 select=16248 decode=1241 total=84768
2026-09-26T21:19:39.632337Z	debug	dynamo_static_rpc_split	static prefill RPC split	connection.id=540 request.id=114172 request_id=e565f903-87fb-436c-a351-60f41bd9bc00 headers_us=24478 stream_us=12
2026-09-26T21:19:39.651892Z	debug	dynamo_static_selector_rpc	static selector RPC	connection.id=540 request.id=114172 request_id=e565f903-87fb-436c-a351-60f41bd9bc00 elapsed_us=19534
static_stage_us prepare=39472 prefill=24511 select=19553 decode=2801 total=86337
2026-09-26T21:19:39.676080Z	debug	dynamo_static_rpc_split	static prefill RPC split	connection.id=548 request.id=114441 request_id=cb062df5-f777-4c5e-a0d2-fa9b69faa800 headers_us=27644 stream_us=9
2026-09-26T21:19:39.678946Z	debug	dynamo_static_rpc_split	static prefill RPC split	connection.id=465 request.id=114535 request_id=882b2a5f-8737-4f75-b891-36d89701fa00 headers_us=24042 stream_us=4
2026-09-26T21:19:39.700690Z	debug	dynamo_static_selector_rpc	static selector RPC	connection.id=548 request.id=114441 request_id=cb062df5-f777-4c5e-a0d2-fa9b69faa800 elapsed_us=24590
static_stage_us prepare=43584 prefill=27674 select=24602 decode=1026 total=96886
2026-09-26T21:19:39.711685Z	debug	dynamo_static_selector_rpc	static selector RPC	connection.id=465 request.id=114535 request_id=882b2a5f-8737-4f75-b891-36d89701fa00 elapsed_us=32606
static_stage_us prepare=37291 prefill=24181 select=32620 decode=2640 total=96732
2026-09-26T21:19:39.739225Z	debug	dynamo_static_rpc_split	static prefill RPC split	connection.id=230 request.id=114914 request_id=ccd115e4-1f10-42a0-8ab1-19e48bfbcc00 headers_us=26430 stream_us=4
2026-09-26T21:19:39.769320Z	debug	dynamo_static_selector_rpc	static selector RPC	connection.id=230 request.id=114914 request_id=ccd115e4-1f10-42a0-8ab1-19e48bfbcc00 elapsed_us=30070
static_stage_us prepare=36299 prefill=26460 select=30085 decode=888 total=93732
2026-09-26T21:19:39.775044Z	debug	dynamo_static_rpc_split	static prefill RPC split	connection.id=454 request.id=115127 request_id=90026225-3e1e-48aa-aeb7-9fbfe5910d00 headers_us=24496 stream_us=3
2026-09-26T21:19:39.803632Z	debug	dynamo_static_selector_rpc	static selector RPC	connection.id=454 request.id=115127 request_id=90026225-3e1e-48aa-aeb7-9fbfe5910d00 elapsed_us=28574
static_stage_us prepare=48204 prefill=24513 select=28599 decode=5653 total=106969
2026-09-26T21:19:39.813957Z	debug	dynamo_static_rpc_split	static prefill RPC split	connection.id=200 request.id=115410 request_id=21b3502a-5ba7-47ad-b6ec-3e41b9c52400 headers_us=29789 stream_us=5
2026-09-26T21:19:39.841399Z	debug	dynamo_static_selector_rpc	static selector RPC	connection.id=200 request.id=115410 request_id=21b3502a-5ba7-47ad-b6ec-3e41b9c52400 elapsed_us=27407
static_stage_us prepare=42556 prefill=29830 select=27420 decode=1496 total=101302
2026-09-26T21:19:39.844987Z	debug	dynamo_static_rpc_split	static prefill RPC split	connection.id=520 request.id=115559 request_id=607a5fb0-d471-4182-af7a-a28e485b0900 headers_us=27288 stream_us=4
static_stage_us prepare=51950 prefill=27306 select=32343 decode=1431 total=113030
2026-09-26T21:19:39.877299Z	debug	dynamo_static_selector_rpc	static selector RPC	connection.id=520 request.id=115559 request_id=607a5fb0-d471-4182-af7a-a28e485b0900 elapsed_us=32299
2026-09-26T21:19:39.960846Z	debug	dynamo_static_rpc_split	static prefill RPC split	connection.id=867 request.id=116240 request_id=83c6fc66-e5ba-4db6-b538-2dc136037100 headers_us=29614 stream_us=6
2026-09-26T21:19:39.978630Z	debug	dynamo_static_rpc_split	static prefill RPC split	connection.id=152 request.id=116377 request_id=e0b8d16f-7086-41f6-9fa6-7a0d5a575d00 headers_us=28201 stream_us=11
2026-09-26T21:19:39.987511Z	debug	dynamo_static_selector_rpc	static selector RPC	connection.id=867 request.id=116240 request_id=83c6fc66-e5ba-4db6-b538-2dc136037100 elapsed_us=26647
static_stage_us prepare=57478 prefill=29639 select=26661 decode=3694 total=117472
2026-09-26T21:19:40.006681Z	debug	dynamo_static_selector_rpc	static selector RPC	connection.id=152 request.id=116377 request_id=e0b8d16f-7086-41f6-9fa6-7a0d5a575d00 elapsed_us=28036
2026-09-26T21:19:40.009155Z	debug	dynamo_static_rpc_split	static prefill RPC split	connection.id=486 request.id=116558 request_id=f4381e69-0f20-4d3c-bb7a-62ca3bdb8400 headers_us=27571 stream_us=7
static_stage_us prepare=55257 prefill=28227 select=28058 decode=3075 total=114617
static_stage_us prepare=39535 prefill=27592 select=27463 decode=1540 total=96130
2026-09-26T21:19:40.033817Z	debug	dynamo_static_rpc_split	static prefill RPC split	connection.id=571 request.id=116672 request_id=6d6b387f-9c6a-4f53-abad-9b7c79689d00 headers_us=32397 stream_us=3
2026-09-26T21:19:40.036618Z	debug	dynamo_static_selector_rpc	static selector RPC	connection.id=486 request.id=116558 request_id=f4381e69-0f20-4d3c-bb7a-62ca3bdb8400 elapsed_us=27449
2026-09-26T21:19:40.049612Z	debug	dynamo_static_rpc_split	static prefill RPC split	connection.id=871 request.id=116806 request_id=517039fa-0a63-42ab-9241-3deb6eac6500 headers_us=28675 stream_us=22
2026-09-26T21:19:40.056829Z	debug	dynamo_static_selector_rpc	static selector RPC	connection.id=571 request.id=116672 request_id=6d6b387f-9c6a-4f53-abad-9b7c79689d00 elapsed_us=22996
static_stage_us prepare=46251 prefill=32416 select=23010 decode=754 total=102431
2026-09-26T21:19:40.069273Z	debug	dynamo_static_rpc_split	static prefill RPC split	connection.id=941 request.id=116905 request_id=7b8d84c0-4704-4517-849c-2470e4ef2600 headers_us=31311 stream_us=17
2026-09-26T21:19:40.083016Z	debug	dynamo_static_selector_rpc	static selector RPC	connection.id=871 request.id=116806 request_id=517039fa-0a63-42ab-9241-3deb6eac6500 elapsed_us=33392
static_stage_us prepare=51050 prefill=28719 select=33404 decode=868 total=114041
2026-09-26T21:19:40.098104Z	debug	dynamo_static_selector_rpc	static selector RPC	connection.id=941 request.id=116905 request_id=7b8d84c0-4704-4517-849c-2470e4ef2600 elapsed_us=28815
static_stage_us prepare=51947 prefill=31344 select=28829 decode=2868 total=114988
2026-09-26T21:19:40.229012Z	debug	dynamo_static_rpc_split	static prefill RPC split	connection.id=197 request.id=117876 request_id=761ca5e7-f171-46e6-9762-ba778e299a00 headers_us=25925 stream_us=4
2026-09-26T21:19:40.251884Z	debug	dynamo_static_selector_rpc	static selector RPC	connection.id=197 request.id=117876 request_id=761ca5e7-f171-46e6-9762-ba778e299a00 elapsed_us=22854
static_stage_us prepare=56981 prefill=25949 select=22870 decode=987 total=106787
2026-09-26T21:19:40.297354Z	debug	dynamo_static_rpc_split	static prefill RPC split	connection.id=416 request.id=118206 request_id=b706b892-2ffb-4ff1-9c2b-8c3ab15a1800 headers_us=34895 stream_us=4
2026-09-26T21:19:40.329311Z	debug	dynamo_static_selector_rpc	static selector RPC	connection.id=416 request.id=118206 request_id=b706b892-2ffb-4ff1-9c2b-8c3ab15a1800 elapsed_us=31936
static_stage_us prepare=55288 prefill=34921 select=31952 decode=2048 total=124209
2026-09-26T21:19:40.334472Z	debug	dynamo_static_rpc_split	static prefill RPC split	connection.id=465 request.id=118558 request_id=5934a49a-4bb2-46fd-95d2-ac4653994600 headers_us=26207 stream_us=4
2026-09-26T21:19:40.356447Z	debug	dynamo_static_rpc_split	static prefill RPC split	connection.id=264 request.id=118657 request_id=39c5d0ba-1fa4-47e5-bd92-718782daf200 headers_us=29643 stream_us=19
2026-09-26T21:19:40.367972Z	debug	dynamo_static_selector_rpc	static selector RPC	connection.id=465 request.id=118558 request_id=5934a49a-4bb2-46fd-95d2-ac4653994600 elapsed_us=33488
static_stage_us prepare=51716 prefill=26228 select=33508 decode=3543 total=114995
2026-09-26T21:19:40.390536Z	debug	dynamo_static_selector_rpc	static selector RPC	connection.id=264 request.id=118657 request_id=39c5d0ba-1fa4-47e5-bd92-718782daf200 elapsed_us=34071
static_stage_us prepare=55790 prefill=29680 select=34084 decode=1399 total=120953
2026-09-26T21:19:40.429656Z	debug	dynamo_static_rpc_split	static prefill RPC split	connection.id=601 request.id=119051 request_id=9dcffac2-e5d6-4df2-b8ff-ba52fed37f00 headers_us=32363 stream_us=6
static_stage_us prepare=54656 prefill=32398 select=29774 decode=1276 total=118104
2026-09-26T21:19:40.459441Z	debug	dynamo_static_selector_rpc	static selector RPC	connection.id=601 request.id=119051 request_id=9dcffac2-e5d6-4df2-b8ff-ba52fed37f00 elapsed_us=29756
2026-09-26T21:19:40.474057Z	debug	dynamo_static_rpc_split	static prefill RPC split	connection.id=537 request.id=119446 request_id=ac665c5e-6763-461b-8a19-8c621718c900 headers_us=26029 stream_us=65
2026-09-26T21:19:40.506695Z	debug	dynamo_static_selector_rpc	static selector RPC	connection.id=537 request.id=119446 request_id=ac665c5e-6763-461b-8a19-8c621718c900 elapsed_us=32619
static_stage_us prepare=50110 prefill=26113 select=32635 decode=3949 total=112807
2026-09-26T21:19:40.596337Z	debug	dynamo_static_rpc_split	static prefill RPC split	connection.id=515 request.id=120100 request_id=233ed0c4-228b-4b31-9b86-3abf12d68500 headers_us=32837 stream_us=10
2026-09-26T21:19:40.604983Z	debug	dynamo_static_rpc_split	static prefill RPC split	connection.id=618 request.id=120207 request_id=723f89b2-37c7-4d66-bfbd-2129417dfe00 headers_us=28442 stream_us=21
2026-09-26T21:19:40.628748Z	debug	dynamo_static_selector_rpc	static selector RPC	connection.id=515 request.id=120100 request_id=233ed0c4-228b-4b31-9b86-3abf12d68500 elapsed_us=32390
static_stage_us prepare=53438 prefill=32869 select=32411 decode=2135 total=120853
2026-09-26T21:19:40.631674Z	debug	dynamo_static_selector_rpc	static selector RPC	connection.id=618 request.id=120207 request_id=723f89b2-37c7-4d66-bfbd-2129417dfe00 elapsed_us=26677
static_stage_us prepare=52955 prefill=28479 select=26694 decode=1045 total=109173
2026-09-26T21:19:40.670228Z	debug	dynamo_static_rpc_split	static prefill RPC split	connection.id=834 request.id=120552 request_id=e0a89b6e-9003-4665-a05e-cdf408a89e00 headers_us=29781 stream_us=6
2026-09-26T21:19:40.676527Z	debug	dynamo_static_rpc_split	static prefill RPC split	connection.id=383 request.id=120602 request_id=73796921-8319-406a-a6a7-d8d8d0889f00 headers_us=27206 stream_us=13
2026-09-26T21:19:40.698217Z	debug	dynamo_static_selector_rpc	static selector RPC	connection.id=834 request.id=120552 request_id=e0a89b6e-9003-4665-a05e-cdf408a89e00 elapsed_us=27971
static_stage_us prepare=50464 prefill=29807 select=28007 decode=4770 total=113048
2026-09-26T21:19:40.703105Z	debug	dynamo_static_selector_rpc	static selector RPC	connection.id=383 request.id=120602 request_id=73796921-8319-406a-a6a7-d8d8d0889f00 elapsed_us=26563
static_stage_us prepare=50799 prefill=27234 select=26594 decode=933 total=105560
2026-09-26T21:19:40.794003Z	debug	dynamo_static_rpc_split	static prefill RPC split	connection.id=517 request.id=121332 request_id=bf1bb9fa-65bb-416e-8892-422cf742f800 headers_us=26073 stream_us=3
2026-09-26T21:19:40.818045Z	debug	dynamo_static_rpc_split	static prefill RPC split	connection.id=321 request.id=121514 request_id=b558eb4f-bae2-44fe-8537-34f583269600 headers_us=27043 stream_us=24
2026-09-26T21:19:40.827144Z	debug	dynamo_static_selector_rpc	static selector RPC	connection.id=517 request.id=121332 request_id=bf1bb9fa-65bb-416e-8892-422cf742f800 elapsed_us=33122
static_stage_us prepare=54245 prefill=26095 select=33139 decode=1540 total=115019
2026-09-26T21:19:40.833534Z	debug	dynamo_static_rpc_split	static prefill RPC split	connection.id=860 request.id=121568 request_id=850054ef-19c9-46a7-ad65-ae20e0644e00 headers_us=32291 stream_us=9
2026-09-26T21:19:40.841167Z	debug	dynamo_static_rpc_split	static prefill RPC split	connection.id=236 request.id=121592 request_id=f21d75ce-9211-4367-b8b5-aabd6e75db00 headers_us=32671 stream_us=5
2026-09-26T21:19:40.851481Z	debug	dynamo_static_selector_rpc	static selector RPC	connection.id=321 request.id=121514 request_id=b558eb4f-bae2-44fe-8537-34f583269600 elapsed_us=33418
static_stage_us prepare=48148 prefill=27086 select=33445 decode=1245 total=109924
2026-09-26T21:19:40.867365Z	debug	dynamo_static_selector_rpc	static selector RPC	connection.id=860 request.id=121568 request_id=850054ef-19c9-46a7-ad65-ae20e0644e00 elapsed_us=33816
static_stage_us prepare=51658 prefill=32315 select=33831 decode=780 total=118584
2026-09-26T21:19:40.875021Z	debug	dynamo_static_selector_rpc	static selector RPC	connection.id=236 request.id=121592 request_id=f21d75ce-9211-4367-b8b5-aabd6e75db00 elapsed_us=33838
static_stage_us prepare=54775 prefill=32691 select=33864 decode=1537 total=122867
2026-09-26T21:19:40.889287Z	debug	dynamo_static_rpc_split	static prefill RPC split	connection.id=506 request.id=121900 request_id=d8ad2ec8-2abf-419a-bc14-a3a59b303e00 headers_us=35930 stream_us=10
2026-09-26T21:19:40.908046Z	debug	dynamo_static_rpc_split	static prefill RPC split	connection.id=344 request.id=121987 request_id=c6ad4998-0374-4a00-942e-e4ff54eb4d00 headers_us=37606 stream_us=5
2026-09-26T21:19:40.916093Z	debug	dynamo_static_selector_rpc	static selector RPC	connection.id=506 request.id=121900 request_id=d8ad2ec8-2abf-419a-bc14-a3a59b303e00 elapsed_us=26790
static_stage_us prepare=56329 prefill=35957 select=26803 decode=691 total=119780
2026-09-26T21:19:40.937470Z	debug	dynamo_static_selector_rpc	static selector RPC	connection.id=344 request.id=121987 request_id=c6ad4998-0374-4a00-942e-e4ff54eb4d00 elapsed_us=29407
static_stage_us prepare=56393 prefill=37629 select=29418 decode=1123 total=124563
2026-09-26T21:19:40.989371Z	debug	dynamo_static_rpc_split	static prefill RPC split	connection.id=367 request.id=122590 request_id=960e01f3-6d0d-40b5-a2c6-2eb3d1c9af00 headers_us=24761 stream_us=39
2026-09-26T21:19:41.024119Z	debug	dynamo_static_selector_rpc	static selector RPC	connection.id=367 request.id=122590 request_id=960e01f3-6d0d-40b5-a2c6-2eb3d1c9af00 elapsed_us=34731
static_stage_us prepare=48350 prefill=24819 select=34767 decode=6685 total=114621
2026-09-26T21:19:41.086363Z	debug	dynamo_static_rpc_split	static prefill RPC split	connection.id=880 request.id=123041 request_id=873d7cfd-77ec-4702-a393-d564186c4100 headers_us=38105 stream_us=7
2026-09-26T21:19:41.090680Z	debug	dynamo_static_rpc_split	static prefill RPC split	connection.id=707 request.id=123142 request_id=445ac5a9-1905-44f6-8012-67175bbe7500 headers_us=29209 stream_us=4
2026-09-26T21:19:41.120996Z	debug	dynamo_static_selector_rpc	static selector RPC	connection.id=707 request.id=123142 request_id=445ac5a9-1905-44f6-8012-67175bbe7500 elapsed_us=30298
2026-09-26T21:19:41.121989Z	debug	dynamo_static_selector_rpc	static selector RPC	connection.id=880 request.id=123041 request_id=873d7cfd-77ec-4702-a393-d564186c4100 elapsed_us=35566
static_stage_us prepare=62548 prefill=29232 select=30319 decode=1633 total=123732
static_stage_us prepare=64461 prefill=38172 select=35604 decode=2211 total=140448
2026-09-26T21:19:41.145438Z	debug	dynamo_static_rpc_split	static prefill RPC split	connection.id=448 request.id=123468 request_id=1c3398b9-49ae-4ade-aa66-ea284e95a600 headers_us=28235 stream_us=5
2026-09-26T21:19:41.184071Z	debug	dynamo_static_selector_rpc	static selector RPC	connection.id=448 request.id=123468 request_id=1c3398b9-49ae-4ade-aa66-ea284e95a600 elapsed_us=38614
static_stage_us prepare=53821 prefill=28260 select=38637 decode=2982 total=123700
2026-09-26T21:19:41.227466Z	debug	dynamo_static_rpc_split	static prefill RPC split	connection.id=426 request.id=123903 request_id=000b6a49-b4a4-4881-a833-b659b4acf400 headers_us=38870 stream_us=22
2026-09-26T21:19:41.256140Z	debug	dynamo_static_rpc_split	static prefill RPC split	connection.id=839 request.id=124046 request_id=005591f0-0fa4-4f69-81db-b78723f4d100 headers_us=37875 stream_us=90
2026-09-26T21:19:41.256260Z	debug	dynamo_static_selector_rpc	static selector RPC	connection.id=426 request.id=123903 request_id=000b6a49-b4a4-4881-a833-b659b4acf400 elapsed_us=28766
static_stage_us prepare=56734 prefill=38920 select=28778 decode=1154 total=125586
2026-09-26T21:19:41.298418Z	debug	dynamo_static_selector_rpc	static selector RPC	connection.id=839 request.id=124046 request_id=005591f0-0fa4-4f69-81db-b78723f4d100 elapsed_us=42258
static_stage_us prepare=53563 prefill=37987 select=42287 decode=1195 total=135032
2026-09-26T21:19:41.327376Z	debug	dynamo_static_rpc_split	static prefill RPC split	connection.id=589 request.id=124486 request_id=7cef4a0d-0f2d-4035-9c7a-aaf413521500 headers_us=31474 stream_us=7
2026-09-26T21:19:41.327414Z	debug	dynamo_static_rpc_split	static prefill RPC split	connection.id=165 request.id=124474 request_id=cd789577-9e84-4c15-8ccb-5d8dcc8a5300 headers_us=31763 stream_us=5
2026-09-26T21:19:41.352812Z	debug	dynamo_static_rpc_split	static prefill RPC split	connection.id=400 request.id=124657 request_id=0f0329d5-8058-4318-b6aa-b5de8dedfc00 headers_us=29739 stream_us=4
2026-09-26T21:19:41.359721Z	debug	dynamo_static_selector_rpc	static selector RPC	connection.id=589 request.id=124486 request_id=7cef4a0d-0f2d-4035-9c7a-aaf413521500 elapsed_us=32325
static_stage_us prepare=60087 prefill=31501 select=32337 decode=895 total=124820
2026-09-26T21:19:41.361847Z	debug	dynamo_static_selector_rpc	static selector RPC	connection.id=165 request.id=124474 request_id=cd789577-9e84-4c15-8ccb-5d8dcc8a5300 elapsed_us=34422
static_stage_us prepare=61240 prefill=31779 select=34474 decode=1111 total=128604
2026-09-26T21:19:41.387252Z	debug	dynamo_static_selector_rpc	static selector RPC	connection.id=400 request.id=124657 request_id=0f0329d5-8058-4318-b6aa-b5de8dedfc00 elapsed_us=34426
static_stage_us prepare=58289 prefill=29757 select=34444 decode=3322 total=125812
2026-09-26T21:19:41.404403Z	debug	dynamo_static_rpc_split	static prefill RPC split	connection.id=693 request.id=124919 request_id=39fce83b-2429-4790-a490-a47278dafe00 headers_us=30723 stream_us=12
2026-09-26T21:19:41.430948Z	debug	dynamo_static_selector_rpc	static selector RPC	connection.id=693 request.id=124919 request_id=39fce83b-2429-4790-a490-a47278dafe00 elapsed_us=26531
static_stage_us prepare=57362 prefill=30748 select=26546 decode=1702 total=116358
2026-09-26T21:19:41.440708Z	debug	dynamo_static_rpc_split	static prefill RPC split	connection.id=821 request.id=125186 request_id=98c137db-4a68-4acf-8542-e8513d31ff00 headers_us=34213 stream_us=7
2026-09-26T21:19:41.466786Z	debug	dynamo_static_selector_rpc	static selector RPC	connection.id=821 request.id=125186 request_id=98c137db-4a68-4acf-8542-e8513d31ff00 elapsed_us=26063
static_stage_us prepare=49575 prefill=34235 select=26078 decode=1533 total=111421
2026-09-26T21:19:41.488391Z	debug	dynamo_static_rpc_split	static prefill RPC split	connection.id=724 request.id=125482 request_id=86d37dc5-a0f9-4a5b-b966-39f66d59f800 headers_us=21752 stream_us=14
2026-09-26T21:19:41.521141Z	debug	dynamo_static_selector_rpc	static selector RPC	connection.id=724 request.id=125482 request_id=86d37dc5-a0f9-4a5b-b966-39f66d59f800 elapsed_us=32734
static_stage_us prepare=59353 prefill=21782 select=32753 decode=885 total=114773
2026-09-26T21:19:41.523292Z	debug	dynamo_static_rpc_split	static prefill RPC split	connection.id=184 request.id=125667 request_id=d784af70-956a-4f6b-80b5-7b31da6b3d00 headers_us=29303 stream_us=15
2026-09-26T21:19:41.548752Z	debug	dynamo_static_selector_rpc	static selector RPC	connection.id=184 request.id=125667 request_id=d784af70-956a-4f6b-80b5-7b31da6b3d00 elapsed_us=25443
static_stage_us prepare=52774 prefill=29335 select=25461 decode=1161 total=108731
2026-09-26T21:19:41.603246Z	debug	dynamo_static_rpc_split	static prefill RPC split	connection.id=500 request.id=126294 request_id=a25405d2-1edf-4e1a-bd18-3f38cd296700 headers_us=27219 stream_us=9
2026-09-26T21:19:41.631972Z	debug	dynamo_static_selector_rpc	static selector RPC	connection.id=500 request.id=126294 request_id=a25405d2-1edf-4e1a-bd18-3f38cd296700 elapsed_us=28704
static_stage_us prepare=37911 prefill=27251 select=28721 decode=1077 total=94960
2026-09-26T21:19:41.657794Z	debug	dynamo_static_rpc_split	static prefill RPC split	connection.id=142 request.id=126591 request_id=31996d2a-293d-411a-983d-b7e76bce1500 headers_us=27425 stream_us=5
2026-09-26T21:19:41.667495Z	debug	dynamo_static_rpc_split	static prefill RPC split	connection.id=346 request.id=126624 request_id=7d08d453-c9f3-4707-99ef-71e05b2bdb00 headers_us=30768 stream_us=16
2026-09-26T21:19:41.690840Z	debug	dynamo_static_selector_rpc	static selector RPC	connection.id=142 request.id=126591 request_id=31996d2a-293d-411a-983d-b7e76bce1500 elapsed_us=33021
static_stage_us prepare=50866 prefill=27456 select=33036 decode=1297 total=112655
2026-09-26T21:19:41.696468Z	debug	dynamo_static_selector_rpc	static selector RPC	connection.id=346 request.id=126624 request_id=7d08d453-c9f3-4707-99ef-71e05b2bdb00 elapsed_us=28952
static_stage_us prepare=52122 prefill=30806 select=28964 decode=2207 total=114099
2026-09-26T21:19:41.718099Z	debug	dynamo_static_rpc_split	static prefill RPC split	connection.id=362 request.id=126983 request_id=7a777418-d222-45fa-8eb6-8a1dd6af3600 headers_us=26606 stream_us=6
2026-09-26T21:19:41.718172Z	debug	dynamo_static_rpc_split	static prefill RPC split	connection.id=906 request.id=127009 request_id=412084c2-10c8-4ecc-baf8-d89e0ae63300 headers_us=24984 stream_us=5
2026-09-26T21:19:41.741115Z	debug	dynamo_static_selector_rpc	static selector RPC	connection.id=362 request.id=126983 request_id=7a777418-d222-45fa-8eb6-8a1dd6af3600 elapsed_us=23000
static_stage_us prepare=53049 prefill=26629 select=23014 decode=1102 total=103794
2026-09-26T21:19:41.743459Z	debug	dynamo_static_selector_rpc	static selector RPC	connection.id=906 request.id=127009 request_id=412084c2-10c8-4ecc-baf8-d89e0ae63300 elapsed_us=25274
static_stage_us prepare=51165 prefill=25003 select=25287 decode=998 total=102453
2026-09-26T21:19:41.758367Z	debug	dynamo_static_rpc_split	static prefill RPC split	connection.id=959 request.id=127353 request_id=571d9480-2370-46c2-b4c2-8b3651afe000 headers_us=18496 stream_us=6
2026-09-26T21:19:41.781861Z	debug	dynamo_static_selector_rpc	static selector RPC	connection.id=959 request.id=127353 request_id=571d9480-2370-46c2-b4c2-8b3651afe000 elapsed_us=23480
static_stage_us prepare=41749 prefill=18518 select=23494 decode=1086 total=84847
2026-09-26T21:19:41.797747Z	debug	dynamo_static_rpc_split	static prefill RPC split	connection.id=139 request.id=127503 request_id=96dd9a8c-7e8b-481d-9d90-01d829f65c00 headers_us=28965 stream_us=14
2026-09-26T21:19:41.805998Z	debug	dynamo_static_rpc_split	static prefill RPC split	connection.id=609 request.id=127611 request_id=74e5e5e1-a9f9-44ea-a71b-f8b385f38b00 headers_us=25181 stream_us=19
2026-09-26T21:19:41.819217Z	debug	dynamo_static_selector_rpc	static selector RPC	connection.id=139 request.id=127503 request_id=96dd9a8c-7e8b-481d-9d90-01d829f65c00 elapsed_us=21451
static_stage_us prepare=45411 prefill=28998 select=21469 decode=852 total=96730
2026-09-26T21:19:41.834263Z	debug	dynamo_static_selector_rpc	static selector RPC	connection.id=609 request.id=127611 request_id=74e5e5e1-a9f9-44ea-a71b-f8b385f38b00 elapsed_us=28252
static_stage_us prepare=44651 prefill=25214 select=28262 decode=1596 total=99723
2026-09-26T21:19:41.896427Z	debug	dynamo_static_rpc_split	static prefill RPC split	connection.id=343 request.id=128134 request_id=9509c150-cebb-41f2-8514-e469fb529b00 headers_us=36852 stream_us=24
2026-09-26T21:19:41.901730Z	debug	dynamo_static_rpc_split	static prefill RPC split	connection.id=861 request.id=128230 request_id=30c86958-c57f-4241-8803-3af620006200 headers_us=30209 stream_us=7
2026-09-26T21:19:41.922755Z	debug	dynamo_static_rpc_split	static prefill RPC split	connection.id=398 request.id=128341 request_id=9c8f0988-0794-4a13-8d6c-44af6670f000 headers_us=30065 stream_us=3
2026-09-26T21:19:41.927792Z	debug	dynamo_static_selector_rpc	static selector RPC	connection.id=343 request.id=128134 request_id=9509c150-cebb-41f2-8514-e469fb529b00 elapsed_us=31325
2026-09-26T21:19:41.928047Z	debug	dynamo_static_selector_rpc	static selector RPC	connection.id=861 request.id=128230 request_id=30c86958-c57f-4241-8803-3af620006200 elapsed_us=26300
static_stage_us prepare=49420 prefill=36916 select=31364 decode=1298 total=118998
static_stage_us prepare=48037 prefill=30235 select=26313 decode=1168 total=105753
2026-09-26T21:19:41.950435Z	debug	dynamo_static_selector_rpc	static selector RPC	connection.id=398 request.id=128341 request_id=9c8f0988-0794-4a13-8d6c-44af6670f000 elapsed_us=27662
static_stage_us prepare=49522 prefill=30087 select=27675 decode=1562 total=108846
2026-09-26T21:19:42.090118Z	debug	dynamo_static_rpc_split	static prefill RPC split	connection.id=788 request.id=129432 request_id=786f1a47-2f4a-4be4-a981-95b9e8a5cc00 headers_us=26207 stream_us=47
2026-09-26T21:19:42.108582Z	debug	dynamo_static_rpc_split	static prefill RPC split	connection.id=950 request.id=129548 request_id=ecbf647c-4f54-4485-a112-be6420293e00 headers_us=25423 stream_us=4
2026-09-26T21:19:42.109747Z	debug	dynamo_static_rpc_split	static prefill RPC split	connection.id=231 request.id=129579 request_id=be430b7f-9cf8-4bab-8898-eca1924d3400 headers_us=26102 stream_us=16
2026-09-26T21:19:42.117981Z	debug	dynamo_static_selector_rpc	static selector RPC	connection.id=788 request.id=129432 request_id=786f1a47-2f4a-4be4-a981-95b9e8a5cc00 elapsed_us=27828
static_stage_us prepare=52199 prefill=26290 select=27843 decode=874 total=107206
2026-09-26T21:19:42.125181Z	debug	dynamo_static_rpc_split	static prefill RPC split	connection.id=623 request.id=129644 request_id=d6b3f9b8-4272-4561-845d-76e5099b7800 headers_us=30411 stream_us=11
2026-09-26T21:19:42.137066Z	debug	dynamo_static_selector_rpc	static selector RPC	connection.id=950 request.id=129548 request_id=ecbf647c-4f54-4485-a112-be6420293e00 elapsed_us=27958
static_stage_us prepare=48552 prefill=25953 select=27969 decode=892 total=103366
2026-09-26T21:19:42.140289Z	debug	dynamo_static_selector_rpc	static selector RPC	connection.id=231 request.id=129579 request_id=be430b7f-9cf8-4bab-8898-eca1924d3400 elapsed_us=30513
static_stage_us prepare=44750 prefill=26147 select=30528 decode=1347 total=102772
2026-09-26T21:19:42.152487Z	debug	dynamo_static_selector_rpc	static selector RPC	connection.id=623 request.id=129644 request_id=d6b3f9b8-4272-4561-845d-76e5099b7800 elapsed_us=27287
static_stage_us prepare=46015 prefill=30442 select=27301 decode=930 total=104688
2026-09-26T21:19:42.155876Z	debug	dynamo_static_rpc_split	static prefill RPC split	connection.id=293 request.id=129920 request_id=35eb1a19-58c0-40d4-b667-ce0f9010bc00 headers_us=23262 stream_us=8
2026-09-26T21:19:42.155995Z	debug	dynamo_static_rpc_split	static prefill RPC split	connection.id=800 request.id=129903 request_id=1b9e4181-ec49-44e3-9e9f-2552aa1eed00 headers_us=24409 stream_us=5
2026-09-26T21:19:42.161638Z	debug	dynamo_static_rpc_split	static prefill RPC split	connection.id=524 request.id=129901 request_id=be6144b3-368a-434a-aa06-b35baa0fc900 headers_us=30022 stream_us=35
2026-09-26T21:19:42.185094Z	debug	dynamo_static_selector_rpc	static selector RPC	connection.id=293 request.id=129920 request_id=35eb1a19-58c0-40d4-b667-ce0f9010bc00 elapsed_us=29206
static_stage_us prepare=44035 prefill=23283 select=29217 decode=1334 total=97869
2026-09-26T21:19:42.188295Z	debug	dynamo_static_selector_rpc	static selector RPC	connection.id=524 request.id=129901 request_id=be6144b3-368a-434a-aa06-b35baa0fc900 elapsed_us=26631
2026-09-26T21:19:42.188628Z	debug	dynamo_static_selector_rpc	static selector RPC	connection.id=800 request.id=129903 request_id=1b9e4181-ec49-44e3-9e9f-2552aa1eed00 elapsed_us=32622
static_stage_us prepare=45876 prefill=30085 select=26647 decode=761 total=103369
static_stage_us prepare=45011 prefill=24425 select=32634 decode=1266 total=103336
2026-09-26T21:19:42.274004Z	debug	dynamo_static_rpc_split	static prefill RPC split	connection.id=824 request.id=130567 request_id=7e3bdcd4-d7fa-40f7-9438-60a4699fe500 headers_us=30667 stream_us=4
2026-09-26T21:19:42.302740Z	debug	dynamo_static_selector_rpc	static selector RPC	connection.id=824 request.id=130567 request_id=7e3bdcd4-d7fa-40f7-9438-60a4699fe500 elapsed_us=28712
static_stage_us prepare=63723 prefill=30696 select=28728 decode=1802 total=124949
2026-09-26T21:19:42.308847Z	debug	dynamo_static_rpc_split	static prefill RPC split	connection.id=213 request.id=130764 request_id=aa370f28-9ff8-4b7e-8d83-a6d4b0bacc00 headers_us=31430 stream_us=4
2026-09-26T21:19:42.333563Z	debug	dynamo_static_selector_rpc	static selector RPC	connection.id=213 request.id=130764 request_id=aa370f28-9ff8-4b7e-8d83-a6d4b0bacc00 elapsed_us=24700
static_stage_us prepare=56326 prefill=31450 select=24716 decode=1984 total=114476
2026-09-26T21:19:42.454540Z	debug	dynamo_static_rpc_split	static prefill RPC split	connection.id=167 request.id=131756 request_id=dbc61561-1bce-49d7-b2a8-c68056f78600 headers_us=28075 stream_us=3
2026-09-26T21:19:42.454770Z	debug	dynamo_static_rpc_split	static prefill RPC split	connection.id=282 request.id=131744 request_id=596f0517-e0ee-475d-a566-74eeeefc3b00 headers_us=28356 stream_us=29
2026-09-26T21:19:42.478040Z	debug	dynamo_static_rpc_split	static prefill RPC split	connection.id=884 request.id=131927 request_id=df22448c-10c6-4e82-8f50-8041807d3800 headers_us=23410 stream_us=14
2026-09-26T21:19:42.480849Z	debug	dynamo_static_selector_rpc	static selector RPC	connection.id=167 request.id=131756 request_id=dbc61561-1bce-49d7-b2a8-c68056f78600 elapsed_us=26287
static_stage_us prepare=45748 prefill=28101 select=26302 decode=788 total=100939
2026-09-26T21:19:42.486226Z	debug	dynamo_static_selector_rpc	static selector RPC	connection.id=282 request.id=131744 request_id=596f0517-e0ee-475d-a566-74eeeefc3b00 elapsed_us=31443
static_stage_us prepare=46869 prefill=28400 select=31455 decode=4126 total=110850
static_stage_us prepare=51881 prefill=23448 select=31219 decode=1290 total=107838
2026-09-26T21:19:42.509269Z	debug	dynamo_static_selector_rpc	static selector RPC	connection.id=884 request.id=131927 request_id=df22448c-10c6-4e82-8f50-8041807d3800 elapsed_us=31205
2026-09-26T21:19:42.535289Z	debug	dynamo_static_rpc_split	static prefill RPC split	connection.id=711 request.id=132263 request_id=04453365-d68c-4a8f-92da-759254154600 headers_us=28995 stream_us=11
2026-09-26T21:19:42.562798Z	debug	dynamo_static_rpc_split	static prefill RPC split	connection.id=907 request.id=132435 request_id=84f33add-0290-449e-b9cb-5293ed344d00 headers_us=36020 stream_us=16
2026-09-26T21:19:42.566220Z	debug	dynamo_static_selector_rpc	static selector RPC	connection.id=711 request.id=132263 request_id=04453365-d68c-4a8f-92da-759254154600 elapsed_us=30912
static_stage_us prepare=50417 prefill=29026 select=30927 decode=1792 total=112162
2026-09-26T21:19:42.586094Z	debug	dynamo_static_selector_rpc	static selector RPC	connection.id=907 request.id=132435 request_id=84f33add-0290-449e-b9cb-5293ed344d00 elapsed_us=23278
static_stage_us prepare=44423 prefill=36057 select=23293 decode=1043 total=104816
2026-09-26T21:19:42.612229Z	debug	dynamo_static_rpc_split	static prefill RPC split	connection.id=199 request.id=132734 request_id=6ecf387d-cb50-4411-a6ca-b156282d3f00 headers_us=23880 stream_us=4
2026-09-26T21:19:42.639191Z	debug	dynamo_static_selector_rpc	static selector RPC	connection.id=199 request.id=132734 request_id=6ecf387d-cb50-4411-a6ca-b156282d3f00 elapsed_us=26945
static_stage_us prepare=61856 prefill=23900 select=26975 decode=1057 total=113788
2026-09-26T21:19:42.742388Z	debug	dynamo_static_rpc_split	static prefill RPC split	connection.id=924 request.id=133670 request_id=65b43179-12d8-4879-8124-9bf69c621c00 headers_us=24139 stream_us=3
2026-09-26T21:19:42.765778Z	debug	dynamo_static_selector_rpc	static selector RPC	connection.id=924 request.id=133670 request_id=65b43179-12d8-4879-8124-9bf69c621c00 elapsed_us=23370
static_stage_us prepare=43142 prefill=24163 select=23388 decode=941 total=91634
2026-09-26T21:19:42.856928Z	debug	dynamo_static_rpc_split	static prefill RPC split	connection.id=278 request.id=134357 request_id=770fdfa8-c521-4306-97c9-dee65add5000 headers_us=30489 stream_us=14
2026-09-26T21:19:42.857281Z	debug	dynamo_static_rpc_split	static prefill RPC split	connection.id=150 request.id=134428 request_id=801e5d53-28dd-4b36-a45a-d9fd4baf0700 headers_us=21978 stream_us=9
2026-09-26T21:19:42.879424Z	debug	dynamo_static_selector_rpc	static selector RPC	connection.id=150 request.id=134428 request_id=801e5d53-28dd-4b36-a45a-d9fd4baf0700 elapsed_us=22129
2026-09-26T21:19:42.879785Z	debug	dynamo_static_selector_rpc	static selector RPC	connection.id=278 request.id=134357 request_id=770fdfa8-c521-4306-97c9-dee65add5000 elapsed_us=22823
static_stage_us prepare=50641 prefill=22005 select=22147 decode=905 total=95698
static_stage_us prepare=52057 prefill=30538 select=22836 decode=1157 total=106588
2026-09-26T21:19:42.922717Z	debug	dynamo_static_rpc_split	static prefill RPC split	connection.id=223 request.id=134859 request_id=015ab4c7-f902-4ec0-83a7-1f6ee57d0200 headers_us=27467 stream_us=2
2026-09-26T21:19:42.950111Z	debug	dynamo_static_selector_rpc	static selector RPC	connection.id=223 request.id=134859 request_id=015ab4c7-f902-4ec0-83a7-1f6ee57d0200 elapsed_us=27378
static_stage_us prepare=39092 prefill=27486 select=27395 decode=3359 total=97332
2026-09-26T21:19:42.972391Z	debug	dynamo_static_rpc_split	static prefill RPC split	connection.id=583 request.id=135283 request_id=b689b9c6-30fd-44c0-a7a0-7b81eb221300 headers_us=21259 stream_us=4
static_stage_us prepare=40479 prefill=21287 select=26494 decode=736 total=88996
2026-09-26T21:19:42.998891Z	debug	dynamo_static_selector_rpc	static selector RPC	connection.id=583 request.id=135283 request_id=b689b9c6-30fd-44c0-a7a0-7b81eb221300 elapsed_us=26478
2026-09-26T21:19:43.023161Z	debug	dynamo_static_rpc_split	static prefill RPC split	connection.id=810 request.id=135530 request_id=f23e6564-b6f5-4d85-84f2-203252ae8300 headers_us=25816 stream_us=2
2026-09-26T21:19:43.053379Z	debug	dynamo_static_selector_rpc	static selector RPC	connection.id=810 request.id=135530 request_id=f23e6564-b6f5-4d85-84f2-203252ae8300 elapsed_us=30203
static_stage_us prepare=41080 prefill=25833 select=30219 decode=1033 total=98165
2026-09-26T21:19:43.131963Z	debug	dynamo_static_rpc_split	static prefill RPC split	connection.id=769 request.id=136222 request_id=f1e17f4a-fd91-411d-b9f5-24b435225800 headers_us=30114 stream_us=5
2026-09-26T21:19:43.146745Z	debug	dynamo_static_rpc_split	static prefill RPC split	connection.id=438 request.id=136327 request_id=f5fe16ac-9ec3-4e4b-9467-15cfa3676e00 headers_us=24297 stream_us=3
2026-09-26T21:19:43.160915Z	debug	dynamo_static_selector_rpc	static selector RPC	connection.id=769 request.id=136222 request_id=f1e17f4a-fd91-411d-b9f5-24b435225800 elapsed_us=28918
static_stage_us prepare=48339 prefill=30154 select=28931 decode=1044 total=108468
2026-09-26T21:19:43.163105Z	debug	dynamo_static_rpc_split	static prefill RPC split	connection.id=891 request.id=136451 request_id=c82fb355-8739-4984-af47-9c505c31e300 headers_us=28809 stream_us=4
2026-09-26T21:19:43.167749Z	debug	dynamo_static_selector_rpc	static selector RPC	connection.id=438 request.id=136327 request_id=f5fe16ac-9ec3-4e4b-9467-15cfa3676e00 elapsed_us=20990
static_stage_us prepare=53790 prefill=24315 select=21001 decode=1356 total=100462
2026-09-26T21:19:43.186183Z	debug	dynamo_static_rpc_split	static prefill RPC split	connection.id=256 request.id=136510 request_id=69eca59c-c9a6-4600-88ee-708ee12f1f00 headers_us=30756 stream_us=11
2026-09-26T21:19:43.192067Z	debug	dynamo_static_selector_rpc	static selector RPC	connection.id=891 request.id=136451 request_id=c82fb355-8739-4984-af47-9c505c31e300 elapsed_us=28948
static_stage_us prepare=45001 prefill=28828 select=28984 decode=2649 total=105462
2026-09-26T21:19:43.212190Z	debug	dynamo_static_selector_rpc	static selector RPC	connection.id=256 request.id=136510 request_id=69eca59c-c9a6-4600-88ee-708ee12f1f00 elapsed_us=25990
static_stage_us prepare=54251 prefill=30783 select=26025 decode=1658 total=112717
2026-09-26T21:19:43.265646Z	debug	dynamo_static_rpc_split	static prefill RPC split	connection.id=861 request.id=137039 request_id=8bd1bd14-268e-4868-83a9-adfa4c26dd00 headers_us=32961 stream_us=24
2026-09-26T21:19:43.267795Z	debug	dynamo_static_rpc_split	static prefill RPC split	connection.id=728 request.id=137024 request_id=57bc4ed4-a17e-4372-b9a9-b94624b1f700 headers_us=35252 stream_us=2
2026-09-26T21:19:43.294032Z	debug	dynamo_static_selector_rpc	static selector RPC	connection.id=861 request.id=137039 request_id=8bd1bd14-268e-4868-83a9-adfa4c26dd00 elapsed_us=28366
static_stage_us prepare=48931 prefill=33007 select=28385 decode=945 total=111268
2026-09-26T21:19:43.296616Z	debug	dynamo_static_selector_rpc	static selector RPC	connection.id=728 request.id=137024 request_id=57bc4ed4-a17e-4372-b9a9-b94624b1f700 elapsed_us=28808
static_stage_us prepare=49789 prefill=35268 select=28823 decode=903 total=114783
2026-09-26T21:19:43.370508Z	debug	dynamo_static_rpc_split	static prefill RPC split	connection.id=403 request.id=137688 request_id=b201cfd0-ab63-4033-8daf-b73b4c6d7e00 headers_us=32266 stream_us=17
2026-09-26T21:19:43.400073Z	debug	dynamo_static_selector_rpc	static selector RPC	connection.id=403 request.id=137688 request_id=b201cfd0-ab63-4033-8daf-b73b4c6d7e00 elapsed_us=29543
static_stage_us prepare=50049 prefill=32306 select=29563 decode=2154 total=114072
2026-09-26T21:19:43.406466Z	debug	dynamo_static_rpc_split	static prefill RPC split	connection.id=488 request.id=137921 request_id=fc3edd45-0ab0-4548-974b-546725e7f000 headers_us=29315 stream_us=4
2026-09-26T21:19:43.423285Z	debug	dynamo_static_rpc_split	static prefill RPC split	connection.id=932 request.id=138090 request_id=da291b84-6107-4e5e-b2c4-dc6a77916000 headers_us=31340 stream_us=22
2026-09-26T21:19:43.431045Z	debug	dynamo_static_rpc_split	static prefill RPC split	connection.id=774 request.id=138057 request_id=c2788589-f9ba-442a-af93-cfd9b0462d00 headers_us=32565 stream_us=2
2026-09-26T21:19:43.431383Z	debug	dynamo_static_selector_rpc	static selector RPC	connection.id=488 request.id=137921 request_id=fc3edd45-0ab0-4548-974b-546725e7f000 elapsed_us=24897
2026-09-26T21:19:43.439502Z	debug	dynamo_static_rpc_split	static prefill RPC split	connection.id=358 request.id=138173 request_id=83cf5f78-4846-413c-8b1f-68e457e91a00 headers_us=18912 stream_us=5
2026-09-26T21:19:43.439565Z	debug	dynamo_static_rpc_split	static prefill RPC split	connection.id=845 request.id=138160 request_id=ba9c701c-1377-4f5a-9f9c-309d38c0db00 headers_us=19437 stream_us=4
2026-09-26T21:19:43.439615Z	debug	dynamo_static_rpc_split	static prefill RPC split	connection.id=716 request.id=138182 request_id=52cffb84-54ba-4f13-8938-bc5ff21bcd00 headers_us=18887 stream_us=4
static_stage_us prepare=51556 prefill=29340 select=24915 decode=9517 total=115328
2026-09-26T21:19:43.442132Z	debug	dynamo_static_selector_rpc	static selector RPC	connection.id=932 request.id=138090 request_id=da291b84-6107-4e5e-b2c4-dc6a77916000 elapsed_us=18829
static_stage_us prepare=44142 prefill=31382 select=18842 decode=4275 total=98641
2026-09-26T21:19:43.448391Z	debug	dynamo_static_selector_rpc	static selector RPC	connection.id=774 request.id=138057 request_id=c2788589-f9ba-442a-af93-cfd9b0462d00 elapsed_us=17333
static_stage_us prepare=57022 prefill=32581 select=17345 decode=2780 total=109728
2026-09-26T21:19:43.462551Z	debug	dynamo_static_selector_rpc	static selector RPC	connection.id=845 request.id=138160 request_id=ba9c701c-1377-4f5a-9f9c-309d38c0db00 elapsed_us=22977
2026-09-26T21:19:43.463539Z	debug	dynamo_static_selector_rpc	static selector RPC	connection.id=716 request.id=138182 request_id=52cffb84-54ba-4f13-8938-bc5ff21bcd00 elapsed_us=23912
static_stage_us prepare=60252 prefill=19450 select=23026 decode=5788 total=108516
2026-09-26T21:19:43.466472Z	debug	dynamo_static_selector_rpc	static selector RPC	connection.id=358 request.id=138173 request_id=83cf5f78-4846-413c-8b1f-68e457e91a00 elapsed_us=26939
static_stage_us prepare=56934 prefill=18903 select=23926 decode=8531 total=108294
static_stage_us prepare=58800 prefill=18947 select=26955 decode=6118 total=110820
2026-09-26T21:19:43.506056Z	debug	dynamo_static_rpc_split	static prefill RPC split	connection.id=302 request.id=138614 request_id=0438d001-a715-462b-91cc-72a46081e300 headers_us=23196 stream_us=4
2026-09-26T21:19:43.531932Z	debug	dynamo_static_rpc_split	static prefill RPC split	connection.id=206 request.id=138679 request_id=0da935f0-cb52-49e3-b9e5-15039dc44e00 headers_us=31319 stream_us=7
2026-09-26T21:19:43.537914Z	debug	dynamo_static_selector_rpc	static selector RPC	connection.id=302 request.id=138614 request_id=0438d001-a715-462b-91cc-72a46081e300 elapsed_us=31843
static_stage_us prepare=43032 prefill=23217 select=31858 decode=1646 total=99753
2026-09-26T21:19:43.562392Z	debug	dynamo_static_selector_rpc	static selector RPC	connection.id=206 request.id=138679 request_id=0da935f0-cb52-49e3-b9e5-15039dc44e00 elapsed_us=30436
static_stage_us prepare=43910 prefill=31352 select=30452 decode=1200 total=106914
2026-09-26T21:19:43.588528Z	debug	dynamo_static_rpc_split	static prefill RPC split	connection.id=936 request.id=139121 request_id=37ff999b-b2a5-4fdb-811e-0c4bfa404a00 headers_us=25725 stream_us=4
2026-09-26T21:19:43.613631Z	debug	dynamo_static_selector_rpc	static selector RPC	connection.id=936 request.id=139121 request_id=37ff999b-b2a5-4fdb-811e-0c4bfa404a00 elapsed_us=25086
static_stage_us prepare=49200 prefill=25747 select=25121 decode=646 total=100714
2026-09-26T21:19:43.625809Z	debug	dynamo_static_rpc_split	static prefill RPC split	connection.id=663 request.id=139360 request_id=5859fb48-3fc4-46f1-b86c-7077d2c7a100 headers_us=30360 stream_us=4
2026-09-26T21:19:43.648058Z	debug	dynamo_static_rpc_split	static prefill RPC split	connection.id=359 request.id=139435 request_id=f783e58f-54c9-40b9-ac02-2da1a54a4500 headers_us=31755 stream_us=5
2026-09-26T21:19:43.655377Z	debug	dynamo_static_selector_rpc	static selector RPC	connection.id=663 request.id=139360 request_id=5859fb48-3fc4-46f1-b86c-7077d2c7a100 elapsed_us=29553
static_stage_us prepare=50064 prefill=30381 select=29598 decode=832 total=110875
2026-09-26T21:19:43.680048Z	debug	dynamo_static_selector_rpc	static selector RPC	connection.id=359 request.id=139435 request_id=f783e58f-54c9-40b9-ac02-2da1a54a4500 elapsed_us=31975
static_stage_us prepare=56738 prefill=31776 select=31993 decode=1374 total=121881
2026-09-26T21:19:43.685966Z	debug	dynamo_static_rpc_split	static prefill RPC split	connection.id=276 request.id=139663 request_id=36ab5e0d-abab-45d9-b3a5-fdde7004ed00 headers_us=33390 stream_us=4
2026-09-26T21:19:43.693106Z	debug	dynamo_static_rpc_split	static prefill RPC split	connection.id=731 request.id=139709 request_id=fa02f9c9-d3ba-4dd5-997b-2ac7c8727f00 headers_us=31672 stream_us=9
2026-09-26T21:19:43.712347Z	debug	dynamo_static_rpc_split	static prefill RPC split	connection.id=449 request.id=139849 request_id=77318480-c28c-4786-8ad7-f6a359c03500 headers_us=34384 stream_us=3
2026-09-26T21:19:43.723468Z	debug	dynamo_static_selector_rpc	static selector RPC	connection.id=276 request.id=139663 request_id=36ab5e0d-abab-45d9-b3a5-fdde7004ed00 elapsed_us=37488
2026-09-26T21:19:43.723998Z	debug	dynamo_static_selector_rpc	static selector RPC	connection.id=731 request.id=139709 request_id=fa02f9c9-d3ba-4dd5-997b-2ac7c8727f00 elapsed_us=30875
static_stage_us prepare=51906 prefill=33409 select=37530 decode=1901 total=124746
static_stage_us prepare=57922 prefill=31698 select=30894 decode=1680 total=122194
2026-09-26T21:19:43.747039Z	debug	dynamo_static_selector_rpc	static selector RPC	connection.id=449 request.id=139849 request_id=77318480-c28c-4786-8ad7-f6a359c03500 elapsed_us=34673
static_stage_us prepare=53909 prefill=34408 select=34690 decode=955 total=123962
2026-09-26T21:19:43.818157Z	debug	dynamo_static_rpc_split	static prefill RPC split	connection.id=677 request.id=140588 request_id=78fa0ac1-09c0-4ca4-af59-26211e00cd00 headers_us=29217 stream_us=8
2026-09-26T21:19:43.834299Z	debug	dynamo_static_rpc_split	static prefill RPC split	connection.id=457 request.id=140625 request_id=53fed862-8cbf-413c-9927-eb1bca76ab00 headers_us=30437 stream_us=11
2026-09-26T21:19:43.837578Z	debug	dynamo_static_rpc_split	static prefill RPC split	connection.id=739 request.id=140679 request_id=15f756d7-b22f-4a4f-a8e9-ba947399e500 headers_us=22956 stream_us=3
2026-09-26T21:19:43.850844Z	debug	dynamo_static_selector_rpc	static selector RPC	connection.id=677 request.id=140588 request_id=78fa0ac1-09c0-4ca4-af59-26211e00cd00 elapsed_us=32667
static_stage_us prepare=42947 prefill=29244 select=32679 decode=1520 total=106390
2026-09-26T21:19:43.861738Z	debug	dynamo_static_selector_rpc	static selector RPC	connection.id=457 request.id=140625 request_id=53fed862-8cbf-413c-9927-eb1bca76ab00 elapsed_us=27418
static_stage_us prepare=51560 prefill=30470 select=27430 decode=800 total=110260
2026-09-26T21:19:43.871691Z	debug	dynamo_static_selector_rpc	static selector RPC	connection.id=739 request.id=140679 request_id=15f756d7-b22f-4a4f-a8e9-ba947399e500 elapsed_us=34101
static_stage_us prepare=52746 prefill=22971 select=34112 decode=2198 total=112027
2026-09-26T21:19:43.986592Z	debug	dynamo_static_rpc_split	static prefill RPC split	connection.id=167 request.id=141538 request_id=c4dac724-3155-4121-8145-a207ba74fa00 headers_us=25005 stream_us=5
2026-09-26T21:19:43.991693Z	debug	dynamo_static_rpc_split	static prefill RPC split	connection.id=166 request.id=141534 request_id=6e413b54-9de7-45a6-b44c-67d625a9af00 headers_us=30089 stream_us=8
2026-09-26T21:19:44.019351Z	debug	dynamo_static_selector_rpc	static selector RPC	connection.id=167 request.id=141538 request_id=c4dac724-3155-4121-8145-a207ba74fa00 elapsed_us=32737
static_stage_us prepare=57647 prefill=25033 select=32750 decode=1147 total=116577
2026-09-26T21:19:44.026436Z	debug	dynamo_static_selector_rpc	static selector RPC	connection.id=166 request.id=141534 request_id=6e413b54-9de7-45a6-b44c-67d625a9af00 elapsed_us=34728
static_stage_us prepare=58423 prefill=30111 select=34740 decode=1341 total=124615
2026-09-26T21:19:44.050845Z	debug	dynamo_static_rpc_split	static prefill RPC split	connection.id=627 request.id=141769 request_id=27e83c13-8d39-4ef2-ba71-889e14001c00 headers_us=42208 stream_us=12
2026-09-26T21:19:44.055533Z	debug	dynamo_static_rpc_split	static prefill RPC split	connection.id=142 request.id=141854 request_id=6bbbe9d6-7e00-4763-8831-92b7f4b62800 headers_us=29513 stream_us=4
2026-09-26T21:19:44.074022Z	debug	dynamo_static_rpc_split	static prefill RPC split	connection.id=333 request.id=141967 request_id=ef5725a2-e158-4c9b-860f-33d1d620ab00 headers_us=34420 stream_us=11
2026-09-26T21:19:44.078700Z	debug	dynamo_static_selector_rpc	static selector RPC	connection.id=627 request.id=141769 request_id=27e83c13-8d39-4ef2-ba71-889e14001c00 elapsed_us=27832
static_stage_us prepare=51528 prefill=42244 select=27844 decode=1320 total=122936
2026-09-26T21:19:44.080189Z	debug	dynamo_static_rpc_split	static prefill RPC split	connection.id=387 request.id=141965 request_id=6997dd97-e029-4f09-a118-7cbecb96bc00 headers_us=40591 stream_us=18
2026-09-26T21:19:44.080253Z	debug	dynamo_static_rpc_split	static prefill RPC split	connection.id=468 request.id=141975 request_id=259bad77-ddee-46b1-a5a7-ff5b79bc7600 headers_us=40644 stream_us=6
2026-09-26T21:19:44.086414Z	debug	dynamo_static_selector_rpc	static selector RPC	connection.id=142 request.id=141854 request_id=6bbbe9d6-7e00-4763-8831-92b7f4b62800 elapsed_us=30864
static_stage_us prepare=56099 prefill=29535 select=30875 decode=2445 total=118954
2026-09-26T21:19:44.103083Z	debug	dynamo_static_selector_rpc	static selector RPC	connection.id=333 request.id=141967 request_id=ef5725a2-e158-4c9b-860f-33d1d620ab00 elapsed_us=29038
static_stage_us prepare=56473 prefill=34454 select=29051 decode=1181 total=121159
2026-09-26T21:19:44.110005Z	debug	dynamo_static_selector_rpc	static selector RPC	connection.id=387 request.id=141965 request_id=6997dd97-e029-4f09-a118-7cbecb96bc00 elapsed_us=29775
static_stage_us prepare=56598 prefill=40651 select=29790 decode=1132 total=128171
2026-09-26T21:19:44.111620Z	debug	dynamo_static_selector_rpc	static selector RPC	connection.id=468 request.id=141975 request_id=259bad77-ddee-46b1-a5a7-ff5b79bc7600 elapsed_us=31354
static_stage_us prepare=55813 prefill=40664 select=31366 decode=2160 total=130003
2026-09-26T21:19:44.165326Z	debug	dynamo_static_rpc_split	static prefill RPC split	connection.id=326 request.id=142586 request_id=b87d7720-3135-4d1f-90c6-63839e01d800 headers_us=24485 stream_us=8
2026-09-26T21:19:44.168986Z	debug	dynamo_static_rpc_split	static prefill RPC split	connection.id=359 request.id=142613 request_id=25703837-83a1-4a03-94ea-344563738b00 headers_us=22583 stream_us=11
2026-09-26T21:19:44.192092Z	debug	dynamo_static_selector_rpc	static selector RPC	connection.id=326 request.id=142586 request_id=b87d7720-3135-4d1f-90c6-63839e01d800 elapsed_us=26751
static_stage_us prepare=48951 prefill=24513 select=26765 decode=578 total=100807
2026-09-26T21:19:44.199157Z	debug	dynamo_static_selector_rpc	static selector RPC	connection.id=359 request.id=142613 request_id=25703837-83a1-4a03-94ea-344563738b00 elapsed_us=30151
static_stage_us prepare=52000 prefill=22614 select=30166 decode=1324 total=106104
2026-09-26T21:19:44.228616Z	debug	dynamo_static_rpc_split	static prefill RPC split	connection.id=286 request.id=142981 request_id=05d9598e-beb7-445e-b338-f70a3ab40e00 headers_us=22276 stream_us=15
2026-09-26T21:19:44.233666Z	debug	dynamo_static_rpc_split	static prefill RPC split	connection.id=822 request.id=143011 request_id=8c72a4af-13fe-4c09-972c-3643b7f60600 headers_us=31538 stream_us=4
2026-09-26T21:19:44.255134Z	debug	dynamo_static_selector_rpc	static selector RPC	connection.id=286 request.id=142981 request_id=05d9598e-beb7-445e-b338-f70a3ab40e00 elapsed_us=26487
static_stage_us prepare=59867 prefill=22323 select=26501 decode=1681 total=110372
2026-09-26T21:19:44.260068Z	debug	dynamo_static_rpc_split	static prefill RPC split	connection.id=684 request.id=143156 request_id=81a385fc-c6ea-424c-a78f-ddb228d0b700 headers_us=26946 stream_us=39
2026-09-26T21:19:44.260402Z	debug	dynamo_static_rpc_split	static prefill RPC split	connection.id=469 request.id=143153 request_id=75ed2174-8222-4101-a391-2944a8fabb00 headers_us=27301 stream_us=35
2026-09-26T21:19:44.262586Z	debug	dynamo_static_selector_rpc	static selector RPC	connection.id=822 request.id=143011 request_id=8c72a4af-13fe-4c09-972c-3643b7f60600 elapsed_us=28905
static_stage_us prepare=51883 prefill=31558 select=28916 decode=1813 total=114170
2026-09-26T21:19:44.282299Z	debug	dynamo_static_selector_rpc	static selector RPC	connection.id=684 request.id=143156 request_id=81a385fc-c6ea-424c-a78f-ddb228d0b700 elapsed_us=22210
static_stage_us prepare=60155 prefill=27007 select=22221 decode=768 total=110151
2026-09-26T21:19:44.291303Z	debug	dynamo_static_selector_rpc	static selector RPC	connection.id=469 request.id=143153 request_id=75ed2174-8222-4101-a391-2944a8fabb00 elapsed_us=30887
static_stage_us prepare=60513 prefill=27350 select=30901 decode=1252 total=120016
2026-09-26T21:19:44.328406Z	debug	dynamo_static_rpc_split	static prefill RPC split	connection.id=242 request.id=143633 request_id=584168bd-ddb7-4f74-93d2-5c7226597500 headers_us=28254 stream_us=5
2026-09-26T21:19:44.357484Z	debug	dynamo_static_selector_rpc	static selector RPC	connection.id=242 request.id=143633 request_id=584168bd-ddb7-4f74-93d2-5c7226597500 elapsed_us=28930
static_stage_us prepare=47673 prefill=28408 select=28948 decode=1962 total=106991
2026-09-26T21:19:44.421284Z	debug	dynamo_static_rpc_split	static prefill RPC split	connection.id=270 request.id=144158 request_id=21cc3e7f-6b59-4b58-9b59-a2fdbfe96600 headers_us=29660 stream_us=4
2026-09-26T21:19:44.435250Z	debug	dynamo_static_rpc_split	static prefill RPC split	connection.id=956 request.id=144277 request_id=eba62a4b-eb20-4249-8b2e-96c1c8cff400 headers_us=26042 stream_us=13
2026-09-26T21:19:44.450192Z	debug	dynamo_static_selector_rpc	static selector RPC	connection.id=270 request.id=144158 request_id=21cc3e7f-6b59-4b58-9b59-a2fdbfe96600 elapsed_us=28891
static_stage_us prepare=52179 prefill=29680 select=28919 decode=1501 total=112279
2026-09-26T21:19:44.464892Z	debug	dynamo_static_selector_rpc	static selector RPC	connection.id=956 request.id=144277 request_id=eba62a4b-eb20-4249-8b2e-96c1c8cff400 elapsed_us=29623
static_stage_us prepare=52101 prefill=26074 select=29636 decode=818 total=108629
2026-09-26T21:19:44.527170Z	debug	dynamo_static_rpc_split	static prefill RPC split	connection.id=715 request.id=144838 request_id=ef16874d-d011-4cd6-8f14-410e20993200 headers_us=29373 stream_us=25
2026-09-26T21:19:44.533245Z	debug	dynamo_static_rpc_split	static prefill RPC split	connection.id=931 request.id=144901 request_id=1dae7055-c2d7-4b1b-8f83-3eb225ffb300 headers_us=27541 stream_us=30
2026-09-26T21:19:44.534248Z	debug	dynamo_static_rpc_split	static prefill RPC split	connection.id=803 request.id=144870 request_id=9f23056c-ca3a-40dd-9c55-c0e005855a00 headers_us=26177 stream_us=13
2026-09-26T21:19:44.556007Z	debug	dynamo_static_selector_rpc	static selector RPC	connection.id=715 request.id=144838 request_id=ef16874d-d011-4cd6-8f14-410e20993200 elapsed_us=28765
static_stage_us prepare=51239 prefill=29471 select=28776 decode=2376 total=111862
2026-09-26T21:19:44.562727Z	debug	dynamo_static_rpc_split	static prefill RPC split	connection.id=672 request.id=145116 request_id=0f731322-082d-45e8-ab8b-617fcf368300 headers_us=31416 stream_us=4
2026-09-26T21:19:44.564590Z	debug	dynamo_static_rpc_split	static prefill RPC split	connection.id=380 request.id=145030 request_id=f87c0bf4-7493-4884-8111-71acbdb01600 headers_us=33554 stream_us=25
2026-09-26T21:19:44.568905Z	debug	dynamo_static_selector_rpc	static selector RPC	connection.id=803 request.id=144870 request_id=9f23056c-ca3a-40dd-9c55-c0e005855a00 elapsed_us=34627
2026-09-26T21:19:44.568915Z	debug	dynamo_static_selector_rpc	static selector RPC	connection.id=931 request.id=144901 request_id=1dae7055-c2d7-4b1b-8f83-3eb225ffb300 elapsed_us=35645
static_stage_us prepare=53641 prefill=26222 select=34644 decode=878 total=115385
static_stage_us prepare=47310 prefill=27597 select=35655 decode=1080 total=111642
2026-09-26T21:19:44.597714Z	debug	dynamo_static_selector_rpc	static selector RPC	connection.id=380 request.id=145030 request_id=f87c0bf4-7493-4884-8111-71acbdb01600 elapsed_us=33106
static_stage_us prepare=55092 prefill=33598 select=33119 decode=1122 total=122931
2026-09-26T21:19:44.599634Z	debug	dynamo_static_selector_rpc	static selector RPC	connection.id=672 request.id=145116 request_id=0f731322-082d-45e8-ab8b-617fcf368300 elapsed_us=36896
static_stage_us prepare=43142 prefill=31432 select=36909 decode=1420 total=112903
2026-09-26T21:19:44.606126Z	debug	dynamo_static_rpc_split	static prefill RPC split	connection.id=609 request.id=145264 request_id=45f39cfd-13ad-4616-9479-d8ca6641ff00 headers_us=42647 stream_us=11
2026-09-26T21:19:44.638175Z	debug	dynamo_static_selector_rpc	static selector RPC	connection.id=609 request.id=145264 request_id=45f39cfd-13ad-4616-9479-d8ca6641ff00 elapsed_us=32016
static_stage_us prepare=45271 prefill=42693 select=32031 decode=1347 total=121342
2026-09-26T21:19:44.679988Z	debug	dynamo_static_rpc_split	static prefill RPC split	connection.id=292 request.id=145807 request_id=5af42b46-cb64-4fd6-ad3c-f5dfe8a9a500 headers_us=23498 stream_us=5
2026-09-26T21:19:44.703763Z	debug	dynamo_static_selector_rpc	static selector RPC	connection.id=292 request.id=145807 request_id=5af42b46-cb64-4fd6-ad3c-f5dfe8a9a500 elapsed_us=23734
static_stage_us prepare=56004 prefill=23551 select=23750 decode=1378 total=104683
2026-09-26T21:19:44.711073Z	debug	dynamo_static_rpc_split	static prefill RPC split	connection.id=142 request.id=145975 request_id=2adf57c4-ea62-4e77-92e3-c45af8f58e00 headers_us=20380 stream_us=4
2026-09-26T21:19:44.749439Z	debug	dynamo_static_selector_rpc	static selector RPC	connection.id=142 request.id=145975 request_id=2adf57c4-ea62-4e77-92e3-c45af8f58e00 elapsed_us=38345
static_stage_us prepare=45882 prefill=20406 select=38362 decode=814 total=105464
2026-09-26T21:19:44.776296Z	debug	dynamo_static_rpc_split	static prefill RPC split	connection.id=154 request.id=146112 request_id=ad8637ec-cfef-4ba7-925b-9b7ce09eaf00 headers_us=35783 stream_us=18
2026-09-26T21:19:44.776508Z	debug	dynamo_static_rpc_split	static prefill RPC split	connection.id=531 request.id=146209 request_id=e9ef383d-ceee-43ef-8b71-cf3bb5605100 headers_us=43041 stream_us=7
2026-09-26T21:19:44.807763Z	debug	dynamo_static_selector_rpc	static selector RPC	connection.id=154 request.id=146112 request_id=ad8637ec-cfef-4ba7-925b-9b7ce09eaf00 elapsed_us=31437
2026-09-26T21:19:44.807801Z	debug	dynamo_static_selector_rpc	static selector RPC	connection.id=531 request.id=146209 request_id=e9ef383d-ceee-43ef-8b71-cf3bb5605100 elapsed_us=31281
static_stage_us prepare=59074 prefill=43062 select=31292 decode=800 total=134228
static_stage_us prepare=81279 prefill=35832 select=31455 decode=900 total=149466
2026-09-26T21:19:44.851447Z	debug	dynamo_static_rpc_split	static prefill RPC split	connection.id=593 request.id=146668 request_id=5bc8babb-0f72-423e-8a23-e6bff7298200 headers_us=35841 stream_us=22
2026-09-26T21:19:44.860604Z	debug	dynamo_static_rpc_split	static prefill RPC split	connection.id=544 request.id=146740 request_id=0ab21b2a-9bfa-4ca3-bbb1-d88c6f5edd00 headers_us=40163 stream_us=33
2026-09-26T21:19:44.865531Z	debug	dynamo_static_rpc_split	static prefill RPC split	connection.id=728 request.id=146765 request_id=41aed677-114d-4e73-affc-9c63fd130c00 headers_us=28872 stream_us=7
2026-09-26T21:19:44.868771Z	debug	dynamo_static_rpc_split	static prefill RPC split	connection.id=634 request.id=146773 request_id=8d0398aa-0e15-4ae7-be5e-87ee3a7f7400 headers_us=29282 stream_us=8
2026-09-26T21:19:44.880812Z	debug	dynamo_static_selector_rpc	static selector RPC	connection.id=593 request.id=146668 request_id=5bc8babb-0f72-423e-8a23-e6bff7298200 elapsed_us=29342
static_stage_us prepare=68828 prefill=35887 select=29356 decode=1266 total=135337
2026-09-26T21:19:44.893102Z	debug	dynamo_static_selector_rpc	static selector RPC	connection.id=544 request.id=146740 request_id=0ab21b2a-9bfa-4ca3-bbb1-d88c6f5edd00 elapsed_us=32480
static_stage_us prepare=56079 prefill=40217 select=32492 decode=926 total=129714
2026-09-26T21:19:44.901616Z	debug	dynamo_static_selector_rpc	static selector RPC	connection.id=634 request.id=146773 request_id=8d0398aa-0e15-4ae7-be5e-87ee3a7f7400 elapsed_us=32828
2026-09-26T21:19:44.903090Z	debug	dynamo_static_selector_rpc	static selector RPC	connection.id=728 request.id=146765 request_id=41aed677-114d-4e73-affc-9c63fd130c00 elapsed_us=37542
static_stage_us prepare=64740 prefill=29307 select=32841 decode=2144 total=129032
static_stage_us prepare=63081 prefill=28897 select=37554 decode=2028 total=131560
2026-09-26T21:19:44.922185Z	debug	dynamo_static_rpc_split	static prefill RPC split	connection.id=459 request.id=147081 request_id=2711c271-cc05-42e9-9bf8-f219cbd83900 headers_us=29201 stream_us=4
2026-09-26T21:19:44.950806Z	debug	dynamo_static_rpc_split	static prefill RPC split	connection.id=337 request.id=147271 request_id=2847619b-ab27-4561-a2ec-335ac8f50200 headers_us=28926 stream_us=7
2026-09-26T21:19:44.958416Z	debug	dynamo_static_selector_rpc	static selector RPC	connection.id=459 request.id=147081 request_id=2711c271-cc05-42e9-9bf8-f219cbd83900 elapsed_us=36126
static_stage_us prepare=64812 prefill=29312 select=36138 decode=919 total=131181
2026-09-26T21:19:44.975573Z	debug	dynamo_static_rpc_split	static prefill RPC split	connection.id=938 request.id=147391 request_id=2a7802dd-738d-477f-bdd1-211f52f56400 headers_us=35862 stream_us=3
2026-09-26T21:19:44.984007Z	debug	dynamo_static_selector_rpc	static selector RPC	connection.id=337 request.id=147271 request_id=2847619b-ab27-4561-a2ec-335ac8f50200 elapsed_us=33187
static_stage_us prepare=57489 prefill=28949 select=33198 decode=951 total=120587
2026-09-26T21:19:44.994348Z	debug	dynamo_static_rpc_split	static prefill RPC split	connection.id=494 request.id=147510 request_id=a0c47124-5570-4d3a-a637-3e178b71f900 headers_us=28017 stream_us=5
2026-09-26T21:19:45.004434Z	debug	dynamo_static_selector_rpc	static selector RPC	connection.id=938 request.id=147391 request_id=2a7802dd-738d-477f-bdd1-211f52f56400 elapsed_us=28847
static_stage_us prepare=52961 prefill=35881 select=28860 decode=1252 total=118954
2026-09-26T21:19:45.011702Z	debug	dynamo_static_rpc_split	static prefill RPC split	connection.id=692 request.id=147705 request_id=940d2036-e35d-4865-9145-b566804e1d00 headers_us=25192 stream_us=3
2026-09-26T21:19:45.026274Z	debug	dynamo_static_selector_rpc	static selector RPC	connection.id=494 request.id=147510 request_id=a0c47124-5570-4d3a-a637-3e178b71f900 elapsed_us=31903
static_stage_us prepare=54623 prefill=28046 select=31940 decode=1569 total=116178
2026-09-26T21:19:45.043220Z	debug	dynamo_static_selector_rpc	static selector RPC	connection.id=692 request.id=147705 request_id=940d2036-e35d-4865-9145-b566804e1d00 elapsed_us=31485
static_stage_us prepare=47617 prefill=25229 select=31499 decode=1200 total=105545
2026-09-26T21:19:45.077095Z	debug	dynamo_static_rpc_split	static prefill RPC split	connection.id=186 request.id=147965 request_id=f3e6f63e-8914-4ad4-b4e1-c2402be64f00 headers_us=39315 stream_us=5
2026-09-26T21:19:45.087752Z	debug	dynamo_static_rpc_split	static prefill RPC split	connection.id=681 request.id=148038 request_id=5a85b1f7-7d09-4359-96b5-5f2fdbc9b400 headers_us=40335 stream_us=29
2026-09-26T21:19:45.104825Z	debug	dynamo_static_rpc_split	static prefill RPC split	connection.id=720 request.id=148184 request_id=044a09de-2031-4f60-97ed-8747ddd78500 headers_us=27029 stream_us=3
2026-09-26T21:19:45.104831Z	debug	dynamo_static_rpc_split	static prefill RPC split	connection.id=792 request.id=148196 request_id=2f8f9783-b77d-4f9b-8f6e-f285e24cab00 headers_us=27492 stream_us=3
2026-09-26T21:19:45.104899Z	debug	dynamo_static_selector_rpc	static selector RPC	connection.id=186 request.id=147965 request_id=f3e6f63e-8914-4ad4-b4e1-c2402be64f00 elapsed_us=27789
static_stage_us prepare=53444 prefill=39335 select=27800 decode=710 total=121289
2026-09-26T21:19:45.107690Z	debug	dynamo_static_rpc_split	static prefill RPC split	connection.id=503 request.id=148203 request_id=347b9f15-5bf9-4b70-92be-51e089a0d900 headers_us=25135 stream_us=9
2026-09-26T21:19:45.115550Z	debug	dynamo_static_selector_rpc	static selector RPC	connection.id=681 request.id=148038 request_id=5a85b1f7-7d09-4359-96b5-5f2fdbc9b400 elapsed_us=27756
static_stage_us prepare=51325 prefill=40406 select=27767 decode=1426 total=120924
2026-09-26T21:19:45.128081Z	debug	dynamo_static_selector_rpc	static selector RPC	connection.id=792 request.id=148196 request_id=2f8f9783-b77d-4f9b-8f6e-f285e24cab00 elapsed_us=23238
2026-09-26T21:19:45.128115Z	debug	dynamo_static_selector_rpc	static selector RPC	connection.id=720 request.id=148184 request_id=044a09de-2031-4f60-97ed-8747ddd78500 elapsed_us=23250
static_stage_us prepare=50835 prefill=27068 select=23263 decode=793 total=101959
static_stage_us prepare=49486 prefill=27508 select=23251 decode=1014 total=101259
2026-09-26T21:19:45.134818Z	debug	dynamo_static_selector_rpc	static selector RPC	connection.id=503 request.id=148203 request_id=347b9f15-5bf9-4b70-92be-51e089a0d900 elapsed_us=27110
static_stage_us prepare=53006 prefill=25163 select=27126 decode=626 total=105921
2026-09-26T21:19:45.167751Z	debug	dynamo_static_rpc_split	static prefill RPC split	connection.id=407 request.id=148644 request_id=3a6ec419-608e-49da-be99-da27b269e800 headers_us=28880 stream_us=6
2026-09-26T21:19:45.176946Z	debug	dynamo_static_rpc_split	static prefill RPC split	connection.id=583 request.id=148651 request_id=edfde94a-fc15-4f50-b315-288ce115c900 headers_us=34818 stream_us=13
2026-09-26T21:19:45.179669Z	debug	dynamo_static_rpc_split	static prefill RPC split	connection.id=913 request.id=148643 request_id=c95c46b0-563b-4263-a346-16c87901da00 headers_us=40802 stream_us=10
2026-09-26T21:19:45.198072Z	debug	dynamo_static_selector_rpc	static selector RPC	connection.id=407 request.id=148644 request_id=3a6ec419-608e-49da-be99-da27b269e800 elapsed_us=30306
2026-09-26T21:19:45.199239Z	debug	dynamo_static_selector_rpc	static selector RPC	connection.id=583 request.id=148651 request_id=edfde94a-fc15-4f50-b315-288ce115c900 elapsed_us=22280
static_stage_us prepare=42749 prefill=28902 select=30328 decode=3509 total=105488
static_stage_us prepare=45380 prefill=34845 select=22292 decode=2868 total=105385
2026-09-26T21:19:45.207910Z	debug	dynamo_static_selector_rpc	static selector RPC	connection.id=913 request.id=148643 request_id=c95c46b0-563b-4263-a346-16c87901da00 elapsed_us=28218
static_stage_us prepare=42843 prefill=40837 select=28229 decode=1789 total=113698
2026-09-26T21:19:45.234878Z	debug	dynamo_static_rpc_split	static prefill RPC split	connection.id=862 request.id=148971 request_id=cf3c4d2b-c29d-4a53-8e78-f83604536c00 headers_us=34695 stream_us=17
2026-09-26T21:19:45.266600Z	debug	dynamo_static_selector_rpc	static selector RPC	connection.id=862 request.id=148971 request_id=cf3c4d2b-c29d-4a53-8e78-f83604536c00 elapsed_us=31705
static_stage_us prepare=53918 prefill=34729 select=31723 decode=1004 total=121374
2026-09-26T21:19:45.288819Z	debug	dynamo_static_rpc_split	static prefill RPC split	connection.id=290 request.id=149255 request_id=4c7a83fe-965e-4bb2-8a5c-484c2da8d600 headers_us=24499 stream_us=31
2026-09-26T21:19:45.310983Z	debug	dynamo_static_rpc_split	static prefill RPC split	connection.id=868 request.id=149381 request_id=94e0be65-82a0-4dd7-a448-0dba19827400 headers_us=29705 stream_us=12
2026-09-26T21:19:45.322314Z	debug	dynamo_static_selector_rpc	static selector RPC	connection.id=290 request.id=149255 request_id=4c7a83fe-965e-4bb2-8a5c-484c2da8d600 elapsed_us=33473
static_stage_us prepare=56160 prefill=24554 select=33485 decode=801 total=115000
2026-09-26T21:19:45.343055Z	debug	dynamo_static_selector_rpc	static selector RPC	connection.id=868 request.id=149381 request_id=94e0be65-82a0-4dd7-a448-0dba19827400 elapsed_us=32056
static_stage_us prepare=58635 prefill=29733 select=32069 decode=1496 total=121933
2026-09-26T21:19:45.372157Z	debug	dynamo_static_rpc_split	static prefill RPC split	connection.id=417 request.id=149812 request_id=c6d276e2-44ee-4a75-b45c-dcdc9a55a900 headers_us=26983 stream_us=3
2026-09-26T21:19:45.377826Z	debug	dynamo_static_rpc_split	static prefill RPC split	connection.id=357 request.id=149851 request_id=b554d882-fb91-446f-904b-0e7e608ba300 headers_us=22558 stream_us=10
2026-09-26T21:19:45.390529Z	debug	dynamo_static_rpc_split	static prefill RPC split	connection.id=271 request.id=149911 request_id=dd10d4da-aa23-49c3-8d24-680a88061700 headers_us=26095 stream_us=8
2026-09-26T21:19:45.396766Z	debug	dynamo_static_selector_rpc	static selector RPC	connection.id=417 request.id=149812 request_id=c6d276e2-44ee-4a75-b45c-dcdc9a55a900 elapsed_us=24594
static_stage_us prepare=48217 prefill=27002 select=24605 decode=1563 total=101387
2026-09-26T21:19:45.403466Z	debug	dynamo_static_rpc_split	static prefill RPC split	connection.id=925 request.id=149967 request_id=1842d014-346d-4b5e-a9ec-862d6a52a100 headers_us=25281 stream_us=12
2026-09-26T21:19:45.403865Z	debug	dynamo_static_selector_rpc	static selector RPC	connection.id=357 request.id=149851 request_id=b554d882-fb91-446f-904b-0e7e608ba300 elapsed_us=26013
static_stage_us prepare=51958 prefill=22595 select=26023 decode=1488 total=102064
2026-09-26T21:19:45.423539Z	debug	dynamo_static_selector_rpc	static selector RPC	connection.id=271 request.id=149911 request_id=dd10d4da-aa23-49c3-8d24-680a88061700 elapsed_us=32992
static_stage_us prepare=47044 prefill=26122 select=33005 decode=2747 total=108918
2026-09-26T21:19:45.441981Z	debug	dynamo_static_selector_rpc	static selector RPC	connection.id=925 request.id=149967 request_id=1842d014-346d-4b5e-a9ec-862d6a52a100 elapsed_us=38495
static_stage_us prepare=51031 prefill=25314 select=38511 decode=1008 total=115864
2026-09-26T21:19:45.507636Z	debug	dynamo_static_rpc_split	static prefill RPC split	connection.id=321 request.id=150696 request_id=aa3cc9b4-fc19-41bf-bb60-96e82f15a300 headers_us=19169 stream_us=7
2026-09-26T21:19:45.510125Z	debug	dynamo_static_rpc_split	static prefill RPC split	connection.id=491 request.id=150736 request_id=9dbe5fcf-f895-4069-ad24-64f3ba9ffa00 headers_us=21829 stream_us=13
2026-09-26T21:19:45.540418Z	debug	dynamo_static_rpc_split	static prefill RPC split	connection.id=898 request.id=150886 request_id=6bcba36b-4619-4624-a298-081495e91000 headers_us=24096 stream_us=33
2026-09-26T21:19:45.540761Z	debug	dynamo_static_selector_rpc	static selector RPC	connection.id=321 request.id=150696 request_id=aa3cc9b4-fc19-41bf-bb60-96e82f15a300 elapsed_us=33086
2026-09-26T21:19:45.541144Z	debug	dynamo_static_selector_rpc	static selector RPC	connection.id=491 request.id=150736 request_id=9dbe5fcf-f895-4069-ad24-64f3ba9ffa00 elapsed_us=30884
static_stage_us prepare=52021 prefill=19216 select=33100 decode=1053 total=105390
static_stage_us prepare=44715 prefill=21978 select=30901 decode=933 total=98527
2026-09-26T21:19:45.565010Z	debug	dynamo_static_rpc_split	static prefill RPC split	connection.id=713 request.id=151006 request_id=1bf93441-4561-48f7-9719-38eaa91dbe00 headers_us=26355 stream_us=4
2026-09-26T21:19:45.567834Z	debug	dynamo_static_selector_rpc	static selector RPC	connection.id=898 request.id=150886 request_id=6bcba36b-4619-4624-a298-081495e91000 elapsed_us=27384
static_stage_us prepare=40599 prefill=24166 select=27419 decode=1230 total=93414
2026-09-26T21:19:45.601102Z	debug	dynamo_static_selector_rpc	static selector RPC	connection.id=713 request.id=151006 request_id=1bf93441-4561-48f7-9719-38eaa91dbe00 elapsed_us=36075
static_stage_us prepare=47923 prefill=26377 select=36089 decode=2475 total=112864
2026-09-26T21:19:45.618081Z	debug	dynamo_static_rpc_split	static prefill RPC split	connection.id=240 request.id=151297 request_id=f19905fa-ac5b-4459-a72e-29a83e775500 headers_us=37083 stream_us=7
2026-09-26T21:19:45.633571Z	debug	dynamo_static_rpc_split	static prefill RPC split	connection.id=175 request.id=151389 request_id=a5ec4478-256a-4a65-b521-4406e01ca600 headers_us=31852 stream_us=33
2026-09-26T21:19:45.647688Z	debug	dynamo_static_selector_rpc	static selector RPC	connection.id=240 request.id=151297 request_id=f19905fa-ac5b-4459-a72e-29a83e775500 elapsed_us=29580
static_stage_us prepare=44848 prefill=37117 select=29763 decode=945 total=112673
2026-09-26T21:19:45.660275Z	debug	dynamo_static_rpc_split	static prefill RPC split	connection.id=491 request.id=151550 request_id=dfb6e8c1-30fb-43d0-88ed-39b6b6020900 headers_us=36191 stream_us=4
2026-09-26T21:19:45.666798Z	debug	dynamo_static_selector_rpc	static selector RPC	connection.id=175 request.id=151389 request_id=a5ec4478-256a-4a65-b521-4406e01ca600 elapsed_us=33212
static_stage_us prepare=53925 prefill=31900 select=33225 decode=3343 total=122393
2026-09-26T21:19:45.680115Z	debug	dynamo_static_rpc_split	static prefill RPC split	connection.id=474 request.id=151765 request_id=fcc658c2-61ee-41d4-824a-f005ea383100 headers_us=24411 stream_us=18
2026-09-26T21:19:45.695464Z	debug	dynamo_static_selector_rpc	static selector RPC	connection.id=491 request.id=151550 request_id=dfb6e8c1-30fb-43d0-88ed-39b6b6020900 elapsed_us=35176
static_stage_us prepare=55330 prefill=36210 select=35188 decode=4110 total=130838
2026-09-26T21:19:45.719281Z	debug	dynamo_static_selector_rpc	static selector RPC	connection.id=474 request.id=151765 request_id=fcc658c2-61ee-41d4-824a-f005ea383100 elapsed_us=39149
2026-09-26T21:19:45.719678Z	debug	dynamo_static_rpc_split	static prefill RPC split	connection.id=889 request.id=152042 request_id=ee32ba8b-0ed6-446f-88f8-fec6dc040500 headers_us=19161 stream_us=5
static_stage_us prepare=55412 prefill=24446 select=39161 decode=1039 total=120058
2026-09-26T21:19:45.740202Z	debug	dynamo_static_selector_rpc	static selector RPC	connection.id=889 request.id=152042 request_id=ee32ba8b-0ed6-446f-88f8-fec6dc040500 elapsed_us=20515
static_stage_us prepare=49009 prefill=19176 select=20540 decode=1376 total=90101
2026-09-26T21:19:45.743650Z	debug	dynamo_static_rpc_split	static prefill RPC split	connection.id=666 request.id=152092 request_id=5e5f336e-dddf-4b19-82cb-9564e8c8f400 headers_us=25462 stream_us=36
2026-09-26T21:19:45.772107Z	debug	dynamo_static_selector_rpc	static selector RPC	connection.id=666 request.id=152092 request_id=5e5f336e-dddf-4b19-82cb-9564e8c8f400 elapsed_us=28442
static_stage_us prepare=58398 prefill=25520 select=28463 decode=1662 total=114043
2026-09-26T21:19:45.819734Z	debug	dynamo_static_rpc_split	static prefill RPC split	connection.id=588 request.id=152508 request_id=903e17a7-ef45-4639-9091-81b4cf8fc000 headers_us=26884 stream_us=7
2026-09-26T21:19:45.819783Z	debug	dynamo_static_rpc_split	static prefill RPC split	connection.id=137 request.id=152616 request_id=7c743c77-1f62-4d40-8a12-bb2dfbbd6200 headers_us=21972 stream_us=4
2026-09-26T21:19:45.819820Z	debug	dynamo_static_rpc_split	static prefill RPC split	connection.id=141 request.id=152614 request_id=445c7473-6c80-49e2-82ce-01a6c7f2a700 headers_us=22020 stream_us=4
2026-09-26T21:19:45.842225Z	debug	dynamo_static_rpc_split	static prefill RPC split	connection.id=484 request.id=152639 request_id=253e4d6c-03d9-46f2-a258-c81291459500 headers_us=31223 stream_us=30
2026-09-26T21:19:45.848983Z	debug	dynamo_static_rpc_split	static prefill RPC split	connection.id=948 request.id=152751 request_id=1ee4ab37-1e5a-4bc6-87cd-af72bbb9a200 headers_us=29024 stream_us=11
2026-09-26T21:19:45.850253Z	debug	dynamo_static_selector_rpc	static selector RPC	connection.id=588 request.id=152508 request_id=903e17a7-ef45-4639-9091-81b4cf8fc000 elapsed_us=30506
static_stage_us prepare=53187 prefill=26906 select=30519 decode=1227 total=111839
2026-09-26T21:19:45.852189Z	debug	dynamo_static_selector_rpc	static selector RPC	connection.id=137 request.id=152616 request_id=7c743c77-1f62-4d40-8a12-bb2dfbbd6200 elapsed_us=32387
2026-09-26T21:19:45.852199Z	debug	dynamo_static_selector_rpc	static selector RPC	connection.id=141 request.id=152614 request_id=445c7473-6c80-49e2-82ce-01a6c7f2a700 elapsed_us=32366
static_stage_us prepare=43040 prefill=22039 select=32384 decode=1036 total=98499
static_stage_us prepare=42466 prefill=21997 select=32401 decode=1095 total=97959
2026-09-26T21:19:45.875254Z	debug	dynamo_static_selector_rpc	static selector RPC	connection.id=948 request.id=152751 request_id=1ee4ab37-1e5a-4bc6-87cd-af72bbb9a200 elapsed_us=26248
2026-09-26T21:19:45.875711Z	debug	dynamo_static_selector_rpc	static selector RPC	connection.id=484 request.id=152639 request_id=253e4d6c-03d9-46f2-a258-c81291459500 elapsed_us=33468
static_stage_us prepare=51179 prefill=29058 select=26261 decode=3062 total=109560
static_stage_us prepare=53056 prefill=31272 select=33481 decode=2852 total=120661
2026-09-26T21:19:45.922970Z	debug	dynamo_static_rpc_split	static prefill RPC split	connection.id=276 request.id=153200 request_id=62dae0e5-271a-42bb-83fe-643757cd6600 headers_us=26322 stream_us=12
2026-09-26T21:19:45.943790Z	debug	dynamo_static_rpc_split	static prefill RPC split	connection.id=211 request.id=153271 request_id=9c24e8cc-f350-4971-be8a-db0f980f2e00 headers_us=34049 stream_us=3
2026-09-26T21:19:45.959500Z	debug	dynamo_static_selector_rpc	static selector RPC	connection.id=276 request.id=153200 request_id=62dae0e5-271a-42bb-83fe-643757cd6600 elapsed_us=36475
static_stage_us prepare=53142 prefill=26390 select=36496 decode=1302 total=117330
2026-09-26T21:19:45.977426Z	debug	dynamo_static_selector_rpc	static selector RPC	connection.id=211 request.id=153271 request_id=9c24e8cc-f350-4971-be8a-db0f980f2e00 elapsed_us=33620
static_stage_us prepare=55272 prefill=34068 select=33640 decode=805 total=123785
2026-09-26T21:19:45.994842Z	debug	dynamo_static_rpc_split	static prefill RPC split	connection.id=945 request.id=153561 request_id=2eccbfac-433e-4262-97ee-113063d50e00 headers_us=37914 stream_us=9
2026-09-26T21:19:46.021627Z	debug	dynamo_static_selector_rpc	static selector RPC	connection.id=945 request.id=153561 request_id=2eccbfac-433e-4262-97ee-113063d50e00 elapsed_us=26761
static_stage_us prepare=52087 prefill=37948 select=26778 decode=1045 total=117858
2026-09-26T21:19:46.103083Z	debug	dynamo_static_rpc_split	static prefill RPC split	connection.id=615 request.id=154284 request_id=0e41da24-19ae-4e99-baea-6cbba6310200 headers_us=27790 stream_us=4
2026-09-26T21:19:46.129166Z	debug	dynamo_static_selector_rpc	static selector RPC	connection.id=615 request.id=154284 request_id=0e41da24-19ae-4e99-baea-6cbba6310200 elapsed_us=26062
static_stage_us prepare=56058 prefill=27816 select=26078 decode=1186 total=111138
2026-09-26T21:19:46.155569Z	debug	dynamo_static_rpc_split	static prefill RPC split	connection.id=942 request.id=154583 request_id=ad57e11d-2480-44fc-847e-a5699ffb2300 headers_us=28293 stream_us=9
2026-09-26T21:19:46.176408Z	debug	dynamo_static_rpc_split	static prefill RPC split	connection.id=270 request.id=154744 request_id=ba3ac03c-58c9-4eea-95e8-3567157c2000 headers_us=31901 stream_us=10
2026-09-26T21:19:46.183232Z	debug	dynamo_static_selector_rpc	static selector RPC	connection.id=942 request.id=154583 request_id=ad57e11d-2480-44fc-847e-a5699ffb2300 elapsed_us=27625
static_stage_us prepare=56738 prefill=28340 select=27644 decode=1278 total=114000
2026-09-26T21:19:46.187427Z	debug	dynamo_static_rpc_split	static prefill RPC split	connection.id=323 request.id=154810 request_id=582ab681-25b8-4035-8242-63291738ef00 headers_us=31241 stream_us=4
2026-09-26T21:19:46.203525Z	debug	dynamo_static_selector_rpc	static selector RPC	connection.id=270 request.id=154744 request_id=ba3ac03c-58c9-4eea-95e8-3567157c2000 elapsed_us=27096
static_stage_us prepare=51345 prefill=31931 select=27112 decode=2454 total=112842
2026-09-26T21:19:46.206480Z	debug	dynamo_static_rpc_split	static prefill RPC split	connection.id=388 request.id=154953 request_id=4e4b80ab-0df8-46f8-9ca4-5f1e6da24600 headers_us=29300 stream_us=17
2026-09-26T21:19:46.220068Z	debug	dynamo_static_selector_rpc	static selector RPC	connection.id=323 request.id=154810 request_id=582ab681-25b8-4035-8242-63291738ef00 elapsed_us=32628
static_stage_us prepare=55985 prefill=31258 select=32643 decode=1655 total=121541
2026-09-26T21:19:46.222814Z	debug	dynamo_static_rpc_split	static prefill RPC split	connection.id=655 request.id=155073 request_id=c88ac82d-65c3-48ff-a348-bedbbdf59600 headers_us=26616 stream_us=13
2026-09-26T21:19:46.237488Z	debug	dynamo_static_selector_rpc	static selector RPC	connection.id=388 request.id=154953 request_id=4e4b80ab-0df8-46f8-9ca4-5f1e6da24600 elapsed_us=30834
static_stage_us prepare=52279 prefill=29491 select=30846 decode=759 total=113375
2026-09-26T21:19:46.249093Z	debug	dynamo_static_selector_rpc	static selector RPC	connection.id=655 request.id=155073 request_id=c88ac82d-65c3-48ff-a348-bedbbdf59600 elapsed_us=26258
static_stage_us prepare=48603 prefill=26651 select=26273 decode=1770 total=103297
2026-09-26T21:19:46.282601Z	debug	dynamo_static_rpc_split	static prefill RPC split	connection.id=775 request.id=155406 request_id=672218f9-8b8e-48fb-bf37-64f565872600 headers_us=26202 stream_us=5
2026-09-26T21:19:46.309374Z	debug	dynamo_static_selector_rpc	static selector RPC	connection.id=775 request.id=155406 request_id=672218f9-8b8e-48fb-bf37-64f565872600 elapsed_us=26757
static_stage_us prepare=52740 prefill=26223 select=26776 decode=798 total=106537
2026-09-26T21:19:46.339682Z	debug	dynamo_static_rpc_split	static prefill RPC split	connection.id=548 request.id=155815 request_id=f607bde5-75eb-41a1-8bff-5a0225d6bc00 headers_us=26754 stream_us=12
2026-09-26T21:19:46.343493Z	debug	dynamo_static_rpc_split	static prefill RPC split	connection.id=185 request.id=155765 request_id=41e4dd53-374f-4454-bc03-244ca914aa00 headers_us=35290 stream_us=21
2026-09-26T21:19:46.363760Z	debug	dynamo_static_rpc_split	static prefill RPC split	connection.id=851 request.id=155891 request_id=f2d3946e-fd2b-44fb-ad0c-b1273d856f00 headers_us=33887 stream_us=11
2026-09-26T21:19:46.370356Z	debug	dynamo_static_selector_rpc	static selector RPC	connection.id=548 request.id=155815 request_id=f607bde5-75eb-41a1-8bff-5a0225d6bc00 elapsed_us=30652
static_stage_us prepare=49412 prefill=26784 select=30671 decode=2163 total=109030
2026-09-26T21:19:46.377482Z	debug	dynamo_static_selector_rpc	static selector RPC	connection.id=185 request.id=155765 request_id=41e4dd53-374f-4454-bc03-244ca914aa00 elapsed_us=33963
2026-09-26T21:19:46.377749Z	debug	dynamo_static_rpc_split	static prefill RPC split	connection.id=744 request.id=156026 request_id=6d5ec871-8be1-41e7-ba09-76afabfb6400 headers_us=27813 stream_us=25
static_stage_us prepare=50093 prefill=35338 select=33974 decode=1705 total=121110
2026-09-26T21:19:46.391073Z	debug	dynamo_static_selector_rpc	static selector RPC	connection.id=851 request.id=155891 request_id=f2d3946e-fd2b-44fb-ad0c-b1273d856f00 elapsed_us=27299
static_stage_us prepare=56991 prefill=33914 select=27309 decode=1333 total=119547
2026-09-26T21:19:46.405165Z	debug	dynamo_static_selector_rpc	static selector RPC	connection.id=744 request.id=156026 request_id=6d5ec871-8be1-41e7-ba09-76afabfb6400 elapsed_us=27401
static_stage_us prepare=58056 prefill=27854 select=27417 decode=1479 total=114806
2026-09-26T21:19:46.484832Z	debug	dynamo_static_rpc_split	static prefill RPC split	connection.id=742 request.id=156657 request_id=f0628975-dd8e-4284-aae4-ade3de832800 headers_us=25357 stream_us=5
2026-09-26T21:19:46.487215Z	debug	dynamo_static_rpc_split	static prefill RPC split	connection.id=476 request.id=156707 request_id=7dca71bb-88ac-4ba1-87bd-d9cde6a14200 headers_us=28216 stream_us=4
2026-09-26T21:19:46.487341Z	debug	dynamo_static_rpc_split	static prefill RPC split	connection.id=511 request.id=156670 request_id=2a9bef5d-1966-4e19-8e7b-92727f3ab800 headers_us=27779 stream_us=37
2026-09-26T21:19:46.509780Z	debug	dynamo_static_rpc_split	static prefill RPC split	connection.id=344 request.id=156798 request_id=141ca9a3-a691-430f-8f59-11f470d0bc00 headers_us=28763 stream_us=25
2026-09-26T21:19:46.512822Z	debug	dynamo_static_selector_rpc	static selector RPC	connection.id=476 request.id=156707 request_id=7dca71bb-88ac-4ba1-87bd-d9cde6a14200 elapsed_us=25595
2026-09-26T21:19:46.513411Z	debug	dynamo_static_selector_rpc	static selector RPC	connection.id=742 request.id=156657 request_id=f0628975-dd8e-4284-aae4-ade3de832800 elapsed_us=28555
static_stage_us prepare=47651 prefill=28245 select=25609 decode=2057 total=103562
static_stage_us prepare=54469 prefill=25386 select=28566 decode=1810 total=110231
2026-09-26T21:19:46.516592Z	debug	dynamo_static_selector_rpc	static selector RPC	connection.id=511 request.id=156670 request_id=2a9bef5d-1966-4e19-8e7b-92727f3ab800 elapsed_us=29231
static_stage_us prepare=52481 prefill=27837 select=29246 decode=1105 total=110669
2026-09-26T21:19:46.541187Z	debug	dynamo_static_selector_rpc	static selector RPC	connection.id=344 request.id=156798 request_id=141ca9a3-a691-430f-8f59-11f470d0bc00 elapsed_us=31392
2026-09-26T21:19:46.541294Z	debug	dynamo_static_rpc_split	static prefill RPC split	connection.id=192 request.id=156981 request_id=734261d4-0999-461c-a698-9625d7664300 headers_us=19955 stream_us=13
static_stage_us prepare=54133 prefill=28804 select=31409 decode=1533 total=115879
2026-09-26T21:19:46.551773Z	debug	dynamo_static_rpc_split	static prefill RPC split	connection.id=784 request.id=157126 request_id=8975dea7-9e6c-4bf9-8d52-c798d3d26800 headers_us=22975 stream_us=45
2026-09-26T21:19:46.585652Z	debug	dynamo_static_selector_rpc	static selector RPC	connection.id=784 request.id=157126 request_id=8975dea7-9e6c-4bf9-8d52-c798d3d26800 elapsed_us=33864
2026-09-26T21:19:46.585709Z	debug	dynamo_static_selector_rpc	static selector RPC	connection.id=192 request.id=156981 request_id=734261d4-0999-461c-a698-9625d7664300 elapsed_us=44399
static_stage_us prepare=42920 prefill=23036 select=33882 decode=1057 total=100895
static_stage_us prepare=51668 prefill=19985 select=44410 decode=1686 total=117749
2026-09-26T21:19:46.597237Z	debug	dynamo_static_rpc_split	static prefill RPC split	connection.id=448 request.id=157277 request_id=d2f0b149-5f5f-4d95-9ee9-3706e7149b00 headers_us=42389 stream_us=5
2026-09-26T21:19:46.620921Z	debug	dynamo_static_selector_rpc	static selector RPC	connection.id=448 request.id=157277 request_id=d2f0b149-5f5f-4d95-9ee9-3706e7149b00 elapsed_us=23671
static_stage_us prepare=43549 prefill=42407 select=23715 decode=2107 total=111778
2026-09-26T21:19:46.645286Z	debug	dynamo_static_rpc_split	static prefill RPC split	connection.id=447 request.id=157642 request_id=ba82f5c9-218d-4dec-9090-7a442d730800 headers_us=27260 stream_us=4
2026-09-26T21:19:46.670246Z	debug	dynamo_static_selector_rpc	static selector RPC	connection.id=447 request.id=157642 request_id=ba82f5c9-218d-4dec-9090-7a442d730800 elapsed_us=24945
static_stage_us prepare=56625 prefill=27280 select=24958 decode=2886 total=111749
2026-09-26T21:19:46.708792Z	debug	dynamo_static_rpc_split	static prefill RPC split	connection.id=218 request.id=158005 request_id=f3080eb1-120c-46a4-94ab-4b5f5e00ac00 headers_us=27621 stream_us=10
2026-09-26T21:19:46.744368Z	debug	dynamo_static_selector_rpc	static selector RPC	connection.id=218 request.id=158005 request_id=f3080eb1-120c-46a4-94ab-4b5f5e00ac00 elapsed_us=35560
static_stage_us prepare=43815 prefill=27649 select=35573 decode=2729 total=109766
2026-09-26T21:19:46.784388Z	debug	dynamo_static_rpc_split	static prefill RPC split	connection.id=743 request.id=158428 request_id=71928e03-c046-4a31-87a1-fdd4605ab600 headers_us=30123 stream_us=7
2026-09-26T21:19:46.796998Z	debug	dynamo_static_rpc_split	static prefill RPC split	connection.id=959 request.id=158491 request_id=617ff4b4-0aa1-4239-9784-4eacbf83e200 headers_us=30152 stream_us=9
2026-09-26T21:19:46.809568Z	debug	dynamo_static_selector_rpc	static selector RPC	connection.id=743 request.id=158428 request_id=71928e03-c046-4a31-87a1-fdd4605ab600 elapsed_us=25080
static_stage_us prepare=59367 prefill=30231 select=25098 decode=1885 total=116581
2026-09-26T21:19:46.818840Z	debug	dynamo_static_selector_rpc	static selector RPC	connection.id=959 request.id=158491 request_id=617ff4b4-0aa1-4239-9784-4eacbf83e200 elapsed_us=21827
static_stage_us prepare=57681 prefill=30177 select=21840 decode=898 total=110596
2026-09-26T21:19:46.886799Z	debug	dynamo_static_rpc_split	static prefill RPC split	connection.id=355 request.id=158968 request_id=88a6f5a9-80bd-4e8b-a8bc-fc60c808ef00 headers_us=30506 stream_us=19
2026-09-26T21:19:46.922714Z	debug	dynamo_static_selector_rpc	static selector RPC	connection.id=355 request.id=158968 request_id=88a6f5a9-80bd-4e8b-a8bc-fc60c808ef00 elapsed_us=35895
static_stage_us prepare=62018 prefill=30544 select=35912 decode=1726 total=130200
2026-09-26T21:19:47.036400Z	debug	dynamo_static_rpc_split	static prefill RPC split	connection.id=640 request.id=160020 request_id=07d371ef-0352-4f2d-9fca-f8ba75602e00 headers_us=27975 stream_us=4
2026-09-26T21:19:47.063778Z	debug	dynamo_static_selector_rpc	static selector RPC	connection.id=640 request.id=160020 request_id=07d371ef-0352-4f2d-9fca-f8ba75602e00 elapsed_us=27351
static_stage_us prepare=45604 prefill=28005 select=27371 decode=1440 total=102420
2026-09-26T21:19:47.107812Z	debug	dynamo_static_rpc_split	static prefill RPC split	connection.id=228 request.id=160403 request_id=ce964662-02fd-4460-ae1a-595353516b00 headers_us=30703 stream_us=54
2026-09-26T21:19:47.135110Z	debug	dynamo_static_selector_rpc	static selector RPC	connection.id=228 request.id=160403 request_id=ce964662-02fd-4460-ae1a-595353516b00 elapsed_us=27276
static_stage_us prepare=46868 prefill=30781 select=27318 decode=1296 total=106263
2026-09-26T21:19:47.150838Z	debug	dynamo_static_rpc_split	static prefill RPC split	connection.id=682 request.id=160665 request_id=3e68e8b5-55f8-4cf3-8154-e389fa51e000 headers_us=24101 stream_us=5
2026-09-26T21:19:47.154921Z	debug	dynamo_static_rpc_split	static prefill RPC split	connection.id=662 request.id=160690 request_id=a210d45d-f1ff-450c-8f90-5414fce52100 headers_us=30502 stream_us=6
2026-09-26T21:19:47.184116Z	debug	dynamo_static_selector_rpc	static selector RPC	connection.id=682 request.id=160665 request_id=3e68e8b5-55f8-4cf3-8154-e389fa51e000 elapsed_us=33223
static_stage_us prepare=55675 prefill=24160 select=33238 decode=1238 total=114311
2026-09-26T21:19:47.188990Z	debug	dynamo_static_selector_rpc	static selector RPC	connection.id=662 request.id=160690 request_id=a210d45d-f1ff-450c-8f90-5414fce52100 elapsed_us=34016
static_stage_us prepare=50018 prefill=30561 select=34028 decode=1716 total=116323
2026-09-26T21:19:47.214709Z	debug	dynamo_static_rpc_split	static prefill RPC split	connection.id=611 request.id=161068 request_id=c3b98bd8-8cee-4338-ad29-fac424c25500 headers_us=33095 stream_us=4
2026-09-26T21:19:47.238808Z	debug	dynamo_static_selector_rpc	static selector RPC	connection.id=611 request.id=161068 request_id=c3b98bd8-8cee-4338-ad29-fac424c25500 elapsed_us=24081
static_stage_us prepare=49928 prefill=33118 select=24099 decode=1445 total=108590
2026-09-26T21:19:47.284846Z	debug	dynamo_static_rpc_split	static prefill RPC split	connection.id=514 request.id=161463 request_id=6c3ba5d0-dd7a-4d93-85e4-f8a032593600 headers_us=31701 stream_us=4
2026-09-26T21:19:47.297126Z	debug	dynamo_static_rpc_split	static prefill RPC split	connection.id=647 request.id=161626 request_id=afb8c258-dc43-401d-a907-81f7c2de8b00 headers_us=21276 stream_us=59
2026-09-26T21:19:47.315548Z	debug	dynamo_static_selector_rpc	static selector RPC	connection.id=514 request.id=161463 request_id=6c3ba5d0-dd7a-4d93-85e4-f8a032593600 elapsed_us=30687
static_stage_us prepare=56588 prefill=31721 select=30701 decode=1029 total=120039
2026-09-26T21:19:47.324257Z	debug	dynamo_static_selector_rpc	static selector RPC	connection.id=647 request.id=161626 request_id=afb8c258-dc43-401d-a907-81f7c2de8b00 elapsed_us=27109
static_stage_us prepare=52600 prefill=21358 select=27124 decode=1304 total=102386
2026-09-26T21:19:47.347030Z	debug	dynamo_static_rpc_split	static prefill RPC split	connection.id=306 request.id=161905 request_id=09d163b9-f98e-4424-ba97-753dce9b4000 headers_us=32143 stream_us=9
2026-09-26T21:19:47.347404Z	debug	dynamo_static_rpc_split	static prefill RPC split	connection.id=441 request.id=161934 request_id=ae272338-56d0-4c5c-bed0-260ea2ea7e00 headers_us=24810 stream_us=3
2026-09-26T21:19:47.373409Z	debug	dynamo_static_rpc_split	static prefill RPC split	connection.id=790 request.id=162022 request_id=e15737da-6a00-4905-be09-8bb3b0812900 headers_us=31488 stream_us=12
2026-09-26T21:19:47.374631Z	debug	dynamo_static_selector_rpc	static selector RPC	connection.id=441 request.id=161934 request_id=ae272338-56d0-4c5c-bed0-260ea2ea7e00 elapsed_us=27215
static_stage_us prepare=52671 prefill=24827 select=27227 decode=1029 total=105754
2026-09-26T21:19:47.376687Z	debug	dynamo_static_selector_rpc	static selector RPC	connection.id=306 request.id=161905 request_id=09d163b9-f98e-4424-ba97-753dce9b4000 elapsed_us=29641
static_stage_us prepare=48769 prefill=32169 select=29651 decode=3107 total=113696
2026-09-26T21:19:47.382303Z	debug	dynamo_static_rpc_split	static prefill RPC split	connection.id=275 request.id=162169 request_id=69cafcdc-10d2-4e58-91db-bdc585c88900 headers_us=32231 stream_us=6
2026-09-26T21:19:47.396340Z	debug	dynamo_static_selector_rpc	static selector RPC	connection.id=790 request.id=162022 request_id=e15737da-6a00-4905-be09-8bb3b0812900 elapsed_us=22890
static_stage_us prepare=58985 prefill=31541 select=22903 decode=1434 total=114863
2026-09-26T21:19:47.398506Z	debug	dynamo_static_rpc_split	static prefill RPC split	connection.id=348 request.id=162278 request_id=0da306f9-a67e-49da-8d74-c95e9177d400 headers_us=19351 stream_us=3
2026-09-26T21:19:47.400387Z	debug	dynamo_static_rpc_split	static prefill RPC split	connection.id=291 request.id=162336 request_id=e52e7003-3efa-484d-9657-4cc74e94ef00 headers_us=19039 stream_us=9
2026-09-26T21:19:47.408714Z	debug	dynamo_static_selector_rpc	static selector RPC	connection.id=275 request.id=162169 request_id=69cafcdc-10d2-4e58-91db-bdc585c88900 elapsed_us=26391
static_stage_us prepare=43028 prefill=32257 select=26404 decode=1250 total=102939
2026-09-26T21:19:47.427979Z	debug	dynamo_static_selector_rpc	static selector RPC	connection.id=348 request.id=162278 request_id=0da306f9-a67e-49da-8d74-c95e9177d400 elapsed_us=29461
static_stage_us prepare=52071 prefill=19367 select=29477 decode=2701 total=103616
2026-09-26T21:19:47.433972Z	debug	dynamo_static_selector_rpc	static selector RPC	connection.id=291 request.id=162336 request_id=e52e7003-3efa-484d-9657-4cc74e94ef00 elapsed_us=33571
static_stage_us prepare=45961 prefill=19061 select=33586 decode=2109 total=100717
2026-09-26T21:19:47.475416Z	debug	dynamo_static_rpc_split	static prefill RPC split	connection.id=816 request.id=162751 request_id=4b9394d1-ecbc-48da-b3e7-da48ebdb1500 headers_us=22897 stream_us=8
2026-09-26T21:19:47.479774Z	debug	dynamo_static_rpc_split	static prefill RPC split	connection.id=795 request.id=162810 request_id=5b164141-ad26-405d-b5d8-b98e93f02100 headers_us=17697 stream_us=6
2026-09-26T21:19:47.503810Z	debug	dynamo_static_selector_rpc	static selector RPC	connection.id=816 request.id=162751 request_id=4b9394d1-ecbc-48da-b3e7-da48ebdb1500 elapsed_us=28375
2026-09-26T21:19:47.504172Z	debug	dynamo_static_selector_rpc	static selector RPC	connection.id=795 request.id=162810 request_id=5b164141-ad26-405d-b5d8-b98e93f02100 elapsed_us=24368
static_stage_us prepare=45479 prefill=17733 select=24380 decode=1971 total=89563
static_stage_us prepare=49365 prefill=22925 select=28391 decode=2536 total=103217
2026-09-26T21:19:47.539321Z	debug	dynamo_static_rpc_split	static prefill RPC split	connection.id=244 request.id=163136 request_id=dae23d78-b706-4022-81f8-f6915c246300 headers_us=25136 stream_us=5
2026-09-26T21:19:47.547026Z	debug	dynamo_static_rpc_split	static prefill RPC split	connection.id=912 request.id=163179 request_id=c985a06f-ad9e-4b23-ba0c-236011e7c100 headers_us=30569 stream_us=8
2026-09-26T21:19:47.572102Z	debug	dynamo_static_selector_rpc	static selector RPC	connection.id=244 request.id=163136 request_id=dae23d78-b706-4022-81f8-f6915c246300 elapsed_us=32763
static_stage_us prepare=49047 prefill=25158 select=32780 decode=894 total=107879
2026-09-26T21:19:47.579682Z	debug	dynamo_static_selector_rpc	static selector RPC	connection.id=912 request.id=163179 request_id=c985a06f-ad9e-4b23-ba0c-236011e7c100 elapsed_us=32639
2026-09-26T21:19:47.582723Z	debug	dynamo_static_rpc_split	static prefill RPC split	connection.id=482 request.id=163488 request_id=6babe073-a85e-4308-b989-905f994a3000 headers_us=26696 stream_us=12
static_stage_us prepare=44147 prefill=30595 select=32652 decode=6283 total=113677
2026-09-26T21:19:47.601872Z	debug	dynamo_static_rpc_split	static prefill RPC split	connection.id=790 request.id=163594 request_id=0bbf20bf-0c99-416b-b907-5bf9c8b93b00 headers_us=25338 stream_us=4
2026-09-26T21:19:47.602218Z	debug	dynamo_static_selector_rpc	static selector RPC	connection.id=482 request.id=163488 request_id=6babe073-a85e-4308-b989-905f994a3000 elapsed_us=19483
static_stage_us prepare=42586 prefill=26720 select=19510 decode=1775 total=90591
2026-09-26T21:19:47.621958Z	debug	dynamo_static_rpc_split	static prefill RPC split	connection.id=795 request.id=163623 request_id=7765a4b7-98e7-4db8-a600-86c2b1758a00 headers_us=25206 stream_us=9
2026-09-26T21:19:47.625401Z	debug	dynamo_static_selector_rpc	static selector RPC	connection.id=790 request.id=163594 request_id=0bbf20bf-0c99-416b-b907-5bf9c8b93b00 elapsed_us=23516
static_stage_us prepare=49419 prefill=25355 select=23546 decode=2579 total=100899
2026-09-26T21:19:47.647741Z	debug	dynamo_static_selector_rpc	static selector RPC	connection.id=795 request.id=163623 request_id=7765a4b7-98e7-4db8-a600-86c2b1758a00 elapsed_us=25769
static_stage_us prepare=64727 prefill=25230 select=25784 decode=3601 total=119342
2026-09-26T21:19:47.670748Z	debug	dynamo_static_rpc_split	static prefill RPC split	connection.id=717 request.id=163940 request_id=54e50f78-b114-408d-828c-7ca2cf278300 headers_us=28698 stream_us=18
2026-09-26T21:19:47.693340Z	debug	dynamo_static_selector_rpc	static selector RPC	connection.id=717 request.id=163940 request_id=54e50f78-b114-408d-828c-7ca2cf278300 elapsed_us=22573
static_stage_us prepare=53260 prefill=28734 select=22592 decode=985 total=105571
2026-09-26T21:19:47.709146Z	debug	dynamo_static_rpc_split	static prefill RPC split	connection.id=234 request.id=164289 request_id=eb28bf95-a484-4bf4-adf9-84d70d8e0800 headers_us=26026 stream_us=3
2026-09-26T21:19:47.731157Z	debug	dynamo_static_selector_rpc	static selector RPC	connection.id=234 request.id=164289 request_id=eb28bf95-a484-4bf4-adf9-84d70d8e0800 elapsed_us=21996
static_stage_us prepare=39332 prefill=26046 select=22010 decode=1194 total=88582
2026-09-26T21:19:47.754656Z	debug	dynamo_static_rpc_split	static prefill RPC split	connection.id=957 request.id=164555 request_id=3336e7e6-6526-4820-9d78-759672b88200 headers_us=27314 stream_us=91
2026-09-26T21:19:47.779735Z	debug	dynamo_static_selector_rpc	static selector RPC	connection.id=957 request.id=164555 request_id=3336e7e6-6526-4820-9d78-759672b88200 elapsed_us=25042
static_stage_us prepare=42147 prefill=27443 select=25057 decode=1654 total=96301
2026-09-26T21:19:47.796004Z	debug	dynamo_static_rpc_split	static prefill RPC split	connection.id=857 request.id=164813 request_id=afcf240a-5e49-4d57-878c-8aead17f0a00 headers_us=27469 stream_us=4
2026-09-26T21:19:47.796762Z	debug	dynamo_static_rpc_split	static prefill RPC split	connection.id=378 request.id=164768 request_id=a8c225c8-b49b-4f4c-8774-fc33bbddad00 headers_us=28723 stream_us=3
2026-09-26T21:19:47.819838Z	debug	dynamo_static_selector_rpc	static selector RPC	connection.id=857 request.id=164813 request_id=afcf240a-5e49-4d57-878c-8aead17f0a00 elapsed_us=23748
static_stage_us prepare=43178 prefill=27561 select=23763 decode=1447 total=95949
2026-09-26T21:19:47.825274Z	debug	dynamo_static_rpc_split	static prefill RPC split	connection.id=944 request.id=165091 request_id=2e8508ae-3662-45ab-b281-099caf395a00 headers_us=22127 stream_us=2
2026-09-26T21:19:47.827499Z	debug	dynamo_static_selector_rpc	static selector RPC	connection.id=378 request.id=164768 request_id=a8c225c8-b49b-4f4c-8774-fc33bbddad00 elapsed_us=30710
static_stage_us prepare=50941 prefill=28754 select=30723 decode=1075 total=111493
2026-09-26T21:19:47.849373Z	debug	dynamo_static_rpc_split	static prefill RPC split	connection.id=558 request.id=165200 request_id=73df682a-e2e4-437a-ac7b-d626b8785600 headers_us=25263 stream_us=9
2026-09-26T21:19:47.850738Z	debug	dynamo_static_selector_rpc	static selector RPC	connection.id=944 request.id=165091 request_id=2e8508ae-3662-45ab-b281-099caf395a00 elapsed_us=25447
2026-09-26T21:19:47.852303Z	debug	dynamo_static_rpc_split	static prefill RPC split	connection.id=756 request.id=165223 request_id=9ab614b0-043f-475e-b7a6-773f43303e00 headers_us=24166 stream_us=5
static_stage_us prepare=40739 prefill=22146 select=25463 decode=3254 total=91602
2026-09-26T21:19:47.854444Z	debug	dynamo_static_rpc_split	static prefill RPC split	connection.id=770 request.id=165238 request_id=ca4f9d21-1060-46d2-9f4e-6f72a7c87e00 headers_us=26262 stream_us=13
2026-09-26T21:19:47.871734Z	debug	dynamo_static_selector_rpc	static selector RPC	connection.id=558 request.id=165200 request_id=73df682a-e2e4-437a-ac7b-d626b8785600 elapsed_us=22346
static_stage_us prepare=43733 prefill=25288 select=22359 decode=1224 total=92604
2026-09-26T21:19:47.877515Z	debug	dynamo_static_selector_rpc	static selector RPC	connection.id=756 request.id=165223 request_id=9ab614b0-043f-475e-b7a6-773f43303e00 elapsed_us=25200
2026-09-26T21:19:47.877641Z	debug	dynamo_static_selector_rpc	static selector RPC	connection.id=770 request.id=165238 request_id=ca4f9d21-1060-46d2-9f4e-6f72a7c87e00 elapsed_us=23135
static_stage_us prepare=41518 prefill=24183 select=25213 decode=1298 total=92212
static_stage_us prepare=39151 prefill=26337 select=23148 decode=1247 total=89883
2026-09-26T21:19:47.934078Z	debug	dynamo_static_rpc_split	static prefill RPC split	connection.id=789 request.id=165727 request_id=79a60f94-31a1-4c89-b551-1e6bffee5b00 headers_us=31507 stream_us=7
2026-09-26T21:19:47.950616Z	debug	dynamo_static_rpc_split	static prefill RPC split	connection.id=824 request.id=165753 request_id=9f798d6c-f9fb-4c5c-b387-6697c43e3800 headers_us=26425 stream_us=6
2026-09-26T21:19:47.957270Z	debug	dynamo_static_rpc_split	static prefill RPC split	connection.id=833 request.id=165868 request_id=95908ee2-bac0-4c67-9074-8144b9311f00 headers_us=29001 stream_us=3
2026-09-26T21:19:47.965651Z	debug	dynamo_static_selector_rpc	static selector RPC	connection.id=789 request.id=165727 request_id=79a60f94-31a1-4c89-b551-1e6bffee5b00 elapsed_us=31556
static_stage_us prepare=37747 prefill=31532 select=31569 decode=1876 total=102724
2026-09-26T21:19:47.979730Z	debug	dynamo_static_selector_rpc	static selector RPC	connection.id=824 request.id=165753 request_id=9f798d6c-f9fb-4c5c-b387-6697c43e3800 elapsed_us=29099
static_stage_us prepare=56129 prefill=26447 select=29113 decode=1369 total=113058
2026-09-26T21:19:47.985970Z	debug	dynamo_static_selector_rpc	static selector RPC	connection.id=833 request.id=165868 request_id=95908ee2-bac0-4c67-9074-8144b9311f00 elapsed_us=28687
static_stage_us prepare=45833 prefill=29018 select=28700 decode=726 total=104277
2026-09-26T21:19:48.048571Z	debug	dynamo_static_rpc_split	static prefill RPC split	connection.id=523 request.id=166468 request_id=450ccf81-5536-4ecd-b562-5142bc02d600 headers_us=25603 stream_us=4
2026-09-26T21:19:48.061485Z	debug	dynamo_static_rpc_split	static prefill RPC split	connection.id=376 request.id=166522 request_id=10f865ff-481c-4276-8d68-353bc2808800 headers_us=29652 stream_us=21
2026-09-26T21:19:48.069037Z	debug	dynamo_static_selector_rpc	static selector RPC	connection.id=523 request.id=166468 request_id=450ccf81-5536-4ecd-b562-5142bc02d600 elapsed_us=20445
static_stage_us prepare=47381 prefill=25630 select=20462 decode=1469 total=94942
2026-09-26T21:19:48.087018Z	debug	dynamo_static_selector_rpc	static selector RPC	connection.id=376 request.id=166522 request_id=10f865ff-481c-4276-8d68-353bc2808800 elapsed_us=25519
static_stage_us prepare=45343 prefill=29688 select=25547 decode=3177 total=103755
2026-09-26T21:19:48.124873Z	debug	dynamo_static_rpc_split	static prefill RPC split	connection.id=452 request.id=166969 request_id=4a79d0a9-cb1e-4190-b7b3-c5c1a1757000 headers_us=23809 stream_us=4
2026-09-26T21:19:48.152116Z	debug	dynamo_static_selector_rpc	static selector RPC	connection.id=452 request.id=166969 request_id=4a79d0a9-cb1e-4190-b7b3-c5c1a1757000 elapsed_us=27221
static_stage_us prepare=44501 prefill=23835 select=27240 decode=791 total=96367
2026-09-26T21:19:48.165161Z	debug	dynamo_static_rpc_split	static prefill RPC split	connection.id=921 request.id=167189 request_id=593fe269-ffb1-4462-82c5-8bab51960f00 headers_us=26605 stream_us=5
2026-09-26T21:19:48.193132Z	debug	dynamo_static_selector_rpc	static selector RPC	connection.id=921 request.id=167189 request_id=593fe269-ffb1-4462-82c5-8bab51960f00 elapsed_us=27945
static_stage_us prepare=48725 prefill=26636 select=27960 decode=1006 total=104327
2026-09-26T21:19:48.236532Z	debug	dynamo_static_rpc_split	static prefill RPC split	connection.id=664 request.id=167683 request_id=e14484e5-8479-4d33-82af-013d3a8a0a00 headers_us=28784 stream_us=9
2026-09-26T21:19:48.247983Z	debug	dynamo_static_rpc_split	static prefill RPC split	connection.id=738 request.id=167804 request_id=ef0da7ee-f4c7-4e36-a2bf-bfa6487f1500 headers_us=24885 stream_us=13
2026-09-26T21:19:48.262401Z	debug	dynamo_static_selector_rpc	static selector RPC	connection.id=664 request.id=167683 request_id=e14484e5-8479-4d33-82af-013d3a8a0a00 elapsed_us=25852
static_stage_us prepare=49604 prefill=28811 select=25866 decode=1152 total=105433
2026-09-26T21:19:48.274031Z	debug	dynamo_static_selector_rpc	static selector RPC	connection.id=738 request.id=167804 request_id=ef0da7ee-f4c7-4e36-a2bf-bfa6487f1500 elapsed_us=26031
static_stage_us prepare=49946 prefill=24916 select=26045 decode=1076 total=101983
2026-09-26T21:19:48.341557Z	debug	dynamo_static_rpc_split	static prefill RPC split	connection.id=641 request.id=168352 request_id=c1ba17d0-c943-4fee-98de-d0a5e526bc00 headers_us=29562 stream_us=5
2026-09-26T21:19:48.351519Z	debug	dynamo_static_rpc_split	static prefill RPC split	connection.id=284 request.id=168553 request_id=68c86d52-cfdc-44b6-8f53-2724b768e800 headers_us=17904 stream_us=12
2026-09-26T21:19:48.365022Z	debug	dynamo_static_selector_rpc	static selector RPC	connection.id=641 request.id=168352 request_id=c1ba17d0-c943-4fee-98de-d0a5e526bc00 elapsed_us=23444
static_stage_us prepare=48305 prefill=29589 select=23482 decode=1018 total=102394
2026-09-26T21:19:48.370534Z	debug	dynamo_static_rpc_split	static prefill RPC split	connection.id=527 request.id=168654 request_id=5ea46688-61c5-4edb-9834-4a01f91f7400 headers_us=24217 stream_us=26
2026-09-26T21:19:48.372016Z	debug	dynamo_static_rpc_split	static prefill RPC split	connection.id=453 request.id=168641 request_id=f6090188-05d7-4780-95be-361e0a40d400 headers_us=26154 stream_us=58
2026-09-26T21:19:48.379635Z	debug	dynamo_static_selector_rpc	static selector RPC	connection.id=284 request.id=168553 request_id=68c86d52-cfdc-44b6-8f53-2724b768e800 elapsed_us=28073
static_stage_us prepare=42095 prefill=17959 select=28089 decode=2052 total=90195
2026-09-26T21:19:48.398918Z	debug	dynamo_static_rpc_split	static prefill RPC split	connection.id=533 request.id=168831 request_id=7a4a92bf-3f7a-4298-b683-f1f4a5813b00 headers_us=27108 stream_us=39
2026-09-26T21:19:48.400909Z	debug	dynamo_static_selector_rpc	static selector RPC	connection.id=453 request.id=168641 request_id=f6090188-05d7-4780-95be-361e0a40d400 elapsed_us=28877
2026-09-26T21:19:48.401078Z	debug	dynamo_static_rpc_split	static prefill RPC split	connection.id=767 request.id=168935 request_id=791c4a7d-1e5a-4baf-a872-b5fb25fd5400 headers_us=24668 stream_us=13
static_stage_us prepare=43545 prefill=26227 select=28919 decode=1000 total=99691
2026-09-26T21:19:48.403594Z	debug	dynamo_static_selector_rpc	static selector RPC	connection.id=527 request.id=168654 request_id=5ea46688-61c5-4edb-9834-4a01f91f7400 elapsed_us=33043
static_stage_us prepare=42307 prefill=24261 select=33055 decode=1854 total=101477
2026-09-26T21:19:48.424439Z	debug	dynamo_static_selector_rpc	static selector RPC	connection.id=533 request.id=168831 request_id=7a4a92bf-3f7a-4298-b683-f1f4a5813b00 elapsed_us=25508
static_stage_us prepare=39254 prefill=27161 select=25521 decode=645 total=92581
2026-09-26T21:19:48.425523Z	debug	dynamo_static_selector_rpc	static selector RPC	connection.id=767 request.id=168935 request_id=791c4a7d-1e5a-4baf-a872-b5fb25fd5400 elapsed_us=24424
static_stage_us prepare=33850 prefill=24704 select=24435 decode=1333 total=84322
2026-09-26T21:19:48.427832Z	debug	dynamo_static_rpc_split	static prefill RPC split	connection.id=860 request.id=169048 request_id=b9ef1db1-6af0-4414-9ee6-778abda58200 headers_us=25400 stream_us=24
2026-09-26T21:19:48.428245Z	debug	dynamo_static_rpc_split	static prefill RPC split	connection.id=378 request.id=169046 request_id=80bfc901-7999-4743-b9bb-31dc5fe19d00 headers_us=25832 stream_us=6
2026-09-26T21:19:48.437659Z	debug	dynamo_static_rpc_split	static prefill RPC split	connection.id=405 request.id=169095 request_id=8832c4cf-e852-42e8-ad3c-52e402136400 headers_us=24625 stream_us=15
2026-09-26T21:19:48.454190Z	debug	dynamo_static_selector_rpc	static selector RPC	connection.id=378 request.id=169046 request_id=80bfc901-7999-4743-b9bb-31dc5fe19d00 elapsed_us=25935
2026-09-26T21:19:48.455707Z	debug	dynamo_static_rpc_split	static prefill RPC split	connection.id=332 request.id=169212 request_id=43ab0f74-323f-4f15-bbad-e402a576fc00 headers_us=24385 stream_us=9
static_stage_us prepare=44607 prefill=25849 select=25945 decode=1856 total=98257
2026-09-26T21:19:48.459068Z	debug	dynamo_static_selector_rpc	static selector RPC	connection.id=860 request.id=169048 request_id=b9ef1db1-6af0-4414-9ee6-778abda58200 elapsed_us=31222
static_stage_us prepare=44007 prefill=25439 select=31234 decode=1565 total=102245
2026-09-26T21:19:48.463907Z	debug	dynamo_static_selector_rpc	static selector RPC	connection.id=405 request.id=169095 request_id=8832c4cf-e852-42e8-ad3c-52e402136400 elapsed_us=26232
static_stage_us prepare=47728 prefill=24657 select=26246 decode=1069 total=99700
2026-09-26T21:19:48.492507Z	debug	dynamo_static_selector_rpc	static selector RPC	connection.id=332 request.id=169212 request_id=43ab0f74-323f-4f15-bbad-e402a576fc00 elapsed_us=36782
static_stage_us prepare=46501 prefill=24411 select=36797 decode=5652 total=113361
2026-09-26T21:19:48.523661Z	debug	dynamo_static_rpc_split	static prefill RPC split	connection.id=591 request.id=169581 request_id=41ad2245-e427-4b90-b665-a0c8289d4200 headers_us=29793 stream_us=3
2026-09-26T21:19:48.552254Z	debug	dynamo_static_selector_rpc	static selector RPC	connection.id=591 request.id=169581 request_id=41ad2245-e427-4b90-b665-a0c8289d4200 elapsed_us=28576
static_stage_us prepare=52513 prefill=29814 select=28594 decode=778 total=111699
2026-09-26T21:19:48.602982Z	debug	dynamo_static_rpc_split	static prefill RPC split	connection.id=729 request.id=170132 request_id=16aad2b8-507f-4ed7-8f6c-0c203d2f0400 headers_us=27431 stream_us=16
2026-09-26T21:19:48.627193Z	debug	dynamo_static_selector_rpc	static selector RPC	connection.id=729 request.id=170132 request_id=16aad2b8-507f-4ed7-8f6c-0c203d2f0400 elapsed_us=24183
static_stage_us prepare=49000 prefill=27477 select=24213 decode=1252 total=101942
2026-09-26T21:19:48.654444Z	debug	dynamo_static_rpc_split	static prefill RPC split	connection.id=781 request.id=170476 request_id=350e4698-a774-43d1-b620-85511df67300 headers_us=21780 stream_us=10
2026-09-26T21:19:48.679016Z	debug	dynamo_static_selector_rpc	static selector RPC	connection.id=781 request.id=170476 request_id=350e4698-a774-43d1-b620-85511df67300 elapsed_us=24551
static_stage_us prepare=44567 prefill=21812 select=24567 decode=1279 total=92225
2026-09-26T21:19:48.704452Z	debug	dynamo_static_rpc_split	static prefill RPC split	connection.id=245 request.id=170803 request_id=00e51e3d-b47c-4823-bc11-6cecefdf5900 headers_us=23244 stream_us=29
2026-09-26T21:19:48.725063Z	debug	dynamo_static_selector_rpc	static selector RPC	connection.id=245 request.id=170803 request_id=00e51e3d-b47c-4823-bc11-6cecefdf5900 elapsed_us=20559
static_stage_us prepare=46585 prefill=23326 select=20576 decode=852 total=91339
2026-09-26T21:19:48.747464Z	debug	dynamo_static_rpc_split	static prefill RPC split	connection.id=479 request.id=171130 request_id=9d3dc960-5e4a-48ae-8c96-97e6d2d89300 headers_us=24923 stream_us=3
2026-09-26T21:19:48.771247Z	debug	dynamo_static_selector_rpc	static selector RPC	connection.id=479 request.id=171130 request_id=9d3dc960-5e4a-48ae-8c96-97e6d2d89300 elapsed_us=23768
static_stage_us prepare=41877 prefill=24942 select=23784 decode=1259 total=91862
2026-09-26T21:19:48.820001Z	debug	dynamo_static_rpc_split	static prefill RPC split	connection.id=845 request.id=171572 request_id=fc38772b-cb6f-4a0e-a4c7-3d8ee4719200 headers_us=25733 stream_us=14
2026-09-26T21:19:48.851429Z	debug	dynamo_static_selector_rpc	static selector RPC	connection.id=845 request.id=171572 request_id=fc38772b-cb6f-4a0e-a4c7-3d8ee4719200 elapsed_us=31409
static_stage_us prepare=48054 prefill=25768 select=31428 decode=1438 total=106688
2026-09-26T21:19:48.854005Z	debug	dynamo_static_rpc_split	static prefill RPC split	connection.id=296 request.id=171867 request_id=df684d00-0cb1-4d5c-9436-f5c052d03200 headers_us=23326 stream_us=9
2026-09-26T21:19:48.854119Z	debug	dynamo_static_rpc_split	static prefill RPC split	connection.id=535 request.id=171893 request_id=33db57a3-0a1e-436b-a05f-ea1d5c31fb00 headers_us=23287 stream_us=35
2026-09-26T21:19:48.879425Z	debug	dynamo_static_selector_rpc	static selector RPC	connection.id=296 request.id=171867 request_id=df684d00-0cb1-4d5c-9436-f5c052d03200 elapsed_us=25331
static_stage_us prepare=44657 prefill=23426 select=25346 decode=1249 total=94678
2026-09-26T21:19:48.882201Z	debug	dynamo_static_selector_rpc	static selector RPC	connection.id=535 request.id=171893 request_id=33db57a3-0a1e-436b-a05f-ea1d5c31fb00 elapsed_us=28067
static_stage_us prepare=41612 prefill=23336 select=28109 decode=1055 total=94112
2026-09-26T21:19:48.931094Z	debug	dynamo_static_rpc_split	static prefill RPC split	connection.id=236 request.id=172362 request_id=f36c7eec-7379-4390-b38c-fc1f8ae70400 headers_us=25040 stream_us=8
2026-09-26T21:19:48.939725Z	debug	dynamo_static_rpc_split	static prefill RPC split	connection.id=820 request.id=172442 request_id=ade9d6ec-9a36-437a-9189-fba280484900 headers_us=27199 stream_us=4
2026-09-26T21:19:48.959720Z	debug	dynamo_static_selector_rpc	static selector RPC	connection.id=236 request.id=172362 request_id=f36c7eec-7379-4390-b38c-fc1f8ae70400 elapsed_us=28603
static_stage_us prepare=43210 prefill=25072 select=28623 decode=863 total=97768
2026-09-26T21:19:48.967744Z	debug	dynamo_static_selector_rpc	static selector RPC	connection.id=820 request.id=172442 request_id=ade9d6ec-9a36-437a-9189-fba280484900 elapsed_us=28005
static_stage_us prepare=40346 prefill=27218 select=28019 decode=1027 total=96610
2026-09-26T21:19:48.994858Z	debug	dynamo_static_rpc_split	static prefill RPC split	connection.id=263 request.id=172903 request_id=3b165217-d3ad-43ec-82e8-7f942fc34e00 headers_us=21098 stream_us=4
2026-09-26T21:19:49.000427Z	debug	dynamo_static_rpc_split	static prefill RPC split	connection.id=360 request.id=172853 request_id=c80c8897-1fa7-4ae5-8388-41c3592a7300 headers_us=24730 stream_us=34
2026-09-26T21:19:49.017525Z	debug	dynamo_static_selector_rpc	static selector RPC	connection.id=263 request.id=172903 request_id=3b165217-d3ad-43ec-82e8-7f942fc34e00 elapsed_us=22649
static_stage_us prepare=35593 prefill=21122 select=22661 decode=1341 total=80717
2026-09-26T21:19:49.023890Z	debug	dynamo_static_selector_rpc	static selector RPC	connection.id=360 request.id=172853 request_id=c80c8897-1fa7-4ae5-8388-41c3592a7300 elapsed_us=23438
static_stage_us prepare=46915 prefill=24791 select=23468 decode=1574 total=96748
2026-09-26T21:19:49.029137Z	debug	dynamo_static_rpc_split	static prefill RPC split	connection.id=362 request.id=172999 request_id=3940e015-f717-4960-a202-92a13313e400 headers_us=23645 stream_us=34
2026-09-26T21:19:49.029257Z	debug	dynamo_static_rpc_split	static prefill RPC split	connection.id=366 request.id=173007 request_id=fbb0d135-b391-456c-aba4-4defbda2c700 headers_us=23779 stream_us=7
2026-09-26T21:19:49.037282Z	debug	dynamo_static_rpc_split	static prefill RPC split	connection.id=463 request.id=173136 request_id=f499baf9-fcb8-456b-b7b2-b1835a04be00 headers_us=21146 stream_us=15
2026-09-26T21:19:49.053304Z	debug	dynamo_static_selector_rpc	static selector RPC	connection.id=366 request.id=173007 request_id=fbb0d135-b391-456c-aba4-4defbda2c700 elapsed_us=24033
static_stage_us prepare=49399 prefill=23801 select=24047 decode=1193 total=98440
2026-09-26T21:19:49.054481Z	debug	dynamo_static_selector_rpc	static selector RPC	connection.id=362 request.id=172999 request_id=3940e015-f717-4960-a202-92a13313e400 elapsed_us=25328
static_stage_us prepare=50851 prefill=23703 select=25341 decode=2242 total=102137
2026-09-26T21:19:49.061289Z	debug	dynamo_static_selector_rpc	static selector RPC	connection.id=463 request.id=173136 request_id=f499baf9-fcb8-456b-b7b2-b1835a04be00 elapsed_us=23994
static_stage_us prepare=40389 prefill=21174 select=24009 decode=759 total=86331
2026-09-26T21:19:49.071371Z	debug	dynamo_static_rpc_split	static prefill RPC split	connection.id=229 request.id=173342 request_id=f9cf2317-c47a-4816-84f9-ca71e5a2b300 headers_us=24547 stream_us=10
2026-09-26T21:19:49.095174Z	debug	dynamo_static_selector_rpc	static selector RPC	connection.id=229 request.id=173342 request_id=f9cf2317-c47a-4816-84f9-ca71e5a2b300 elapsed_us=23744
static_stage_us prepare=42278 prefill=24616 select=23760 decode=1009 total=91663
2026-09-26T21:19:49.159923Z	debug	dynamo_static_rpc_split	static prefill RPC split	connection.id=496 request.id=173844 request_id=eba2a559-fb90-4783-bff6-c2b366c15a00 headers_us=28567 stream_us=7
2026-09-26T21:19:49.196524Z	debug	dynamo_static_selector_rpc	static selector RPC	connection.id=496 request.id=173844 request_id=eba2a559-fb90-4783-bff6-c2b366c15a00 elapsed_us=36569
static_stage_us prepare=53634 prefill=28606 select=36586 decode=1593 total=120419
2026-09-26T21:19:49.252182Z	debug	dynamo_static_rpc_split	static prefill RPC split	connection.id=670 request.id=174427 request_id=f5113793-cca8-458d-8974-a9c1a6bd2500 headers_us=23268 stream_us=15
2026-09-26T21:19:49.282609Z	debug	dynamo_static_selector_rpc	static selector RPC	connection.id=670 request.id=174427 request_id=f5113793-cca8-458d-8974-a9c1a6bd2500 elapsed_us=30370
static_stage_us prepare=64042 prefill=23342 select=30386 decode=1665 total=119435
2026-09-26T21:19:49.286731Z	debug	dynamo_static_rpc_split	static prefill RPC split	connection.id=496 request.id=174597 request_id=1bf5b0d9-8c15-4043-b237-76a67d474a00 headers_us=28110 stream_us=3
2026-09-26T21:19:49.289345Z	debug	dynamo_static_rpc_split	static prefill RPC split	connection.id=689 request.id=174623 request_id=114df539-51ad-4c65-a690-d974baf1c300 headers_us=30668 stream_us=7
2026-09-26T21:19:49.312955Z	debug	dynamo_static_selector_rpc	static selector RPC	connection.id=496 request.id=174597 request_id=1bf5b0d9-8c15-4043-b237-76a67d474a00 elapsed_us=26211
static_stage_us prepare=55226 prefill=28128 select=26226 decode=913 total=110493
2026-09-26T21:19:49.317518Z	debug	dynamo_static_selector_rpc	static selector RPC	connection.id=689 request.id=174623 request_id=114df539-51ad-4c65-a690-d974baf1c300 elapsed_us=28153
static_stage_us prepare=53106 prefill=30697 select=28167 decode=1994 total=113964
2026-09-26T21:19:49.350583Z	debug	dynamo_static_rpc_split	static prefill RPC split	connection.id=330 request.id=175038 request_id=2eb30816-d2f5-46ee-9a50-5c9730caad00 headers_us=26785 stream_us=4
2026-09-26T21:19:49.360801Z	debug	dynamo_static_rpc_split	static prefill RPC split	connection.id=843 request.id=175129 request_id=8c728d62-33c4-40b7-841e-d4631c8fa000 headers_us=23697 stream_us=170
2026-09-26T21:19:49.380046Z	debug	dynamo_static_selector_rpc	static selector RPC	connection.id=330 request.id=175038 request_id=2eb30816-d2f5-46ee-9a50-5c9730caad00 elapsed_us=29447
static_stage_us prepare=46885 prefill=26806 select=29491 decode=1257 total=104439
2026-09-26T21:19:49.382641Z	debug	dynamo_static_selector_rpc	static selector RPC	connection.id=843 request.id=175129 request_id=8c728d62-33c4-40b7-841e-d4631c8fa000 elapsed_us=21820
static_stage_us prepare=44098 prefill=23889 select=21838 decode=15218 total=105043
2026-09-26T21:19:49.483282Z	debug	dynamo_static_rpc_split	static prefill RPC split	connection.id=405 request.id=175803 request_id=d0aff7a8-6fdb-4d66-a655-06d06ff57300 headers_us=27879 stream_us=42
2026-09-26T21:19:49.515011Z	debug	dynamo_static_selector_rpc	static selector RPC	connection.id=405 request.id=175803 request_id=d0aff7a8-6fdb-4d66-a655-06d06ff57300 elapsed_us=31704
static_stage_us prepare=52390 prefill=27945 select=31750 decode=1028 total=113113
2026-09-26T21:19:49.521801Z	debug	dynamo_static_rpc_split	static prefill RPC split	connection.id=799 request.id=176085 request_id=f1e5ab9a-9064-4083-a2f6-8e9f948cb900 headers_us=31679 stream_us=5
2026-09-26T21:19:49.548826Z	debug	dynamo_static_selector_rpc	static selector RPC	connection.id=799 request.id=176085 request_id=f1e5ab9a-9064-4083-a2f6-8e9f948cb900 elapsed_us=27008
static_stage_us prepare=50588 prefill=31702 select=27027 decode=1547 total=110864
2026-09-26T21:19:49.557153Z	debug	dynamo_static_rpc_split	static prefill RPC split	connection.id=884 request.id=176243 request_id=8f678e39-82a2-4c35-bad1-f9ffd553bf00 headers_us=28416 stream_us=15
2026-09-26T21:19:49.562599Z	debug	dynamo_static_rpc_split	static prefill RPC split	connection.id=414 request.id=176298 request_id=77dfef77-de5f-4890-8e6e-82e6e6548100 headers_us=26920 stream_us=31
2026-09-26T21:19:49.563113Z	debug	dynamo_static_rpc_split	static prefill RPC split	connection.id=599 request.id=176288 request_id=e3862733-da58-423c-be0b-cf2506296200 headers_us=27801 stream_us=11
2026-09-26T21:19:49.583989Z	debug	dynamo_static_selector_rpc	static selector RPC	connection.id=884 request.id=176243 request_id=8f678e39-82a2-4c35-bad1-f9ffd553bf00 elapsed_us=26820
static_stage_us prepare=57609 prefill=28447 select=26835 decode=2250 total=115141
2026-09-26T21:19:49.591356Z	debug	dynamo_static_selector_rpc	static selector RPC	connection.id=414 request.id=176298 request_id=77dfef77-de5f-4890-8e6e-82e6e6548100 elapsed_us=28744
2026-09-26T21:19:49.591461Z	debug	dynamo_static_selector_rpc	static selector RPC	connection.id=599 request.id=176288 request_id=e3862733-da58-423c-be0b-cf2506296200 elapsed_us=28327
static_stage_us prepare=51387 prefill=26965 select=28756 decode=747 total=107855
static_stage_us prepare=53691 prefill=27832 select=28342 decode=1616 total=111481
2026-09-26T21:19:49.626179Z	debug	dynamo_static_rpc_split	static prefill RPC split	connection.id=397 request.id=176650 request_id=9ea59be0-0eeb-45ac-ba99-37e0ddaa0200 headers_us=27983 stream_us=4
2026-09-26T21:19:49.649653Z	debug	dynamo_static_rpc_split	static prefill RPC split	connection.id=530 request.id=176905 request_id=aba8e9e9-af7d-456f-bdb5-d12caacdd500 headers_us=27084 stream_us=9
2026-09-26T21:19:49.652092Z	debug	dynamo_static_rpc_split	static prefill RPC split	connection.id=452 request.id=176832 request_id=5818dbd5-88d6-4704-8eb8-d6a80da49c00 headers_us=32278 stream_us=9
2026-09-26T21:19:49.656035Z	debug	dynamo_static_selector_rpc	static selector RPC	connection.id=397 request.id=176650 request_id=9ea59be0-0eeb-45ac-ba99-37e0ddaa0200 elapsed_us=29814
static_stage_us prepare=57647 prefill=28277 select=29830 decode=2397 total=118151
2026-09-26T21:19:49.666743Z	debug	dynamo_static_rpc_split	static prefill RPC split	connection.id=535 request.id=176995 request_id=effebe03-5a2f-42fc-bb59-4b6e0df5b700 headers_us=29976 stream_us=14
2026-09-26T21:19:49.683480Z	debug	dynamo_static_selector_rpc	static selector RPC	connection.id=530 request.id=176905 request_id=aba8e9e9-af7d-456f-bdb5-d12caacdd500 elapsed_us=33808
static_stage_us prepare=47262 prefill=27110 select=33823 decode=1429 total=109624
2026-09-26T21:19:49.685540Z	debug	dynamo_static_selector_rpc	static selector RPC	connection.id=452 request.id=176832 request_id=5818dbd5-88d6-4704-8eb8-d6a80da49c00 elapsed_us=33429
static_stage_us prepare=55574 prefill=32308 select=33500 decode=1463 total=122845
2026-09-26T21:19:49.689928Z	debug	dynamo_static_rpc_split	static prefill RPC split	connection.id=453 request.id=177182 request_id=1b7f2f6a-924d-4e1d-9cc8-ba257c9ba900 headers_us=25334 stream_us=10
2026-09-26T21:19:49.691539Z	debug	dynamo_static_rpc_split	static prefill RPC split	connection.id=466 request.id=177183 request_id=81fb9050-6285-498b-a648-2f34f3b07800 headers_us=26948 stream_us=8
2026-09-26T21:19:49.696266Z	debug	dynamo_static_selector_rpc	static selector RPC	connection.id=535 request.id=176995 request_id=effebe03-5a2f-42fc-bb59-4b6e0df5b700 elapsed_us=29510
static_stage_us prepare=43784 prefill=30005 select=29522 decode=919 total=104230
2026-09-26T21:19:49.719100Z	debug	dynamo_static_selector_rpc	static selector RPC	connection.id=453 request.id=177182 request_id=1b7f2f6a-924d-4e1d-9cc8-ba257c9ba900 elapsed_us=28784
2026-09-26T21:19:49.719194Z	debug	dynamo_static_selector_rpc	static selector RPC	connection.id=466 request.id=177183 request_id=81fb9050-6285-498b-a648-2f34f3b07800 elapsed_us=27641
2026-09-26T21:19:49.719404Z	debug	dynamo_static_rpc_split	static prefill RPC split	connection.id=667 request.id=177300 request_id=945a3a96-7857-4232-a0e9-c6baccf6b700 headers_us=32411 stream_us=5
static_stage_us prepare=46219 prefill=25733 select=28797 decode=1521 total=102270
static_stage_us prepare=46145 prefill=26971 select=27644 decode=1974 total=102734
2026-09-26T21:19:49.733423Z	debug	dynamo_static_rpc_split	static prefill RPC split	connection.id=658 request.id=177399 request_id=d2abe9f7-0681-46e9-bad1-16f497dda500 headers_us=24020 stream_us=5
2026-09-26T21:19:49.743063Z	debug	dynamo_static_selector_rpc	static selector RPC	connection.id=667 request.id=177300 request_id=945a3a96-7857-4232-a0e9-c6baccf6b700 elapsed_us=23639
static_stage_us prepare=52717 prefill=32438 select=23650 decode=843 total=109648
2026-09-26T21:19:49.757744Z	debug	dynamo_static_selector_rpc	static selector RPC	connection.id=658 request.id=177399 request_id=d2abe9f7-0681-46e9-bad1-16f497dda500 elapsed_us=24308
static_stage_us prepare=59589 prefill=24038 select=24322 decode=1218 total=109167
2026-09-26T21:19:49.869186Z	debug	dynamo_static_rpc_split	static prefill RPC split	connection.id=732 request.id=178262 request_id=8bc577fd-f7fe-43b6-8e36-120d17f27b00 headers_us=35703 stream_us=12
2026-09-26T21:19:49.907369Z	debug	dynamo_static_selector_rpc	static selector RPC	connection.id=732 request.id=178262 request_id=8bc577fd-f7fe-43b6-8e36-120d17f27b00 elapsed_us=38101
static_stage_us prepare=46020 prefill=35797 select=38126 decode=4146 total=124089
2026-09-26T21:19:49.947820Z	debug	dynamo_static_rpc_split	static prefill RPC split	connection.id=193 request.id=178722 request_id=39d41d62-4a77-4acc-ad77-6334706f1600 headers_us=32307 stream_us=5
2026-09-26T21:19:49.958745Z	debug	dynamo_static_rpc_split	static prefill RPC split	connection.id=679 request.id=178864 request_id=20e23721-65c1-4138-b53c-4b3c4f6d3800 headers_us=21686 stream_us=4
2026-09-26T21:19:49.962057Z	debug	dynamo_static_rpc_split	static prefill RPC split	connection.id=277 request.id=178880 request_id=25a6096b-33af-4ae4-bcad-e68fa69ebe00 headers_us=24928 stream_us=13
2026-09-26T21:19:49.969533Z	debug	dynamo_static_rpc_split	static prefill RPC split	connection.id=656 request.id=178889 request_id=f0d9ddf3-bc82-41f4-9194-081e2184a300 headers_us=29002 stream_us=14
2026-09-26T21:19:49.979182Z	debug	dynamo_static_selector_rpc	static selector RPC	connection.id=193 request.id=178722 request_id=39d41d62-4a77-4acc-ad77-6334706f1600 elapsed_us=31340
static_stage_us prepare=49514 prefill=32336 select=31357 decode=2496 total=115703
2026-09-26T21:19:49.986314Z	debug	dynamo_static_selector_rpc	static selector RPC	connection.id=679 request.id=178864 request_id=20e23721-65c1-4138-b53c-4b3c4f6d3800 elapsed_us=27507
2026-09-26T21:19:49.986358Z	debug	dynamo_static_rpc_split	static prefill RPC split	connection.id=155 request.id=178909 request_id=1042428a-0d83-4059-84dd-3d76949e6600 headers_us=37327 stream_us=5
static_stage_us prepare=51611 prefill=21753 select=27521 decode=1269 total=102154
2026-09-26T21:19:49.992955Z	debug	dynamo_static_selector_rpc	static selector RPC	connection.id=277 request.id=178880 request_id=25a6096b-33af-4ae4-bcad-e68fa69ebe00 elapsed_us=30883
static_stage_us prepare=50616 prefill=24955 select=30898 decode=867 total=107336
2026-09-26T21:19:49.999357Z	debug	dynamo_static_rpc_split	static prefill RPC split	connection.id=778 request.id=179045 request_id=e3457737-26cd-4167-957a-957365c3b000 headers_us=27073 stream_us=4
2026-09-26T21:19:50.001324Z	debug	dynamo_static_selector_rpc	static selector RPC	connection.id=656 request.id=178889 request_id=f0d9ddf3-bc82-41f4-9194-081e2184a300 elapsed_us=31768
static_stage_us prepare=53544 prefill=29039 select=31782 decode=1016 total=115381
2026-09-26T21:19:50.016444Z	debug	dynamo_static_selector_rpc	static selector RPC	connection.id=155 request.id=178909 request_id=1042428a-0d83-4059-84dd-3d76949e6600 elapsed_us=30070
static_stage_us prepare=60077 prefill=37348 select=30090 decode=783 total=128298
2026-09-26T21:19:50.031919Z	debug	dynamo_static_selector_rpc	static selector RPC	connection.id=778 request.id=179045 request_id=e3457737-26cd-4167-957a-957365c3b000 elapsed_us=32549
static_stage_us prepare=61203 prefill=27089 select=32561 decode=2237 total=123090
2026-09-26T21:19:50.075336Z	debug	dynamo_static_rpc_split	static prefill RPC split	connection.id=441 request.id=179542 request_id=44eeee62-aa8d-4c37-92b8-5a95384cd500 headers_us=25905 stream_us=4
2026-09-26T21:19:50.103452Z	debug	dynamo_static_rpc_split	static prefill RPC split	connection.id=664 request.id=179701 request_id=c2f4da5c-5f36-4881-88b5-49357b01d100 headers_us=26763 stream_us=62
2026-09-26T21:19:50.103932Z	debug	dynamo_static_selector_rpc	static selector RPC	connection.id=441 request.id=179542 request_id=44eeee62-aa8d-4c37-92b8-5a95384cd500 elapsed_us=28579
static_stage_us prepare=53599 prefill=25927 select=28603 decode=1471 total=109600
2026-09-26T21:19:50.128805Z	debug	dynamo_static_selector_rpc	static selector RPC	connection.id=664 request.id=179701 request_id=c2f4da5c-5f36-4881-88b5-49357b01d100 elapsed_us=25338
static_stage_us prepare=44221 prefill=26841 select=25354 decode=906 total=97322
2026-09-26T21:19:50.255965Z	debug	dynamo_static_rpc_split	static prefill RPC split	connection.id=436 request.id=180692 request_id=b06c8f70-8534-48e2-89d5-a6fa7a09a800 headers_us=26483 stream_us=5
2026-09-26T21:19:50.274546Z	debug	dynamo_static_rpc_split	static prefill RPC split	connection.id=705 request.id=180863 request_id=eae71cf6-7073-4d41-bf3c-de6998620800 headers_us=20652 stream_us=16
2026-09-26T21:19:50.274573Z	debug	dynamo_static_rpc_split	static prefill RPC split	connection.id=273 request.id=180853 request_id=9ebcff7b-ca00-4684-831d-c21fa2031700 headers_us=24674 stream_us=14
2026-09-26T21:19:50.286884Z	debug	dynamo_static_selector_rpc	static selector RPC	connection.id=436 request.id=180692 request_id=b06c8f70-8534-48e2-89d5-a6fa7a09a800 elapsed_us=30897
static_stage_us prepare=50787 prefill=26512 select=30910 decode=1819 total=110028
2026-09-26T21:19:50.298710Z	debug	dynamo_static_selector_rpc	static selector RPC	connection.id=273 request.id=180853 request_id=9ebcff7b-ca00-4684-831d-c21fa2031700 elapsed_us=24129
2026-09-26T21:19:50.299377Z	debug	dynamo_static_selector_rpc	static selector RPC	connection.id=705 request.id=180863 request_id=eae71cf6-7073-4d41-bf3c-de6998620800 elapsed_us=24811
static_stage_us prepare=46975 prefill=24697 select=24141 decode=1165 total=96978
static_stage_us prepare=49288 prefill=20687 select=24824 decode=1949 total=96748
2026-09-26T21:19:50.348155Z	debug	dynamo_static_rpc_split	static prefill RPC split	connection.id=607 request.id=181308 request_id=0bd02676-79f9-4126-964f-5698621c7f00 headers_us=25871 stream_us=11
2026-09-26T21:19:50.379734Z	debug	dynamo_static_selector_rpc	static selector RPC	connection.id=607 request.id=181308 request_id=0bd02676-79f9-4126-964f-5698621c7f00 elapsed_us=31548
static_stage_us prepare=47771 prefill=25914 select=31567 decode=1127 total=106379
2026-09-26T21:19:50.439751Z	debug	dynamo_static_rpc_split	static prefill RPC split	connection.id=835 request.id=181888 request_id=9637978a-7f6a-4f63-ae38-db3519424700 headers_us=23321 stream_us=21
2026-09-26T21:19:50.469084Z	debug	dynamo_static_selector_rpc	static selector RPC	connection.id=835 request.id=181888 request_id=9637978a-7f6a-4f63-ae38-db3519424700 elapsed_us=29298
static_stage_us prepare=59359 prefill=23378 select=29328 decode=943 total=113008
2026-09-26T21:19:50.475464Z	debug	dynamo_static_rpc_split	static prefill RPC split	connection.id=562 request.id=182060 request_id=6a3daca1-1f01-499b-aaeb-225160ff2900 headers_us=30125 stream_us=3
2026-09-26T21:19:50.500874Z	debug	dynamo_static_rpc_split	static prefill RPC split	connection.id=798 request.id=182305 request_id=4991c278-c2ee-4334-8ca7-cd27c0165e00 headers_us=26379 stream_us=3
2026-09-26T21:19:50.505269Z	debug	dynamo_static_selector_rpc	static selector RPC	connection.id=562 request.id=182060 request_id=6a3daca1-1f01-499b-aaeb-225160ff2900 elapsed_us=29793
static_stage_us prepare=59039 prefill=30142 select=29807 decode=2586 total=121574
2026-09-26T21:19:50.527490Z	debug	dynamo_static_selector_rpc	static selector RPC	connection.id=798 request.id=182305 request_id=4991c278-c2ee-4334-8ca7-cd27c0165e00 elapsed_us=26601
static_stage_us prepare=42297 prefill=26397 select=26615 decode=1525 total=96834
2026-09-26T21:19:50.545245Z	debug	dynamo_static_rpc_split	static prefill RPC split	connection.id=168 request.id=182586 request_id=371a3ba4-b67f-4dcc-b39a-73cc18a2a500 headers_us=25173 stream_us=4
2026-09-26T21:19:50.571353Z	debug	dynamo_static_selector_rpc	static selector RPC	connection.id=168 request.id=182586 request_id=371a3ba4-b67f-4dcc-b39a-73cc18a2a500 elapsed_us=26086
static_stage_us prepare=48921 prefill=25199 select=26102 decode=1983 total=102205
2026-09-26T21:19:50.661045Z	debug	dynamo_static_rpc_split	static prefill RPC split	connection.id=478 request.id=183334 request_id=96cb6927-183e-4d3e-bb28-e861e21e6400 headers_us=23688 stream_us=9
2026-09-26T21:19:50.687487Z	debug	dynamo_static_selector_rpc	static selector RPC	connection.id=478 request.id=183334 request_id=96cb6927-183e-4d3e-bb28-e861e21e6400 elapsed_us=26397
static_stage_us prepare=41712 prefill=23744 select=26420 decode=3245 total=95121
2026-09-26T21:19:50.725579Z	debug	dynamo_static_rpc_split	static prefill RPC split	connection.id=941 request.id=183699 request_id=d1512458-2127-4c1b-a13d-b2534ad72d00 headers_us=29815 stream_us=4
2026-09-26T21:19:50.756693Z	debug	dynamo_static_rpc_split	static prefill RPC split	connection.id=582 request.id=183929 request_id=2aa7646d-1470-4320-8206-eb8feb9cf700 headers_us=28776 stream_us=10
2026-09-26T21:19:50.756710Z	debug	dynamo_static_selector_rpc	static selector RPC	connection.id=941 request.id=183699 request_id=d1512458-2127-4c1b-a13d-b2534ad72d00 elapsed_us=31113
static_stage_us prepare=50667 prefill=29837 select=31127 decode=2413 total=114044
2026-09-26T21:19:50.788869Z	debug	dynamo_static_selector_rpc	static selector RPC	connection.id=582 request.id=183929 request_id=2aa7646d-1470-4320-8206-eb8feb9cf700 elapsed_us=32157
static_stage_us prepare=47631 prefill=28804 select=32178 decode=656 total=109269
2026-09-26T21:19:50.856234Z	debug	dynamo_static_rpc_split	static prefill RPC split	connection.id=809 request.id=184582 request_id=b63a7d76-de2a-4e63-9a54-25eca4e07400 headers_us=25243 stream_us=18
2026-09-26T21:19:50.869525Z	debug	dynamo_static_rpc_split	static prefill RPC split	connection.id=773 request.id=184710 request_id=cf970d27-f70c-44fd-b68e-8dc47c6b7800 headers_us=25429 stream_us=13
2026-09-26T21:19:50.879189Z	debug	dynamo_static_selector_rpc	static selector RPC	connection.id=809 request.id=184582 request_id=b63a7d76-de2a-4e63-9a54-25eca4e07400 elapsed_us=22924
static_stage_us prepare=49936 prefill=25294 select=23088 decode=1315 total=99633
2026-09-26T21:19:50.891856Z	debug	dynamo_static_rpc_split	static prefill RPC split	connection.id=817 request.id=184750 request_id=442b693a-a1de-4d4c-9714-d0344356cf00 headers_us=24112 stream_us=12
2026-09-26T21:19:50.900084Z	debug	dynamo_static_selector_rpc	static selector RPC	connection.id=773 request.id=184710 request_id=cf970d27-f70c-44fd-b68e-8dc47c6b7800 elapsed_us=30528
static_stage_us prepare=38856 prefill=25474 select=30542 decode=1762 total=96634
2026-09-26T21:19:50.918856Z	debug	dynamo_static_selector_rpc	static selector RPC	connection.id=817 request.id=184750 request_id=442b693a-a1de-4d4c-9714-d0344356cf00 elapsed_us=26980
static_stage_us prepare=46446 prefill=24145 select=27020 decode=2117 total=99728
2026-09-26T21:19:50.950480Z	debug	dynamo_static_rpc_split	static prefill RPC split	connection.id=306 request.id=185115 request_id=81224d61-fb12-4c3a-91e9-59f6f7b65c00 headers_us=33425 stream_us=46
2026-09-26T21:19:50.966714Z	debug	dynamo_static_rpc_split	static prefill RPC split	connection.id=842 request.id=185275 request_id=0d431b96-e2e5-4c70-9590-6174ba2d1600 headers_us=27836 stream_us=13
2026-09-26T21:19:50.978954Z	debug	dynamo_static_selector_rpc	static selector RPC	connection.id=306 request.id=185115 request_id=81224d61-fb12-4c3a-91e9-59f6f7b65c00 elapsed_us=28438
static_stage_us prepare=51683 prefill=33507 select=28455 decode=776 total=114421
2026-09-26T21:19:50.989909Z	debug	dynamo_static_selector_rpc	static selector RPC	connection.id=842 request.id=185275 request_id=0d431b96-e2e5-4c70-9590-6174ba2d1600 elapsed_us=23153
static_stage_us prepare=52422 prefill=27893 select=23167 decode=844 total=104326
2026-09-26T21:19:51.010333Z	debug	dynamo_static_rpc_split	static prefill RPC split	connection.id=180 request.id=185518 request_id=43e418a9-b223-4bb9-99ec-27b22501f800 headers_us=20030 stream_us=15
2026-09-26T21:19:51.025315Z	debug	dynamo_static_rpc_split	static prefill RPC split	connection.id=656 request.id=185649 request_id=f8adf3c0-ad50-40b6-93a5-758398732b00 headers_us=27056 stream_us=3
2026-09-26T21:19:51.031087Z	debug	dynamo_static_rpc_split	static prefill RPC split	connection.id=692 request.id=185752 request_id=96390e86-8f66-4442-9c16-cb4dee6d7300 headers_us=24770 stream_us=4
2026-09-26T21:19:51.040865Z	debug	dynamo_static_selector_rpc	static selector RPC	connection.id=180 request.id=185518 request_id=43e418a9-b223-4bb9-99ec-27b22501f800 elapsed_us=30514
static_stage_us prepare=61536 prefill=20064 select=30528 decode=2403 total=114531
2026-09-26T21:19:51.048266Z	debug	dynamo_static_selector_rpc	static selector RPC	connection.id=656 request.id=185649 request_id=f8adf3c0-ad50-40b6-93a5-758398732b00 elapsed_us=22936
static_stage_us prepare=47153 prefill=27074 select=22950 decode=2895 total=100072
2026-09-26T21:19:51.054526Z	debug	dynamo_static_selector_rpc	static selector RPC	connection.id=692 request.id=185752 request_id=96390e86-8f66-4442-9c16-cb4dee6d7300 elapsed_us=23427
static_stage_us prepare=39933 prefill=24787 select=23439 decode=2164 total=90323
2026-09-26T21:19:51.137074Z	debug	dynamo_static_rpc_split	static prefill RPC split	connection.id=597 request.id=186363 request_id=ce8dabd0-d595-411d-ae9b-d47e0aebf400 headers_us=27616 stream_us=3
2026-09-26T21:19:51.163031Z	debug	dynamo_static_selector_rpc	static selector RPC	connection.id=597 request.id=186363 request_id=ce8dabd0-d595-411d-ae9b-d47e0aebf400 elapsed_us=25939
static_stage_us prepare=46841 prefill=27637 select=25964 decode=972 total=101414
2026-09-26T21:19:51.227539Z	debug	dynamo_static_rpc_split	static prefill RPC split	connection.id=241 request.id=187008 request_id=d64a9df6-ec20-40ff-a1d2-555f8458c200 headers_us=25767 stream_us=4
2026-09-26T21:19:51.254586Z	debug	dynamo_static_selector_rpc	static selector RPC	connection.id=241 request.id=187008 request_id=d64a9df6-ec20-40ff-a1d2-555f8458c200 elapsed_us=27030
static_stage_us prepare=48676 prefill=25788 select=27054 decode=2456 total=103974
2026-09-26T21:19:51.328509Z	debug	dynamo_static_rpc_split	static prefill RPC split	connection.id=362 request.id=187603 request_id=3bc772dd-6859-47c8-9496-ce08e18ed000 headers_us=39860 stream_us=2
2026-09-26T21:19:51.334484Z	debug	dynamo_static_rpc_split	static prefill RPC split	connection.id=358 request.id=187692 request_id=f066f462-b76d-4538-8291-c6ac07680000 headers_us=37291 stream_us=10
2026-09-26T21:19:51.363414Z	debug	dynamo_static_selector_rpc	static selector RPC	connection.id=362 request.id=187603 request_id=3bc772dd-6859-47c8-9496-ce08e18ed000 elapsed_us=34885
static_stage_us prepare=54648 prefill=39884 select=34905 decode=1365 total=130802
2026-09-26T21:19:51.377035Z	debug	dynamo_static_rpc_split	static prefill RPC split	connection.id=179 request.id=187889 request_id=775f371a-9a97-48c7-95e2-167a12f86c00 headers_us=32185 stream_us=13
2026-09-26T21:19:51.380265Z	debug	dynamo_static_selector_rpc	static selector RPC	connection.id=358 request.id=187692 request_id=f066f462-b76d-4538-8291-c6ac07680000 elapsed_us=45754
static_stage_us prepare=49788 prefill=37329 select=45770 decode=3283 total=136170
2026-09-26T21:19:51.408040Z	debug	dynamo_static_selector_rpc	static selector RPC	connection.id=179 request.id=187889 request_id=775f371a-9a97-48c7-95e2-167a12f86c00 elapsed_us=30989
static_stage_us prepare=62840 prefill=32215 select=31007 decode=1128 total=127190
2026-09-26T21:19:51.416316Z	debug	dynamo_static_rpc_split	static prefill RPC split	connection.id=484 request.id=188104 request_id=cdbfaf6f-95f3-404b-81d1-d6abf3762800 headers_us=26632 stream_us=5
2026-09-26T21:19:51.422307Z	debug	dynamo_static_rpc_split	static prefill RPC split	connection.id=898 request.id=188108 request_id=af410111-143f-4a52-92b4-16f49b3d5b00 headers_us=32617 stream_us=3
2026-09-26T21:19:51.442221Z	debug	dynamo_static_selector_rpc	static selector RPC	connection.id=484 request.id=188104 request_id=cdbfaf6f-95f3-404b-81d1-d6abf3762800 elapsed_us=25887
2026-09-26T21:19:51.442460Z	debug	dynamo_static_rpc_split	static prefill RPC split	connection.id=601 request.id=188320 request_id=477a413f-39f4-4ac5-b35d-a9f86aa5e700 headers_us=28293 stream_us=8
static_stage_us prepare=73581 prefill=26656 select=25901 decode=840 total=126978
2026-09-26T21:19:51.451152Z	debug	dynamo_static_selector_rpc	static selector RPC	connection.id=898 request.id=188108 request_id=af410111-143f-4a52-92b4-16f49b3d5b00 elapsed_us=28830
static_stage_us prepare=73391 prefill=32635 select=28845 decode=1125 total=135996
2026-09-26T21:19:51.465590Z	debug	dynamo_static_rpc_split	static prefill RPC split	connection.id=242 request.id=188453 request_id=ce66215d-4374-409b-93c0-e686a9a8f100 headers_us=29164 stream_us=14
2026-09-26T21:19:51.477030Z	debug	dynamo_static_selector_rpc	static selector RPC	connection.id=601 request.id=188320 request_id=477a413f-39f4-4ac5-b35d-a9f86aa5e700 elapsed_us=34556
static_stage_us prepare=63761 prefill=28315 select=34567 decode=1219 total=127862
2026-09-26T21:19:51.492315Z	debug	dynamo_static_rpc_split	static prefill RPC split	connection.id=448 request.id=188611 request_id=8f420559-d4bb-4d8f-ac6d-cc1a354f7e00 headers_us=28566 stream_us=6
2026-09-26T21:19:51.503493Z	debug	dynamo_static_selector_rpc	static selector RPC	connection.id=242 request.id=188453 request_id=ce66215d-4374-409b-93c0-e686a9a8f100 elapsed_us=37888
static_stage_us prepare=54871 prefill=29192 select=37902 decode=3478 total=125443
2026-09-26T21:19:51.518505Z	debug	dynamo_static_selector_rpc	static selector RPC	connection.id=448 request.id=188611 request_id=8f420559-d4bb-4d8f-ac6d-cc1a354f7e00 elapsed_us=26170
static_stage_us prepare=54089 prefill=28593 select=26183 decode=1103 total=109968
2026-09-26T21:19:51.673483Z	debug	dynamo_static_rpc_split	static prefill RPC split	connection.id=753 request.id=189666 request_id=15a505cd-b03e-4246-a4d9-8ee2cd526e00 headers_us=35025 stream_us=5
2026-09-26T21:19:51.690677Z	debug	dynamo_static_rpc_split	static prefill RPC split	connection.id=637 request.id=189795 request_id=1c6cd1ee-ced7-4e1c-9df2-dd128f47d200 headers_us=33499 stream_us=14
2026-09-26T21:19:51.707127Z	debug	dynamo_static_selector_rpc	static selector RPC	connection.id=753 request.id=189666 request_id=15a505cd-b03e-4246-a4d9-8ee2cd526e00 elapsed_us=33625
static_stage_us prepare=51612 prefill=35050 select=33644 decode=1037 total=121343
2026-09-26T21:19:51.719473Z	debug	dynamo_static_selector_rpc	static selector RPC	connection.id=637 request.id=189795 request_id=1c6cd1ee-ced7-4e1c-9df2-dd128f47d200 elapsed_us=28781
static_stage_us prepare=52475 prefill=33529 select=28795 decode=643 total=115442
2026-09-26T21:19:51.727909Z	debug	dynamo_static_rpc_split	static prefill RPC split	connection.id=169 request.id=189982 request_id=28efcdfb-9feb-4fb1-9353-e52e9f967d00 headers_us=37342 stream_us=4
2026-09-26T21:19:51.760383Z	debug	dynamo_static_selector_rpc	static selector RPC	connection.id=169 request.id=189982 request_id=28efcdfb-9feb-4fb1-9353-e52e9f967d00 elapsed_us=32410
static_stage_us prepare=57671 prefill=37411 select=32424 decode=2164 total=129670
2026-09-26T21:19:51.824464Z	debug	dynamo_static_rpc_split	static prefill RPC split	connection.id=804 request.id=190544 request_id=905f9e3e-3c86-4819-87b2-cf1667b64700 headers_us=34693 stream_us=10
2026-09-26T21:19:51.853082Z	debug	dynamo_static_selector_rpc	static selector RPC	connection.id=804 request.id=190544 request_id=905f9e3e-3c86-4819-87b2-cf1667b64700 elapsed_us=28597
static_stage_us prepare=59595 prefill=34724 select=28618 decode=1853 total=124790
2026-09-26T21:19:51.890105Z	debug	dynamo_static_rpc_split	static prefill RPC split	connection.id=455 request.id=190985 request_id=b8b343cd-1a7a-429d-a553-bd8b99b9d700 headers_us=37169 stream_us=4
2026-09-26T21:19:51.925395Z	debug	dynamo_static_selector_rpc	static selector RPC	connection.id=455 request.id=190985 request_id=b8b343cd-1a7a-429d-a553-bd8b99b9d700 elapsed_us=35269
static_stage_us prepare=55681 prefill=37195 select=35288 decode=2931 total=131095
2026-09-26T21:19:51.954402Z	debug	dynamo_static_rpc_split	static prefill RPC split	connection.id=762 request.id=191385 request_id=1d56aa8a-80a3-4482-904c-8525abe5a500 headers_us=28866 stream_us=16
2026-09-26T21:19:51.959701Z	debug	dynamo_static_rpc_split	static prefill RPC split	connection.id=927 request.id=191444 request_id=9d8d824b-2f62-4406-a90f-fc5bb9d25f00 headers_us=29438 stream_us=11
2026-09-26T21:19:51.961918Z	debug	dynamo_static_rpc_split	static prefill RPC split	connection.id=703 request.id=191454 request_id=efab4919-9c31-4dcc-8337-05802c057400 headers_us=31625 stream_us=4
2026-09-26T21:19:51.978245Z	debug	dynamo_static_selector_rpc	static selector RPC	connection.id=762 request.id=191385 request_id=1d56aa8a-80a3-4482-904c-8525abe5a500 elapsed_us=23812
static_stage_us prepare=52282 prefill=28915 select=23828 decode=807 total=105832
2026-09-26T21:19:51.997848Z	debug	dynamo_static_selector_rpc	static selector RPC	connection.id=927 request.id=191444 request_id=9d8d824b-2f62-4406-a90f-fc5bb9d25f00 elapsed_us=38128
2026-09-26T21:19:51.998161Z	debug	dynamo_static_selector_rpc	static selector RPC	connection.id=703 request.id=191454 request_id=efab4919-9c31-4dcc-8337-05802c057400 elapsed_us=36230
static_stage_us prepare=51032 prefill=29468 select=38141 decode=1436 total=120077
static_stage_us prepare=49820 prefill=31644 select=36242 decode=1522 total=119228
2026-09-26T21:19:52.035807Z	debug	dynamo_static_rpc_split	static prefill RPC split	connection.id=474 request.id=191913 request_id=0d7990af-256a-4fd2-bc3a-a86b4bd7dc00 headers_us=28368 stream_us=11
2026-09-26T21:19:52.040349Z	debug	dynamo_static_rpc_split	static prefill RPC split	connection.id=912 request.id=191874 request_id=7c3d68c9-041c-4adf-b01a-360c02083900 headers_us=29216 stream_us=11
2026-09-26T21:19:52.065348Z	debug	dynamo_static_selector_rpc	static selector RPC	connection.id=474 request.id=191913 request_id=0d7990af-256a-4fd2-bc3a-a86b4bd7dc00 elapsed_us=29500
static_stage_us prepare=55231 prefill=28422 select=29513 decode=1421 total=114587
2026-09-26T21:19:52.070135Z	debug	dynamo_static_selector_rpc	static selector RPC	connection.id=912 request.id=191874 request_id=7c3d68c9-041c-4adf-b01a-360c02083900 elapsed_us=29735
static_stage_us prepare=64333 prefill=29279 select=29746 decode=1595 total=124953
2026-09-26T21:19:52.159357Z	debug	dynamo_static_rpc_split	static prefill RPC split	connection.id=947 request.id=192576 request_id=2e84832c-d313-4a8a-ab48-b6e70f53d300 headers_us=36672 stream_us=2
2026-09-26T21:19:52.193526Z	debug	dynamo_static_selector_rpc	static selector RPC	connection.id=947 request.id=192576 request_id=2e84832c-d313-4a8a-ab48-b6e70f53d300 elapsed_us=34148
static_stage_us prepare=54769 prefill=36696 select=34166 decode=1106 total=126737
2026-09-26T21:19:52.205478Z	debug	dynamo_static_rpc_split	static prefill RPC split	connection.id=727 request.id=192876 request_id=cef2e5a3-58f6-4d6a-902f-598649ebc300 headers_us=30495 stream_us=9
2026-09-26T21:19:52.228817Z	debug	dynamo_static_selector_rpc	static selector RPC	connection.id=727 request.id=192876 request_id=cef2e5a3-58f6-4d6a-902f-598649ebc300 elapsed_us=23326
static_stage_us prepare=61110 prefill=30519 select=23344 decode=1769 total=116742
2026-09-26T21:19:52.248046Z	debug	dynamo_static_rpc_split	static prefill RPC split	connection.id=619 request.id=193086 request_id=1e887481-ad35-48a0-b579-37e9e81dc600 headers_us=32073 stream_us=6
2026-09-26T21:19:52.268912Z	debug	dynamo_static_selector_rpc	static selector RPC	connection.id=619 request.id=193086 request_id=1e887481-ad35-48a0-b579-37e9e81dc600 elapsed_us=20850
static_stage_us prepare=68999 prefill=32096 select=20867 decode=1186 total=123148
2026-09-26T21:19:52.301714Z	debug	dynamo_static_rpc_split	static prefill RPC split	connection.id=816 request.id=193550 request_id=f6909926-f860-4763-8b46-32b527058800 headers_us=25986 stream_us=6
2026-09-26T21:19:52.339069Z	debug	dynamo_static_selector_rpc	static selector RPC	connection.id=816 request.id=193550 request_id=f6909926-f860-4763-8b46-32b527058800 elapsed_us=37337
static_stage_us prepare=45837 prefill=26010 select=37354 decode=2083 total=111284
2026-09-26T21:19:52.353608Z	debug	dynamo_static_rpc_split	static prefill RPC split	connection.id=528 request.id=193882 request_id=b4c3819d-af11-4ca9-b06a-38252758c800 headers_us=30907 stream_us=12
2026-09-26T21:19:52.355261Z	debug	dynamo_static_rpc_split	static prefill RPC split	connection.id=715 request.id=193832 request_id=0dc334fc-ecf2-45e6-86c6-fd7d337b1c00 headers_us=28233 stream_us=8
2026-09-26T21:19:52.355841Z	debug	dynamo_static_rpc_split	static prefill RPC split	connection.id=628 request.id=193869 request_id=f1eb9a7c-5d7c-4af7-99b0-41d3adba7400 headers_us=32384 stream_us=10
2026-09-26T21:19:52.381923Z	debug	dynamo_static_selector_rpc	static selector RPC	connection.id=715 request.id=193832 request_id=0dc334fc-ecf2-45e6-86c6-fd7d337b1c00 elapsed_us=26636
2026-09-26T21:19:52.381971Z	debug	dynamo_static_selector_rpc	static selector RPC	connection.id=528 request.id=193882 request_id=b4c3819d-af11-4ca9-b06a-38252758c800 elapsed_us=28324
static_stage_us prepare=55118 prefill=28268 select=26662 decode=1384 total=111432
static_stage_us prepare=45342 prefill=30958 select=28336 decode=1421 total=106057
2026-09-26T21:19:52.392113Z	debug	dynamo_static_selector_rpc	static selector RPC	connection.id=628 request.id=193869 request_id=f1eb9a7c-5d7c-4af7-99b0-41d3adba7400 elapsed_us=36228
static_stage_us prepare=47702 prefill=32439 select=36241 decode=2178 total=118560
2026-09-26T21:19:52.470810Z	debug	dynamo_static_rpc_split	static prefill RPC split	connection.id=921 request.id=194535 request_id=7db9a4d5-2375-412a-90f6-b78f3b6b1f00 headers_us=30532 stream_us=6
2026-09-26T21:19:52.480646Z	debug	dynamo_static_rpc_split	static prefill RPC split	connection.id=661 request.id=194663 request_id=818a9634-adae-4b89-9a37-1dae4c6a2100 headers_us=34225 stream_us=4
2026-09-26T21:19:52.507369Z	debug	dynamo_static_selector_rpc	static selector RPC	connection.id=921 request.id=194535 request_id=7db9a4d5-2375-412a-90f6-b78f3b6b1f00 elapsed_us=36539
static_stage_us prepare=52419 prefill=30559 select=36555 decode=1406 total=120939
2026-09-26T21:19:52.514718Z	debug	dynamo_static_selector_rpc	static selector RPC	connection.id=661 request.id=194663 request_id=818a9634-adae-4b89-9a37-1dae4c6a2100 elapsed_us=34055
static_stage_us prepare=44817 prefill=34247 select=34086 decode=2058 total=115208
2026-09-26T21:19:52.539324Z	debug	dynamo_static_rpc_split	static prefill RPC split	connection.id=956 request.id=194889 request_id=18cc4c33-a5e3-48ef-b6f1-d4a7537ab500 headers_us=23620 stream_us=12
2026-09-26T21:19:52.569864Z	debug	dynamo_static_selector_rpc	static selector RPC	connection.id=956 request.id=194889 request_id=18cc4c33-a5e3-48ef-b6f1-d4a7537ab500 elapsed_us=30526
static_stage_us prepare=61220 prefill=23647 select=30539 decode=796 total=116202
2026-09-26T21:19:52.630692Z	debug	dynamo_static_rpc_split	static prefill RPC split	connection.id=545 request.id=195458 request_id=d268213c-e4bc-4e70-b54d-cff62dba1000 headers_us=32116 stream_us=7
2026-09-26T21:19:52.666510Z	debug	dynamo_static_selector_rpc	static selector RPC	connection.id=545 request.id=195458 request_id=d268213c-e4bc-4e70-b54d-cff62dba1000 elapsed_us=35797
static_stage_us prepare=54736 prefill=32144 select=35817 decode=1084 total=123781
2026-09-26T21:19:52.794325Z	debug	dynamo_static_rpc_split	static prefill RPC split	connection.id=887 request.id=196375 request_id=11cdfb7a-21e2-4c88-804b-b7e69f18ce00 headers_us=39342 stream_us=3
2026-09-26T21:19:52.794676Z	debug	dynamo_static_rpc_split	static prefill RPC split	connection.id=851 request.id=196406 request_id=d62339b9-36bf-4e86-a082-cd46271da900 headers_us=25937 stream_us=6
2026-09-26T21:19:52.813971Z	debug	dynamo_static_selector_rpc	static selector RPC	connection.id=887 request.id=196375 request_id=11cdfb7a-21e2-4c88-804b-b7e69f18ce00 elapsed_us=19625
static_stage_us prepare=53982 prefill=39367 select=19639 decode=1066 total=114054
2026-09-26T21:19:52.829952Z	debug	dynamo_static_selector_rpc	static selector RPC	connection.id=851 request.id=196406 request_id=d62339b9-36bf-4e86-a082-cd46271da900 elapsed_us=35257
static_stage_us prepare=64358 prefill=25964 select=35275 decode=1885 total=127482
2026-09-26T21:19:52.909082Z	debug	dynamo_static_rpc_split	static prefill RPC split	connection.id=843 request.id=197143 request_id=61372972-c8e6-46a5-802c-671fc75ad400 headers_us=28547 stream_us=2
2026-09-26T21:19:52.912585Z	debug	dynamo_static_rpc_split	static prefill RPC split	connection.id=167 request.id=197147 request_id=90ade88f-c2f5-4d1e-8e5a-2f238a80b300 headers_us=32020 stream_us=6
2026-09-26T21:19:52.930838Z	debug	dynamo_static_rpc_split	static prefill RPC split	connection.id=943 request.id=197306 request_id=1ed1e5f9-f8b5-4ba8-b391-0df0310ae500 headers_us=26782 stream_us=11
2026-09-26T21:19:52.933251Z	debug	dynamo_static_selector_rpc	static selector RPC	connection.id=843 request.id=197143 request_id=61372972-c8e6-46a5-802c-671fc75ad400 elapsed_us=24147
static_stage_us prepare=58505 prefill=28571 select=24164 decode=818 total=112058
2026-09-26T21:19:52.940971Z	debug	dynamo_static_selector_rpc	static selector RPC	connection.id=167 request.id=197147 request_id=90ade88f-c2f5-4d1e-8e5a-2f238a80b300 elapsed_us=28341
static_stage_us prepare=58238 prefill=32072 select=28355 decode=1199 total=119864
2026-09-26T21:19:52.955664Z	debug	dynamo_static_rpc_split	static prefill RPC split	connection.id=244 request.id=197453 request_id=c3a33a16-db51-4a65-a0a8-21fd4c8b0700 headers_us=28145 stream_us=27
2026-09-26T21:19:52.955756Z	debug	dynamo_static_selector_rpc	static selector RPC	connection.id=943 request.id=197306 request_id=1ed1e5f9-f8b5-4ba8-b391-0df0310ae500 elapsed_us=24900
static_stage_us prepare=48493 prefill=26813 select=24909 decode=1541 total=101756
2026-09-26T21:19:52.973400Z	debug	dynamo_static_rpc_split	static prefill RPC split	connection.id=275 request.id=197492 request_id=3cca8b37-feb9-4727-98c2-a6574c203f00 headers_us=32109 stream_us=11
2026-09-26T21:19:52.984254Z	debug	dynamo_static_selector_rpc	static selector RPC	connection.id=244 request.id=197453 request_id=c3a33a16-db51-4a65-a0a8-21fd4c8b0700 elapsed_us=28575
static_stage_us prepare=44153 prefill=28188 select=28588 decode=1042 total=101971
2026-09-26T21:19:53.006064Z	debug	dynamo_static_selector_rpc	static selector RPC	connection.id=275 request.id=197492 request_id=3cca8b37-feb9-4727-98c2-a6574c203f00 elapsed_us=32644
static_stage_us prepare=54499 prefill=32141 select=32657 decode=1659 total=120956
2026-09-26T21:19:53.046263Z	debug	dynamo_static_rpc_split	static prefill RPC split	connection.id=268 request.id=198065 request_id=2bef5000-6d86-4be8-98e8-fe289facd900 headers_us=25797 stream_us=21
2026-09-26T21:19:53.059426Z	debug	dynamo_static_rpc_split	static prefill RPC split	connection.id=944 request.id=197954 request_id=c8efc6a7-2f6f-45ae-acc9-282e2318a200 headers_us=36193 stream_us=9
2026-09-26T21:19:53.075895Z	debug	dynamo_static_rpc_split	static prefill RPC split	connection.id=134 request.id=198113 request_id=e35213e7-1dbd-4b34-a822-67da6b18ce00 headers_us=29982 stream_us=53
2026-09-26T21:19:53.078049Z	debug	dynamo_static_selector_rpc	static selector RPC	connection.id=268 request.id=198065 request_id=2bef5000-6d86-4be8-98e8-fe289facd900 elapsed_us=31766
static_stage_us prepare=54633 prefill=25840 select=31782 decode=735 total=112990
2026-09-26T21:19:53.087176Z	debug	dynamo_static_selector_rpc	static selector RPC	connection.id=944 request.id=197954 request_id=c8efc6a7-2f6f-45ae-acc9-282e2318a200 elapsed_us=27733
static_stage_us prepare=76029 prefill=36221 select=27776 decode=798 total=140824
2026-09-26T21:19:53.102008Z	debug	dynamo_static_rpc_split	static prefill RPC split	connection.id=185 request.id=198394 request_id=60032617-1971-4545-a12a-2c2f2bce8800 headers_us=32009 stream_us=3
2026-09-26T21:19:53.102150Z	debug	dynamo_static_selector_rpc	static selector RPC	connection.id=134 request.id=198113 request_id=e35213e7-1dbd-4b34-a822-67da6b18ce00 elapsed_us=26242
static_stage_us prepare=68755 prefill=30050 select=26255 decode=2305 total=127365
2026-09-26T21:19:53.135034Z	debug	dynamo_static_selector_rpc	static selector RPC	connection.id=185 request.id=198394 request_id=60032617-1971-4545-a12a-2c2f2bce8800 elapsed_us=33011
static_stage_us prepare=48951 prefill=32026 select=33028 decode=812 total=114817
2026-09-26T21:19:53.177886Z	debug	dynamo_static_rpc_split	static prefill RPC split	connection.id=158 request.id=198853 request_id=9a789d2a-d8f2-4e50-8cb6-555f1f2a5400 headers_us=29702 stream_us=11
2026-09-26T21:19:53.212076Z	debug	dynamo_static_selector_rpc	static selector RPC	connection.id=158 request.id=198853 request_id=9a789d2a-d8f2-4e50-8cb6-555f1f2a5400 elapsed_us=34172
static_stage_us prepare=51770 prefill=29731 select=34187 decode=1748 total=117436
2026-09-26T21:19:53.239871Z	debug	dynamo_static_rpc_split	static prefill RPC split	connection.id=647 request.id=199228 request_id=03f8b355-c84f-4251-a634-2bd8e3c87800 headers_us=31754 stream_us=57
2026-09-26T21:19:53.268541Z	debug	dynamo_static_selector_rpc	static selector RPC	connection.id=647 request.id=199228 request_id=03f8b355-c84f-4251-a634-2bd8e3c87800 elapsed_us=28649
static_stage_us prepare=50723 prefill=31832 select=28665 decode=1844 total=113064
2026-09-26T21:19:53.290168Z	debug	dynamo_static_rpc_split	static prefill RPC split	connection.id=914 request.id=199513 request_id=15fb9f38-284e-4a0e-b3f6-9aa99dc8f200 headers_us=27010 stream_us=4
2026-09-26T21:19:53.315173Z	debug	dynamo_static_selector_rpc	static selector RPC	connection.id=914 request.id=199513 request_id=15fb9f38-284e-4a0e-b3f6-9aa99dc8f200 elapsed_us=24959
2026-09-26T21:19:53.317373Z	debug	dynamo_static_rpc_split	static prefill RPC split	connection.id=500 request.id=199716 request_id=e6df4a05-d153-4c7f-999b-1e911a76fb00 headers_us=25872 stream_us=7
static_stage_us prepare=62694 prefill=27062 select=25016 decode=2266 total=117038
2026-09-26T21:19:53.343341Z	debug	dynamo_static_selector_rpc	static selector RPC	connection.id=500 request.id=199716 request_id=e6df4a05-d153-4c7f-999b-1e911a76fb00 elapsed_us=25951
static_stage_us prepare=51446 prefill=25897 select=25967 decode=1393 total=104703
2026-09-26T21:19:53.368891Z	debug	dynamo_static_rpc_split	static prefill RPC split	connection.id=209 request.id=199979 request_id=1aee345c-dc51-48bd-aa93-d9b511515800 headers_us=35830 stream_us=25
2026-09-26T21:19:53.392409Z	debug	dynamo_static_selector_rpc	static selector RPC	connection.id=209 request.id=199979 request_id=1aee345c-dc51-48bd-aa93-d9b511515800 elapsed_us=23496
static_stage_us prepare=51280 prefill=35878 select=23511 decode=1037 total=111706
2026-09-26T21:19:53.397168Z	debug	dynamo_static_rpc_split	static prefill RPC split	connection.id=315 request.id=200222 request_id=e310705f-bd9a-4785-a503-81e1144c7b00 headers_us=29136 stream_us=8
2026-09-26T21:19:53.418755Z	debug	dynamo_static_rpc_split	static prefill RPC split	connection.id=196 request.id=200392 request_id=1b865dba-e312-440e-95d7-f241dfcb5100 headers_us=27475 stream_us=3
2026-09-26T21:19:53.422276Z	debug	dynamo_static_selector_rpc	static selector RPC	connection.id=315 request.id=200222 request_id=e310705f-bd9a-4785-a503-81e1144c7b00 elapsed_us=25089
static_stage_us prepare=44720 prefill=29164 select=25105 decode=1220 total=100209
2026-09-26T21:19:53.432218Z	debug	dynamo_static_rpc_split	static prefill RPC split	connection.id=132 request.id=200437 request_id=b193c4a6-4131-4fc1-8f5c-fd1d11445700 headers_us=28591 stream_us=21
2026-09-26T21:19:53.445926Z	debug	dynamo_static_selector_rpc	static selector RPC	connection.id=196 request.id=200392 request_id=1b865dba-e312-440e-95d7-f241dfcb5100 elapsed_us=27153
static_stage_us prepare=47690 prefill=27495 select=27178 decode=8937 total=111300
2026-09-26T21:19:53.461810Z	debug	dynamo_static_selector_rpc	static selector RPC	connection.id=132 request.id=200437 request_id=b193c4a6-4131-4fc1-8f5c-fd1d11445700 elapsed_us=29570
static_stage_us prepare=52624 prefill=28636 select=29582 decode=1154 total=111996
2026-09-26T21:19:53.522626Z	debug	dynamo_static_rpc_split	static prefill RPC split	connection.id=384 request.id=201023 request_id=1c2b1487-9b04-4ff2-81b3-1752458f6600 headers_us=30460 stream_us=9
2026-09-26T21:19:53.554320Z	debug	dynamo_static_selector_rpc	static selector RPC	connection.id=384 request.id=201023 request_id=1c2b1487-9b04-4ff2-81b3-1752458f6600 elapsed_us=31675
static_stage_us prepare=52354 prefill=30488 select=31697 decode=2268 total=116807
2026-09-26T21:19:53.594951Z	debug	dynamo_static_rpc_split	static prefill RPC split	connection.id=307 request.id=201490 request_id=93aa8e4b-02cc-443e-bc23-af37513e7e00 headers_us=31323 stream_us=19
2026-09-26T21:19:53.623574Z	debug	dynamo_static_selector_rpc	static selector RPC	connection.id=307 request.id=201490 request_id=93aa8e4b-02cc-443e-bc23-af37513e7e00 elapsed_us=28604
static_stage_us prepare=52070 prefill=31362 select=28629 decode=1221 total=113282
2026-09-26T21:19:53.682386Z	debug	dynamo_static_rpc_split	static prefill RPC split	connection.id=491 request.id=202076 request_id=da311955-688c-4949-b587-efdead91f800 headers_us=25026 stream_us=11
2026-09-26T21:19:53.716762Z	debug	dynamo_static_selector_rpc	static selector RPC	connection.id=491 request.id=202076 request_id=da311955-688c-4949-b587-efdead91f800 elapsed_us=34340
static_stage_us prepare=44209 prefill=25074 select=34389 decode=1840 total=105512
2026-09-26T21:19:53.734383Z	debug	dynamo_static_rpc_split	static prefill RPC split	connection.id=212 request.id=202365 request_id=d5953d99-a232-4331-abac-4724ae38f700 headers_us=33488 stream_us=5
2026-09-26T21:19:53.764993Z	debug	dynamo_static_selector_rpc	static selector RPC	connection.id=212 request.id=202365 request_id=d5953d99-a232-4331-abac-4724ae38f700 elapsed_us=30592
static_stage_us prepare=49618 prefill=33510 select=30609 decode=1061 total=114798
2026-09-26T21:19:53.798499Z	debug	dynamo_static_rpc_split	static prefill RPC split	connection.id=833 request.id=202772 request_id=863c4b56-bca0-4d94-bc04-ee637468f300 headers_us=30538 stream_us=7
2026-09-26T21:19:53.826006Z	debug	dynamo_static_selector_rpc	static selector RPC	connection.id=833 request.id=202772 request_id=863c4b56-bca0-4d94-bc04-ee637468f300 elapsed_us=27490
static_stage_us prepare=44160 prefill=30562 select=27511 decode=1024 total=103257
2026-09-26T21:19:53.845494Z	debug	dynamo_static_rpc_split	static prefill RPC split	connection.id=153 request.id=203130 request_id=f9699835-b39a-4468-853f-7d37168e1800 headers_us=26195 stream_us=7
2026-09-26T21:19:53.877081Z	debug	dynamo_static_selector_rpc	static selector RPC	connection.id=153 request.id=203130 request_id=f9699835-b39a-4468-853f-7d37168e1800 elapsed_us=31568
static_stage_us prepare=51118 prefill=26223 select=31637 decode=1983 total=110961
2026-09-26T21:19:53.885865Z	debug	dynamo_static_rpc_split	static prefill RPC split	connection.id=553 request.id=203372 request_id=23ef23d0-abf6-40e7-8b6b-286139865800 headers_us=24886 stream_us=10
2026-09-26T21:19:53.888743Z	debug	dynamo_static_rpc_split	static prefill RPC split	connection.id=354 request.id=203369 request_id=b118d353-b92b-46d2-b02f-2db47cac7000 headers_us=27705 stream_us=42
2026-09-26T21:19:53.917329Z	debug	dynamo_static_selector_rpc	static selector RPC	connection.id=354 request.id=203369 request_id=b118d353-b92b-46d2-b02f-2db47cac7000 elapsed_us=28563
2026-09-26T21:19:53.917415Z	debug	dynamo_static_selector_rpc	static selector RPC	connection.id=553 request.id=203372 request_id=23ef23d0-abf6-40e7-8b6b-286139865800 elapsed_us=31524
static_stage_us prepare=53847 prefill=27770 select=28601 decode=2796 total=113014
static_stage_us prepare=53372 prefill=24922 select=31536 decode=3180 total=113010
2026-09-26T21:19:54.039532Z	debug	dynamo_static_rpc_split	static prefill RPC split	connection.id=671 request.id=204443 request_id=57fa812c-4db1-4c42-97d0-804d78702b00 headers_us=32446 stream_us=2
2026-09-26T21:19:54.051252Z	debug	dynamo_static_rpc_split	static prefill RPC split	connection.id=433 request.id=204510 request_id=39f2ce32-db67-4cae-a819-ec00f79e8b00 headers_us=23496 stream_us=4
2026-09-26T21:19:54.068999Z	debug	dynamo_static_selector_rpc	static selector RPC	connection.id=671 request.id=204443 request_id=57fa812c-4db1-4c42-97d0-804d78702b00 elapsed_us=29448
static_stage_us prepare=37608 prefill=32468 select=29469 decode=3519 total=103064
2026-09-26T21:19:54.074619Z	debug	dynamo_static_selector_rpc	static selector RPC	connection.id=433 request.id=204510 request_id=39f2ce32-db67-4cae-a819-ec00f79e8b00 elapsed_us=23339
static_stage_us prepare=38181 prefill=23529 select=23397 decode=4728 total=89835
2026-09-26T21:19:54.087634Z	debug	dynamo_static_rpc_split	static prefill RPC split	connection.id=597 request.id=204547 request_id=871fa73e-a41e-4900-8a70-d83979554600 headers_us=21021 stream_us=10
2026-09-26T21:19:54.104107Z	debug	dynamo_static_rpc_split	static prefill RPC split	connection.id=881 request.id=204596 request_id=cfa3e0c4-27d5-4201-9823-1b794a321e00 headers_us=38148 stream_us=4
2026-09-26T21:19:54.113343Z	debug	dynamo_static_selector_rpc	static selector RPC	connection.id=597 request.id=204547 request_id=871fa73e-a41e-4900-8a70-d83979554600 elapsed_us=25596
static_stage_us prepare=74744 prefill=21145 select=25616 decode=1096 total=122601
2026-09-26T21:19:54.119968Z	debug	dynamo_static_rpc_split	static prefill RPC split	connection.id=838 request.id=204752 request_id=7ccc66dc-d874-4f76-9981-6048c267c700 headers_us=32176 stream_us=9
2026-09-26T21:19:54.121352Z	debug	dynamo_static_rpc_split	static prefill RPC split	connection.id=650 request.id=204705 request_id=4d9eee32-033f-44d8-a62e-66b96cd21600 headers_us=36554 stream_us=6
2026-09-26T21:19:54.136760Z	debug	dynamo_static_selector_rpc	static selector RPC	connection.id=881 request.id=204596 request_id=cfa3e0c4-27d5-4201-9823-1b794a321e00 elapsed_us=32639
static_stage_us prepare=61983 prefill=38168 select=32655 decode=2220 total=135026
2026-09-26T21:19:54.144349Z	debug	dynamo_static_selector_rpc	static selector RPC	connection.id=838 request.id=204752 request_id=7ccc66dc-d874-4f76-9981-6048c267c700 elapsed_us=24363
static_stage_us prepare=37474 prefill=32204 select=24376 decode=2196 total=96250
2026-09-26T21:19:54.153282Z	debug	dynamo_static_selector_rpc	static selector RPC	connection.id=650 request.id=204705 request_id=4d9eee32-033f-44d8-a62e-66b96cd21600 elapsed_us=31918
static_stage_us prepare=42554 prefill=36573 select=31933 decode=777 total=111837
2026-09-26T21:19:54.221545Z	debug	dynamo_static_rpc_split	static prefill RPC split	connection.id=746 request.id=205425 request_id=08c19f48-5cba-4ca6-a9a8-3d49bd4bfb00 headers_us=29644 stream_us=3
2026-09-26T21:19:54.247844Z	debug	dynamo_static_selector_rpc	static selector RPC	connection.id=746 request.id=205425 request_id=08c19f48-5cba-4ca6-a9a8-3d49bd4bfb00 elapsed_us=26280
static_stage_us prepare=45272 prefill=29666 select=26298 decode=2780 total=104016
2026-09-26T21:19:54.308516Z	debug	dynamo_static_rpc_split	static prefill RPC split	connection.id=214 request.id=205924 request_id=29c66a0d-8a82-40b4-bf93-f33156e05500 headers_us=30335 stream_us=4
2026-09-26T21:19:54.344256Z	debug	dynamo_static_selector_rpc	static selector RPC	connection.id=214 request.id=205924 request_id=29c66a0d-8a82-40b4-bf93-f33156e05500 elapsed_us=35717
static_stage_us prepare=41671 prefill=30363 select=35732 decode=1218 total=108984
2026-09-26T21:19:54.355556Z	debug	dynamo_static_rpc_split	static prefill RPC split	connection.id=408 request.id=206212 request_id=35b6e5fd-3c5f-44f9-8546-f30df71eeb00 headers_us=36050 stream_us=4
2026-09-26T21:19:54.381387Z	debug	dynamo_static_selector_rpc	static selector RPC	connection.id=408 request.id=206212 request_id=35b6e5fd-3c5f-44f9-8546-f30df71eeb00 elapsed_us=25809
static_stage_us prepare=51116 prefill=36077 select=25825 decode=1309 total=114327
2026-09-26T21:19:54.452679Z	debug	dynamo_static_rpc_split	static prefill RPC split	connection.id=486 request.id=206921 request_id=f043a675-e074-4d3b-b421-1c5e1c72c200 headers_us=30547 stream_us=4
2026-09-26T21:19:54.476338Z	debug	dynamo_static_selector_rpc	static selector RPC	connection.id=486 request.id=206921 request_id=f043a675-e074-4d3b-b421-1c5e1c72c200 elapsed_us=23637
static_stage_us prepare=44096 prefill=30574 select=23668 decode=5021 total=103359
2026-09-26T21:19:54.522644Z	debug	dynamo_static_rpc_split	static prefill RPC split	connection.id=701 request.id=207351 request_id=f93b2f4c-b994-4941-9798-1cf8c3659f00 headers_us=22678 stream_us=10
2026-09-26T21:19:54.534694Z	debug	dynamo_static_rpc_split	static prefill RPC split	connection.id=131 request.id=207409 request_id=4688ba23-d313-4ddb-9623-c3fa6d758300 headers_us=24698 stream_us=6
2026-09-26T21:19:54.548058Z	debug	dynamo_static_selector_rpc	static selector RPC	connection.id=701 request.id=207351 request_id=f93b2f4c-b994-4941-9798-1cf8c3659f00 elapsed_us=25395
static_stage_us prepare=51595 prefill=22707 select=25412 decode=1747 total=101461
2026-09-26T21:19:54.561460Z	debug	dynamo_static_selector_rpc	static selector RPC	connection.id=131 request.id=207409 request_id=4688ba23-d313-4ddb-9623-c3fa6d758300 elapsed_us=26748
static_stage_us prepare=51619 prefill=24723 select=26766 decode=782 total=103890
2026-09-26T21:19:54.581338Z	debug	dynamo_static_rpc_split	static prefill RPC split	connection.id=529 request.id=207700 request_id=cde5bc65-84ce-407a-a170-7fd96383e700 headers_us=25806 stream_us=4
2026-09-26T21:19:54.587250Z	debug	dynamo_static_rpc_split	static prefill RPC split	connection.id=458 request.id=207757 request_id=e12ffa62-b511-4abf-90d1-99e8cbdf2a00 headers_us=26451 stream_us=57
2026-09-26T21:19:54.612890Z	debug	dynamo_static_rpc_split	static prefill RPC split	connection.id=218 request.id=207930 request_id=d19aefaa-9d7d-4cde-ae51-7818cf9bc600 headers_us=27935 stream_us=11
2026-09-26T21:19:54.613228Z	debug	dynamo_static_selector_rpc	static selector RPC	connection.id=529 request.id=207700 request_id=cde5bc65-84ce-407a-a170-7fd96383e700 elapsed_us=31872
2026-09-26T21:19:54.613670Z	debug	dynamo_static_selector_rpc	static selector RPC	connection.id=458 request.id=207757 request_id=e12ffa62-b511-4abf-90d1-99e8cbdf2a00 elapsed_us=26396
static_stage_us prepare=44316 prefill=26534 select=26408 decode=1713 total=98971
2026-09-26T21:19:54.615361Z	debug	dynamo_static_rpc_split	static prefill RPC split	connection.id=201 request.id=207957 request_id=d8723413-b0a0-4c36-b20e-dac387576c00 headers_us=29038 stream_us=9
static_stage_us prepare=47633 prefill=25830 select=31927 decode=2718 total=108108
2026-09-26T21:19:54.622797Z	debug	dynamo_static_rpc_split	static prefill RPC split	connection.id=392 request.id=208004 request_id=3709f4d8-7728-4613-8ba7-75ef9273d300 headers_us=28041 stream_us=3
2026-09-26T21:19:54.622890Z	debug	dynamo_static_rpc_split	static prefill RPC split	connection.id=391 request.id=207979 request_id=ccde500a-489c-4934-ba5b-ac06fa01ad00 headers_us=28154 stream_us=13
2026-09-26T21:19:54.637683Z	debug	dynamo_static_rpc_split	static prefill RPC split	connection.id=363 request.id=208095 request_id=ff140240-ecfa-415e-ad60-9951df1b7500 headers_us=26788 stream_us=7
2026-09-26T21:19:54.638018Z	debug	dynamo_static_rpc_split	static prefill RPC split	connection.id=579 request.id=208079 request_id=ce257207-040a-4ed0-85cb-a32f0dbc7200 headers_us=27195 stream_us=8
2026-09-26T21:19:54.640803Z	debug	dynamo_static_selector_rpc	static selector RPC	connection.id=201 request.id=207957 request_id=d8723413-b0a0-4c36-b20e-dac387576c00 elapsed_us=25296
static_stage_us prepare=42810 prefill=29194 select=25309 decode=1011 total=98324
2026-09-26T21:19:54.647102Z	debug	dynamo_static_selector_rpc	static selector RPC	connection.id=218 request.id=207930 request_id=d19aefaa-9d7d-4cde-ae51-7818cf9bc600 elapsed_us=34191
static_stage_us prepare=44354 prefill=27968 select=34208 decode=1263 total=107793
2026-09-26T21:19:54.648760Z	debug	dynamo_static_selector_rpc	static selector RPC	connection.id=392 request.id=208004 request_id=3709f4d8-7728-4613-8ba7-75ef9273d300 elapsed_us=25928
2026-09-26T21:19:54.648870Z	debug	dynamo_static_selector_rpc	static selector RPC	connection.id=391 request.id=207979 request_id=ccde500a-489c-4934-ba5b-ac06fa01ad00 elapsed_us=25944
static_stage_us prepare=46104 prefill=28204 select=25955 decode=1269 total=101532
static_stage_us prepare=44410 prefill=28080 select=25956 decode=2062 total=100508
2026-09-26T21:19:54.663584Z	debug	dynamo_static_selector_rpc	static selector RPC	connection.id=579 request.id=208079 request_id=ce257207-040a-4ed0-85cb-a32f0dbc7200 elapsed_us=25552
static_stage_us prepare=47110 prefill=27219 select=25568 decode=1047 total=100944
2026-09-26T21:19:54.666378Z	debug	dynamo_static_selector_rpc	static selector RPC	connection.id=363 request.id=208095 request_id=ff140240-ecfa-415e-ad60-9951df1b7500 elapsed_us=28683
static_stage_us prepare=43578 prefill=26808 select=28752 decode=1247 total=100385
2026-09-26T21:19:54.696359Z	debug	dynamo_static_rpc_split	static prefill RPC split	connection.id=522 request.id=208356 request_id=16b699eb-fc19-4451-9a33-0eeb01445000 headers_us=38280 stream_us=24
2026-09-26T21:19:54.726722Z	debug	dynamo_static_selector_rpc	static selector RPC	connection.id=522 request.id=208356 request_id=16b699eb-fc19-4451-9a33-0eeb01445000 elapsed_us=30296
static_stage_us prepare=54972 prefill=38372 select=30312 decode=2405 total=126061
2026-09-26T21:19:54.742787Z	debug	dynamo_static_rpc_split	static prefill RPC split	connection.id=218 request.id=208803 request_id=08216b1d-0a86-41fb-842a-995a3218f900 headers_us=26758 stream_us=28
2026-09-26T21:19:54.743984Z	debug	dynamo_static_rpc_split	static prefill RPC split	connection.id=668 request.id=208766 request_id=3ef5e328-e506-49bd-826b-1720c55b0e00 headers_us=27355 stream_us=13
2026-09-26T21:19:54.767021Z	debug	dynamo_static_selector_rpc	static selector RPC	connection.id=218 request.id=208803 request_id=08216b1d-0a86-41fb-842a-995a3218f900 elapsed_us=24122
2026-09-26T21:19:54.768979Z	debug	dynamo_static_selector_rpc	static selector RPC	connection.id=668 request.id=208766 request_id=3ef5e328-e506-49bd-826b-1720c55b0e00 elapsed_us=24981
static_stage_us prepare=42083 prefill=26898 select=24144 decode=2250 total=95375
static_stage_us prepare=54315 prefill=27383 select=25080 decode=4991 total=111769
2026-09-26T21:19:54.813360Z	debug	dynamo_static_rpc_split	static prefill RPC split	connection.id=852 request.id=209137 request_id=87d3a82e-f6ba-46a4-a943-2d13a6142c00 headers_us=23332 stream_us=3
2026-09-26T21:19:54.822847Z	debug	dynamo_static_rpc_split	static prefill RPC split	connection.id=529 request.id=209229 request_id=16654a9c-1d4d-413f-8604-8e38fe786c00 headers_us=23945 stream_us=31
2026-09-26T21:19:54.842287Z	debug	dynamo_static_selector_rpc	static selector RPC	connection.id=852 request.id=209137 request_id=87d3a82e-f6ba-46a4-a943-2d13a6142c00 elapsed_us=28911
static_stage_us prepare=42214 prefill=23353 select=28930 decode=1495 total=95992
2026-09-26T21:19:54.850634Z	debug	dynamo_static_rpc_split	static prefill RPC split	connection.id=930 request.id=209336 request_id=cc546e1e-a383-4598-becf-2bff4499c100 headers_us=36764 stream_us=9
2026-09-26T21:19:54.853374Z	debug	dynamo_static_rpc_split	static prefill RPC split	connection.id=676 request.id=209429 request_id=c2d2bd70-b1c6-440c-9d3b-3a2f6b2acc00 headers_us=29093 stream_us=12
2026-09-26T21:19:54.858048Z	debug	dynamo_static_selector_rpc	static selector RPC	connection.id=529 request.id=209229 request_id=16654a9c-1d4d-413f-8604-8e38fe786c00 elapsed_us=35146
static_stage_us prepare=41142 prefill=24032 select=35156 decode=1374 total=101704
2026-09-26T21:19:54.878294Z	debug	dynamo_static_selector_rpc	static selector RPC	connection.id=930 request.id=209336 request_id=cc546e1e-a383-4598-becf-2bff4499c100 elapsed_us=27632
static_stage_us prepare=44339 prefill=36802 select=27647 decode=1190 total=109978
2026-09-26T21:19:54.885473Z	debug	dynamo_static_selector_rpc	static selector RPC	connection.id=676 request.id=209429 request_id=c2d2bd70-b1c6-440c-9d3b-3a2f6b2acc00 elapsed_us=32080
static_stage_us prepare=41642 prefill=29124 select=32096 decode=1485 total=104347
2026-09-26T21:19:54.943727Z	debug	dynamo_static_rpc_split	static prefill RPC split	connection.id=217 request.id=209955 request_id=9538ac69-99ac-40cc-b64d-382ff1221d00 headers_us=28536 stream_us=7
2026-09-26T21:19:54.968197Z	debug	dynamo_static_rpc_split	static prefill RPC split	connection.id=450 request.id=210218 request_id=d7f8d34f-8d52-405e-be5b-c169b44c2200 headers_us=24739 stream_us=4
2026-09-26T21:19:54.975426Z	debug	dynamo_static_selector_rpc	static selector RPC	connection.id=217 request.id=209955 request_id=9538ac69-99ac-40cc-b64d-382ff1221d00 elapsed_us=31665
static_stage_us prepare=46590 prefill=28578 select=31678 decode=2629 total=109475
2026-09-26T21:19:54.999422Z	debug	dynamo_static_selector_rpc	static selector RPC	connection.id=450 request.id=210218 request_id=d7f8d34f-8d52-405e-be5b-c169b44c2200 elapsed_us=31125
static_stage_us prepare=41743 prefill=24845 select=31137 decode=2643 total=100368
2026-09-26T21:19:55.095364Z	debug	dynamo_static_rpc_split	static prefill RPC split	connection.id=687 request.id=210903 request_id=865172b1-5c49-48c1-ad7c-fed22ad39000 headers_us=26786 stream_us=3
2026-09-26T21:19:55.127796Z	debug	dynamo_static_selector_rpc	static selector RPC	connection.id=687 request.id=210903 request_id=865172b1-5c49-48c1-ad7c-fed22ad39000 elapsed_us=32415
static_stage_us prepare=55395 prefill=26819 select=32434 decode=992 total=115640
2026-09-26T21:19:55.137710Z	debug	dynamo_static_rpc_split	static prefill RPC split	connection.id=618 request.id=211178 request_id=cc715e4e-74df-4be7-adc7-a0c544e71500 headers_us=21226 stream_us=29
2026-09-26T21:19:55.166017Z	debug	dynamo_static_selector_rpc	static selector RPC	connection.id=618 request.id=211178 request_id=cc715e4e-74df-4be7-adc7-a0c544e71500 elapsed_us=28282
static_stage_us prepare=54527 prefill=21280 select=28360 decode=799 total=104966
2026-09-26T21:19:55.186547Z	debug	dynamo_static_rpc_split	static prefill RPC split	connection.id=519 request.id=211472 request_id=1e33d27b-b4c8-4fe6-b936-08b851fd6e00 headers_us=27403 stream_us=14
2026-09-26T21:19:55.207015Z	debug	dynamo_static_rpc_split	static prefill RPC split	connection.id=597 request.id=211653 request_id=ad784ca4-9dae-4c6b-9c52-98140f5dd000 headers_us=25947 stream_us=7
2026-09-26T21:19:55.220679Z	debug	dynamo_static_selector_rpc	static selector RPC	connection.id=519 request.id=211472 request_id=1e33d27b-b4c8-4fe6-b936-08b851fd6e00 elapsed_us=34112
static_stage_us prepare=50253 prefill=27437 select=34129 decode=1799 total=113618
2026-09-26T21:19:55.235435Z	debug	dynamo_static_selector_rpc	static selector RPC	connection.id=597 request.id=211653 request_id=ad784ca4-9dae-4c6b-9c52-98140f5dd000 elapsed_us=28402
static_stage_us prepare=45105 prefill=25972 select=28414 decode=1365 total=100856
2026-09-26T21:19:55.249172Z	debug	dynamo_static_rpc_split	static prefill RPC split	connection.id=596 request.id=211823 request_id=eb4f0789-ff38-45e9-bc37-c219a160eb00 headers_us=30433 stream_us=4
2026-09-26T21:19:55.277236Z	debug	dynamo_static_selector_rpc	static selector RPC	connection.id=596 request.id=211823 request_id=eb4f0789-ff38-45e9-bc37-c219a160eb00 elapsed_us=28052
static_stage_us prepare=52489 prefill=30450 select=28069 decode=1409 total=112417
2026-09-26T21:19:55.315230Z	debug	dynamo_static_rpc_split	static prefill RPC split	connection.id=598 request.id=212136 request_id=70d076ed-affe-4477-aa27-8246ce306700 headers_us=31317 stream_us=7
2026-09-26T21:19:55.343866Z	debug	dynamo_static_selector_rpc	static selector RPC	connection.id=598 request.id=212136 request_id=70d076ed-affe-4477-aa27-8246ce306700 elapsed_us=28510
static_stage_us prepare=71357 prefill=31451 select=28522 decode=1352 total=132682
2026-09-26T21:19:55.385519Z	debug	dynamo_static_rpc_split	static prefill RPC split	connection.id=130 request.id=212738 request_id=00538828-8a72-4a95-81ba-a805945b6200 headers_us=30044 stream_us=62
2026-09-26T21:19:55.393588Z	debug	dynamo_static_rpc_split	static prefill RPC split	connection.id=181 request.id=212733 request_id=5fb5039f-02ff-455e-ba66-90d225269f00 headers_us=35045 stream_us=4
2026-09-26T21:19:55.393696Z	debug	dynamo_static_rpc_split	static prefill RPC split	connection.id=890 request.id=212840 request_id=9c98ebef-bfd8-4954-a10b-7a547d2b5300 headers_us=25901 stream_us=2
2026-09-26T21:19:55.393755Z	debug	dynamo_static_rpc_split	static prefill RPC split	connection.id=651 request.id=212736 request_id=2d1e07c7-365c-4528-b8de-49313971eb00 headers_us=35068 stream_us=3
2026-09-26T21:19:55.411316Z	debug	dynamo_static_selector_rpc	static selector RPC	connection.id=130 request.id=212738 request_id=00538828-8a72-4a95-81ba-a805945b6200 elapsed_us=25694
static_stage_us prepare=47919 prefill=30209 select=25714 decode=3028 total=106870
2026-09-26T21:19:55.417256Z	debug	dynamo_static_selector_rpc	static selector RPC	connection.id=181 request.id=212733 request_id=5fb5039f-02ff-455e-ba66-90d225269f00 elapsed_us=23656
static_stage_us prepare=51582 prefill=35062 select=23669 decode=1055 total=111368
2026-09-26T21:19:55.419516Z	debug	dynamo_static_selector_rpc	static selector RPC	connection.id=890 request.id=212840 request_id=9c98ebef-bfd8-4954-a10b-7a547d2b5300 elapsed_us=25815
static_stage_us prepare=47373 prefill=25909 select=25826 decode=2023 total=101131
2026-09-26T21:19:55.424772Z	debug	dynamo_static_selector_rpc	static selector RPC	connection.id=651 request.id=212736 request_id=2d1e07c7-365c-4528-b8de-49313971eb00 elapsed_us=31006
static_stage_us prepare=51615 prefill=35084 select=31129 decode=1812 total=119640
2026-09-26T21:19:55.426831Z	debug	dynamo_static_rpc_split	static prefill RPC split	connection.id=446 request.id=213021 request_id=73a8a4f0-4fac-4b9f-aff6-6efc28af6b00 headers_us=29057 stream_us=4
2026-09-26T21:19:55.434979Z	debug	dynamo_static_rpc_split	static prefill RPC split	connection.id=845 request.id=212985 request_id=94ef225e-4b22-498a-b54b-2d8672b04700 headers_us=34072 stream_us=16
2026-09-26T21:19:55.465928Z	debug	dynamo_static_selector_rpc	static selector RPC	connection.id=446 request.id=213021 request_id=73a8a4f0-4fac-4b9f-aff6-6efc28af6b00 elapsed_us=39082
static_stage_us prepare=48766 prefill=29079 select=39100 decode=1086 total=118031
2026-09-26T21:19:55.472685Z	debug	dynamo_static_selector_rpc	static selector RPC	connection.id=845 request.id=212985 request_id=94ef225e-4b22-498a-b54b-2d8672b04700 elapsed_us=37611
static_stage_us prepare=57837 prefill=34183 select=37623 decode=1660 total=131303
2026-09-26T21:19:55.571232Z	debug	dynamo_static_rpc_split	static prefill RPC split	connection.id=375 request.id=213854 request_id=0f800d65-b99a-4dd2-a715-450481097a00 headers_us=26702 stream_us=50
2026-09-26T21:19:55.600094Z	debug	dynamo_static_rpc_split	static prefill RPC split	connection.id=675 request.id=213913 request_id=c58a5796-aa3f-4df6-a30c-003bba9d7900 headers_us=41234 stream_us=5
2026-09-26T21:19:55.604399Z	debug	dynamo_static_rpc_split	static prefill RPC split	connection.id=824 request.id=213997 request_id=818fcf9f-54e3-4306-a983-34f5f9d73a00 headers_us=38274 stream_us=8
2026-09-26T21:19:55.605029Z	debug	dynamo_static_selector_rpc	static selector RPC	connection.id=375 request.id=213854 request_id=0f800d65-b99a-4dd2-a715-450481097a00 elapsed_us=33762
static_stage_us prepare=54772 prefill=26787 select=33776 decode=1818 total=117153
2026-09-26T21:19:55.632183Z	debug	dynamo_static_rpc_split	static prefill RPC split	connection.id=639 request.id=214177 request_id=942f63a5-b582-43ec-8f5b-65216aaabb00 headers_us=39498 stream_us=16
2026-09-26T21:19:55.632691Z	debug	dynamo_static_selector_rpc	static selector RPC	connection.id=675 request.id=213913 request_id=c58a5796-aa3f-4df6-a30c-003bba9d7900 elapsed_us=32525
static_stage_us prepare=60511 prefill=41312 select=32534 decode=1339 total=135696
2026-09-26T21:19:55.641760Z	debug	dynamo_static_selector_rpc	static selector RPC	connection.id=824 request.id=213997 request_id=818fcf9f-54e3-4306-a983-34f5f9d73a00 elapsed_us=37277
static_stage_us prepare=54820 prefill=38366 select=37292 decode=2583 total=133061
2026-09-26T21:19:55.655007Z	debug	dynamo_static_selector_rpc	static selector RPC	connection.id=639 request.id=214177 request_id=942f63a5-b582-43ec-8f5b-65216aaabb00 elapsed_us=22787
static_stage_us prepare=55207 prefill=39552 select=22801 decode=2347 total=119907
2026-09-26T21:19:55.728339Z	debug	dynamo_static_rpc_split	static prefill RPC split	connection.id=457 request.id=214715 request_id=039a07e5-c027-4cf6-8462-416b6c9dc500 headers_us=25822 stream_us=16
2026-09-26T21:19:55.729891Z	debug	dynamo_static_rpc_split	static prefill RPC split	connection.id=494 request.id=214770 request_id=064d93a0-0200-45eb-8688-a813a05ea500 headers_us=27960 stream_us=116
2026-09-26T21:19:55.756015Z	debug	dynamo_static_selector_rpc	static selector RPC	connection.id=457 request.id=214715 request_id=039a07e5-c027-4cf6-8462-416b6c9dc500 elapsed_us=27628
2026-09-26T21:19:55.756580Z	debug	dynamo_static_rpc_split	static prefill RPC split	connection.id=856 request.id=214953 request_id=83f16e12-0be5-406a-826c-4ecf0dff5400 headers_us=31652 stream_us=5
static_stage_us prepare=61055 prefill=25887 select=27671 decode=1221 total=115834
2026-09-26T21:19:55.760161Z	debug	dynamo_static_selector_rpc	static selector RPC	connection.id=494 request.id=214770 request_id=064d93a0-0200-45eb-8688-a813a05ea500 elapsed_us=30250
static_stage_us prepare=49181 prefill=28095 select=30264 decode=1586 total=109126
2026-09-26T21:19:55.782192Z	debug	dynamo_static_selector_rpc	static selector RPC	connection.id=856 request.id=214953 request_id=83f16e12-0be5-406a-826c-4ecf0dff5400 elapsed_us=25589
static_stage_us prepare=51383 prefill=31682 select=25610 decode=755 total=109430
2026-09-26T21:19:55.793209Z	debug	dynamo_static_rpc_split	static prefill RPC split	connection.id=547 request.id=215184 request_id=e89ecec8-5491-4a5c-a1c9-97a83e74a100 headers_us=29701 stream_us=13
2026-09-26T21:19:55.815552Z	debug	dynamo_static_rpc_split	static prefill RPC split	connection.id=542 request.id=215298 request_id=01ff406f-38eb-4a6f-afac-a3d2a5fde500 headers_us=26597 stream_us=12
2026-09-26T21:19:55.815675Z	debug	dynamo_static_rpc_split	static prefill RPC split	connection.id=802 request.id=215299 request_id=26741ca4-1084-410f-9ab4-5e617418db00 headers_us=26718 stream_us=3
2026-09-26T21:19:55.825233Z	debug	dynamo_static_selector_rpc	static selector RPC	connection.id=547 request.id=215184 request_id=e89ecec8-5491-4a5c-a1c9-97a83e74a100 elapsed_us=32009
static_stage_us prepare=46926 prefill=29730 select=32022 decode=1913 total=110591
2026-09-26T21:19:55.827196Z	debug	dynamo_static_rpc_split	static prefill RPC split	connection.id=593 request.id=215268 request_id=c956fb23-8f66-400a-a598-74552adbe400 headers_us=25928 stream_us=3
2026-09-26T21:19:55.843887Z	debug	dynamo_static_selector_rpc	static selector RPC	connection.id=802 request.id=215299 request_id=26741ca4-1084-410f-9ab4-5e617418db00 elapsed_us=28199
2026-09-26T21:19:55.843932Z	debug	dynamo_static_selector_rpc	static selector RPC	connection.id=542 request.id=215298 request_id=01ff406f-38eb-4a6f-afac-a3d2a5fde500 elapsed_us=28360
static_stage_us prepare=51842 prefill=26735 select=28213 decode=580 total=107370
static_stage_us prepare=51863 prefill=26630 select=28376 decode=982 total=107851
2026-09-26T21:19:55.846765Z	debug	dynamo_static_rpc_split	static prefill RPC split	connection.id=588 request.id=215481 request_id=e2463a30-6d4f-4aee-ac93-6ebe2e557500 headers_us=25946 stream_us=3
2026-09-26T21:19:55.857473Z	debug	dynamo_static_selector_rpc	static selector RPC	connection.id=593 request.id=215268 request_id=c956fb23-8f66-400a-a598-74552adbe400 elapsed_us=30249
static_stage_us prepare=68881 prefill=25959 select=30266 decode=2495 total=127601
2026-09-26T21:19:55.877874Z	debug	dynamo_static_selector_rpc	static selector RPC	connection.id=588 request.id=215481 request_id=e2463a30-6d4f-4aee-ac93-6ebe2e557500 elapsed_us=31042
static_stage_us prepare=54509 prefill=26017 select=31173 decode=900 total=112599
2026-09-26T21:19:55.882972Z	debug	dynamo_static_rpc_split	static prefill RPC split	connection.id=524 request.id=215759 request_id=04fa0e63-f98a-4039-adc6-7a8739db4900 headers_us=33050 stream_us=3
2026-09-26T21:19:55.896318Z	debug	dynamo_static_rpc_split	static prefill RPC split	connection.id=320 request.id=215824 request_id=e74bdcc3-e101-41c6-af8f-472cd4ca7a00 headers_us=25565 stream_us=3
2026-09-26T21:19:55.915233Z	debug	dynamo_static_selector_rpc	static selector RPC	connection.id=524 request.id=215759 request_id=04fa0e63-f98a-4039-adc6-7a8739db4900 elapsed_us=32183
static_stage_us prepare=44902 prefill=33132 select=32197 decode=2200 total=112431
2026-09-26T21:19:55.925462Z	debug	dynamo_static_selector_rpc	static selector RPC	connection.id=320 request.id=215824 request_id=e74bdcc3-e101-41c6-af8f-472cd4ca7a00 elapsed_us=29129
static_stage_us prepare=53354 prefill=25584 select=29142 decode=938 total=109018
2026-09-26T21:19:55.997277Z	debug	dynamo_static_rpc_split	static prefill RPC split	connection.id=343 request.id=216490 request_id=f84c4455-6aa8-44c3-93eb-b506f99f1800 headers_us=24082 stream_us=10
2026-09-26T21:19:56.005052Z	debug	dynamo_static_rpc_split	static prefill RPC split	connection.id=199 request.id=216511 request_id=a709daa1-31e2-429e-82cb-f12f0f1b7000 headers_us=27967 stream_us=4
2026-09-26T21:19:56.026044Z	debug	dynamo_static_selector_rpc	static selector RPC	connection.id=343 request.id=216490 request_id=f84c4455-6aa8-44c3-93eb-b506f99f1800 elapsed_us=28739
2026-09-26T21:19:56.027186Z	debug	dynamo_static_rpc_split	static prefill RPC split	connection.id=195 request.id=216598 request_id=e09f7093-7562-4240-98ed-a673f8cd8b00 headers_us=34934 stream_us=13
static_stage_us prepare=55430 prefill=24123 select=28757 decode=3363 total=111673
2026-09-26T21:19:56.032343Z	debug	dynamo_static_selector_rpc	static selector RPC	connection.id=199 request.id=216511 request_id=a709daa1-31e2-429e-82cb-f12f0f1b7000 elapsed_us=27274
static_stage_us prepare=56150 prefill=27989 select=27285 decode=1830 total=113254
2026-09-26T21:19:56.057814Z	debug	dynamo_static_selector_rpc	static selector RPC	connection.id=195 request.id=216598 request_id=e09f7093-7562-4240-98ed-a673f8cd8b00 elapsed_us=30601
static_stage_us prepare=56582 prefill=34974 select=30617 decode=1483 total=123656
2026-09-26T21:19:56.111302Z	debug	dynamo_static_rpc_split	static prefill RPC split	connection.id=598 request.id=217242 request_id=6201d981-b047-441b-8853-3f288ab9cc00 headers_us=29702 stream_us=4
2026-09-26T21:19:56.138727Z	debug	dynamo_static_selector_rpc	static selector RPC	connection.id=598 request.id=217242 request_id=6201d981-b047-441b-8853-3f288ab9cc00 elapsed_us=27406
static_stage_us prepare=44090 prefill=29726 select=27479 decode=3684 total=104979
2026-09-26T21:19:56.150841Z	debug	dynamo_static_rpc_split	static prefill RPC split	connection.id=610 request.id=217423 request_id=4c212b72-9966-44e7-bb8c-6e4bf1585000 headers_us=21242 stream_us=10
2026-09-26T21:19:56.170905Z	debug	dynamo_static_rpc_split	static prefill RPC split	connection.id=357 request.id=217514 request_id=f9ab615f-0d6e-4f91-96e1-7c5a38bce400 headers_us=23660 stream_us=7
2026-09-26T21:19:56.177874Z	debug	dynamo_static_selector_rpc	static selector RPC	connection.id=610 request.id=217423 request_id=4c212b72-9966-44e7-bb8c-6e4bf1585000 elapsed_us=27012
static_stage_us prepare=45907 prefill=21274 select=27034 decode=837 total=95052
2026-09-26T21:19:56.199079Z	debug	dynamo_static_selector_rpc	static selector RPC	connection.id=357 request.id=217514 request_id=f9ab615f-0d6e-4f91-96e1-7c5a38bce400 elapsed_us=28062
static_stage_us prepare=52452 prefill=23780 select=28077 decode=1084 total=105393
2026-09-26T21:19:56.263611Z	debug	dynamo_static_rpc_split	static prefill RPC split	connection.id=951 request.id=218160 request_id=5897a248-d559-48d9-9527-8b1f45f2a900 headers_us=31740 stream_us=10
2026-09-26T21:19:56.295423Z	debug	dynamo_static_selector_rpc	static selector RPC	connection.id=951 request.id=218160 request_id=5897a248-d559-48d9-9527-8b1f45f2a900 elapsed_us=31686
2026-09-26T21:19:56.295495Z	debug	dynamo_static_rpc_split	static prefill RPC split	connection.id=320 request.id=218333 request_id=b1431320-cf27-4b26-9770-c69a1efba600 headers_us=29383 stream_us=7
static_stage_us prepare=50471 prefill=31878 select=31710 decode=1327 total=115386
static_stage_us prepare=49356 prefill=29405 select=29520 decode=1328 total=109609
2026-09-26T21:19:56.325008Z	debug	dynamo_static_selector_rpc	static selector RPC	connection.id=320 request.id=218333 request_id=b1431320-cf27-4b26-9770-c69a1efba600 elapsed_us=29499
2026-09-26T21:19:56.366832Z	debug	dynamo_static_rpc_split	static prefill RPC split	connection.id=622 request.id=218696 request_id=3be72aff-2551-4e9e-8d4e-6d8d4304d800 headers_us=37603 stream_us=62
2026-09-26T21:19:56.397837Z	debug	dynamo_static_selector_rpc	static selector RPC	connection.id=622 request.id=218696 request_id=3be72aff-2551-4e9e-8d4e-6d8d4304d800 elapsed_us=30984
static_stage_us prepare=59528 prefill=37687 select=31001 decode=1042 total=129258
2026-09-26T21:19:56.445009Z	debug	dynamo_static_rpc_split	static prefill RPC split	connection.id=346 request.id=219252 request_id=01f877ff-7ff3-41b3-be79-13cc3f3e0200 headers_us=30468 stream_us=4
2026-09-26T21:19:56.478586Z	debug	dynamo_static_selector_rpc	static selector RPC	connection.id=346 request.id=219252 request_id=01f877ff-7ff3-41b3-be79-13cc3f3e0200 elapsed_us=33536
static_stage_us prepare=51767 prefill=30513 select=33553 decode=940 total=116773
2026-09-26T21:19:56.506552Z	debug	dynamo_static_rpc_split	static prefill RPC split	connection.id=391 request.id=219581 request_id=dd1aaf2e-2944-4cc1-9658-c18ffc688300 headers_us=34809 stream_us=16
2026-09-26T21:19:56.531063Z	debug	dynamo_static_rpc_split	static prefill RPC split	connection.id=581 request.id=219714 request_id=aa7197e8-f5af-47e7-8596-96b3d6b2b900 headers_us=34145 stream_us=3
2026-09-26T21:19:56.536439Z	debug	dynamo_static_rpc_split	static prefill RPC split	connection.id=366 request.id=219875 request_id=4a62b897-87fa-4d8d-b246-952caa389b00 headers_us=22916 stream_us=9
2026-09-26T21:19:56.538276Z	debug	dynamo_static_selector_rpc	static selector RPC	connection.id=391 request.id=219581 request_id=dd1aaf2e-2944-4cc1-9658-c18ffc688300 elapsed_us=31697
static_stage_us prepare=52248 prefill=34853 select=31711 decode=1350 total=120162
2026-09-26T21:19:56.559653Z	debug	dynamo_static_selector_rpc	static selector RPC	connection.id=581 request.id=219714 request_id=aa7197e8-f5af-47e7-8596-96b3d6b2b900 elapsed_us=28574
static_stage_us prepare=61912 prefill=34164 select=28591 decode=1234 total=125901
2026-09-26T21:19:56.566146Z	debug	dynamo_static_selector_rpc	static selector RPC	connection.id=366 request.id=219875 request_id=4a62b897-87fa-4d8d-b246-952caa389b00 elapsed_us=29667
static_stage_us prepare=54219 prefill=22965 select=29679 decode=2093 total=108956
2026-09-26T21:19:56.568332Z	debug	dynamo_static_rpc_split	static prefill RPC split	connection.id=696 request.id=219979 request_id=0bd14b3c-8937-4b97-8fcc-451c1ad03500 headers_us=28425 stream_us=5
2026-09-26T21:19:56.593095Z	debug	dynamo_static_selector_rpc	static selector RPC	connection.id=696 request.id=219979 request_id=0bd14b3c-8937-4b97-8fcc-451c1ad03500 elapsed_us=24751
static_stage_us prepare=68130 prefill=28444 select=24764 decode=1464 total=122802
2026-09-26T21:19:56.716972Z	debug	dynamo_static_rpc_split	static prefill RPC split	connection.id=826 request.id=220966 request_id=a603ddbb-a97a-47df-a24c-1c00fb0a6d00 headers_us=26390 stream_us=6
2026-09-26T21:19:56.752405Z	debug	dynamo_static_selector_rpc	static selector RPC	connection.id=826 request.id=220966 request_id=a603ddbb-a97a-47df-a24c-1c00fb0a6d00 elapsed_us=35415
static_stage_us prepare=50549 prefill=26416 select=35435 decode=1884 total=114284
2026-09-26T21:19:56.820284Z	debug	dynamo_static_rpc_split	static prefill RPC split	connection.id=504 request.id=221522 request_id=7b516cf1-dd2e-4832-ace2-9cc0a66fe500 headers_us=33056 stream_us=9
2026-09-26T21:19:56.851130Z	debug	dynamo_static_rpc_split	static prefill RPC split	connection.id=260 request.id=221707 request_id=5e827ad0-d994-4279-9528-f6158b708a00 headers_us=31584 stream_us=19
2026-09-26T21:19:56.854328Z	debug	dynamo_static_selector_rpc	static selector RPC	connection.id=504 request.id=221522 request_id=7b516cf1-dd2e-4832-ace2-9cc0a66fe500 elapsed_us=34021
static_stage_us prepare=62950 prefill=33088 select=34030 decode=1136 total=131204
2026-09-26T21:19:56.878660Z	debug	dynamo_static_rpc_split	static prefill RPC split	connection.id=901 request.id=221861 request_id=b0c97246-b19a-4ac6-8cc6-9da10cad6c00 headers_us=26519 stream_us=32
2026-09-26T21:19:56.878783Z	debug	dynamo_static_selector_rpc	static selector RPC	connection.id=260 request.id=221707 request_id=5e827ad0-d994-4279-9528-f6158b708a00 elapsed_us=27620
static_stage_us prepare=61160 prefill=31637 select=27643 decode=1239 total=121679
2026-09-26T21:19:56.918765Z	debug	dynamo_static_selector_rpc	static selector RPC	connection.id=901 request.id=221861 request_id=b0c97246-b19a-4ac6-8cc6-9da10cad6c00 elapsed_us=40093
2026-09-26T21:19:56.920401Z	debug	dynamo_static_rpc_split	static prefill RPC split	connection.id=626 request.id=222163 request_id=666c1420-ccd3-43a0-bfc2-8dd84cf9b800 headers_us=35012 stream_us=3
static_stage_us prepare=56515 prefill=26565 select=40108 decode=2305 total=125493
2026-09-26T21:19:56.932322Z	debug	dynamo_static_rpc_split	static prefill RPC split	connection.id=608 request.id=222221 request_id=20d29c5e-52fa-4633-b9bb-66541d8bf800 headers_us=26497 stream_us=11
2026-09-26T21:19:56.960228Z	debug	dynamo_static_selector_rpc	static selector RPC	connection.id=626 request.id=222163 request_id=666c1420-ccd3-43a0-bfc2-8dd84cf9b800 elapsed_us=39815
2026-09-26T21:19:56.960915Z	debug	dynamo_static_rpc_split	static prefill RPC split	connection.id=543 request.id=222365 request_id=12e8e895-f9ea-4afd-a0d9-539375b0fd00 headers_us=40223 stream_us=3
2026-09-26T21:19:56.961284Z	debug	dynamo_static_selector_rpc	static selector RPC	connection.id=608 request.id=222221 request_id=20d29c5e-52fa-4633-b9bb-66541d8bf800 elapsed_us=28948
static_stage_us prepare=50433 prefill=35029 select=39828 decode=6710 total=132000
static_stage_us prepare=62798 prefill=26522 select=28962 decode=8701 total=126983
2026-09-26T21:19:56.990438Z	debug	dynamo_static_selector_rpc	static selector RPC	connection.id=543 request.id=222365 request_id=12e8e895-f9ea-4afd-a0d9-539375b0fd00 elapsed_us=29512
static_stage_us prepare=51505 prefill=40238 select=29527 decode=5668 total=126938
2026-09-26T21:19:57.051308Z	debug	dynamo_static_rpc_split	static prefill RPC split	connection.id=566 request.id=222906 request_id=95c96175-021e-400e-b6d2-72d04a494f00 headers_us=32920 stream_us=42
2026-09-26T21:19:57.078541Z	debug	dynamo_static_selector_rpc	static selector RPC	connection.id=566 request.id=222906 request_id=95c96175-021e-400e-b6d2-72d04a494f00 elapsed_us=27211
static_stage_us prepare=40000 prefill=32986 select=27229 decode=1321 total=101536
2026-09-26T21:19:57.098446Z	debug	dynamo_static_rpc_split	static prefill RPC split	connection.id=335 request.id=223243 request_id=89073bd6-9eb6-48ee-95d8-c899eafa3600 headers_us=26960 stream_us=5
2026-09-26T21:19:57.130333Z	debug	dynamo_static_selector_rpc	static selector RPC	connection.id=335 request.id=223243 request_id=89073bd6-9eb6-48ee-95d8-c899eafa3600 elapsed_us=31852
static_stage_us prepare=46414 prefill=27000 select=31870 decode=3004 total=108288
2026-09-26T21:19:57.167656Z	debug	dynamo_static_rpc_split	static prefill RPC split	connection.id=544 request.id=223611 request_id=63f2bb3c-33d7-4b3f-b7c0-731e4065b700 headers_us=27495 stream_us=4
2026-09-26T21:19:57.190379Z	debug	dynamo_static_selector_rpc	static selector RPC	connection.id=544 request.id=223611 request_id=63f2bb3c-33d7-4b3f-b7c0-731e4065b700 elapsed_us=22702
static_stage_us prepare=53505 prefill=27522 select=22720 decode=945 total=104692
2026-09-26T21:19:57.201706Z	debug	dynamo_static_rpc_split	static prefill RPC split	connection.id=423 request.id=223842 request_id=2a9f9462-4e47-445c-b6c6-5b1014efd000 headers_us=27749 stream_us=10
2026-09-26T21:19:57.222075Z	debug	dynamo_static_selector_rpc	static selector RPC	connection.id=423 request.id=223842 request_id=2a9f9462-4e47-445c-b6c6-5b1014efd000 elapsed_us=20355
static_stage_us prepare=54335 prefill=27774 select=20372 decode=1033 total=103514
2026-09-26T21:19:57.225578Z	debug	dynamo_static_rpc_split	static prefill RPC split	connection.id=347 request.id=223927 request_id=dfc509d1-b4a6-4b99-be21-857bb490d700 headers_us=23412 stream_us=4
2026-09-26T21:19:57.232780Z	debug	dynamo_static_rpc_split	static prefill RPC split	connection.id=808 request.id=224056 request_id=d671e322-53ad-47b6-bca8-8316ccaf9400 headers_us=23919 stream_us=2
2026-09-26T21:19:57.250825Z	debug	dynamo_static_selector_rpc	static selector RPC	connection.id=347 request.id=223927 request_id=dfc509d1-b4a6-4b99-be21-857bb490d700 elapsed_us=25231
static_stage_us prepare=53281 prefill=23433 select=25246 decode=1400 total=103360
2026-09-26T21:19:57.262555Z	debug	dynamo_static_selector_rpc	static selector RPC	connection.id=808 request.id=224056 request_id=d671e322-53ad-47b6-bca8-8316ccaf9400 elapsed_us=29763
static_stage_us prepare=47560 prefill=23935 select=29777 decode=674 total=101946
2026-09-26T21:19:57.351374Z	debug	dynamo_static_rpc_split	static prefill RPC split	connection.id=132 request.id=224838 request_id=3938a2b7-9840-4224-8957-8d719dfe5500 headers_us=32632 stream_us=3
2026-09-26T21:19:57.364870Z	debug	dynamo_static_rpc_split	static prefill RPC split	connection.id=144 request.id=224893 request_id=f1802ce6-e558-4543-9aec-a25f3db59d00 headers_us=26288 stream_us=5
2026-09-26T21:19:57.380750Z	debug	dynamo_static_selector_rpc	static selector RPC	connection.id=132 request.id=224838 request_id=3938a2b7-9840-4224-8957-8d719dfe5500 elapsed_us=29359
static_stage_us prepare=48947 prefill=32654 select=29378 decode=770 total=111749
2026-09-26T21:19:57.389831Z	debug	dynamo_static_selector_rpc	static selector RPC	connection.id=144 request.id=224893 request_id=f1802ce6-e558-4543-9aec-a25f3db59d00 elapsed_us=24940
static_stage_us prepare=60467 prefill=26313 select=24957 decode=1162 total=112899
2026-09-26T21:19:57.395537Z	debug	dynamo_static_rpc_split	static prefill RPC split	connection.id=508 request.id=225068 request_id=841162db-b8d0-4a95-850f-7cc2d011a200 headers_us=28702 stream_us=13
2026-09-26T21:19:57.396331Z	debug	dynamo_static_rpc_split	static prefill RPC split	connection.id=818 request.id=225053 request_id=03b166aa-e7ef-48f5-b7db-e4b9001fdf00 headers_us=26927 stream_us=4
2026-09-26T21:19:57.415339Z	debug	dynamo_static_rpc_split	static prefill RPC split	connection.id=477 request.id=225237 request_id=4cb1b23e-445f-45a0-80b9-9803f2919c00 headers_us=26945 stream_us=5
2026-09-26T21:19:57.420621Z	debug	dynamo_static_rpc_split	static prefill RPC split	connection.id=541 request.id=225217 request_id=c7cda2cc-4caa-45af-bfe9-9c23517de500 headers_us=29311 stream_us=4
2026-09-26T21:19:57.422622Z	debug	dynamo_static_selector_rpc	static selector RPC	connection.id=508 request.id=225068 request_id=841162db-b8d0-4a95-850f-7cc2d011a200 elapsed_us=27051
static_stage_us prepare=49017 prefill=28749 select=27062 decode=1365 total=106193
2026-09-26T21:19:57.424916Z	debug	dynamo_static_selector_rpc	static selector RPC	connection.id=818 request.id=225053 request_id=03b166aa-e7ef-48f5-b7db-e4b9001fdf00 elapsed_us=28568
static_stage_us prepare=53214 prefill=26949 select=28580 decode=3193 total=111936
2026-09-26T21:19:57.445442Z	debug	dynamo_static_rpc_split	static prefill RPC split	connection.id=601 request.id=225390 request_id=b2142f6a-cd4a-45b4-a4f4-e6a640206d00 headers_us=31512 stream_us=11
2026-09-26T21:19:57.447674Z	debug	dynamo_static_selector_rpc	static selector RPC	connection.id=477 request.id=225237 request_id=4cb1b23e-445f-45a0-80b9-9803f2919c00 elapsed_us=32319
2026-09-26T21:19:57.447782Z	debug	dynamo_static_selector_rpc	static selector RPC	connection.id=541 request.id=225217 request_id=c7cda2cc-4caa-45af-bfe9-9c23517de500 elapsed_us=27144
static_stage_us prepare=46858 prefill=26967 select=32333 decode=3079 total=109237
static_stage_us prepare=52975 prefill=29332 select=27157 decode=3121 total=112585
2026-09-26T21:19:57.471235Z	debug	dynamo_static_selector_rpc	static selector RPC	connection.id=601 request.id=225390 request_id=b2142f6a-cd4a-45b4-a4f4-e6a640206d00 elapsed_us=25770
static_stage_us prepare=47492 prefill=31546 select=25782 decode=1776 total=106596
2026-09-26T21:19:57.512707Z	debug	dynamo_static_rpc_split	static prefill RPC split	connection.id=786 request.id=225889 request_id=af145edb-e4a2-455c-9af0-9792473f1a00 headers_us=15001 stream_us=27
2026-09-26T21:19:57.532822Z	debug	dynamo_static_rpc_split	static prefill RPC split	connection.id=920 request.id=226075 request_id=844c915b-18c8-4244-aea2-65cc46022f00 headers_us=27509 stream_us=27
2026-09-26T21:19:57.537888Z	debug	dynamo_static_selector_rpc	static selector RPC	connection.id=786 request.id=225889 request_id=af145edb-e4a2-455c-9af0-9792473f1a00 elapsed_us=25165
static_stage_us prepare=49544 prefill=15043 select=25184 decode=1165 total=90936
2026-09-26T21:19:57.561380Z	debug	dynamo_static_selector_rpc	static selector RPC	connection.id=920 request.id=226075 request_id=844c915b-18c8-4244-aea2-65cc46022f00 elapsed_us=28542
static_stage_us prepare=31055 prefill=27553 select=28556 decode=3605 total=90769
2026-09-26T21:19:57.583014Z	debug	dynamo_static_rpc_split	static prefill RPC split	connection.id=323 request.id=226400 request_id=0f18163c-f83d-4a8d-8739-a49c4c559000 headers_us=21577 stream_us=103
2026-09-26T21:19:57.603132Z	debug	dynamo_static_selector_rpc	static selector RPC	connection.id=323 request.id=226400 request_id=0f18163c-f83d-4a8d-8739-a49c4c559000 elapsed_us=20094
static_stage_us prepare=42634 prefill=21704 select=20112 decode=2935 total=87385
2026-09-26T21:19:57.606699Z	debug	dynamo_static_rpc_split	static prefill RPC split	connection.id=145 request.id=226571 request_id=772c9d0a-9bc5-41a8-80d8-0c48c562ff00 headers_us=26334 stream_us=5
2026-09-26T21:19:57.624564Z	debug	dynamo_static_rpc_split	static prefill RPC split	connection.id=173 request.id=226678 request_id=e00f7c38-6901-457b-92ae-20d248e71c00 headers_us=22949 stream_us=11
2026-09-26T21:19:57.629989Z	debug	dynamo_static_selector_rpc	static selector RPC	connection.id=145 request.id=226571 request_id=772c9d0a-9bc5-41a8-80d8-0c48c562ff00 elapsed_us=23273
static_stage_us prepare=38842 prefill=26357 select=23286 decode=1178 total=89663
2026-09-26T21:19:57.648874Z	debug	dynamo_static_selector_rpc	static selector RPC	connection.id=173 request.id=226678 request_id=e00f7c38-6901-457b-92ae-20d248e71c00 elapsed_us=24295
static_stage_us prepare=34870 prefill=22975 select=24322 decode=1197 total=83364
2026-09-26T21:19:57.744227Z	debug	dynamo_static_rpc_split	static prefill RPC split	connection.id=451 request.id=227388 request_id=87cd612c-1ca2-4d01-8e83-26313f45a500 headers_us=27311 stream_us=11
2026-09-26T21:19:57.751199Z	debug	dynamo_static_rpc_split	static prefill RPC split	connection.id=865 request.id=227530 request_id=e2b856d0-5e19-4c0b-86b3-d4661ce32d00 headers_us=24922 stream_us=10
2026-09-26T21:19:57.774155Z	debug	dynamo_static_selector_rpc	static selector RPC	connection.id=451 request.id=227388 request_id=87cd612c-1ca2-4d01-8e83-26313f45a500 elapsed_us=29905
2026-09-26T21:19:57.774466Z	debug	dynamo_static_selector_rpc	static selector RPC	connection.id=865 request.id=227530 request_id=e2b856d0-5e19-4c0b-86b3-d4661ce32d00 elapsed_us=23236
static_stage_us prepare=42776 prefill=24964 select=23253 decode=1554 total=92547
static_stage_us prepare=48490 prefill=27347 select=29924 decode=2042 total=107803
2026-09-26T21:19:57.791910Z	debug	dynamo_static_rpc_split	static prefill RPC split	connection.id=428 request.id=227798 request_id=a68521cd-2cf2-4c8a-bf23-ce00a4921300 headers_us=28182 stream_us=11
2026-09-26T21:19:57.816970Z	debug	dynamo_static_selector_rpc	static selector RPC	connection.id=428 request.id=227798 request_id=a68521cd-2cf2-4c8a-bf23-ce00a4921300 elapsed_us=25042
static_stage_us prepare=40484 prefill=28211 select=25060 decode=1017 total=94772
2026-09-26T21:19:57.889192Z	debug	dynamo_static_rpc_split	static prefill RPC split	connection.id=651 request.id=228332 request_id=5be4aba9-a253-4759-9122-331788ebca00 headers_us=33669 stream_us=5
2026-09-26T21:19:57.894101Z	debug	dynamo_static_rpc_split	static prefill RPC split	connection.id=514 request.id=228457 request_id=323f2a62-22c6-48ca-8a14-52f647d48000 headers_us=27379 stream_us=11
2026-09-26T21:19:57.911694Z	debug	dynamo_static_selector_rpc	static selector RPC	connection.id=651 request.id=228332 request_id=5be4aba9-a253-4759-9122-331788ebca00 elapsed_us=22475
static_stage_us prepare=50683 prefill=33701 select=22488 decode=1789 total=108661
2026-09-26T21:19:57.924380Z	debug	dynamo_static_selector_rpc	static selector RPC	connection.id=514 request.id=228457 request_id=323f2a62-22c6-48ca-8a14-52f647d48000 elapsed_us=30258
static_stage_us prepare=46445 prefill=27413 select=30278 decode=754 total=104890
2026-09-26T21:19:57.956035Z	debug	dynamo_static_rpc_split	static prefill RPC split	connection.id=479 request.id=228772 request_id=093f52c8-9b6c-4ea4-bfde-f9b137b00400 headers_us=34957 stream_us=9
2026-09-26T21:19:57.987243Z	debug	dynamo_static_selector_rpc	static selector RPC	connection.id=479 request.id=228772 request_id=093f52c8-9b6c-4ea4-bfde-f9b137b00400 elapsed_us=31184
2026-09-26T21:19:57.988642Z	debug	dynamo_static_rpc_split	static prefill RPC split	connection.id=314 request.id=229037 request_id=81343d39-6d0f-4210-b76a-6360e13b8800 headers_us=29146 stream_us=11
static_stage_us prepare=52808 prefill=34991 select=31216 decode=3158 total=122173
2026-09-26T21:19:58.019904Z	debug	dynamo_static_selector_rpc	static selector RPC	connection.id=314 request.id=229037 request_id=81343d39-6d0f-4210-b76a-6360e13b8800 elapsed_us=31226
static_stage_us prepare=49173 prefill=29195 select=31241 decode=1065 total=110674
2026-09-26T21:19:58.065793Z	debug	dynamo_static_rpc_split	static prefill RPC split	connection.id=427 request.id=229458 request_id=03ccd49c-6fc3-4556-81d9-41e47707f000 headers_us=31380 stream_us=5
2026-09-26T21:19:58.091279Z	debug	dynamo_static_selector_rpc	static selector RPC	connection.id=427 request.id=229458 request_id=03ccd49c-6fc3-4556-81d9-41e47707f000 elapsed_us=25466
static_stage_us prepare=46149 prefill=31407 select=25485 decode=866 total=103907
2026-09-26T21:19:58.134493Z	debug	dynamo_static_rpc_split	static prefill RPC split	connection.id=650 request.id=229922 request_id=6a5c121b-a314-4753-99e7-e0ca5b8e3800 headers_us=26186 stream_us=3
2026-09-26T21:19:58.143441Z	debug	dynamo_static_rpc_split	static prefill RPC split	connection.id=510 request.id=229954 request_id=20661254-1252-4774-b8ae-9f4bdf067000 headers_us=28139 stream_us=24
2026-09-26T21:19:58.170378Z	debug	dynamo_static_selector_rpc	static selector RPC	connection.id=650 request.id=229922 request_id=6a5c121b-a314-4753-99e7-e0ca5b8e3800 elapsed_us=35863
static_stage_us prepare=56505 prefill=26213 select=35879 decode=1320 total=119917
2026-09-26T21:19:58.172128Z	debug	dynamo_static_selector_rpc	static selector RPC	connection.id=510 request.id=229954 request_id=20661254-1252-4774-b8ae-9f4bdf067000 elapsed_us=28664
static_stage_us prepare=59715 prefill=28186 select=28677 decode=1268 total=117846
2026-09-26T21:19:58.197617Z	debug	dynamo_static_rpc_split	static prefill RPC split	connection.id=402 request.id=230252 request_id=7117752c-479e-4ae5-9225-9a784f47b100 headers_us=32861 stream_us=4
2026-09-26T21:19:58.204915Z	debug	dynamo_static_rpc_split	static prefill RPC split	connection.id=336 request.id=230332 request_id=b2b4d64e-ec50-436f-b425-261c06c21e00 headers_us=29444 stream_us=12
2026-09-26T21:19:58.218377Z	debug	dynamo_static_rpc_split	static prefill RPC split	connection.id=874 request.id=230397 request_id=09904c25-5b41-4361-b6a0-7079d4e46500 headers_us=27317 stream_us=4
2026-09-26T21:19:58.229180Z	debug	dynamo_static_selector_rpc	static selector RPC	connection.id=402 request.id=230252 request_id=7117752c-479e-4ae5-9225-9a784f47b100 elapsed_us=31551
static_stage_us prepare=51165 prefill=32879 select=31609 decode=983 total=116636
2026-09-26T21:19:58.235473Z	debug	dynamo_static_selector_rpc	static selector RPC	connection.id=336 request.id=230332 request_id=b2b4d64e-ec50-436f-b425-261c06c21e00 elapsed_us=30544
static_stage_us prepare=49917 prefill=29470 select=30618 decode=1443 total=111448
2026-09-26T21:19:58.249526Z	debug	dynamo_static_selector_rpc	static selector RPC	connection.id=874 request.id=230397 request_id=09904c25-5b41-4361-b6a0-7079d4e46500 elapsed_us=31137
static_stage_us prepare=53790 prefill=27334 select=31157 decode=2203 total=114484
2026-09-26T21:19:58.261164Z	debug	dynamo_static_rpc_split	static prefill RPC split	connection.id=288 request.id=230731 request_id=3512263c-e675-4332-88ed-49906d36b100 headers_us=28189 stream_us=14
2026-09-26T21:19:58.287019Z	debug	dynamo_static_selector_rpc	static selector RPC	connection.id=288 request.id=230731 request_id=3512263c-e675-4332-88ed-49906d36b100 elapsed_us=25831
static_stage_us prepare=45815 prefill=28228 select=25845 decode=881 total=100769
2026-09-26T21:19:58.308716Z	debug	dynamo_static_rpc_split	static prefill RPC split	connection.id=287 request.id=230915 request_id=4830f5a0-4207-45ed-92d7-e6807b83d500 headers_us=30799 stream_us=4
2026-09-26T21:19:58.338053Z	debug	dynamo_static_selector_rpc	static selector RPC	connection.id=287 request.id=230915 request_id=4830f5a0-4207-45ed-92d7-e6807b83d500 elapsed_us=29317
static_stage_us prepare=64187 prefill=30823 select=29333 decode=2232 total=126575
2026-09-26T21:19:58.408091Z	debug	dynamo_static_rpc_split	static prefill RPC split	connection.id=661 request.id=231539 request_id=66210235-fc95-4082-86ff-76a7dbb90e00 headers_us=40211 stream_us=5
2026-09-26T21:19:58.423890Z	debug	dynamo_static_rpc_split	static prefill RPC split	connection.id=946 request.id=231721 request_id=2d0a60f0-8b79-4814-8c3f-d8ca38582400 headers_us=23375 stream_us=2
2026-09-26T21:19:58.436349Z	debug	dynamo_static_selector_rpc	static selector RPC	connection.id=661 request.id=231539 request_id=66210235-fc95-4082-86ff-76a7dbb90e00 elapsed_us=28238
static_stage_us prepare=58846 prefill=40237 select=28252 decode=1717 total=129052
2026-09-26T21:19:58.437774Z	debug	dynamo_static_rpc_split	static prefill RPC split	connection.id=539 request.id=231809 request_id=1ae12ede-9f3e-406a-a351-d6eb25f25100 headers_us=24347 stream_us=3
2026-09-26T21:19:58.452443Z	debug	dynamo_static_selector_rpc	static selector RPC	connection.id=946 request.id=231721 request_id=2d0a60f0-8b79-4814-8c3f-d8ca38582400 elapsed_us=28535
static_stage_us prepare=53744 prefill=23395 select=28549 decode=1325 total=107013
2026-09-26T21:19:58.466977Z	debug	dynamo_static_selector_rpc	static selector RPC	connection.id=539 request.id=231809 request_id=1ae12ede-9f3e-406a-a351-d6eb25f25100 elapsed_us=29192
static_stage_us prepare=55781 prefill=24363 select=29205 decode=1344 total=110693
2026-09-26T21:19:58.507775Z	debug	dynamo_static_rpc_split	static prefill RPC split	connection.id=406 request.id=232204 request_id=0ea50b1f-a5e4-49a6-8053-76f3e4c6c300 headers_us=31627 stream_us=5
2026-09-26T21:19:58.522621Z	debug	dynamo_static_rpc_split	static prefill RPC split	connection.id=450 request.id=232361 request_id=03dd4193-6076-4d69-a71e-6de5f2fbd100 headers_us=28241 stream_us=10
2026-09-26T21:19:58.529840Z	debug	dynamo_static_selector_rpc	static selector RPC	connection.id=406 request.id=232204 request_id=0ea50b1f-a5e4-49a6-8053-76f3e4c6c300 elapsed_us=22046
static_stage_us prepare=49023 prefill=31652 select=22073 decode=1544 total=104292
2026-09-26T21:19:58.548486Z	debug	dynamo_static_selector_rpc	static selector RPC	connection.id=450 request.id=232361 request_id=03dd4193-6076-4d69-a71e-6de5f2fbd100 elapsed_us=25850
static_stage_us prepare=47237 prefill=28266 select=25868 decode=1041 total=102412
2026-09-26T21:19:58.648186Z	debug	dynamo_static_rpc_split	static prefill RPC split	connection.id=699 request.id=233211 request_id=a99c0d5d-2388-4736-9c68-509f478bc600 headers_us=28016 stream_us=7
2026-09-26T21:19:58.672757Z	debug	dynamo_static_selector_rpc	static selector RPC	connection.id=699 request.id=233211 request_id=a99c0d5d-2388-4736-9c68-509f478bc600 elapsed_us=24539
static_stage_us prepare=42282 prefill=28057 select=24557 decode=1017 total=95913
2026-09-26T21:19:58.818973Z	debug	dynamo_static_rpc_split	static prefill RPC split	connection.id=745 request.id=234264 request_id=907180df-7c7c-43ce-915e-76ee07479100 headers_us=25679 stream_us=6
2026-09-26T21:19:58.846661Z	debug	dynamo_static_rpc_split	static prefill RPC split	connection.id=853 request.id=234450 request_id=ab356bc1-30b0-4eeb-8538-bb4636bf0300 headers_us=28575 stream_us=4
2026-09-26T21:19:58.846748Z	debug	dynamo_static_selector_rpc	static selector RPC	connection.id=745 request.id=234264 request_id=907180df-7c7c-43ce-915e-76ee07479100 elapsed_us=27755
static_stage_us prepare=53729 prefill=25707 select=27765 decode=949 total=108150
2026-09-26T21:19:58.870340Z	debug	dynamo_static_rpc_split	static prefill RPC split	connection.id=228 request.id=234634 request_id=d10888d0-5f02-4005-9c58-074e641dd500 headers_us=25171 stream_us=12
2026-09-26T21:19:58.874535Z	debug	dynamo_static_selector_rpc	static selector RPC	connection.id=853 request.id=234450 request_id=ab356bc1-30b0-4eeb-8538-bb4636bf0300 elapsed_us=27853
static_stage_us prepare=47631 prefill=28601 select=27870 decode=2334 total=106436
2026-09-26T21:19:58.900991Z	debug	dynamo_static_selector_rpc	static selector RPC	connection.id=228 request.id=234634 request_id=d10888d0-5f02-4005-9c58-074e641dd500 elapsed_us=30618
static_stage_us prepare=49107 prefill=25216 select=30648 decode=2962 total=107933
2026-09-26T21:19:58.918483Z	debug	dynamo_static_rpc_split	static prefill RPC split	connection.id=268 request.id=234952 request_id=2d1a52c5-affe-48f7-99ba-8d0271760400 headers_us=24292 stream_us=5
2026-09-26T21:19:58.932104Z	debug	dynamo_static_rpc_split	static prefill RPC split	connection.id=888 request.id=234977 request_id=825e6d8b-1f55-4b21-b750-40e7f459c300 headers_us=27669 stream_us=13
2026-09-26T21:19:58.950577Z	debug	dynamo_static_selector_rpc	static selector RPC	connection.id=268 request.id=234952 request_id=2d1a52c5-affe-48f7-99ba-8d0271760400 elapsed_us=32043
2026-09-26T21:19:58.950852Z	debug	dynamo_static_rpc_split	static prefill RPC split	connection.id=453 request.id=235199 request_id=f594a9af-b35d-45ef-a3d8-b01323b73900 headers_us=26604 stream_us=11
static_stage_us prepare=49680 prefill=24349 select=32237 decode=1354 total=107620
2026-09-26T21:19:58.959542Z	debug	dynamo_static_selector_rpc	static selector RPC	connection.id=888 request.id=234977 request_id=825e6d8b-1f55-4b21-b750-40e7f459c300 elapsed_us=27404
static_stage_us prepare=56159 prefill=27717 select=27417 decode=805 total=112098
2026-09-26T21:19:58.972513Z	debug	dynamo_static_rpc_split	static prefill RPC split	connection.id=218 request.id=235272 request_id=f6a0a0aa-cb93-4a15-8521-ca3b1c1b0b00 headers_us=32401 stream_us=10
2026-09-26T21:19:58.984243Z	debug	dynamo_static_selector_rpc	static selector RPC	connection.id=453 request.id=235199 request_id=f594a9af-b35d-45ef-a3d8-b01323b73900 elapsed_us=33377
static_stage_us prepare=35302 prefill=26631 select=33448 decode=1829 total=97210
2026-09-26T21:19:59.008892Z	debug	dynamo_static_selector_rpc	static selector RPC	connection.id=218 request.id=235272 request_id=f6a0a0aa-cb93-4a15-8521-ca3b1c1b0b00 elapsed_us=36365
static_stage_us prepare=42995 prefill=32426 select=36380 decode=994 total=112795
2026-09-26T21:19:59.039783Z	debug	dynamo_static_rpc_split	static prefill RPC split	connection.id=226 request.id=235775 request_id=6db7921f-7c48-4393-8343-1d04c58e6100 headers_us=18414 stream_us=15
2026-09-26T21:19:59.066245Z	debug	dynamo_static_selector_rpc	static selector RPC	connection.id=226 request.id=235775 request_id=6db7921f-7c48-4393-8343-1d04c58e6100 elapsed_us=26382
static_stage_us prepare=56122 prefill=18511 select=26399 decode=1246 total=102278
2026-09-26T21:19:59.121260Z	debug	dynamo_static_rpc_split	static prefill RPC split	connection.id=772 request.id=236280 request_id=6e27a146-8d3b-466e-bda0-9c296a964c00 headers_us=28085 stream_us=4
2026-09-26T21:19:59.143022Z	debug	dynamo_static_selector_rpc	static selector RPC	connection.id=772 request.id=236280 request_id=6e27a146-8d3b-466e-bda0-9c296a964c00 elapsed_us=21741
static_stage_us prepare=43836 prefill=28111 select=21760 decode=1482 total=95189
2026-09-26T21:19:59.148123Z	debug	dynamo_static_rpc_split	static prefill RPC split	connection.id=299 request.id=236409 request_id=f12080be-9cae-467f-91d7-31f80a0ddc00 headers_us=29064 stream_us=10
2026-09-26T21:19:59.160073Z	debug	dynamo_static_rpc_split	static prefill RPC split	connection.id=902 request.id=236431 request_id=4eadd47a-ed1d-44f3-b45d-31a312c6b400 headers_us=30279 stream_us=5
2026-09-26T21:19:59.176340Z	debug	dynamo_static_selector_rpc	static selector RPC	connection.id=299 request.id=236409 request_id=f12080be-9cae-467f-91d7-31f80a0ddc00 elapsed_us=28188
static_stage_us prepare=52864 prefill=29104 select=28203 decode=778 total=110949
2026-09-26T21:19:59.185959Z	debug	dynamo_static_selector_rpc	static selector RPC	connection.id=902 request.id=236431 request_id=4eadd47a-ed1d-44f3-b45d-31a312c6b400 elapsed_us=25867
static_stage_us prepare=59815 prefill=30304 select=25886 decode=1151 total=117156
2026-09-26T21:19:59.236842Z	debug	dynamo_static_rpc_split	static prefill RPC split	connection.id=722 request.id=236986 request_id=ddad6add-aae6-4618-aba8-15000d523c00 headers_us=31634 stream_us=5
2026-09-26T21:19:59.270273Z	debug	dynamo_static_rpc_split	static prefill RPC split	connection.id=486 request.id=237074 request_id=f2f046f8-a9ab-44c3-9317-b09a9de13d00 headers_us=48583 stream_us=121
2026-09-26T21:19:59.271602Z	debug	dynamo_static_selector_rpc	static selector RPC	connection.id=722 request.id=236986 request_id=ddad6add-aae6-4618-aba8-15000d523c00 elapsed_us=34697
static_stage_us prepare=41843 prefill=31703 select=34709 decode=8837 total=117092
2026-09-26T21:19:59.301024Z	debug	dynamo_static_selector_rpc	static selector RPC	connection.id=486 request.id=237074 request_id=f2f046f8-a9ab-44c3-9317-b09a9de13d00 elapsed_us=30732
static_stage_us prepare=46390 prefill=48724 select=30746 decode=7401 total=133261
2026-09-26T21:19:59.385733Z	debug	dynamo_static_rpc_split	static prefill RPC split	connection.id=940 request.id=237923 request_id=feb5e674-95c0-47df-9904-bdb4a0417b00 headers_us=28239 stream_us=9
2026-09-26T21:19:59.408739Z	debug	dynamo_static_selector_rpc	static selector RPC	connection.id=940 request.id=237923 request_id=feb5e674-95c0-47df-9904-bdb4a0417b00 elapsed_us=22984
static_stage_us prepare=30520 prefill=28271 select=23002 decode=1220 total=83013
2026-09-26T21:19:59.444435Z	debug	dynamo_static_rpc_split	static prefill RPC split	connection.id=560 request.id=238231 request_id=6b08bd9b-db4b-4f33-a334-e811d0d1ea00 headers_us=28270 stream_us=4
2026-09-26T21:19:59.453395Z	debug	dynamo_static_rpc_split	static prefill RPC split	connection.id=211 request.id=238430 request_id=0b149dfc-f33e-4783-8197-f36f40fa8300 headers_us=24474 stream_us=6
2026-09-26T21:19:59.464454Z	debug	dynamo_static_rpc_split	static prefill RPC split	connection.id=730 request.id=238474 request_id=c7d23c4c-f3e9-428e-a226-b86635cdd000 headers_us=24924 stream_us=17
2026-09-26T21:19:59.470740Z	debug	dynamo_static_selector_rpc	static selector RPC	connection.id=560 request.id=238231 request_id=6b08bd9b-db4b-4f33-a334-e811d0d1ea00 elapsed_us=26282
static_stage_us prepare=50559 prefill=28298 select=26294 decode=1704 total=106855
2026-09-26T21:19:59.479562Z	debug	dynamo_static_selector_rpc	static selector RPC	connection.id=211 request.id=238430 request_id=0b149dfc-f33e-4783-8197-f36f40fa8300 elapsed_us=26129
static_stage_us prepare=37520 prefill=24518 select=26147 decode=1595 total=89780
2026-09-26T21:19:59.494597Z	debug	dynamo_static_selector_rpc	static selector RPC	connection.id=730 request.id=238474 request_id=c7d23c4c-f3e9-428e-a226-b86635cdd000 elapsed_us=30120
static_stage_us prepare=42548 prefill=24965 select=30134 decode=3820 total=101467
2026-09-26T21:19:59.549074Z	debug	dynamo_static_rpc_split	static prefill RPC split	connection.id=693 request.id=239013 request_id=2d111d6e-2128-4a2d-98ce-a42c1292c000 headers_us=28098 stream_us=5
2026-09-26T21:19:59.583335Z	debug	dynamo_static_selector_rpc	static selector RPC	connection.id=693 request.id=239013 request_id=2d111d6e-2128-4a2d-98ce-a42c1292c000 elapsed_us=34242
static_stage_us prepare=42820 prefill=28124 select=34268 decode=1086 total=106298
2026-09-26T21:19:59.594717Z	debug	dynamo_static_rpc_split	static prefill RPC split	connection.id=858 request.id=239274 request_id=97d5d072-11f0-4c2a-9d61-d2274de5e500 headers_us=29654 stream_us=28
2026-09-26T21:19:59.620696Z	debug	dynamo_static_selector_rpc	static selector RPC	connection.id=858 request.id=239274 request_id=97d5d072-11f0-4c2a-9d61-d2274de5e500 elapsed_us=25952
2026-09-26T21:19:59.621143Z	debug	dynamo_static_rpc_split	static prefill RPC split	connection.id=534 request.id=239467 request_id=f2faa7f5-eeed-46ab-acbf-8d3e81a8b900 headers_us=28543 stream_us=11
static_stage_us prepare=52850 prefill=29710 select=25966 decode=1287 total=109813
2026-09-26T21:19:59.646349Z	debug	dynamo_static_selector_rpc	static selector RPC	connection.id=534 request.id=239467 request_id=f2faa7f5-eeed-46ab-acbf-8d3e81a8b900 elapsed_us=25190
static_stage_us prepare=53866 prefill=28572 select=25203 decode=706 total=108347
2026-09-26T21:19:59.688346Z	debug	dynamo_static_rpc_split	static prefill RPC split	connection.id=227 request.id=239898 request_id=e9a786aa-f69a-4fc5-bcca-4026b74aa900 headers_us=22727 stream_us=10
2026-09-26T21:19:59.718725Z	debug	dynamo_static_selector_rpc	static selector RPC	connection.id=227 request.id=239898 request_id=e9a786aa-f69a-4fc5-bcca-4026b74aa900 elapsed_us=30361
static_stage_us prepare=39023 prefill=22756 select=30378 decode=921 total=93078
2026-09-26T21:19:59.830261Z	debug	dynamo_static_rpc_split	static prefill RPC split	connection.id=922 request.id=240823 request_id=3a782c8c-5616-43bb-b5bb-3f0cae710200 headers_us=28020 stream_us=10
2026-09-26T21:19:59.836581Z	debug	dynamo_static_rpc_split	static prefill RPC split	connection.id=537 request.id=240890 request_id=7ada6f07-c0e2-4f3e-93b2-2f55ab33ba00 headers_us=23693 stream_us=6
2026-09-26T21:19:59.856506Z	debug	dynamo_static_rpc_split	static prefill RPC split	connection.id=915 request.id=240987 request_id=dc5a4b6c-c05b-4ec0-a5bf-1bbeb1acc000 headers_us=26844 stream_us=6
2026-09-26T21:19:59.857763Z	debug	dynamo_static_selector_rpc	static selector RPC	connection.id=922 request.id=240823 request_id=3a782c8c-5616-43bb-b5bb-3f0cae710200 elapsed_us=27479
static_stage_us prepare=42497 prefill=28053 select=27496 decode=2602 total=100648
2026-09-26T21:19:59.863946Z	debug	dynamo_static_selector_rpc	static selector RPC	connection.id=537 request.id=240890 request_id=7ada6f07-c0e2-4f3e-93b2-2f55ab33ba00 elapsed_us=27353
static_stage_us prepare=45426 prefill=23711 select=27367 decode=1841 total=98345
2026-09-26T21:19:59.875552Z	debug	dynamo_static_rpc_split	static prefill RPC split	connection.id=736 request.id=241124 request_id=41461da5-d9a2-4469-afc4-2ab2691f7b00 headers_us=26197 stream_us=11
2026-09-26T21:19:59.879868Z	debug	dynamo_static_selector_rpc	static selector RPC	connection.id=915 request.id=240987 request_id=dc5a4b6c-c05b-4ec0-a5bf-1bbeb1acc000 elapsed_us=23349
static_stage_us prepare=48592 prefill=26864 select=23359 decode=1301 total=100116
2026-09-26T21:19:59.903294Z	debug	dynamo_static_selector_rpc	static selector RPC	connection.id=736 request.id=241124 request_id=41461da5-d9a2-4469-afc4-2ab2691f7b00 elapsed_us=27704
static_stage_us prepare=52940 prefill=26247 select=27718 decode=1981 total=108886
2026-09-26T21:19:59.951603Z	debug	dynamo_static_rpc_split	static prefill RPC split	connection.id=327 request.id=241557 request_id=a36ee620-b136-46a4-892c-a23230dd4600 headers_us=34283 stream_us=4
2026-09-26T21:19:59.976048Z	debug	dynamo_static_selector_rpc	static selector RPC	connection.id=327 request.id=241557 request_id=a36ee620-b136-46a4-892c-a23230dd4600 elapsed_us=24426
static_stage_us prepare=49041 prefill=34307 select=24452 decode=1146 total=108946
2026-09-26T21:19:59.992942Z	debug	dynamo_static_rpc_split	static prefill RPC split	connection.id=224 request.id=241918 request_id=63408861-bbe9-43b1-a3a5-ba642cf58700 headers_us=26862 stream_us=12
2026-09-26T21:20:00.018785Z	debug	dynamo_static_selector_rpc	static selector RPC	connection.id=224 request.id=241918 request_id=63408861-bbe9-43b1-a3a5-ba642cf58700 elapsed_us=25827
static_stage_us prepare=52026 prefill=26890 select=25853 decode=1373 total=106142
2026-09-26T21:20:00.061847Z	debug	dynamo_static_rpc_split	static prefill RPC split	connection.id=942 request.id=242406 request_id=8855fb59-a10e-46fe-9ed7-9892e4f23f00 headers_us=24354 stream_us=8
2026-09-26T21:20:00.085130Z	debug	dynamo_static_selector_rpc	static selector RPC	connection.id=942 request.id=242406 request_id=8855fb59-a10e-46fe-9ed7-9892e4f23f00 elapsed_us=23263
static_stage_us prepare=45215 prefill=24382 select=23277 decode=1428 total=94302
2026-09-26T21:20:00.109658Z	debug	dynamo_static_rpc_split	static prefill RPC split	connection.id=612 request.id=242657 request_id=4d12e5f9-f5d3-4ea0-a3e5-058496713900 headers_us=30118 stream_us=16
2026-09-26T21:20:00.144127Z	debug	dynamo_static_rpc_split	static prefill RPC split	connection.id=517 request.id=242865 request_id=cefdf1a0-d1d3-40ae-9093-c18bb68a1100 headers_us=34583 stream_us=87
2026-09-26T21:20:00.145835Z	debug	dynamo_static_selector_rpc	static selector RPC	connection.id=612 request.id=242657 request_id=4d12e5f9-f5d3-4ea0-a3e5-058496713900 elapsed_us=36162
static_stage_us prepare=53162 prefill=30151 select=36173 decode=1797 total=121283
2026-09-26T21:20:00.174544Z	debug	dynamo_static_selector_rpc	static selector RPC	connection.id=517 request.id=242865 request_id=cefdf1a0-d1d3-40ae-9093-c18bb68a1100 elapsed_us=30400
static_stage_us prepare=50942 prefill=34687 select=30419 decode=919 total=116967
2026-09-26T21:20:00.181759Z	debug	dynamo_static_rpc_split	static prefill RPC split	connection.id=617 request.id=243082 request_id=2cae56e5-7d96-4e29-b3f8-c7d09f2ed200 headers_us=32473 stream_us=6
2026-09-26T21:20:00.181778Z	debug	dynamo_static_rpc_split	static prefill RPC split	connection.id=146 request.id=243084 request_id=83ff8d52-2653-452f-8c9d-0dc63852c100 headers_us=32480 stream_us=12
2026-09-26T21:20:00.210034Z	debug	dynamo_static_selector_rpc	static selector RPC	connection.id=617 request.id=243082 request_id=2cae56e5-7d96-4e29-b3f8-c7d09f2ed200 elapsed_us=28252
static_stage_us prepare=60968 prefill=32504 select=28277 decode=1951 total=123700
2026-09-26T21:20:00.213504Z	debug	dynamo_static_selector_rpc	static selector RPC	connection.id=146 request.id=243084 request_id=83ff8d52-2653-452f-8c9d-0dc63852c100 elapsed_us=31716
static_stage_us prepare=60775 prefill=32502 select=31731 decode=2623 total=127631
2026-09-26T21:20:00.322941Z	debug	dynamo_static_rpc_split	static prefill RPC split	connection.id=308 request.id=244069 request_id=bd66cbe0-cf5b-421b-b099-8ae785ca1d00 headers_us=28780 stream_us=3
2026-09-26T21:20:00.322976Z	debug	dynamo_static_rpc_split	static prefill RPC split	connection.id=269 request.id=244080 request_id=daa56039-f497-48d7-91ed-9dd9f395be00 headers_us=28752 stream_us=2
2026-09-26T21:20:00.346327Z	debug	dynamo_static_selector_rpc	static selector RPC	connection.id=308 request.id=244069 request_id=bd66cbe0-cf5b-421b-b099-8ae785ca1d00 elapsed_us=23368
2026-09-26T21:20:00.346567Z	debug	dynamo_static_selector_rpc	static selector RPC	connection.id=269 request.id=244080 request_id=daa56039-f497-48d7-91ed-9dd9f395be00 elapsed_us=23589
static_stage_us prepare=43114 prefill=28808 select=23385 decode=1272 total=96579
static_stage_us prepare=41862 prefill=28758 select=23600 decode=1112 total=95332
2026-09-26T21:20:00.366048Z	debug	dynamo_static_rpc_split	static prefill RPC split	connection.id=510 request.id=244365 request_id=36d359b3-c5f0-4508-83cd-0507ad9f8e00 headers_us=25353 stream_us=4
2026-09-26T21:20:00.393982Z	debug	dynamo_static_selector_rpc	static selector RPC	connection.id=510 request.id=244365 request_id=36d359b3-c5f0-4508-83cd-0507ad9f8e00 elapsed_us=27920
static_stage_us prepare=50913 prefill=25372 select=27935 decode=1129 total=105349
2026-09-26T21:20:00.432829Z	debug	dynamo_static_rpc_split	static prefill RPC split	connection.id=932 request.id=244789 request_id=81d3e737-7c26-496a-8cd9-e2e626797f00 headers_us=25773 stream_us=4
2026-09-26T21:20:00.456681Z	debug	dynamo_static_selector_rpc	static selector RPC	connection.id=932 request.id=244789 request_id=81d3e737-7c26-496a-8cd9-e2e626797f00 elapsed_us=23811
static_stage_us prepare=48539 prefill=25819 select=23830 decode=1625 total=99813
2026-09-26T21:20:00.478497Z	debug	dynamo_static_rpc_split	static prefill RPC split	connection.id=373 request.id=245114 request_id=aa501683-43f6-45dd-8b94-88acf25ddd00 headers_us=31341 stream_us=3
2026-09-26T21:20:00.486815Z	debug	dynamo_static_rpc_split	static prefill RPC split	connection.id=272 request.id=245146 request_id=550c311a-98a3-4cdd-81e7-79acfc5ef300 headers_us=27238 stream_us=39
2026-09-26T21:20:00.506443Z	debug	dynamo_static_selector_rpc	static selector RPC	connection.id=373 request.id=245114 request_id=aa501683-43f6-45dd-8b94-88acf25ddd00 elapsed_us=27914
2026-09-26T21:20:00.508972Z	debug	dynamo_static_selector_rpc	static selector RPC	connection.id=272 request.id=245146 request_id=550c311a-98a3-4cdd-81e7-79acfc5ef300 elapsed_us=22096
static_stage_us prepare=42700 prefill=31376 select=27932 decode=4048 total=106056
static_stage_us prepare=51595 prefill=27338 select=22108 decode=2247 total=103288
2026-09-26T21:20:00.534400Z	debug	dynamo_static_rpc_split	static prefill RPC split	connection.id=732 request.id=245467 request_id=f537fdbc-1141-4f3d-b4d4-6d20ffe04100 headers_us=24543 stream_us=2
2026-09-26T21:20:00.534605Z	debug	dynamo_static_rpc_split	static prefill RPC split	connection.id=647 request.id=245449 request_id=2349777a-f0b8-400b-a055-897e5965e000 headers_us=26973 stream_us=4
2026-09-26T21:20:00.536021Z	debug	dynamo_static_rpc_split	static prefill RPC split	connection.id=632 request.id=245497 request_id=b2fb5f32-1374-4543-a1ea-d6736448f700 headers_us=25657 stream_us=4
2026-09-26T21:20:00.536550Z	debug	dynamo_static_rpc_split	static prefill RPC split	connection.id=903 request.id=245551 request_id=3fe02903-e574-439e-b30b-0fe6b34d9d00 headers_us=17307 stream_us=11
2026-09-26T21:20:00.540734Z	debug	dynamo_static_rpc_split	static prefill RPC split	connection.id=427 request.id=245580 request_id=878d12af-b485-4b4d-ad83-0fc4b1746600 headers_us=21042 stream_us=4
2026-09-26T21:20:00.557224Z	debug	dynamo_static_selector_rpc	static selector RPC	connection.id=647 request.id=245449 request_id=2349777a-f0b8-400b-a055-897e5965e000 elapsed_us=22607
2026-09-26T21:20:00.557690Z	debug	dynamo_static_rpc_split	static prefill RPC split	connection.id=723 request.id=245701 request_id=27118a4d-74e4-45bf-9599-2534d29b9900 headers_us=22018 stream_us=6
static_stage_us prepare=47857 prefill=26998 select=22622 decode=1825 total=99302
2026-09-26T21:20:00.560047Z	debug	dynamo_static_selector_rpc	static selector RPC	connection.id=732 request.id=245467 request_id=f537fdbc-1141-4f3d-b4d4-6d20ffe04100 elapsed_us=25630
static_stage_us prepare=47158 prefill=24563 select=25649 decode=830 total=98200
2026-09-26T21:20:00.563503Z	debug	dynamo_static_selector_rpc	static selector RPC	connection.id=427 request.id=245580 request_id=878d12af-b485-4b4d-ad83-0fc4b1746600 elapsed_us=22758
2026-09-26T21:20:00.564842Z	debug	dynamo_static_selector_rpc	static selector RPC	connection.id=903 request.id=245551 request_id=3fe02903-e574-439e-b30b-0fe6b34d9d00 elapsed_us=28244
static_stage_us prepare=41241 prefill=21058 select=22769 decode=2258 total=87326
static_stage_us prepare=45702 prefill=17366 select=28256 decode=1809 total=93133
2026-09-26T21:20:00.570806Z	debug	dynamo_static_selector_rpc	static selector RPC	connection.id=632 request.id=245497 request_id=b2fb5f32-1374-4543-a1ea-d6736448f700 elapsed_us=34736
static_stage_us prepare=41541 prefill=25709 select=34749 decode=732 total=102731
2026-09-26T21:20:00.578445Z	debug	dynamo_static_rpc_split	static prefill RPC split	connection.id=496 request.id=245807 request_id=35725343-7c68-4704-9f55-7ad0e2fded00 headers_us=22599 stream_us=8
2026-09-26T21:20:00.582197Z	debug	dynamo_static_selector_rpc	static selector RPC	connection.id=723 request.id=245701 request_id=27118a4d-74e4-45bf-9599-2534d29b9900 elapsed_us=24479
static_stage_us prepare=39521 prefill=22054 select=24501 decode=859 total=86935
2026-09-26T21:20:00.609127Z	debug	dynamo_static_selector_rpc	static selector RPC	connection.id=496 request.id=245807 request_id=35725343-7c68-4704-9f55-7ad0e2fded00 elapsed_us=30648
2026-09-26T21:20:00.609858Z	debug	dynamo_static_rpc_split	static prefill RPC split	connection.id=434 request.id=246014 request_id=85672eec-48af-404e-b70e-f16c50fd1200 headers_us=23222 stream_us=5
static_stage_us prepare=44783 prefill=22642 select=30662 decode=1873 total=99960
2026-09-26T21:20:00.627631Z	debug	dynamo_static_rpc_split	static prefill RPC split	connection.id=355 request.id=246126 request_id=50d45c4f-fdd4-4631-8209-185561030700 headers_us=26093 stream_us=4
2026-09-26T21:20:00.634291Z	debug	dynamo_static_selector_rpc	static selector RPC	connection.id=434 request.id=246014 request_id=85672eec-48af-404e-b70e-f16c50fd1200 elapsed_us=24423
static_stage_us prepare=39198 prefill=23239 select=24434 decode=5122 total=91993
2026-09-26T21:20:00.646525Z	debug	dynamo_static_selector_rpc	static selector RPC	connection.id=355 request.id=246126 request_id=50d45c4f-fdd4-4631-8209-185561030700 elapsed_us=18883
static_stage_us prepare=38954 prefill=26108 select=18895 decode=1220 total=85177
2026-09-26T21:20:00.765454Z	debug	dynamo_static_rpc_split	static prefill RPC split	connection.id=650 request.id=247053 request_id=420c3b4e-cc02-49f5-bac3-2d9744fd0600 headers_us=26143 stream_us=12
2026-09-26T21:20:00.776736Z	debug	dynamo_static_rpc_split	static prefill RPC split	connection.id=169 request.id=247127 request_id=46f8a86d-75b8-476e-b23a-db6328f53d00 headers_us=25579 stream_us=4
2026-09-26T21:20:00.786701Z	debug	dynamo_static_rpc_split	static prefill RPC split	connection.id=299 request.id=247165 request_id=dfceac1b-ef87-4c81-9eb6-c839e5394400 headers_us=33065 stream_us=4
2026-09-26T21:20:00.793545Z	debug	dynamo_static_selector_rpc	static selector RPC	connection.id=650 request.id=247053 request_id=420c3b4e-cc02-49f5-bac3-2d9744fd0600 elapsed_us=28043
static_stage_us prepare=48758 prefill=26204 select=28056 decode=768 total=103786
2026-09-26T21:20:00.799656Z	debug	dynamo_static_selector_rpc	static selector RPC	connection.id=169 request.id=247127 request_id=46f8a86d-75b8-476e-b23a-db6328f53d00 elapsed_us=22902
static_stage_us prepare=51314 prefill=25601 select=22917 decode=1361 total=101193
2026-09-26T21:20:00.803615Z	debug	dynamo_static_rpc_split	static prefill RPC split	connection.id=502 request.id=247354 request_id=f8418803-7c23-4dd1-aae7-9e50f7725d00 headers_us=26317 stream_us=68
2026-09-26T21:20:00.816121Z	debug	dynamo_static_selector_rpc	static selector RPC	connection.id=299 request.id=247165 request_id=dfceac1b-ef87-4c81-9eb6-c839e5394400 elapsed_us=29401
static_stage_us prepare=47706 prefill=33089 select=29414 decode=1018 total=111227
2026-09-26T21:20:00.829163Z	debug	dynamo_static_selector_rpc	static selector RPC	connection.id=502 request.id=247354 request_id=f8418803-7c23-4dd1-aae7-9e50f7725d00 elapsed_us=25532
static_stage_us prepare=45161 prefill=26402 select=25549 decode=849 total=97961
2026-09-26T21:20:00.865972Z	debug	dynamo_static_rpc_split	static prefill RPC split	connection.id=380 request.id=247791 request_id=75299f68-43b5-4eed-b03a-08cef6910f00 headers_us=22726 stream_us=9
2026-09-26T21:20:00.880514Z	debug	dynamo_static_rpc_split	static prefill RPC split	connection.id=749 request.id=247818 request_id=0165daaf-52a3-4230-8d1f-c6506f066e00 headers_us=31098 stream_us=5
2026-09-26T21:20:00.895482Z	debug	dynamo_static_selector_rpc	static selector RPC	connection.id=380 request.id=247791 request_id=75299f68-43b5-4eed-b03a-08cef6910f00 elapsed_us=29495
static_stage_us prepare=43117 prefill=22752 select=29511 decode=1994 total=97374
2026-09-26T21:20:00.908577Z	debug	dynamo_static_selector_rpc	static selector RPC	connection.id=749 request.id=247818 request_id=0165daaf-52a3-4230-8d1f-c6506f066e00 elapsed_us=28047
static_stage_us prepare=46119 prefill=31119 select=28061 decode=822 total=106121
2026-09-26T21:20:00.921568Z	debug	dynamo_static_rpc_split	static prefill RPC split	connection.id=416 request.id=248083 request_id=53c6e020-4f6c-4bae-923d-ae5f37156b00 headers_us=26442 stream_us=52
2026-09-26T21:20:00.928570Z	debug	dynamo_static_rpc_split	static prefill RPC split	connection.id=253 request.id=248161 request_id=1e76e441-9fa7-4ad5-b79d-ee5cf05f1100 headers_us=31224 stream_us=6
2026-09-26T21:20:00.950433Z	debug	dynamo_static_selector_rpc	static selector RPC	connection.id=416 request.id=248083 request_id=53c6e020-4f6c-4bae-923d-ae5f37156b00 elapsed_us=28813
static_stage_us prepare=55733 prefill=26547 select=28830 decode=861 total=111971
2026-09-26T21:20:00.958112Z	debug	dynamo_static_rpc_split	static prefill RPC split	connection.id=642 request.id=248366 request_id=3876784b-da51-4569-b5f6-f28272f16d00 headers_us=34667 stream_us=38
2026-09-26T21:20:00.960007Z	debug	dynamo_static_selector_rpc	static selector RPC	connection.id=253 request.id=248161 request_id=1e76e441-9fa7-4ad5-b79d-ee5cf05f1100 elapsed_us=31396
static_stage_us prepare=45777 prefill=31272 select=31411 decode=697 total=109157
2026-09-26T21:20:00.985335Z	debug	dynamo_static_selector_rpc	static selector RPC	connection.id=642 request.id=248366 request_id=3876784b-da51-4569-b5f6-f28272f16d00 elapsed_us=27185
static_stage_us prepare=42290 prefill=34743 select=27212 decode=2467 total=106712
2026-09-26T21:20:01.016886Z	debug	dynamo_static_rpc_split	static prefill RPC split	connection.id=781 request.id=248728 request_id=9935be1a-bc9a-47c2-9a7d-1ded61c81f00 headers_us=29106 stream_us=10
2026-09-26T21:20:01.044901Z	debug	dynamo_static_rpc_split	static prefill RPC split	connection.id=531 request.id=248916 request_id=d95f7e10-3c36-4e7b-90af-2dc990a84300 headers_us=29055 stream_us=10
2026-09-26T21:20:01.046753Z	debug	dynamo_static_selector_rpc	static selector RPC	connection.id=781 request.id=248728 request_id=9935be1a-bc9a-47c2-9a7d-1ded61c81f00 elapsed_us=29841
static_stage_us prepare=48702 prefill=29144 select=29857 decode=1738 total=109441
2026-09-26T21:20:01.072660Z	debug	dynamo_static_rpc_split	static prefill RPC split	connection.id=238 request.id=249069 request_id=5b0d1e7f-06c8-4a07-9076-f7baac8b6500 headers_us=29211 stream_us=13
2026-09-26T21:20:01.078455Z	debug	dynamo_static_selector_rpc	static selector RPC	connection.id=531 request.id=248916 request_id=d95f7e10-3c36-4e7b-90af-2dc990a84300 elapsed_us=33539
static_stage_us prepare=48635 prefill=29080 select=33554 decode=2562 total=113831
2026-09-26T21:20:01.099862Z	debug	dynamo_static_selector_rpc	static selector RPC	connection.id=238 request.id=249069 request_id=5b0d1e7f-06c8-4a07-9076-f7baac8b6500 elapsed_us=27154
static_stage_us prepare=54063 prefill=29273 select=27168 decode=1323 total=111827
2026-09-26T21:20:01.101988Z	debug	dynamo_static_rpc_split	static prefill RPC split	connection.id=315 request.id=249338 request_id=cba2150e-170b-4e73-9b35-44207aad3500 headers_us=23685 stream_us=5
2026-09-26T21:20:01.105654Z	debug	dynamo_static_rpc_split	static prefill RPC split	connection.id=751 request.id=249341 request_id=dd8b7916-c22e-4dff-b8b5-21e2bd57d600 headers_us=27309 stream_us=15
2026-09-26T21:20:01.115757Z	debug	dynamo_static_rpc_split	static prefill RPC split	connection.id=510 request.id=249407 request_id=78d9814e-4773-47d2-bc8c-6da880653200 headers_us=22816 stream_us=8
2026-09-26T21:20:01.123459Z	debug	dynamo_static_rpc_split	static prefill RPC split	connection.id=152 request.id=249485 request_id=a84593e5-47b4-45d5-850e-af3c2c2da300 headers_us=23061 stream_us=45
2026-09-26T21:20:01.129436Z	debug	dynamo_static_selector_rpc	static selector RPC	connection.id=751 request.id=249341 request_id=dd8b7916-c22e-4dff-b8b5-21e2bd57d600 elapsed_us=23768
static_stage_us prepare=49827 prefill=27339 select=23785 decode=1009 total=101960
2026-09-26T21:20:01.132991Z	debug	dynamo_static_selector_rpc	static selector RPC	connection.id=315 request.id=249338 request_id=cba2150e-170b-4e73-9b35-44207aad3500 elapsed_us=30989
static_stage_us prepare=50030 prefill=23704 select=31007 decode=1769 total=106510
2026-09-26T21:20:01.138441Z	debug	dynamo_static_selector_rpc	static selector RPC	connection.id=510 request.id=249407 request_id=78d9814e-4773-47d2-bc8c-6da880653200 elapsed_us=22663
static_stage_us prepare=52913 prefill=22847 select=22688 decode=1769 total=100217
2026-09-26T21:20:01.148825Z	debug	dynamo_static_selector_rpc	static selector RPC	connection.id=152 request.id=249485 request_id=a84593e5-47b4-45d5-850e-af3c2c2da300 elapsed_us=25334
static_stage_us prepare=48884 prefill=23145 select=25349 decode=922 total=98300
2026-09-26T21:20:01.167449Z	debug	dynamo_static_rpc_split	static prefill RPC split	connection.id=702 request.id=249805 request_id=c2bcd08f-014a-494d-8b7c-9a4626b7cd00 headers_us=25331 stream_us=4
2026-09-26T21:20:01.194574Z	debug	dynamo_static_selector_rpc	static selector RPC	connection.id=702 request.id=249805 request_id=c2bcd08f-014a-494d-8b7c-9a4626b7cd00 elapsed_us=27112
static_stage_us prepare=42499 prefill=25349 select=27129 decode=2088 total=97065
2026-09-26T21:20:01.220996Z	debug	dynamo_static_rpc_split	static prefill RPC split	connection.id=154 request.id=250115 request_id=9295f367-6264-4427-9e88-a05d9149c400 headers_us=24171 stream_us=4
2026-09-26T21:20:01.221884Z	debug	dynamo_static_rpc_split	static prefill RPC split	connection.id=631 request.id=250116 request_id=51b7e306-3b16-4a7c-8c8f-65c6f9c3fe00 headers_us=25010 stream_us=17
2026-09-26T21:20:01.239810Z	debug	dynamo_static_rpc_split	static prefill RPC split	connection.id=497 request.id=250205 request_id=dc4022b9-6e2e-4933-86d9-594b0abd3100 headers_us=26758 stream_us=7
2026-09-26T21:20:01.242690Z	debug	dynamo_static_selector_rpc	static selector RPC	connection.id=631 request.id=250116 request_id=51b7e306-3b16-4a7c-8c8f-65c6f9c3fe00 elapsed_us=20794
static_stage_us prepare=48669 prefill=25038 select=20809 decode=716 total=95232
2026-09-26T21:20:01.245555Z	debug	dynamo_static_selector_rpc	static selector RPC	connection.id=154 request.id=250115 request_id=9295f367-6264-4427-9e88-a05d9149c400 elapsed_us=24538
static_stage_us prepare=48906 prefill=24198 select=24672 decode=805 total=98581
2026-09-26T21:20:01.260652Z	debug	dynamo_static_selector_rpc	static selector RPC	connection.id=497 request.id=250205 request_id=dc4022b9-6e2e-4933-86d9-594b0abd3100 elapsed_us=20823
static_stage_us prepare=53028 prefill=26786 select=20841 decode=1515 total=102170
2026-09-26T21:20:01.271157Z	debug	dynamo_static_rpc_split	static prefill RPC split	connection.id=570 request.id=250482 request_id=461a114a-eb9c-4740-9048-50df2c527b00 headers_us=23005 stream_us=9
2026-09-26T21:20:01.291468Z	debug	dynamo_static_selector_rpc	static selector RPC	connection.id=570 request.id=250482 request_id=461a114a-eb9c-4740-9048-50df2c527b00 elapsed_us=20283
static_stage_us prepare=41404 prefill=23042 select=20298 decode=1923 total=86667
2026-09-26T21:20:01.297612Z	debug	dynamo_static_rpc_split	static prefill RPC split	connection.id=700 request.id=250679 request_id=67f38dfc-9ad0-4314-8a3d-c06870e1d700 headers_us=22233 stream_us=3
2026-09-26T21:20:01.322722Z	debug	dynamo_static_selector_rpc	static selector RPC	connection.id=700 request.id=250679 request_id=67f38dfc-9ad0-4314-8a3d-c06870e1d700 elapsed_us=25097
static_stage_us prepare=38585 prefill=22251 select=25131 decode=1566 total=87533
2026-09-26T21:20:01.325244Z	debug	dynamo_static_rpc_split	static prefill RPC split	connection.id=625 request.id=250945 request_id=3bdba8d9-a733-4861-8ab9-19b75d67e900 headers_us=18267 stream_us=23
2026-09-26T21:20:01.346990Z	debug	dynamo_static_selector_rpc	static selector RPC	connection.id=625 request.id=250945 request_id=3bdba8d9-a733-4861-8ab9-19b75d67e900 elapsed_us=21731
static_stage_us prepare=27397 prefill=18305 select=21743 decode=2396 total=69841
2026-09-26T21:20:01.441450Z	debug	dynamo_static_rpc_split	static prefill RPC split	connection.id=189 request.id=251578 request_id=97c3e762-9950-4890-a84d-145558a0d400 headers_us=36240 stream_us=12
2026-09-26T21:20:01.472705Z	debug	dynamo_static_selector_rpc	static selector RPC	connection.id=189 request.id=251578 request_id=97c3e762-9950-4890-a84d-145558a0d400 elapsed_us=31233
static_stage_us prepare=46850 prefill=36274 select=31254 decode=1116 total=115494
2026-09-26T21:20:01.534272Z	debug	dynamo_static_rpc_split	static prefill RPC split	connection.id=308 request.id=252229 request_id=1b635ec0-2592-4d7b-850d-ad6a3e6fe900 headers_us=26106 stream_us=29
2026-09-26T21:20:01.568255Z	debug	dynamo_static_selector_rpc	static selector RPC	connection.id=308 request.id=252229 request_id=1b635ec0-2592-4d7b-850d-ad6a3e6fe900 elapsed_us=33960
static_stage_us prepare=51710 prefill=26158 select=33983 decode=1114 total=112965
2026-09-26T21:20:01.616131Z	debug	dynamo_static_rpc_split	static prefill RPC split	connection.id=550 request.id=252693 request_id=88d82ab9-85a3-4071-9e13-796da209d100 headers_us=36299 stream_us=12
2026-09-26T21:20:01.617065Z	debug	dynamo_static_rpc_split	static prefill RPC split	connection.id=490 request.id=252736 request_id=3b2d9ff4-e89f-4202-b647-4d5b98e31200 headers_us=33825 stream_us=8
2026-09-26T21:20:01.643211Z	debug	dynamo_static_selector_rpc	static selector RPC	connection.id=490 request.id=252736 request_id=3b2d9ff4-e89f-4202-b647-4d5b98e31200 elapsed_us=26119
static_stage_us prepare=50756 prefill=33860 select=26136 decode=902 total=111654
2026-09-26T21:20:01.647089Z	debug	dynamo_static_selector_rpc	static selector RPC	connection.id=550 request.id=252693 request_id=88d82ab9-85a3-4071-9e13-796da209d100 elapsed_us=30936
static_stage_us prepare=54904 prefill=36334 select=30970 decode=1441 total=123649
2026-09-26T21:20:01.696027Z	debug	dynamo_static_rpc_split	static prefill RPC split	connection.id=874 request.id=253208 request_id=7da201d4-2d84-4b2e-9619-355bb6254600 headers_us=25415 stream_us=11
2026-09-26T21:20:01.703348Z	debug	dynamo_static_rpc_split	static prefill RPC split	connection.id=668 request.id=253244 request_id=94189d3d-7bcc-4591-9373-62aa97845300 headers_us=27709 stream_us=71
2026-09-26T21:20:01.719905Z	debug	dynamo_static_selector_rpc	static selector RPC	connection.id=874 request.id=253208 request_id=7da201d4-2d84-4b2e-9619-355bb6254600 elapsed_us=23859
static_stage_us prepare=52358 prefill=25445 select=23910 decode=1505 total=103218
2026-09-26T21:20:01.728487Z	debug	dynamo_static_selector_rpc	static selector RPC	connection.id=668 request.id=253244 request_id=94189d3d-7bcc-4591-9373-62aa97845300 elapsed_us=25121
static_stage_us prepare=53595 prefill=27799 select=25137 decode=2057 total=108588
2026-09-26T21:20:01.763023Z	debug	dynamo_static_rpc_split	static prefill RPC split	connection.id=883 request.id=253644 request_id=09e7e5ba-3e93-4c1d-995f-08fb867cb400 headers_us=23981 stream_us=12
2026-09-26T21:20:01.768757Z	debug	dynamo_static_rpc_split	static prefill RPC split	connection.id=644 request.id=253737 request_id=dc603400-050a-4a9b-8ec4-952f297c3000 headers_us=22073 stream_us=5
2026-09-26T21:20:01.769071Z	debug	dynamo_static_rpc_split	static prefill RPC split	connection.id=734 request.id=253723 request_id=7e9ba392-b45b-4ed9-bce7-fb0a740b5d00 headers_us=24057 stream_us=3
2026-09-26T21:20:01.793396Z	debug	dynamo_static_selector_rpc	static selector RPC	connection.id=883 request.id=253644 request_id=09e7e5ba-3e93-4c1d-995f-08fb867cb400 elapsed_us=30331
static_stage_us prepare=49844 prefill=24035 select=30347 decode=839 total=105065
2026-09-26T21:20:01.801529Z	debug	dynamo_static_selector_rpc	static selector RPC	connection.id=644 request.id=253737 request_id=dc603400-050a-4a9b-8ec4-952f297c3000 elapsed_us=32758
static_stage_us prepare=45266 prefill=22092 select=32772 decode=839 total=100969
2026-09-26T21:20:01.802727Z	debug	dynamo_static_selector_rpc	static selector RPC	connection.id=734 request.id=253723 request_id=7e9ba392-b45b-4ed9-bce7-fb0a740b5d00 elapsed_us=33638
static_stage_us prepare=45404 prefill=24078 select=33654 decode=914 total=104050
2026-09-26T21:20:01.813310Z	debug	dynamo_static_rpc_split	static prefill RPC split	connection.id=638 request.id=253958 request_id=96f3d5ed-a9d8-4b2b-b3f4-3acae1c1ff00 headers_us=29984 stream_us=9
2026-09-26T21:20:01.847239Z	debug	dynamo_static_selector_rpc	static selector RPC	connection.id=638 request.id=253958 request_id=96f3d5ed-a9d8-4b2b-b3f4-3acae1c1ff00 elapsed_us=33915
static_stage_us prepare=48348 prefill=30008 select=33930 decode=1943 total=114229
2026-09-26T21:20:01.904541Z	debug	dynamo_static_rpc_split	static prefill RPC split	connection.id=575 request.id=254518 request_id=152d0133-b6df-431b-8275-e97e3c7bba00 headers_us=28721 stream_us=138
2026-09-26T21:20:01.927104Z	debug	dynamo_static_selector_rpc	static selector RPC	connection.id=575 request.id=254518 request_id=152d0133-b6df-431b-8275-e97e3c7bba00 elapsed_us=22544
static_stage_us prepare=59497 prefill=28876 select=22574 decode=1130 total=112077
2026-09-26T21:20:01.960925Z	debug	dynamo_static_rpc_split	static prefill RPC split	connection.id=140 request.id=254932 request_id=c30a14c0-c299-4b3b-a2f8-e0adfe7d2800 headers_us=25987 stream_us=9
2026-09-26T21:20:01.987355Z	debug	dynamo_static_rpc_split	static prefill RPC split	connection.id=367 request.id=255009 request_id=50d0d06b-587d-4282-9f29-8b4a56543400 headers_us=30645 stream_us=9
2026-09-26T21:20:01.987795Z	debug	dynamo_static_selector_rpc	static selector RPC	connection.id=140 request.id=254932 request_id=c30a14c0-c299-4b3b-a2f8-e0adfe7d2800 elapsed_us=26838
static_stage_us prepare=45238 prefill=26030 select=26871 decode=1066 total=99205
2026-09-26T21:20:02.006948Z	debug	dynamo_static_rpc_split	static prefill RPC split	connection.id=243 request.id=255130 request_id=ba4d5a15-6639-4253-bb54-b4aa00e1ba00 headers_us=29160 stream_us=17
2026-09-26T21:20:02.013904Z	debug	dynamo_static_selector_rpc	static selector RPC	connection.id=367 request.id=255009 request_id=50d0d06b-587d-4282-9f29-8b4a56543400 elapsed_us=26532
static_stage_us prepare=54811 prefill=30671 select=26548 decode=1366 total=113396
2026-09-26T21:20:02.034907Z	debug	dynamo_static_selector_rpc	static selector RPC	connection.id=243 request.id=255130 request_id=ba4d5a15-6639-4253-bb54-b4aa00e1ba00 elapsed_us=27944
static_stage_us prepare=60233 prefill=29192 select=27959 decode=1888 total=119272
2026-09-26T21:20:02.052686Z	debug	dynamo_static_rpc_split	static prefill RPC split	connection.id=470 request.id=255529 request_id=b2872d44-3699-4052-91a5-18f85651a500 headers_us=28335 stream_us=9
2026-09-26T21:20:02.075050Z	debug	dynamo_static_selector_rpc	static selector RPC	connection.id=470 request.id=255529 request_id=b2872d44-3699-4052-91a5-18f85651a500 elapsed_us=22346
static_stage_us prepare=49307 prefill=28363 select=22361 decode=896 total=100927
2026-09-26T21:20:02.135125Z	debug	dynamo_static_rpc_split	static prefill RPC split	connection.id=491 request.id=256049 request_id=d38bd9a4-550c-4d97-8e96-4a41e1e9a500 headers_us=26321 stream_us=3
2026-09-26T21:20:02.166102Z	debug	dynamo_static_selector_rpc	static selector RPC	connection.id=491 request.id=256049 request_id=d38bd9a4-550c-4d97-8e96-4a41e1e9a500 elapsed_us=30958
static_stage_us prepare=42081 prefill=26344 select=30975 decode=1552 total=100952
2026-09-26T21:20:02.281167Z	debug	dynamo_static_rpc_split	static prefill RPC split	connection.id=879 request.id=257017 request_id=c55f5840-752b-422c-b529-09e197f33c00 headers_us=28884 stream_us=19
2026-09-26T21:20:02.305613Z	debug	dynamo_static_selector_rpc	static selector RPC	connection.id=879 request.id=257017 request_id=c55f5840-752b-422c-b529-09e197f33c00 elapsed_us=24418
static_stage_us prepare=47184 prefill=28935 select=24434 decode=1062 total=101615
2026-09-26T21:20:02.382634Z	debug	dynamo_static_rpc_split	static prefill RPC split	connection.id=445 request.id=257697 request_id=6936ec27-1cd6-4db6-9122-8f0c5f451100 headers_us=27000 stream_us=3
2026-09-26T21:20:02.390849Z	debug	dynamo_static_rpc_split	static prefill RPC split	connection.id=220 request.id=257750 request_id=0d871cf8-e6b3-47b1-b342-a1acdc96d100 headers_us=30764 stream_us=20
2026-09-26T21:20:02.397132Z	debug	dynamo_static_rpc_split	static prefill RPC split	connection.id=783 request.id=257773 request_id=6abcf0fa-2602-4c61-870b-8f104cfe4c00 headers_us=31758 stream_us=9
2026-09-26T21:20:02.413638Z	debug	dynamo_static_selector_rpc	static selector RPC	connection.id=445 request.id=257697 request_id=6936ec27-1cd6-4db6-9122-8f0c5f451100 elapsed_us=30984
static_stage_us prepare=42089 prefill=27024 select=30996 decode=952 total=101061
2026-09-26T21:20:02.421030Z	debug	dynamo_static_selector_rpc	static selector RPC	connection.id=220 request.id=257750 request_id=0d871cf8-e6b3-47b1-b342-a1acdc96d100 elapsed_us=30084
static_stage_us prepare=40026 prefill=30881 select=30103 decode=872 total=101882
2026-09-26T21:20:02.425851Z	debug	dynamo_static_rpc_split	static prefill RPC split	connection.id=604 request.id=257912 request_id=9e079a2b-1de3-4084-8eee-93d676330300 headers_us=31149 stream_us=4
2026-09-26T21:20:02.428292Z	debug	dynamo_static_selector_rpc	static selector RPC	connection.id=783 request.id=257773 request_id=6abcf0fa-2602-4c61-870b-8f104cfe4c00 elapsed_us=31146
static_stage_us prepare=42999 prefill=31781 select=31161 decode=1080 total=107021
2026-09-26T21:20:02.449336Z	debug	dynamo_static_selector_rpc	static selector RPC	connection.id=604 request.id=257912 request_id=9e079a2b-1de3-4084-8eee-93d676330300 elapsed_us=23473
static_stage_us prepare=49508 prefill=31165 select=23485 decode=2002 total=106160
2026-09-26T21:20:02.505603Z	debug	dynamo_static_rpc_split	static prefill RPC split	connection.id=588 request.id=258447 request_id=be2143cb-851c-4e66-ae5b-22940184e600 headers_us=30098 stream_us=11
2026-09-26T21:20:02.513310Z	debug	dynamo_static_rpc_split	static prefill RPC split	connection.id=684 request.id=258512 request_id=fd8459be-d19b-4968-aa5c-2e2cd39c2f00 headers_us=26949 stream_us=3
2026-09-26T21:20:02.526041Z	debug	dynamo_static_rpc_split	static prefill RPC split	connection.id=186 request.id=258534 request_id=dc875873-bc59-4680-bb82-cb4c3392e000 headers_us=28116 stream_us=17
2026-09-26T21:20:02.534777Z	debug	dynamo_static_rpc_split	static prefill RPC split	connection.id=173 request.id=258560 request_id=6c3b01d4-ddaf-4f43-9331-d2e1e6012000 headers_us=36801 stream_us=6
2026-09-26T21:20:02.535929Z	debug	dynamo_static_selector_rpc	static selector RPC	connection.id=588 request.id=258447 request_id=be2143cb-851c-4e66-ae5b-22940184e600 elapsed_us=30291
static_stage_us prepare=45903 prefill=30145 select=30327 decode=1844 total=108219
2026-09-26T21:20:02.542144Z	debug	dynamo_static_selector_rpc	static selector RPC	connection.id=684 request.id=258512 request_id=fd8459be-d19b-4968-aa5c-2e2cd39c2f00 elapsed_us=28821
static_stage_us prepare=49779 prefill=26965 select=28833 decode=1492 total=107069
2026-09-26T21:20:02.553856Z	debug	dynamo_static_selector_rpc	static selector RPC	connection.id=186 request.id=258534 request_id=dc875873-bc59-4680-bb82-cb4c3392e000 elapsed_us=27795
static_stage_us prepare=58221 prefill=28154 select=27808 decode=1019 total=115202
2026-09-26T21:20:02.561658Z	debug	dynamo_static_selector_rpc	static selector RPC	connection.id=173 request.id=258560 request_id=6c3b01d4-ddaf-4f43-9331-d2e1e6012000 elapsed_us=26867
static_stage_us prepare=51920 prefill=36822 select=26879 decode=903 total=116524
2026-09-26T21:20:02.632743Z	debug	dynamo_static_rpc_split	static prefill RPC split	connection.id=467 request.id=259211 request_id=03153392-db97-43df-9696-d18cf6fd3600 headers_us=29582 stream_us=4
2026-09-26T21:20:02.650485Z	debug	dynamo_static_rpc_split	static prefill RPC split	connection.id=786 request.id=259391 request_id=a580463c-b531-45ef-8cf7-3717ef2f2100 headers_us=22803 stream_us=14
2026-09-26T21:20:02.652091Z	debug	dynamo_static_rpc_split	static prefill RPC split	connection.id=819 request.id=259401 request_id=a6d3d461-5e17-486c-8a72-5a5c47607e00 headers_us=24398 stream_us=6
2026-09-26T21:20:02.661834Z	debug	dynamo_static_selector_rpc	static selector RPC	connection.id=467 request.id=259211 request_id=03153392-db97-43df-9696-d18cf6fd3600 elapsed_us=29070
static_stage_us prepare=52894 prefill=29609 select=29084 decode=1264 total=112851
2026-09-26T21:20:02.671554Z	debug	dynamo_static_rpc_split	static prefill RPC split	connection.id=752 request.id=259456 request_id=318f6253-e0c3-4247-9cd1-043ad15a0e00 headers_us=32692 stream_us=11
2026-09-26T21:20:02.680910Z	debug	dynamo_static_selector_rpc	static selector RPC	connection.id=786 request.id=259391 request_id=a580463c-b531-45ef-8cf7-3717ef2f2100 elapsed_us=30406
2026-09-26T21:20:02.681948Z	debug	dynamo_static_selector_rpc	static selector RPC	connection.id=819 request.id=259401 request_id=a6d3d461-5e17-486c-8a72-5a5c47607e00 elapsed_us=29841
static_stage_us prepare=52243 prefill=22837 select=30420 decode=2009 total=107509
static_stage_us prepare=49806 prefill=24421 select=29856 decode=2230 total=106313
2026-09-26T21:20:02.703088Z	debug	dynamo_static_selector_rpc	static selector RPC	connection.id=752 request.id=259456 request_id=318f6253-e0c3-4247-9cd1-043ad15a0e00 elapsed_us=31516
static_stage_us prepare=52268 prefill=32721 select=31533 decode=974 total=117496
2026-09-26T21:20:02.752858Z	debug	dynamo_static_rpc_split	static prefill RPC split	connection.id=578 request.id=260003 request_id=d1ef80fe-0040-4f18-89f8-c7fd6e069100 headers_us=26711 stream_us=20
2026-09-26T21:20:02.781766Z	debug	dynamo_static_selector_rpc	static selector RPC	connection.id=578 request.id=260003 request_id=d1ef80fe-0040-4f18-89f8-c7fd6e069100 elapsed_us=28890
static_stage_us prepare=53604 prefill=26750 select=28906 decode=1302 total=110562
2026-09-26T21:20:02.793182Z	debug	dynamo_static_rpc_split	static prefill RPC split	connection.id=786 request.id=260225 request_id=381ca2b6-4b25-4409-97b6-95152a828600 headers_us=31609 stream_us=3
2026-09-26T21:20:02.821761Z	debug	dynamo_static_selector_rpc	static selector RPC	connection.id=786 request.id=260225 request_id=381ca2b6-4b25-4409-97b6-95152a828600 elapsed_us=28564
static_stage_us prepare=52011 prefill=31627 select=28582 decode=1083 total=113303
2026-09-26T21:20:02.846500Z	debug	dynamo_static_rpc_split	static prefill RPC split	connection.id=854 request.id=260632 request_id=92952568-18cd-43b4-b38e-12253abca300 headers_us=23632 stream_us=3
2026-09-26T21:20:02.870480Z	debug	dynamo_static_rpc_split	static prefill RPC split	connection.id=777 request.id=260626 request_id=70f58246-dcc9-4405-9efa-698ef6cb8100 headers_us=47635 stream_us=4
2026-09-26T21:20:02.870504Z	debug	dynamo_static_rpc_split	static prefill RPC split	connection.id=336 request.id=260657 request_id=a5984a56-5911-43ed-8e1b-93426875cf00 headers_us=38392 stream_us=4
2026-09-26T21:20:02.870983Z	debug	dynamo_static_selector_rpc	static selector RPC	connection.id=854 request.id=260632 request_id=92952568-18cd-43b4-b38e-12253abca300 elapsed_us=24467
static_stage_us prepare=46841 prefill=23652 select=24482 decode=6694 total=101669
2026-09-26T21:20:02.898078Z	debug	dynamo_static_selector_rpc	static selector RPC	connection.id=336 request.id=260657 request_id=a5984a56-5911-43ed-8e1b-93426875cf00 elapsed_us=27564
static_stage_us prepare=52874 prefill=38407 select=27578 decode=1699 total=120558
2026-09-26T21:20:02.901386Z	debug	dynamo_static_selector_rpc	static selector RPC	connection.id=777 request.id=260626 request_id=70f58246-dcc9-4405-9efa-698ef6cb8100 elapsed_us=30888
static_stage_us prepare=47702 prefill=47658 select=30901 decode=4087 total=130348
2026-09-26T21:20:02.905799Z	debug	dynamo_static_rpc_split	static prefill RPC split	connection.id=679 request.id=260993 request_id=4b430163-162e-4f42-9003-7a15755ed800 headers_us=34757 stream_us=6
2026-09-26T21:20:02.906754Z	debug	dynamo_static_rpc_split	static prefill RPC split	connection.id=560 request.id=260935 request_id=789e1e17-7d71-4200-9610-2962f214e800 headers_us=35754 stream_us=7
2026-09-26T21:20:02.906906Z	debug	dynamo_static_rpc_split	static prefill RPC split	connection.id=860 request.id=261034 request_id=ae4c097b-64aa-4ebd-891e-1f4ad694d400 headers_us=35766 stream_us=5
2026-09-26T21:20:02.929181Z	debug	dynamo_static_selector_rpc	static selector RPC	connection.id=560 request.id=260935 request_id=789e1e17-7d71-4200-9610-2962f214e800 elapsed_us=22416
2026-09-26T21:20:02.929264Z	debug	dynamo_static_selector_rpc	static selector RPC	connection.id=679 request.id=260993 request_id=4b430163-162e-4f42-9003-7a15755ed800 elapsed_us=23452
static_stage_us prepare=42434 prefill=34777 select=23465 decode=1063 total=101739
2026-09-26T21:20:02.932573Z	debug	dynamo_static_selector_rpc	static selector RPC	connection.id=860 request.id=261034 request_id=ae4c097b-64aa-4ebd-891e-1f4ad694d400 elapsed_us=25532
static_stage_us prepare=54412 prefill=35772 select=22429 decode=4374 total=116987
static_stage_us prepare=32861 prefill=35906 select=25545 decode=2707 total=97019
2026-09-26T21:20:02.992220Z	debug	dynamo_static_rpc_split	static prefill RPC split	connection.id=951 request.id=261382 request_id=fdb75f60-4510-4b4c-b41b-8fda023cd100 headers_us=39069 stream_us=5
2026-09-26T21:20:02.992592Z	debug	dynamo_static_rpc_split	static prefill RPC split	connection.id=864 request.id=261384 request_id=5ba17f94-c7ff-428a-af5d-7e38fa217b00 headers_us=39378 stream_us=58
2026-09-26T21:20:03.001450Z	debug	dynamo_static_rpc_split	static prefill RPC split	connection.id=681 request.id=261583 request_id=a0cf42a3-5a4e-4afb-98d6-4bb98c795f00 headers_us=31713 stream_us=9
2026-09-26T21:20:03.023966Z	debug	dynamo_static_selector_rpc	static selector RPC	connection.id=864 request.id=261384 request_id=5ba17f94-c7ff-428a-af5d-7e38fa217b00 elapsed_us=31322
static_stage_us prepare=45877 prefill=39488 select=31335 decode=799 total=117499
2026-09-26T21:20:03.025775Z	debug	dynamo_static_selector_rpc	static selector RPC	connection.id=951 request.id=261382 request_id=fdb75f60-4510-4b4c-b41b-8fda023cd100 elapsed_us=33535
static_stage_us prepare=46104 prefill=39095 select=33554 decode=1791 total=120544
2026-09-26T21:20:03.036775Z	debug	dynamo_static_selector_rpc	static selector RPC	connection.id=681 request.id=261583 request_id=a0cf42a3-5a4e-4afb-98d6-4bb98c795f00 elapsed_us=35314
static_stage_us prepare=36062 prefill=31734 select=35326 decode=3324 total=106446
2026-09-26T21:20:03.045799Z	debug	dynamo_static_rpc_split	static prefill RPC split	connection.id=635 request.id=261876 request_id=6536d4bd-a34d-431a-890c-48f76baa6f00 headers_us=28600 stream_us=12
2026-09-26T21:20:03.071000Z	debug	dynamo_static_rpc_split	static prefill RPC split	connection.id=421 request.id=262078 request_id=e69555a4-58d6-4cf3-ab44-25c892b82300 headers_us=24872 stream_us=5
2026-09-26T21:20:03.072701Z	debug	dynamo_static_selector_rpc	static selector RPC	connection.id=635 request.id=261876 request_id=6536d4bd-a34d-431a-890c-48f76baa6f00 elapsed_us=26883
static_stage_us prepare=47895 prefill=28632 select=26896 decode=5199 total=108622
2026-09-26T21:20:03.097386Z	debug	dynamo_static_selector_rpc	static selector RPC	connection.id=421 request.id=262078 request_id=e69555a4-58d6-4cf3-ab44-25c892b82300 elapsed_us=26372
static_stage_us prepare=51375 prefill=24893 select=26386 decode=1511 total=104165
2026-09-26T21:20:03.111582Z	debug	dynamo_static_rpc_split	static prefill RPC split	connection.id=205 request.id=262284 request_id=6fdd3083-b9d3-41e0-b3a7-5f35f8ecb700 headers_us=20692 stream_us=2
2026-09-26T21:20:03.121450Z	debug	dynamo_static_rpc_split	static prefill RPC split	connection.id=914 request.id=262415 request_id=535213bf-cab8-4552-85bc-231b802a1400 headers_us=26272 stream_us=10
2026-09-26T21:20:03.142703Z	debug	dynamo_static_selector_rpc	static selector RPC	connection.id=205 request.id=262284 request_id=6fdd3083-b9d3-41e0-b3a7-5f35f8ecb700 elapsed_us=31089
static_stage_us prepare=41899 prefill=20726 select=31105 decode=736 total=94466
2026-09-26T21:20:03.147533Z	debug	dynamo_static_selector_rpc	static selector RPC	connection.id=914 request.id=262415 request_id=535213bf-cab8-4552-85bc-231b802a1400 elapsed_us=26065
static_stage_us prepare=33135 prefill=26301 select=26082 decode=1042 total=86560
2026-09-26T21:20:03.184928Z	debug	dynamo_static_rpc_split	static prefill RPC split	connection.id=342 request.id=262679 request_id=f491a29c-b054-400b-9a1f-82152dd0b400 headers_us=26212 stream_us=8
2026-09-26T21:20:03.194248Z	debug	dynamo_static_rpc_split	static prefill RPC split	connection.id=853 request.id=262753 request_id=b029fb61-90d8-421c-85de-05e02b81d600 headers_us=30079 stream_us=13
2026-09-26T21:20:03.211356Z	debug	dynamo_static_rpc_split	static prefill RPC split	connection.id=783 request.id=262850 request_id=d385f620-7b31-4315-b682-c45b0728a300 headers_us=25651 stream_us=27
2026-09-26T21:20:03.214010Z	debug	dynamo_static_selector_rpc	static selector RPC	connection.id=342 request.id=262679 request_id=f491a29c-b054-400b-9a1f-82152dd0b400 elapsed_us=28962
static_stage_us prepare=58190 prefill=26344 select=28972 decode=1236 total=114742
2026-09-26T21:20:03.224795Z	debug	dynamo_static_selector_rpc	static selector RPC	connection.id=853 request.id=262753 request_id=b029fb61-90d8-421c-85de-05e02b81d600 elapsed_us=30531
static_stage_us prepare=55657 prefill=30111 select=30545 decode=1198 total=117511
2026-09-26T21:20:03.236596Z	debug	dynamo_static_selector_rpc	static selector RPC	connection.id=783 request.id=262850 request_id=d385f620-7b31-4315-b682-c45b0728a300 elapsed_us=25224
static_stage_us prepare=63588 prefill=25696 select=25237 decode=1260 total=115781
2026-09-26T21:20:03.271851Z	debug	dynamo_static_rpc_split	static prefill RPC split	connection.id=497 request.id=263270 request_id=6b094f9e-3e45-41ff-8cdd-c3cb365cc100 headers_us=28207 stream_us=10
2026-09-26T21:20:03.302149Z	debug	dynamo_static_selector_rpc	static selector RPC	connection.id=497 request.id=263270 request_id=6b094f9e-3e45-41ff-8cdd-c3cb365cc100 elapsed_us=30281
static_stage_us prepare=52669 prefill=28235 select=30295 decode=2479 total=113678
2026-09-26T21:20:03.390254Z	debug	dynamo_static_rpc_split	static prefill RPC split	connection.id=873 request.id=264081 request_id=5c2da899-99cf-4f9e-9c96-fe5f0df61300 headers_us=26575 stream_us=10
2026-09-26T21:20:03.390296Z	debug	dynamo_static_rpc_split	static prefill RPC split	connection.id=425 request.id=264023 request_id=95c3fa18-1d82-4649-aa9c-4bab87673600 headers_us=31268 stream_us=4
2026-09-26T21:20:03.422653Z	debug	dynamo_static_selector_rpc	static selector RPC	connection.id=425 request.id=264023 request_id=95c3fa18-1d82-4649-aa9c-4bab87673600 elapsed_us=32339
2026-09-26T21:20:03.422754Z	debug	dynamo_static_selector_rpc	static selector RPC	connection.id=873 request.id=264081 request_id=5c2da899-99cf-4f9e-9c96-fe5f0df61300 elapsed_us=32475
2026-09-26T21:20:03.424572Z	debug	dynamo_static_rpc_split	static prefill RPC split	connection.id=826 request.id=264207 request_id=2bbe9ed7-54c6-4df3-8238-2d3775801800 headers_us=34034 stream_us=4
static_stage_us prepare=48710 prefill=31291 select=32358 decode=2496 total=114855
static_stage_us prepare=45410 prefill=26613 select=32481 decode=2502 total=107006
2026-09-26T21:20:03.446186Z	debug	dynamo_static_rpc_split	static prefill RPC split	connection.id=553 request.id=264430 request_id=d6f4dfc5-8fde-406f-b52e-559ce929d900 headers_us=22693 stream_us=17
2026-09-26T21:20:03.459016Z	debug	dynamo_static_selector_rpc	static selector RPC	connection.id=826 request.id=264207 request_id=2bbe9ed7-54c6-4df3-8238-2d3775801800 elapsed_us=34428
static_stage_us prepare=49956 prefill=34055 select=35214 decode=1371 total=120596
2026-09-26T21:20:03.476030Z	debug	dynamo_static_selector_rpc	static selector RPC	connection.id=553 request.id=264430 request_id=d6f4dfc5-8fde-406f-b52e-559ce929d900 elapsed_us=29814
static_stage_us prepare=55166 prefill=22739 select=29831 decode=1806 total=109542
2026-09-26T21:20:03.550020Z	debug	dynamo_static_rpc_split	static prefill RPC split	connection.id=466 request.id=265017 request_id=86b6900f-8284-43b9-9f11-26070401e600 headers_us=28135 stream_us=4
2026-09-26T21:20:03.550233Z	debug	dynamo_static_rpc_split	static prefill RPC split	connection.id=447 request.id=265060 request_id=055b3d78-c581-454a-9a4c-00013c473500 headers_us=28825 stream_us=2
2026-09-26T21:20:03.576312Z	debug	dynamo_static_selector_rpc	static selector RPC	connection.id=447 request.id=265060 request_id=055b3d78-c581-454a-9a4c-00013c473500 elapsed_us=26071
static_stage_us prepare=50071 prefill=28835 select=26090 decode=3561 total=108557
2026-09-26T21:20:03.598595Z	debug	dynamo_static_selector_rpc	static selector RPC	connection.id=466 request.id=265017 request_id=86b6900f-8284-43b9-9f11-26070401e600 elapsed_us=48556
static_stage_us prepare=58529 prefill=28161 select=48573 decode=2931 total=138194
2026-09-26T21:20:03.606615Z	debug	dynamo_static_rpc_split	static prefill RPC split	connection.id=938 request.id=265429 request_id=eb08722e-c471-420c-be4d-46c67f109000 headers_us=23869 stream_us=14
2026-09-26T21:20:03.610009Z	debug	dynamo_static_rpc_split	static prefill RPC split	connection.id=667 request.id=265463 request_id=82a26e1e-96c4-4a7f-bebb-876bf4ff4a00 headers_us=24757 stream_us=5
2026-09-26T21:20:03.627188Z	debug	dynamo_static_rpc_split	static prefill RPC split	connection.id=731 request.id=265614 request_id=76722fe2-3f41-4830-8aac-071137487500 headers_us=24258 stream_us=5
2026-09-26T21:20:03.633626Z	debug	dynamo_static_selector_rpc	static selector RPC	connection.id=938 request.id=265429 request_id=eb08722e-c471-420c-be4d-46c67f109000 elapsed_us=26992
static_stage_us prepare=42067 prefill=23904 select=27005 decode=4186 total=97162
2026-09-26T21:20:03.640931Z	debug	dynamo_static_selector_rpc	static selector RPC	connection.id=667 request.id=265463 request_id=82a26e1e-96c4-4a7f-bebb-876bf4ff4a00 elapsed_us=30902
static_stage_us prepare=41553 prefill=24783 select=30924 decode=1124 total=98384
2026-09-26T21:20:03.654884Z	debug	dynamo_static_selector_rpc	static selector RPC	connection.id=731 request.id=265614 request_id=76722fe2-3f41-4830-8aac-071137487500 elapsed_us=27680
static_stage_us prepare=36903 prefill=24278 select=27695 decode=969 total=89845
2026-09-26T21:20:03.688568Z	debug	dynamo_static_rpc_split	static prefill RPC split	connection.id=456 request.id=265926 request_id=e2269097-8ffa-4398-b6c3-b9c61b0e5200 headers_us=20907 stream_us=2
2026-09-26T21:20:03.710230Z	debug	dynamo_static_rpc_split	static prefill RPC split	connection.id=920 request.id=265951 request_id=68768e49-fe10-4bde-a59e-5926a2d39300 headers_us=27372 stream_us=4
2026-09-26T21:20:03.712176Z	debug	dynamo_static_selector_rpc	static selector RPC	connection.id=456 request.id=265926 request_id=e2269097-8ffa-4398-b6c3-b9c61b0e5200 elapsed_us=23594
static_stage_us prepare=51433 prefill=20924 select=23606 decode=1351 total=97314
2026-09-26T21:20:03.740455Z	debug	dynamo_static_rpc_split	static prefill RPC split	connection.id=461 request.id=266297 request_id=50a48315-360b-42ac-a7a9-1968633ec600 headers_us=30499 stream_us=12
2026-09-26T21:20:03.741529Z	debug	dynamo_static_selector_rpc	static selector RPC	connection.id=920 request.id=265951 request_id=68768e49-fe10-4bde-a59e-5926a2d39300 elapsed_us=31282
static_stage_us prepare=63139 prefill=27394 select=31295 decode=1129 total=122957
2026-09-26T21:20:03.746098Z	debug	dynamo_static_rpc_split	static prefill RPC split	connection.id=276 request.id=266355 request_id=b5db58b0-96c0-4c49-bcc1-f120b436df00 headers_us=29645 stream_us=7
2026-09-26T21:20:03.764671Z	debug	dynamo_static_selector_rpc	static selector RPC	connection.id=276 request.id=266355 request_id=b5db58b0-96c0-4c49-bcc1-f120b436df00 elapsed_us=18545
2026-09-26T21:20:03.764697Z	debug	dynamo_static_selector_rpc	static selector RPC	connection.id=461 request.id=266297 request_id=50a48315-360b-42ac-a7a9-1968633ec600 elapsed_us=24227
static_stage_us prepare=46700 prefill=29681 select=18559 decode=655 total=95595
static_stage_us prepare=46822 prefill=30527 select=24235 decode=957 total=102541
2026-09-26T21:20:03.769075Z	debug	dynamo_static_rpc_split	static prefill RPC split	connection.id=481 request.id=266496 request_id=293bc273-651e-4d15-99a6-43822dea9a00 headers_us=22004 stream_us=19
2026-09-26T21:20:03.793582Z	debug	dynamo_static_selector_rpc	static selector RPC	connection.id=481 request.id=266496 request_id=293bc273-651e-4d15-99a6-43822dea9a00 elapsed_us=24489
static_stage_us prepare=51537 prefill=22040 select=24508 decode=1509 total=99594
2026-09-26T21:20:03.810639Z	debug	dynamo_static_rpc_split	static prefill RPC split	connection.id=335 request.id=266643 request_id=4781e57c-b129-430a-8777-4685365dfc00 headers_us=26780 stream_us=21
2026-09-26T21:20:03.820076Z	debug	dynamo_static_rpc_split	static prefill RPC split	connection.id=708 request.id=266696 request_id=057dd596-9630-49fe-aea6-ced6956e5e00 headers_us=30070 stream_us=15
2026-09-26T21:20:03.831695Z	debug	dynamo_static_rpc_split	static prefill RPC split	connection.id=160 request.id=266883 request_id=94758722-47c3-474f-9722-f284b292ba00 headers_us=28684 stream_us=9
2026-09-26T21:20:03.845427Z	debug	dynamo_static_selector_rpc	static selector RPC	connection.id=335 request.id=266643 request_id=4781e57c-b129-430a-8777-4685365dfc00 elapsed_us=34768
2026-09-26T21:20:03.846194Z	debug	dynamo_static_selector_rpc	static selector RPC	connection.id=708 request.id=266696 request_id=057dd596-9630-49fe-aea6-ced6956e5e00 elapsed_us=26102
static_stage_us prepare=65383 prefill=26822 select=34783 decode=1127 total=128115
static_stage_us prepare=64718 prefill=30100 select=26126 decode=2416 total=123360
2026-09-26T21:20:03.854501Z	debug	dynamo_static_selector_rpc	static selector RPC	connection.id=160 request.id=266883 request_id=94758722-47c3-474f-9722-f284b292ba00 elapsed_us=22792
static_stage_us prepare=45011 prefill=28708 select=22806 decode=2020 total=98545
2026-09-26T21:20:03.943413Z	debug	dynamo_static_rpc_split	static prefill RPC split	connection.id=331 request.id=267581 request_id=3cfae03e-934f-4594-aacf-7727ce76f300 headers_us=31244 stream_us=4
2026-09-26T21:20:03.977871Z	debug	dynamo_static_selector_rpc	static selector RPC	connection.id=331 request.id=267581 request_id=3cfae03e-934f-4594-aacf-7727ce76f300 elapsed_us=34407
static_stage_us prepare=46576 prefill=31297 select=34427 decode=2313 total=114613
2026-09-26T21:20:04.061216Z	debug	dynamo_static_rpc_split	static prefill RPC split	connection.id=905 request.id=268270 request_id=16d5592c-abfe-4d6d-b7fa-4fee725c2000 headers_us=37117 stream_us=5
2026-09-26T21:20:04.067831Z	debug	dynamo_static_rpc_split	static prefill RPC split	connection.id=530 request.id=268448 request_id=910c1d0e-c484-44fb-be0f-8c5a7291f000 headers_us=22025 stream_us=3
2026-09-26T21:20:04.075713Z	debug	dynamo_static_rpc_split	static prefill RPC split	connection.id=278 request.id=268491 request_id=aa1fe52f-26f2-4fac-b40e-2b1fbff59100 headers_us=29283 stream_us=5
2026-09-26T21:20:04.092282Z	debug	dynamo_static_selector_rpc	static selector RPC	connection.id=905 request.id=268270 request_id=16d5592c-abfe-4d6d-b7fa-4fee725c2000 elapsed_us=31047
static_stage_us prepare=52171 prefill=37155 select=31062 decode=1806 total=122194
2026-09-26T21:20:04.097025Z	debug	dynamo_static_selector_rpc	static selector RPC	connection.id=530 request.id=268448 request_id=910c1d0e-c484-44fb-be0f-8c5a7291f000 elapsed_us=29177
static_stage_us prepare=53786 prefill=22046 select=29190 decode=2085 total=107107
2026-09-26T21:20:04.108450Z	debug	dynamo_static_selector_rpc	static selector RPC	connection.id=278 request.id=268491 request_id=aa1fe52f-26f2-4fac-b40e-2b1fbff59100 elapsed_us=32696
static_stage_us prepare=50722 prefill=29330 select=32738 decode=1779 total=114569
2026-09-26T21:20:04.167122Z	debug	dynamo_static_rpc_split	static prefill RPC split	connection.id=372 request.id=269037 request_id=790f7064-6818-4b10-bd67-5988e93cd500 headers_us=28195 stream_us=4
2026-09-26T21:20:04.169380Z	debug	dynamo_static_rpc_split	static prefill RPC split	connection.id=953 request.id=269030 request_id=b418780c-5c62-4d99-a1b4-dcb8e33b2d00 headers_us=30468 stream_us=2
2026-09-26T21:20:04.188637Z	debug	dynamo_static_selector_rpc	static selector RPC	connection.id=372 request.id=269037 request_id=790f7064-6818-4b10-bd67-5988e93cd500 elapsed_us=21495
static_stage_us prepare=49199 prefill=28221 select=21512 decode=1835 total=100767
2026-09-26T21:20:04.197313Z	debug	dynamo_static_selector_rpc	static selector RPC	connection.id=953 request.id=269030 request_id=b418780c-5c62-4d99-a1b4-dcb8e33b2d00 elapsed_us=27916
static_stage_us prepare=51122 prefill=30487 select=27930 decode=1141 total=110680
2026-09-26T21:20:04.340543Z	debug	dynamo_static_rpc_split	static prefill RPC split	connection.id=720 request.id=270050 request_id=86e8a420-ee74-465e-afe4-4d2aa81ee700 headers_us=37513 stream_us=13
2026-09-26T21:20:04.367672Z	debug	dynamo_static_selector_rpc	static selector RPC	connection.id=720 request.id=270050 request_id=86e8a420-ee74-465e-afe4-4d2aa81ee700 elapsed_us=27105
static_stage_us prepare=60934 prefill=37550 select=27126 decode=1587 total=127197
2026-09-26T21:20:04.428841Z	debug	dynamo_static_rpc_split	static prefill RPC split	connection.id=409 request.id=270589 request_id=b0ce1908-6a28-45f4-8ce2-e7e2e5c5a000 headers_us=34373 stream_us=34
2026-09-26T21:20:04.461818Z	debug	dynamo_static_selector_rpc	static selector RPC	connection.id=409 request.id=270589 request_id=b0ce1908-6a28-45f4-8ce2-e7e2e5c5a000 elapsed_us=32943
static_stage_us prepare=50177 prefill=34442 select=32963 decode=861 total=118443
2026-09-26T21:20:04.465426Z	debug	dynamo_static_rpc_split	static prefill RPC split	connection.id=526 request.id=270849 request_id=cc23aa4f-023d-4233-95e0-f9634f133e00 headers_us=35400 stream_us=10
2026-09-26T21:20:04.488570Z	debug	dynamo_static_selector_rpc	static selector RPC	connection.id=526 request.id=270849 request_id=cc23aa4f-023d-4233-95e0-f9634f133e00 elapsed_us=23119
static_stage_us prepare=48091 prefill=35435 select=23135 decode=1078 total=107739
2026-09-26T21:20:04.532255Z	debug	dynamo_static_rpc_split	static prefill RPC split	connection.id=763 request.id=271324 request_id=ae31ed04-44e6-4f62-b2d8-99b4ab92f000 headers_us=30668 stream_us=11
2026-09-26T21:20:04.567014Z	debug	dynamo_static_selector_rpc	static selector RPC	connection.id=763 request.id=271324 request_id=ae31ed04-44e6-4f62-b2d8-99b4ab92f000 elapsed_us=34739
static_stage_us prepare=50428 prefill=30699 select=34758 decode=4891 total=120776
2026-09-26T21:20:04.601747Z	debug	dynamo_static_rpc_split	static prefill RPC split	connection.id=903 request.id=271710 request_id=ff20f72d-2ea0-47c8-a2fb-434e90492900 headers_us=29764 stream_us=5
2026-09-26T21:20:04.623400Z	debug	dynamo_static_rpc_split	static prefill RPC split	connection.id=786 request.id=271900 request_id=24870334-429d-4056-acd4-99bc0e12ab00 headers_us=29286 stream_us=10
2026-09-26T21:20:04.623428Z	debug	dynamo_static_selector_rpc	static selector RPC	connection.id=903 request.id=271710 request_id=ff20f72d-2ea0-47c8-a2fb-434e90492900 elapsed_us=21663
static_stage_us prepare=51175 prefill=29787 select=21677 decode=922 total=103561
2026-09-26T21:20:04.648400Z	debug	dynamo_static_selector_rpc	static selector RPC	connection.id=786 request.id=271900 request_id=24870334-429d-4056-acd4-99bc0e12ab00 elapsed_us=24954
static_stage_us prepare=49174 prefill=29343 select=24967 decode=3244 total=106728
2026-09-26T21:20:04.675460Z	debug	dynamo_static_rpc_split	static prefill RPC split	connection.id=241 request.id=272281 request_id=5c84e921-9de1-4378-9d83-fc07717d8400 headers_us=21248 stream_us=8
2026-09-26T21:20:04.706114Z	debug	dynamo_static_selector_rpc	static selector RPC	connection.id=241 request.id=272281 request_id=5c84e921-9de1-4378-9d83-fc07717d8400 elapsed_us=30632
static_stage_us prepare=46691 prefill=21279 select=30648 decode=2162 total=100780
2026-09-26T21:20:04.753357Z	debug	dynamo_static_rpc_split	static prefill RPC split	connection.id=309 request.id=272621 request_id=233a41f5-070c-4156-8668-1cea7278c900 headers_us=26805 stream_us=3
2026-09-26T21:20:04.768605Z	debug	dynamo_static_rpc_split	static prefill RPC split	connection.id=152 request.id=272802 request_id=52fd2c15-32a4-46f6-a550-78e295966b00 headers_us=30322 stream_us=13
2026-09-26T21:20:04.785405Z	debug	dynamo_static_selector_rpc	static selector RPC	connection.id=309 request.id=272621 request_id=233a41f5-070c-4156-8668-1cea7278c900 elapsed_us=31987
static_stage_us prepare=58744 prefill=26870 select=32006 decode=2008 total=119628
2026-09-26T21:20:04.802019Z	debug	dynamo_static_selector_rpc	static selector RPC	connection.id=152 request.id=272802 request_id=52fd2c15-32a4-46f6-a550-78e295966b00 elapsed_us=33391
static_stage_us prepare=46681 prefill=30358 select=33405 decode=3529 total=113973
2026-09-26T21:20:04.944215Z	debug	dynamo_static_rpc_split	static prefill RPC split	connection.id=410 request.id=273891 request_id=aba0ec7b-237a-4e2f-b4ad-a36cd7a43f00 headers_us=27837 stream_us=14
2026-09-26T21:20:04.944631Z	debug	dynamo_static_rpc_split	static prefill RPC split	connection.id=508 request.id=273898 request_id=86b78730-cd98-4d16-8144-c0d6bc158800 headers_us=28593 stream_us=3
2026-09-26T21:20:04.966169Z	debug	dynamo_static_selector_rpc	static selector RPC	connection.id=410 request.id=273891 request_id=aba0ec7b-237a-4e2f-b4ad-a36cd7a43f00 elapsed_us=21933
static_stage_us prepare=52649 prefill=27873 select=21946 decode=1443 total=103911
2026-09-26T21:20:04.974973Z	debug	dynamo_static_selector_rpc	static selector RPC	connection.id=508 request.id=273898 request_id=86b78730-cd98-4d16-8144-c0d6bc158800 elapsed_us=30331
static_stage_us prepare=50297 prefill=28608 select=30341 decode=1347 total=110593
2026-09-26T21:20:04.976391Z	debug	dynamo_static_rpc_split	static prefill RPC split	connection.id=884 request.id=274019 request_id=6a57af2d-5eb5-43b5-995e-71ff6fdf7e00 headers_us=32494 stream_us=4
2026-09-26T21:20:05.000489Z	debug	dynamo_static_selector_rpc	static selector RPC	connection.id=884 request.id=274019 request_id=6a57af2d-5eb5-43b5-995e-71ff6fdf7e00 elapsed_us=24086
static_stage_us prepare=52989 prefill=32512 select=24100 decode=806 total=110407
2026-09-26T21:20:05.003958Z	debug	dynamo_static_rpc_split	static prefill RPC split	connection.id=307 request.id=274242 request_id=36aa346c-3628-44af-83c9-9345d0134a00 headers_us=30608 stream_us=11
2026-09-26T21:20:05.032049Z	debug	dynamo_static_selector_rpc	static selector RPC	connection.id=307 request.id=274242 request_id=36aa346c-3628-44af-83c9-9345d0134a00 elapsed_us=28072
static_stage_us prepare=44643 prefill=30641 select=28085 decode=1111 total=104480
2026-09-26T21:20:05.038549Z	debug	dynamo_static_rpc_split	static prefill RPC split	connection.id=407 request.id=274473 request_id=f0c061c5-fcaa-4fb7-a08d-8c8a08040300 headers_us=28422 stream_us=3
2026-09-26T21:20:05.067365Z	debug	dynamo_static_selector_rpc	static selector RPC	connection.id=407 request.id=274473 request_id=f0c061c5-fcaa-4fb7-a08d-8c8a08040300 elapsed_us=28804
static_stage_us prepare=49733 prefill=28437 select=28854 decode=2482 total=109506
2026-09-26T21:20:05.087996Z	debug	dynamo_static_rpc_split	static prefill RPC split	connection.id=213 request.id=274840 request_id=2bd2bcdc-cc1d-4956-a18b-133ab8d08800 headers_us=25721 stream_us=15
2026-09-26T21:20:05.100172Z	debug	dynamo_static_rpc_split	static prefill RPC split	connection.id=365 request.id=274874 request_id=70d39e3b-c4d9-4b87-89f9-18a52ee60c00 headers_us=21898 stream_us=7
2026-09-26T21:20:05.108506Z	debug	dynamo_static_selector_rpc	static selector RPC	connection.id=213 request.id=274840 request_id=2bd2bcdc-cc1d-4956-a18b-133ab8d08800 elapsed_us=20488
static_stage_us prepare=43990 prefill=25757 select=20519 decode=1698 total=91964
2026-09-26T21:20:05.126396Z	debug	dynamo_static_rpc_split	static prefill RPC split	connection.id=293 request.id=275046 request_id=89224ad1-e5b7-48fa-a0a8-b764116e0600 headers_us=29982 stream_us=4
2026-09-26T21:20:05.126626Z	debug	dynamo_static_selector_rpc	static selector RPC	connection.id=365 request.id=274874 request_id=70d39e3b-c4d9-4b87-89f9-18a52ee60c00 elapsed_us=26436
static_stage_us prepare=50142 prefill=21924 select=26444 decode=1258 total=99768
2026-09-26T21:20:05.132970Z	debug	dynamo_static_rpc_split	static prefill RPC split	connection.id=194 request.id=274922 request_id=a49b44d9-f140-4f4d-a6db-6096d3dc9a00 headers_us=29956 stream_us=7
2026-09-26T21:20:05.155718Z	debug	dynamo_static_selector_rpc	static selector RPC	connection.id=293 request.id=275046 request_id=89224ad1-e5b7-48fa-a0a8-b764116e0600 elapsed_us=29309
static_stage_us prepare=47767 prefill=29999 select=29323 decode=1979 total=109068
2026-09-26T21:20:05.160047Z	debug	dynamo_static_selector_rpc	static selector RPC	connection.id=194 request.id=274922 request_id=a49b44d9-f140-4f4d-a6db-6096d3dc9a00 elapsed_us=27057
static_stage_us prepare=72262 prefill=29984 select=27071 decode=1293 total=130610
2026-09-26T21:20:05.203689Z	debug	dynamo_static_rpc_split	static prefill RPC split	connection.id=372 request.id=275560 request_id=fc6c53a3-2a0b-4546-bb36-15908d6a2700 headers_us=24347 stream_us=2
2026-09-26T21:20:05.230318Z	debug	dynamo_static_selector_rpc	static selector RPC	connection.id=372 request.id=275560 request_id=fc6c53a3-2a0b-4546-bb36-15908d6a2700 elapsed_us=26613
static_stage_us prepare=52870 prefill=24366 select=26633 decode=980 total=104849
2026-09-26T21:20:05.285222Z	debug	dynamo_static_rpc_split	static prefill RPC split	connection.id=543 request.id=276004 request_id=1ba54550-4006-4448-ba29-ed3175e70600 headers_us=30648 stream_us=29
2026-09-26T21:20:05.312319Z	debug	dynamo_static_selector_rpc	static selector RPC	connection.id=543 request.id=276004 request_id=1ba54550-4006-4448-ba29-ed3175e70600 elapsed_us=26984
static_stage_us prepare=53750 prefill=30791 select=27001 decode=4033 total=115575
2026-09-26T21:20:05.356143Z	debug	dynamo_static_rpc_split	static prefill RPC split	connection.id=150 request.id=276481 request_id=569e69da-437a-4298-9af3-7d06f45bf300 headers_us=30302 stream_us=10
2026-09-26T21:20:05.383533Z	debug	dynamo_static_selector_rpc	static selector RPC	connection.id=150 request.id=276481 request_id=569e69da-437a-4298-9af3-7d06f45bf300 elapsed_us=27370
static_stage_us prepare=47142 prefill=30334 select=27387 decode=887 total=105750
2026-09-26T21:20:05.405372Z	debug	dynamo_static_rpc_split	static prefill RPC split	connection.id=722 request.id=276787 request_id=ecbb3cec-b5ff-4c3f-aaca-99bae375b900 headers_us=30647 stream_us=16
2026-09-26T21:20:05.437264Z	debug	dynamo_static_selector_rpc	static selector RPC	connection.id=722 request.id=276787 request_id=ecbb3cec-b5ff-4c3f-aaca-99bae375b900 elapsed_us=31872
static_stage_us prepare=41135 prefill=30682 select=31889 decode=703 total=104409
2026-09-26T21:20:05.487400Z	debug	dynamo_static_rpc_split	static prefill RPC split	connection.id=292 request.id=277321 request_id=7bc314b3-589a-4671-8b6c-03167eab5000 headers_us=34613 stream_us=5
2026-09-26T21:20:05.487519Z	debug	dynamo_static_rpc_split	static prefill RPC split	connection.id=421 request.id=277257 request_id=f62c84bb-7f15-42f8-a45c-c08f9aca8900 headers_us=32180 stream_us=57
2026-09-26T21:20:05.519155Z	debug	dynamo_static_selector_rpc	static selector RPC	connection.id=292 request.id=277321 request_id=7bc314b3-589a-4671-8b6c-03167eab5000 elapsed_us=31728
2026-09-26T21:20:05.519222Z	debug	dynamo_static_selector_rpc	static selector RPC	connection.id=421 request.id=277257 request_id=f62c84bb-7f15-42f8-a45c-c08f9aca8900 elapsed_us=31695
static_stage_us prepare=55099 prefill=32245 select=31715 decode=1225 total=120284
static_stage_us prepare=44145 prefill=34646 select=31743 decode=1424 total=111958
2026-09-26T21:20:05.545455Z	debug	dynamo_static_rpc_split	static prefill RPC split	connection.id=271 request.id=277680 request_id=aa0737cd-1c3c-452e-871b-27034f3cfe00 headers_us=26762 stream_us=7
2026-09-26T21:20:05.575118Z	debug	dynamo_static_selector_rpc	static selector RPC	connection.id=271 request.id=277680 request_id=aa0737cd-1c3c-452e-871b-27034f3cfe00 elapsed_us=29644
static_stage_us prepare=51807 prefill=26789 select=29663 decode=2018 total=110277
2026-09-26T21:20:05.582677Z	debug	dynamo_static_rpc_split	static prefill RPC split	connection.id=324 request.id=277897 request_id=91d3a42c-37eb-4e26-83bf-712efde2c200 headers_us=30548 stream_us=3
2026-09-26T21:20:05.587408Z	debug	dynamo_static_rpc_split	static prefill RPC split	connection.id=727 request.id=277892 request_id=5f181afa-2e85-4101-877c-f90383a2b000 headers_us=35286 stream_us=12
2026-09-26T21:20:05.607162Z	debug	dynamo_static_selector_rpc	static selector RPC	connection.id=324 request.id=277897 request_id=91d3a42c-37eb-4e26-83bf-712efde2c200 elapsed_us=24471
static_stage_us prepare=50154 prefill=30566 select=24482 decode=1813 total=107015
2026-09-26T21:20:05.614046Z	debug	dynamo_static_selector_rpc	static selector RPC	connection.id=727 request.id=277892 request_id=5f181afa-2e85-4101-877c-f90383a2b000 elapsed_us=26623
static_stage_us prepare=51482 prefill=35313 select=26638 decode=2281 total=115714
2026-09-26T21:20:05.661336Z	debug	dynamo_static_rpc_split	static prefill RPC split	connection.id=792 request.id=278391 request_id=bccd1f1e-eba0-48c9-ad47-990cc2568400 headers_us=27197 stream_us=5
2026-09-26T21:20:05.694778Z	debug	dynamo_static_rpc_split	static prefill RPC split	connection.id=222 request.id=278554 request_id=aaf7337a-eed3-48b6-aa83-0dea87259800 headers_us=29772 stream_us=6
2026-09-26T21:20:05.695039Z	debug	dynamo_static_selector_rpc	static selector RPC	connection.id=792 request.id=278391 request_id=bccd1f1e-eba0-48c9-ad47-990cc2568400 elapsed_us=33680
static_stage_us prepare=46464 prefill=27227 select=33690 decode=1380 total=108761
2026-09-26T21:20:05.722440Z	debug	dynamo_static_selector_rpc	static selector RPC	connection.id=222 request.id=278554 request_id=aaf7337a-eed3-48b6-aa83-0dea87259800 elapsed_us=27642
static_stage_us prepare=54975 prefill=29799 select=27688 decode=993 total=113455
2026-09-26T21:20:05.774876Z	debug	dynamo_static_rpc_split	static prefill RPC split	connection.id=144 request.id=279011 request_id=ac3e4ce8-317f-4145-9eff-275019fd8600 headers_us=27460 stream_us=13
2026-09-26T21:20:05.800982Z	debug	dynamo_static_rpc_split	static prefill RPC split	connection.id=249 request.id=279120 request_id=73237050-cb0c-4571-85ff-fd5b20d5e900 headers_us=28721 stream_us=3
2026-09-26T21:20:05.805366Z	debug	dynamo_static_selector_rpc	static selector RPC	connection.id=144 request.id=279011 request_id=ac3e4ce8-317f-4145-9eff-275019fd8600 elapsed_us=30470
static_stage_us prepare=56334 prefill=27495 select=30483 decode=1167 total=115479
2026-09-26T21:20:05.831158Z	debug	dynamo_static_rpc_split	static prefill RPC split	connection.id=905 request.id=279398 request_id=7ef0d7cd-2219-4243-b14e-b0807f1d4100 headers_us=32169 stream_us=38
2026-09-26T21:20:05.831197Z	debug	dynamo_static_rpc_split	static prefill RPC split	connection.id=373 request.id=279408 request_id=68379d6d-0058-4984-9ba4-067846785200 headers_us=32174 stream_us=9
2026-09-26T21:20:05.833182Z	debug	dynamo_static_selector_rpc	static selector RPC	connection.id=249 request.id=279120 request_id=73237050-cb0c-4571-85ff-fd5b20d5e900 elapsed_us=32182
2026-09-26T21:20:05.833345Z	debug	dynamo_static_rpc_split	static prefill RPC split	connection.id=492 request.id=279442 request_id=a409bdd0-026b-42b3-b69a-a5797dde3500 headers_us=23908 stream_us=22
static_stage_us prepare=62427 prefill=28743 select=32196 decode=2395 total=125761
2026-09-26T21:20:05.853660Z	debug	dynamo_static_selector_rpc	static selector RPC	connection.id=905 request.id=279398 request_id=7ef0d7cd-2219-4243-b14e-b0807f1d4100 elapsed_us=22470
static_stage_us prepare=50499 prefill=32240 select=22484 decode=1421 total=106644
2026-09-26T21:20:05.857807Z	debug	dynamo_static_selector_rpc	static selector RPC	connection.id=373 request.id=279408 request_id=68379d6d-0058-4984-9ba4-067846785200 elapsed_us=26587
static_stage_us prepare=49307 prefill=32207 select=26601 decode=1259 total=109374
2026-09-26T21:20:05.859134Z	debug	dynamo_static_selector_rpc	static selector RPC	connection.id=492 request.id=279442 request_id=a409bdd0-026b-42b3-b69a-a5797dde3500 elapsed_us=25755
static_stage_us prepare=54306 prefill=23964 select=25769 decode=2197 total=106236
2026-09-26T21:20:05.878011Z	debug	dynamo_static_rpc_split	static prefill RPC split	connection.id=526 request.id=279742 request_id=2a7f3261-8261-4cd4-81f0-ead5accf5e00 headers_us=26670 stream_us=4
2026-09-26T21:20:05.905192Z	debug	dynamo_static_selector_rpc	static selector RPC	connection.id=526 request.id=279742 request_id=2a7f3261-8261-4cd4-81f0-ead5accf5e00 elapsed_us=27168
static_stage_us prepare=42642 prefill=26689 select=27179 decode=1064 total=97574
2026-09-26T21:20:05.910903Z	debug	dynamo_static_rpc_split	static prefill RPC split	connection.id=292 request.id=279874 request_id=df24007b-4795-4368-ab98-73453bcf6900 headers_us=19778 stream_us=5
2026-09-26T21:20:05.940664Z	debug	dynamo_static_selector_rpc	static selector RPC	connection.id=292 request.id=279874 request_id=df24007b-4795-4368-ab98-73453bcf6900 elapsed_us=29749
static_stage_us prepare=48503 prefill=19796 select=29782 decode=1496 total=99577
2026-09-26T21:20:06.028858Z	debug	dynamo_static_rpc_split	static prefill RPC split	connection.id=518 request.id=280639 request_id=0e6aa91c-6f80-48e5-a34e-3ca5638f7e00 headers_us=28969 stream_us=15
2026-09-26T21:20:06.028970Z	debug	dynamo_static_rpc_split	static prefill RPC split	connection.id=610 request.id=280653 request_id=d8a39422-219b-4241-b74e-d3406f505200 headers_us=29004 stream_us=48
2026-09-26T21:20:06.049499Z	debug	dynamo_static_selector_rpc	static selector RPC	connection.id=610 request.id=280653 request_id=d8a39422-219b-4241-b74e-d3406f505200 elapsed_us=20510
2026-09-26T21:20:06.049547Z	debug	dynamo_static_selector_rpc	static selector RPC	connection.id=518 request.id=280639 request_id=0e6aa91c-6f80-48e5-a34e-3ca5638f7e00 elapsed_us=20650
static_stage_us prepare=35052 prefill=29073 select=20524 decode=961 total=85610
static_stage_us prepare=36412 prefill=29023 select=20664 decode=1139 total=87238
2026-09-26T21:20:06.132579Z	debug	dynamo_static_rpc_split	static prefill RPC split	connection.id=864 request.id=281322 request_id=6b53c72b-cb2e-4a17-947b-17129bad0200 headers_us=21643 stream_us=6
2026-09-26T21:20:06.160302Z	debug	dynamo_static_selector_rpc	static selector RPC	connection.id=864 request.id=281322 request_id=6b53c72b-cb2e-4a17-947b-17129bad0200 elapsed_us=27678
2026-09-26T21:20:06.162178Z	debug	dynamo_static_rpc_split	static prefill RPC split	connection.id=453 request.id=281439 request_id=03f5d182-a780-4018-af08-d3a91154e600 headers_us=27280 stream_us=6
static_stage_us prepare=36891 prefill=21695 select=27714 decode=3123 total=89423
2026-09-26T21:20:06.184499Z	debug	dynamo_static_selector_rpc	static selector RPC	connection.id=453 request.id=281439 request_id=03f5d182-a780-4018-af08-d3a91154e600 elapsed_us=22306
static_stage_us prepare=47563 prefill=27301 select=22327 decode=2236 total=99427
2026-09-26T21:20:06.282358Z	debug	dynamo_static_rpc_split	static prefill RPC split	connection.id=905 request.id=282257 request_id=53c3a417-ed92-40bd-9969-b6a17dd07400 headers_us=20278 stream_us=12
2026-09-26T21:20:06.283828Z	debug	dynamo_static_rpc_split	static prefill RPC split	connection.id=634 request.id=282231 request_id=2568898a-e0eb-4889-957d-9d71d2a3fe00 headers_us=23190 stream_us=3
2026-09-26T21:20:06.308413Z	debug	dynamo_static_selector_rpc	static selector RPC	connection.id=634 request.id=282231 request_id=2568898a-e0eb-4889-957d-9d71d2a3fe00 elapsed_us=24571
static_stage_us prepare=43484 prefill=23209 select=24585 decode=1254 total=92532
2026-09-26T21:20:06.310235Z	debug	dynamo_static_selector_rpc	static selector RPC	connection.id=905 request.id=282257 request_id=53c3a417-ed92-40bd-9969-b6a17dd07400 elapsed_us=27858
static_stage_us prepare=40337 prefill=20309 select=27871 decode=2997 total=91514
2026-09-26T21:20:06.320042Z	debug	dynamo_static_rpc_split	static prefill RPC split	connection.id=417 request.id=282451 request_id=90a5a5e1-5759-41f1-b863-28dc73952700 headers_us=23461 stream_us=5
2026-09-26T21:20:06.338923Z	debug	dynamo_static_selector_rpc	static selector RPC	connection.id=417 request.id=282451 request_id=90a5a5e1-5759-41f1-b863-28dc73952700 elapsed_us=18866
static_stage_us prepare=37429 prefill=23484 select=18894 decode=1040 total=80847
2026-09-26T21:20:06.385735Z	debug	dynamo_static_rpc_split	static prefill RPC split	connection.id=900 request.id=282806 request_id=9997f63e-00b7-4735-91e0-2e4611cc1f00 headers_us=30405 stream_us=10
2026-09-26T21:20:06.408804Z	debug	dynamo_static_selector_rpc	static selector RPC	connection.id=900 request.id=282806 request_id=9997f63e-00b7-4735-91e0-2e4611cc1f00 elapsed_us=23050
static_stage_us prepare=41661 prefill=30434 select=23069 decode=1594 total=96758
2026-09-26T21:20:06.599588Z	debug	dynamo_static_rpc_split	static prefill RPC split	connection.id=454 request.id=284206 request_id=08debdac-731c-4de0-abf4-9788f9f90800 headers_us=21634 stream_us=3
2026-09-26T21:20:06.619325Z	debug	dynamo_static_rpc_split	static prefill RPC split	connection.id=563 request.id=284243 request_id=6a835edc-3fcc-48cd-be05-78003912e200 headers_us=28478 stream_us=11
2026-09-26T21:20:06.619409Z	debug	dynamo_static_selector_rpc	static selector RPC	connection.id=454 request.id=284206 request_id=08debdac-731c-4de0-abf4-9788f9f90800 elapsed_us=19799
static_stage_us prepare=41624 prefill=21660 select=19807 decode=1112 total=84203
2026-09-26T21:20:06.643279Z	debug	dynamo_static_rpc_split	static prefill RPC split	connection.id=398 request.id=284392 request_id=a8a70c9a-b7f9-41b9-8d30-0765131caf00 headers_us=25679 stream_us=11
2026-09-26T21:20:06.650343Z	debug	dynamo_static_selector_rpc	static selector RPC	connection.id=563 request.id=284243 request_id=6a835edc-3fcc-48cd-be05-78003912e200 elapsed_us=30996
static_stage_us prepare=48818 prefill=28512 select=31009 decode=795 total=109134
2026-09-26T21:20:06.663018Z	debug	dynamo_static_rpc_split	static prefill RPC split	connection.id=881 request.id=284462 request_id=b8c7afc4-80d0-4dd2-bb6f-7e104e14c100 headers_us=33081 stream_us=13
2026-09-26T21:20:06.670187Z	debug	dynamo_static_selector_rpc	static selector RPC	connection.id=398 request.id=284392 request_id=a8a70c9a-b7f9-41b9-8d30-0765131caf00 elapsed_us=26888
static_stage_us prepare=44567 prefill=25711 select=26904 decode=746 total=97928
2026-09-26T21:20:06.685368Z	debug	dynamo_static_selector_rpc	static selector RPC	connection.id=881 request.id=284462 request_id=b8c7afc4-80d0-4dd2-bb6f-7e104e14c100 elapsed_us=22336
static_stage_us prepare=43446 prefill=33110 select=22346 decode=1528 total=100430
2026-09-26T21:20:06.757057Z	debug	dynamo_static_rpc_split	static prefill RPC split	connection.id=470 request.id=285193 request_id=076e3904-c4e7-429c-aa30-57200acd3e00 headers_us=19515 stream_us=4
2026-09-26T21:20:06.757119Z	debug	dynamo_static_rpc_split	static prefill RPC split	connection.id=344 request.id=285071 request_id=fd10a7a7-175c-48b9-a3a0-6dd6c2839a00 headers_us=24190 stream_us=16
2026-09-26T21:20:06.757701Z	debug	dynamo_static_rpc_split	static prefill RPC split	connection.id=812 request.id=285127 request_id=e56c3f7e-6ad6-4642-ac1f-81b54c4d7100 headers_us=25013 stream_us=4
2026-09-26T21:20:06.762817Z	debug	dynamo_static_rpc_split	static prefill RPC split	connection.id=435 request.id=285233 request_id=27ae0783-b486-4d6f-99c4-1b1dc11dee00 headers_us=22439 stream_us=12
2026-09-26T21:20:06.778834Z	debug	dynamo_static_selector_rpc	static selector RPC	connection.id=812 request.id=285127 request_id=e56c3f7e-6ad6-4642-ac1f-81b54c4d7100 elapsed_us=20959
2026-09-26T21:20:06.780452Z	debug	dynamo_static_selector_rpc	static selector RPC	connection.id=470 request.id=285193 request_id=076e3904-c4e7-429c-aa30-57200acd3e00 elapsed_us=23375
2026-09-26T21:20:06.780468Z	debug	dynamo_static_selector_rpc	static selector RPC	connection.id=344 request.id=285071 request_id=fd10a7a7-175c-48b9-a3a0-6dd6c2839a00 elapsed_us=23334
2026-09-26T21:20:06.780835Z	debug	dynamo_static_rpc_split	static prefill RPC split	connection.id=488 request.id=285330 request_id=5396ddab-32c9-435c-9034-17f29ae0cb00 headers_us=21143 stream_us=16
static_stage_us prepare=37402 prefill=25193 select=20976 decode=3594 total=87165
static_stage_us prepare=35243 prefill=19540 select=23388 decode=2956 total=81127
static_stage_us prepare=45644 prefill=24222 select=23344 decode=2983 total=96193
2026-09-26T21:20:06.786292Z	debug	dynamo_static_selector_rpc	static selector RPC	connection.id=435 request.id=285233 request_id=27ae0783-b486-4d6f-99c4-1b1dc11dee00 elapsed_us=23460
static_stage_us prepare=33471 prefill=22466 select=23473 decode=1737 total=81147
2026-09-26T21:20:06.800558Z	debug	dynamo_static_selector_rpc	static selector RPC	connection.id=488 request.id=285330 request_id=5396ddab-32c9-435c-9034-17f29ae0cb00 elapsed_us=19707
static_stage_us prepare=36220 prefill=21175 select=19719 decode=1503 total=78617
2026-09-26T21:20:06.838992Z	debug	dynamo_static_rpc_split	static prefill RPC split	connection.id=445 request.id=285661 request_id=7a62d5b1-0dd3-4458-94e4-fc5355328100 headers_us=17797 stream_us=17
2026-09-26T21:20:06.855050Z	debug	dynamo_static_selector_rpc	static selector RPC	connection.id=445 request.id=285661 request_id=7a62d5b1-0dd3-4458-94e4-fc5355328100 elapsed_us=15978
static_stage_us prepare=27114 prefill=17894 select=15994 decode=2031 total=63033
2026-09-26T21:20:06.897062Z	debug	dynamo_static_rpc_split	static prefill RPC split	connection.id=561 request.id=286034 request_id=645b75b6-759e-43b0-b2a3-fd19bb8fb000 headers_us=16445 stream_us=3
2026-09-26T21:20:06.911892Z	debug	dynamo_static_selector_rpc	static selector RPC	connection.id=561 request.id=286034 request_id=645b75b6-759e-43b0-b2a3-fd19bb8fb000 elapsed_us=14814
static_stage_us prepare=26098 prefill=16465 select=14827 decode=1938 total=59328
2026-09-26T21:20:06.944975Z	debug	dynamo_static_rpc_split	static prefill RPC split	connection.id=623 request.id=286380 request_id=e974cee7-8dca-4951-9d9a-81665ef74000 headers_us=3496 stream_us=3
2026-09-26T21:20:06.954719Z	debug	dynamo_static_selector_rpc	static selector RPC	connection.id=623 request.id=286380 request_id=e974cee7-8dca-4951-9d9a-81665ef74000 elapsed_us=9731
static_stage_us prepare=8576 prefill=3513 select=9745 decode=2580 total=24414
2026-09-26T21:20:06.972181Z	debug	dynamo_static_rpc_split	static prefill RPC split	connection.id=635 request.id=286509 request_id=c44357af-4332-4fc5-b2f7-6411ebf47000 headers_us=8559 stream_us=10
2026-09-26T21:20:06.973189Z	debug	dynamo_static_rpc_split	static prefill RPC split	connection.id=943 request.id=286532 request_id=e3f07460-1d2b-4de4-8d1b-1b185810d800 headers_us=5632 stream_us=10
2026-09-26T21:20:06.975416Z	debug	dynamo_static_selector_rpc	static selector RPC	connection.id=635 request.id=286509 request_id=c44357af-4332-4fc5-b2f7-6411ebf47000 elapsed_us=3219
static_stage_us prepare=8118 prefill=8586 select=3232 decode=1446 total=21382
2026-09-26T21:20:06.982287Z	debug	dynamo_static_selector_rpc	static selector RPC	connection.id=943 request.id=286532 request_id=e3f07460-1d2b-4de4-8d1b-1b185810d800 elapsed_us=9066
static_stage_us prepare=10138 prefill=5658 select=9099 decode=2728 total=27623
2026-09-26T21:20:07.014387Z	debug	dynamo_static_rpc_split	static prefill RPC split	connection.id=861 request.id=286779 request_id=095d20ca-6243-4919-b380-49ebb9e13600 headers_us=5255 stream_us=9
static_stage_us prepare=12205 prefill=5286 select=6395 decode=642 total=24528
2026-09-26T21:20:07.020787Z	debug	dynamo_static_selector_rpc	static selector RPC	connection.id=861 request.id=286779 request_id=095d20ca-6243-4919-b380-49ebb9e13600 elapsed_us=6378
2026-09-26T21:20:07.091476Z	debug	dynamo_static_rpc_split	static prefill RPC split	connection.id=897 request.id=287227 request_id=f83b6ffd-eb2f-40d9-babb-a5b6f8757500 headers_us=2838 stream_us=935
2026-09-26T21:20:07.094471Z	debug	dynamo_static_selector_rpc	static selector RPC	connection.id=897 request.id=287227 request_id=f83b6ffd-eb2f-40d9-babb-a5b6f8757500 elapsed_us=2964
static_stage_us prepare=5540 prefill=3805 select=2979 decode=767 total=13091
2026-09-26T21:20:07.138018Z	debug	dynamo_static_rpc_split	static prefill RPC split	connection.id=719 request.id=287464 request_id=4f971027-f43f-40b0-bcf4-273ebe090300 headers_us=8041 stream_us=10
2026-09-26T21:20:07.142689Z	debug	dynamo_static_selector_rpc	static selector RPC	connection.id=719 request.id=287464 request_id=4f971027-f43f-40b0-bcf4-273ebe090300 elapsed_us=4655
static_stage_us prepare=15499 prefill=8068 select=4667 decode=1243 total=29477
2026-09-26T21:20:07.167508Z	debug	dynamo_static_rpc_split	static prefill RPC split	connection.id=768 request.id=287641 request_id=a6f44e08-7146-4dfa-92d8-ab0a3994ed00 headers_us=10056 stream_us=11
2026-09-26T21:20:07.171425Z	debug	dynamo_static_selector_rpc	static selector RPC	connection.id=768 request.id=287641 request_id=a6f44e08-7146-4dfa-92d8-ab0a3994ed00 elapsed_us=3874
static_stage_us prepare=13965 prefill=10111 select=3887 decode=733 total=28696
2026-09-26T21:20:07.174333Z	debug	dynamo_static_rpc_split	static prefill RPC split	connection.id=881 request.id=287682 request_id=8585b6ae-a9c3-4bf3-9466-1494d47e0e00 headers_us=9150 stream_us=43
2026-09-26T21:20:07.176258Z	debug	dynamo_static_rpc_split	static prefill RPC split	connection.id=778 request.id=287683 request_id=dde6661b-6a16-4d76-b44b-18578c7d4800 headers_us=8651 stream_us=2481
2026-09-26T21:20:07.183474Z	debug	dynamo_static_selector_rpc	static selector RPC	connection.id=881 request.id=287682 request_id=8585b6ae-a9c3-4bf3-9466-1494d47e0e00 elapsed_us=9128
static_stage_us prepare=11228 prefill=9207 select=9140 decode=995 total=30570
2026-09-26T21:20:07.184863Z	debug	dynamo_static_selector_rpc	static selector RPC	connection.id=778 request.id=287683 request_id=dde6661b-6a16-4d76-b44b-18578c7d4800 elapsed_us=8590
static_stage_us prepare=11140 prefill=11147 select=8601 decode=961 total=31849
2026-09-26T21:20:07.188847Z	debug	dynamo_static_rpc_split	static prefill RPC split	connection.id=688 request.id=287774 request_id=918c205c-29eb-40d6-9212-d8afd8ba6d00 headers_us=8034 stream_us=7
2026-09-26T21:20:07.193246Z	debug	dynamo_static_selector_rpc	static selector RPC	connection.id=688 request.id=287774 request_id=918c205c-29eb-40d6-9212-d8afd8ba6d00 elapsed_us=4378
static_stage_us prepare=9721 prefill=8062 select=4389 decode=2240 total=24412
2026-09-26T21:20:07.320340Z	debug	dynamo_static_rpc_split	static prefill RPC split	connection.id=932 request.id=288561 request_id=bb2871f6-5eb4-4471-b993-dbd867461500 headers_us=4893 stream_us=3
2026-09-26T21:20:07.326695Z	debug	dynamo_static_selector_rpc	static selector RPC	connection.id=932 request.id=288561 request_id=bb2871f6-5eb4-4471-b993-dbd867461500 elapsed_us=6339
static_stage_us prepare=9190 prefill=4914 select=6356 decode=1760 total=22220
2026-09-26T21:20:07.360511Z	debug	dynamo_static_rpc_split	static prefill RPC split	connection.id=772 request.id=288794 request_id=363f4636-7c7c-483c-ae5a-1b539f33c700 headers_us=7384 stream_us=6707
2026-09-26T21:20:07.373379Z	debug	dynamo_static_selector_rpc	static selector RPC	connection.id=772 request.id=288794 request_id=363f4636-7c7c-483c-ae5a-1b539f33c700 elapsed_us=12613
static_stage_us prepare=7793 prefill=14346 select=12633 decode=2566 total=37338
2026-09-26T21:20:07.383078Z	debug	dynamo_static_rpc_split	static prefill RPC split	connection.id=683 request.id=288945 request_id=92eb0021-b10b-413e-bc2c-ada81d66a500 headers_us=8049 stream_us=3
2026-09-26T21:20:07.392245Z	debug	dynamo_static_selector_rpc	static selector RPC	connection.id=683 request.id=288945 request_id=92eb0021-b10b-413e-bc2c-ada81d66a500 elapsed_us=9153
static_stage_us prepare=10779 prefill=8066 select=9169 decode=1650 total=29664
