2026-09-26T22:56:34.723921Z	debug	dynamo_static_buffer_ready	static prefill channel buffer readiness	connection.id=240 request.id=678 request_id=9392706f-3f3e-4b18-97f0-d6137254d800 ready_us=1 ready_offset_us=3 is_ok=true
2026-09-26T22:56:34.726669Z	debug	dynamo_static_buffer_ready	static prefill channel buffer readiness	connection.id=218 request.id=760 request_id=1b6a2a11-eb3c-450a-b332-63dcac768a00 ready_us=0 ready_offset_us=6 is_ok=true
2026-09-26T22:56:34.729285Z	debug	dynamo_static_rpc_split	static prefill RPC split	connection.id=240 request.id=678 request_id=9392706f-3f3e-4b18-97f0-d6137254d800 headers_us=5361 stream_us=9
2026-09-26T22:56:34.731250Z	debug	dynamo_static_rpc_split	static prefill RPC split	connection.id=218 request.id=760 request_id=1b6a2a11-eb3c-450a-b332-63dcac768a00 headers_us=4587 stream_us=4
2026-09-26T22:56:34.736889Z	debug	dynamo_static_selector_rpc	static selector RPC	connection.id=240 request.id=678 request_id=9392706f-3f3e-4b18-97f0-d6137254d800 elapsed_us=5799
2026-09-26T22:56:34.736963Z	debug	dynamo_static_selector_rpc	static selector RPC	connection.id=218 request.id=760 request_id=1b6a2a11-eb3c-450a-b332-63dcac768a00 elapsed_us=5696
static_stage_us prepare=5665 prefill=4610 select=5701 decode=1550 total=17526
static_stage_us prepare=13270 prefill=7176 select=5829 decode=1859 total=28134
2026-09-26T22:56:34.914707Z	debug	dynamo_static_buffer_ready	static prefill channel buffer readiness	connection.id=138 request.id=1920 request_id=e168f6f5-0ebc-4589-9249-eb467c80ed00 ready_us=0 ready_offset_us=4 is_ok=true
2026-09-26T22:56:34.925109Z	debug	dynamo_static_rpc_split	static prefill RPC split	connection.id=138 request.id=1920 request_id=e168f6f5-0ebc-4589-9249-eb467c80ed00 headers_us=10355 stream_us=50
2026-09-26T22:56:34.933406Z	debug	dynamo_static_buffer_ready	static prefill channel buffer readiness	connection.id=395 request.id=2023 request_id=6300ae6d-11ef-413e-9931-e7f81f390a00 ready_us=1 ready_offset_us=3 is_ok=true
2026-09-26T22:56:34.935665Z	debug	dynamo_static_selector_rpc	static selector RPC	connection.id=138 request.id=1920 request_id=e168f6f5-0ebc-4589-9249-eb467c80ed00 elapsed_us=10538
static_stage_us prepare=9553 prefill=10423 select=10566 decode=991 total=31533
2026-09-26T22:56:34.943181Z	debug	dynamo_static_rpc_split	static prefill RPC split	connection.id=395 request.id=2023 request_id=6300ae6d-11ef-413e-9931-e7f81f390a00 headers_us=9763 stream_us=13
2026-09-26T22:56:34.954411Z	debug	dynamo_static_selector_rpc	static selector RPC	connection.id=395 request.id=2023 request_id=6300ae6d-11ef-413e-9931-e7f81f390a00 elapsed_us=11214
static_stage_us prepare=13817 prefill=9794 select=11229 decode=1650 total=36490
2026-09-26T22:56:35.033195Z	debug	dynamo_static_buffer_ready	static prefill channel buffer readiness	connection.id=276 request.id=2651 request_id=9050992e-6b26-4123-b132-f3b2f27e3800 ready_us=0 ready_offset_us=4 is_ok=true
2026-09-26T22:56:35.048242Z	debug	dynamo_static_buffer_ready	static prefill channel buffer readiness	connection.id=387 request.id=2764 request_id=f5de650b-c802-42bd-a048-730735fd9300 ready_us=0 ready_offset_us=5 is_ok=true
2026-09-26T22:56:35.048925Z	debug	dynamo_static_buffer_ready	static prefill channel buffer readiness	connection.id=142 request.id=2794 request_id=fa4eebde-f8c2-450e-af4d-52896f9c3d00 ready_us=0 ready_offset_us=2 is_ok=true
2026-09-26T22:56:35.049910Z	debug	dynamo_static_rpc_split	static prefill RPC split	connection.id=276 request.id=2651 request_id=9050992e-6b26-4123-b132-f3b2f27e3800 headers_us=16713 stream_us=6
2026-09-26T22:56:35.068119Z	debug	dynamo_static_rpc_split	static prefill RPC split	connection.id=387 request.id=2764 request_id=f5de650b-c802-42bd-a048-730735fd9300 headers_us=19876 stream_us=5
2026-09-26T22:56:35.071392Z	debug	dynamo_static_rpc_split	static prefill RPC split	connection.id=142 request.id=2794 request_id=fa4eebde-f8c2-450e-af4d-52896f9c3d00 headers_us=22465 stream_us=3
2026-09-26T22:56:35.071587Z	debug	dynamo_static_selector_rpc	static selector RPC	connection.id=276 request.id=2651 request_id=9050992e-6b26-4123-b132-f3b2f27e3800 elapsed_us=21529
static_stage_us prepare=42724 prefill=16866 select=21543 decode=1457 total=82590
2026-09-26T22:56:35.090990Z	debug	dynamo_static_selector_rpc	static selector RPC	connection.id=387 request.id=2764 request_id=f5de650b-c802-42bd-a048-730735fd9300 elapsed_us=22857
2026-09-26T22:56:35.091469Z	debug	dynamo_static_selector_rpc	static selector RPC	connection.id=142 request.id=2794 request_id=fa4eebde-f8c2-450e-af4d-52896f9c3d00 elapsed_us=20057
static_stage_us prepare=40985 prefill=19907 select=22869 decode=2268 total=86029
static_stage_us prepare=32491 prefill=22490 select=20073 decode=3586 total=78640
2026-09-26T22:56:35.109148Z	debug	dynamo_static_buffer_ready	static prefill channel buffer readiness	connection.id=613 request.id=3079 request_id=565773ef-19f6-4689-bf02-b915d32ed200 ready_us=0 ready_offset_us=4 is_ok=true
2026-09-26T22:56:35.128681Z	debug	dynamo_static_rpc_split	static prefill RPC split	connection.id=613 request.id=3079 request_id=565773ef-19f6-4689-bf02-b915d32ed200 headers_us=19533 stream_us=3
2026-09-26T22:56:35.141258Z	debug	dynamo_static_buffer_ready	static prefill channel buffer readiness	connection.id=188 request.id=3301 request_id=29864cb8-363a-4787-8bdc-75a6f247f300 ready_us=0 ready_offset_us=3 is_ok=true
2026-09-26T22:56:35.146041Z	debug	dynamo_static_selector_rpc	static selector RPC	connection.id=613 request.id=3079 request_id=565773ef-19f6-4689-bf02-b915d32ed200 elapsed_us=17347
static_stage_us prepare=41172 prefill=19550 select=17358 decode=2355 total=80435
2026-09-26T22:56:35.160036Z	debug	dynamo_static_rpc_split	static prefill RPC split	connection.id=188 request.id=3301 request_id=29864cb8-363a-4787-8bdc-75a6f247f300 headers_us=18767 stream_us=12
2026-09-26T22:56:35.176264Z	debug	dynamo_static_selector_rpc	static selector RPC	connection.id=188 request.id=3301 request_id=29864cb8-363a-4787-8bdc-75a6f247f300 elapsed_us=16212
static_stage_us prepare=30458 prefill=18797 select=16229 decode=2978 total=68462
2026-09-26T22:56:35.316770Z	debug	dynamo_static_buffer_ready	static prefill channel buffer readiness	connection.id=324 request.id=4398 request_id=f63915ae-8b0e-45cb-a287-ea0980f29b00 ready_us=0 ready_offset_us=4 is_ok=true
2026-09-26T22:56:35.333487Z	debug	dynamo_static_buffer_ready	static prefill channel buffer readiness	connection.id=536 request.id=4514 request_id=fe607af0-1875-436f-9e53-dae95bb64900 ready_us=1 ready_offset_us=4 is_ok=true
2026-09-26T22:56:35.338251Z	debug	dynamo_static_rpc_split	static prefill RPC split	connection.id=324 request.id=4398 request_id=f63915ae-8b0e-45cb-a287-ea0980f29b00 headers_us=21481 stream_us=5
2026-09-26T22:56:35.346951Z	debug	dynamo_static_rpc_split	static prefill RPC split	connection.id=536 request.id=4514 request_id=fe607af0-1875-436f-9e53-dae95bb64900 headers_us=13434 stream_us=34
2026-09-26T22:56:35.358161Z	debug	dynamo_static_selector_rpc	static selector RPC	connection.id=324 request.id=4398 request_id=f63915ae-8b0e-45cb-a287-ea0980f29b00 elapsed_us=19890
static_stage_us prepare=55870 prefill=21507 select=19924 decode=2592 total=99893
2026-09-26T22:56:35.362289Z	debug	dynamo_static_selector_rpc	static selector RPC	connection.id=536 request.id=4514 request_id=fe607af0-1875-436f-9e53-dae95bb64900 elapsed_us=15321
static_stage_us prepare=37919 prefill=13486 select=15339 decode=2851 total=69595
2026-09-26T22:56:35.420287Z	debug	dynamo_static_buffer_ready	static prefill channel buffer readiness	connection.id=575 request.id=5130 request_id=184447a4-1323-4e70-bec9-4321f6da2c00 ready_us=0 ready_offset_us=2 is_ok=true
2026-09-26T22:56:35.440342Z	debug	dynamo_static_rpc_split	static prefill RPC split	connection.id=575 request.id=5130 request_id=184447a4-1323-4e70-bec9-4321f6da2c00 headers_us=20052 stream_us=4
2026-09-26T22:56:35.457394Z	debug	dynamo_static_selector_rpc	static selector RPC	connection.id=575 request.id=5130 request_id=184447a4-1323-4e70-bec9-4321f6da2c00 elapsed_us=17016
static_stage_us prepare=36515 prefill=20093 select=17033 decode=1080 total=74721
2026-09-26T22:56:35.581008Z	debug	dynamo_static_buffer_ready	static prefill channel buffer readiness	connection.id=453 request.id=6174 request_id=5177a4e0-9533-408c-a983-2fa06b56bf00 ready_us=0 ready_offset_us=4 is_ok=true
2026-09-26T22:56:35.605113Z	debug	dynamo_static_rpc_split	static prefill RPC split	connection.id=453 request.id=6174 request_id=5177a4e0-9533-408c-a983-2fa06b56bf00 headers_us=24106 stream_us=2
2026-09-26T22:56:35.635907Z	debug	dynamo_static_selector_rpc	static selector RPC	connection.id=453 request.id=6174 request_id=5177a4e0-9533-408c-a983-2fa06b56bf00 elapsed_us=30773
static_stage_us prepare=32973 prefill=24131 select=30790 decode=1253 total=89147
2026-09-26T22:56:35.657390Z	debug	dynamo_static_buffer_ready	static prefill channel buffer readiness	connection.id=641 request.id=6662 request_id=c38d400e-1071-4a88-a0d5-2ca6ea4fcc00 ready_us=1 ready_offset_us=4 is_ok=true
2026-09-26T22:56:35.660979Z	debug	dynamo_static_buffer_ready	static prefill channel buffer readiness	connection.id=320 request.id=6715 request_id=d9fab62d-0275-45a1-aecf-f040d2110200 ready_us=0 ready_offset_us=4 is_ok=true
2026-09-26T22:56:35.669957Z	debug	dynamo_static_rpc_split	static prefill RPC split	connection.id=641 request.id=6662 request_id=c38d400e-1071-4a88-a0d5-2ca6ea4fcc00 headers_us=12561 stream_us=8
2026-09-26T22:56:35.675014Z	debug	dynamo_static_rpc_split	static prefill RPC split	connection.id=320 request.id=6715 request_id=d9fab62d-0275-45a1-aecf-f040d2110200 headers_us=14026 stream_us=13
2026-09-26T22:56:35.679505Z	debug	dynamo_static_buffer_ready	static prefill channel buffer readiness	connection.id=377 request.id=6813 request_id=2edad127-1b7c-4f1f-bef5-1c44fa703b00 ready_us=1 ready_offset_us=4 is_ok=true
2026-09-26T22:56:35.686370Z	debug	dynamo_static_selector_rpc	static selector RPC	connection.id=641 request.id=6662 request_id=c38d400e-1071-4a88-a0d5-2ca6ea4fcc00 elapsed_us=16346
2026-09-26T22:56:35.688859Z	debug	dynamo_static_selector_rpc	static selector RPC	connection.id=320 request.id=6715 request_id=d9fab62d-0275-45a1-aecf-f040d2110200 elapsed_us=13831
static_stage_us prepare=44842 prefill=12638 select=16363 decode=3014 total=76857
static_stage_us prepare=37646 prefill=14054 select=13849 decode=1945 total=67494
2026-09-26T22:56:35.699633Z	debug	dynamo_static_rpc_split	static prefill RPC split	connection.id=377 request.id=6813 request_id=2edad127-1b7c-4f1f-bef5-1c44fa703b00 headers_us=20129 stream_us=3
2026-09-26T22:56:35.714037Z	debug	dynamo_static_buffer_ready	static prefill channel buffer readiness	connection.id=504 request.id=7088 request_id=af3e7dfc-0673-4338-88db-f18453703000 ready_us=0 ready_offset_us=4 is_ok=true
2026-09-26T22:56:35.730260Z	debug	dynamo_static_selector_rpc	static selector RPC	connection.id=377 request.id=6813 request_id=2edad127-1b7c-4f1f-bef5-1c44fa703b00 elapsed_us=30615
2026-09-26T22:56:35.730810Z	debug	dynamo_static_rpc_split	static prefill RPC split	connection.id=504 request.id=7088 request_id=af3e7dfc-0673-4338-88db-f18453703000 headers_us=16776 stream_us=2
static_stage_us prepare=39146 prefill=20145 select=30630 decode=1903 total=91824
2026-09-26T22:56:35.738290Z	debug	dynamo_static_buffer_ready	static prefill channel buffer readiness	connection.id=576 request.id=7213 request_id=00030cc2-aa59-457c-a5ff-c495f060c900 ready_us=0 ready_offset_us=3 is_ok=true
2026-09-26T22:56:35.748278Z	debug	dynamo_static_selector_rpc	static selector RPC	connection.id=504 request.id=7088 request_id=af3e7dfc-0673-4338-88db-f18453703000 elapsed_us=17456
static_stage_us prepare=30354 prefill=16789 select=17472 decode=2121 total=66736
2026-09-26T22:56:35.769629Z	debug	dynamo_static_rpc_split	static prefill RPC split	connection.id=576 request.id=7213 request_id=00030cc2-aa59-457c-a5ff-c495f060c900 headers_us=31338 stream_us=3
2026-09-26T22:56:35.791158Z	debug	dynamo_static_selector_rpc	static selector RPC	connection.id=576 request.id=7213 request_id=00030cc2-aa59-457c-a5ff-c495f060c900 elapsed_us=21516
static_stage_us prepare=36083 prefill=31355 select=21534 decode=1485 total=90457
2026-09-26T22:56:35.814610Z	debug	dynamo_static_buffer_ready	static prefill channel buffer readiness	connection.id=552 request.id=7770 request_id=e3b0eb7b-68ea-46a2-b7ea-c77bc2740900 ready_us=0 ready_offset_us=3 is_ok=true
2026-09-26T22:56:35.831724Z	debug	dynamo_static_rpc_split	static prefill RPC split	connection.id=552 request.id=7770 request_id=e3b0eb7b-68ea-46a2-b7ea-c77bc2740900 headers_us=17108 stream_us=10
2026-09-26T22:56:35.852660Z	debug	dynamo_static_selector_rpc	static selector RPC	connection.id=552 request.id=7770 request_id=e3b0eb7b-68ea-46a2-b7ea-c77bc2740900 elapsed_us=20884
static_stage_us prepare=36114 prefill=17169 select=20902 decode=2463 total=76648
2026-09-26T22:56:35.972396Z	debug	dynamo_static_buffer_ready	static prefill channel buffer readiness	connection.id=397 request.id=8769 request_id=d3b76019-8af9-480d-9cd2-7b7b9ab58900 ready_us=0 ready_offset_us=5 is_ok=true
2026-09-26T22:56:35.984891Z	debug	dynamo_static_buffer_ready	static prefill channel buffer readiness	connection.id=563 request.id=8842 request_id=393ded40-c796-4592-a91e-5d87448b4700 ready_us=0 ready_offset_us=3 is_ok=true
2026-09-26T22:56:35.997065Z	debug	dynamo_static_rpc_split	static prefill RPC split	connection.id=397 request.id=8769 request_id=d3b76019-8af9-480d-9cd2-7b7b9ab58900 headers_us=24649 stream_us=24
2026-09-26T22:56:36.006819Z	debug	dynamo_static_rpc_split	static prefill RPC split	connection.id=563 request.id=8842 request_id=393ded40-c796-4592-a91e-5d87448b4700 headers_us=21917 stream_us=13
2026-09-26T22:56:36.027711Z	debug	dynamo_static_selector_rpc	static selector RPC	connection.id=397 request.id=8769 request_id=d3b76019-8af9-480d-9cd2-7b7b9ab58900 elapsed_us=30632
2026-09-26T22:56:36.028912Z	debug	dynamo_static_buffer_ready	static prefill channel buffer readiness	connection.id=752 request.id=9163 request_id=02f2acbe-6e89-4ef9-8439-99a1ce424c00 ready_us=0 ready_offset_us=3 is_ok=true
2026-09-26T22:56:36.028912Z	debug	dynamo_static_buffer_ready	static prefill channel buffer readiness	connection.id=426 request.id=9162 request_id=c538e412-f834-4e56-af3f-d55b76dd6500 ready_us=0 ready_offset_us=2 is_ok=true
2026-09-26T22:56:36.029452Z	debug	dynamo_static_selector_rpc	static selector RPC	connection.id=563 request.id=8842 request_id=393ded40-c796-4592-a91e-5d87448b4700 elapsed_us=22618
static_stage_us prepare=35496 prefill=24687 select=30653 decode=2316 total=93152
static_stage_us prepare=41453 prefill=21946 select=22636 decode=1728 total=87763
2026-09-26T22:56:36.038224Z	debug	dynamo_static_buffer_ready	static prefill channel buffer readiness	connection.id=154 request.id=9221 request_id=f839cd70-e50d-4b07-a61b-8274afb65600 ready_us=0 ready_offset_us=3 is_ok=true
2026-09-26T22:56:36.053859Z	debug	dynamo_static_buffer_ready	static prefill channel buffer readiness	connection.id=659 request.id=9297 request_id=668ec478-c43a-4669-9ed2-1121fcc0df00 ready_us=0 ready_offset_us=4 is_ok=true
2026-09-26T22:56:36.054089Z	debug	dynamo_static_rpc_split	static prefill RPC split	connection.id=752 request.id=9163 request_id=02f2acbe-6e89-4ef9-8439-99a1ce424c00 headers_us=25177 stream_us=3
2026-09-26T22:56:36.057648Z	debug	dynamo_static_rpc_split	static prefill RPC split	connection.id=426 request.id=9162 request_id=c538e412-f834-4e56-af3f-d55b76dd6500 headers_us=28728 stream_us=8
2026-09-26T22:56:36.063073Z	debug	dynamo_static_rpc_split	static prefill RPC split	connection.id=154 request.id=9221 request_id=f839cd70-e50d-4b07-a61b-8274afb65600 headers_us=24840 stream_us=11
2026-09-26T22:56:36.073026Z	debug	dynamo_static_rpc_split	static prefill RPC split	connection.id=659 request.id=9297 request_id=668ec478-c43a-4669-9ed2-1121fcc0df00 headers_us=19165 stream_us=5
2026-09-26T22:56:36.074977Z	debug	dynamo_static_selector_rpc	static selector RPC	connection.id=426 request.id=9162 request_id=c538e412-f834-4e56-af3f-d55b76dd6500 elapsed_us=17304
2026-09-26T22:56:36.075508Z	debug	dynamo_static_selector_rpc	static selector RPC	connection.id=752 request.id=9163 request_id=02f2acbe-6e89-4ef9-8439-99a1ce424c00 elapsed_us=21406
2026-09-26T22:56:36.076481Z	debug	dynamo_static_buffer_ready	static prefill channel buffer readiness	connection.id=675 request.id=9433 request_id=738de472-5239-4e65-a250-5e5f267dfc00 ready_us=0 ready_offset_us=3 is_ok=true
static_stage_us prepare=43947 prefill=28762 select=17317 decode=2016 total=92042
static_stage_us prepare=43567 prefill=25194 select=21417 decode=2504 total=92682
2026-09-26T22:56:36.078448Z	debug	dynamo_static_buffer_ready	static prefill channel buffer readiness	connection.id=456 request.id=9448 request_id=6ecff663-0e2b-46de-bb40-deb6daf7e700 ready_us=1 ready_offset_us=4 is_ok=true
2026-09-26T22:56:36.084020Z	debug	dynamo_static_selector_rpc	static selector RPC	connection.id=154 request.id=9221 request_id=f839cd70-e50d-4b07-a61b-8274afb65600 elapsed_us=20929
static_stage_us prepare=45609 prefill=24871 select=20967 decode=1802 total=93249
2026-09-26T22:56:36.095415Z	debug	dynamo_static_selector_rpc	static selector RPC	connection.id=659 request.id=9297 request_id=668ec478-c43a-4669-9ed2-1121fcc0df00 elapsed_us=22372
static_stage_us prepare=47463 prefill=19188 select=22385 decode=1906 total=90942
2026-09-26T22:56:36.098410Z	debug	dynamo_static_rpc_split	static prefill RPC split	connection.id=675 request.id=9433 request_id=738de472-5239-4e65-a250-5e5f267dfc00 headers_us=21924 stream_us=6
2026-09-26T22:56:36.104547Z	debug	dynamo_static_rpc_split	static prefill RPC split	connection.id=456 request.id=9448 request_id=6ecff663-0e2b-46de-bb40-deb6daf7e700 headers_us=26099 stream_us=3
2026-09-26T22:56:36.128481Z	debug	dynamo_static_selector_rpc	static selector RPC	connection.id=675 request.id=9433 request_id=738de472-5239-4e65-a250-5e5f267dfc00 elapsed_us=30054
static_stage_us prepare=37561 prefill=21949 select=30067 decode=1318 total=90895
2026-09-26T22:56:36.135584Z	debug	dynamo_static_selector_rpc	static selector RPC	connection.id=456 request.id=9448 request_id=6ecff663-0e2b-46de-bb40-deb6daf7e700 elapsed_us=31024
static_stage_us prepare=38482 prefill=26116 select=31038 decode=1983 total=97619
2026-09-26T22:56:36.264635Z	debug	dynamo_static_buffer_ready	static prefill channel buffer readiness	connection.id=578 request.id=10588 request_id=780bed79-0dd0-4a6f-a0d4-a8715db0f400 ready_us=0 ready_offset_us=2 is_ok=true
2026-09-26T22:56:36.289527Z	debug	dynamo_static_rpc_split	static prefill RPC split	connection.id=578 request.id=10588 request_id=780bed79-0dd0-4a6f-a0d4-a8715db0f400 headers_us=24889 stream_us=4
2026-09-26T22:56:36.308338Z	debug	dynamo_static_selector_rpc	static selector RPC	connection.id=578 request.id=10588 request_id=780bed79-0dd0-4a6f-a0d4-a8715db0f400 elapsed_us=18790
static_stage_us prepare=43484 prefill=24915 select=18809 decode=1618 total=88826
2026-09-26T22:56:36.336550Z	debug	dynamo_static_buffer_ready	static prefill channel buffer readiness	connection.id=459 request.id=11079 request_id=34d52cf1-8667-4115-b980-ef9a4c339900 ready_us=1 ready_offset_us=5 is_ok=true
2026-09-26T22:56:36.359455Z	debug	dynamo_static_rpc_split	static prefill RPC split	connection.id=459 request.id=11079 request_id=34d52cf1-8667-4115-b980-ef9a4c339900 headers_us=22899 stream_us=10
2026-09-26T22:56:36.363445Z	debug	dynamo_static_buffer_ready	static prefill channel buffer readiness	connection.id=907 request.id=11306 request_id=9d193670-8d95-46bc-8cc8-c02882a1d300 ready_us=0 ready_offset_us=4 is_ok=true
2026-09-26T22:56:36.381701Z	debug	dynamo_static_selector_rpc	static selector RPC	connection.id=459 request.id=11079 request_id=34d52cf1-8667-4115-b980-ef9a4c339900 elapsed_us=22225
static_stage_us prepare=41623 prefill=22932 select=22242 decode=1114 total=87911
2026-09-26T22:56:36.390928Z	debug	dynamo_static_rpc_split	static prefill RPC split	connection.id=907 request.id=11306 request_id=9d193670-8d95-46bc-8cc8-c02882a1d300 headers_us=27462 stream_us=23
2026-09-26T22:56:36.395474Z	debug	dynamo_static_buffer_ready	static prefill channel buffer readiness	connection.id=177 request.id=11475 request_id=6ce0a4af-38aa-4bb8-a202-e0b917377700 ready_us=0 ready_offset_us=4 is_ok=true
2026-09-26T22:56:36.422352Z	debug	dynamo_static_selector_rpc	static selector RPC	connection.id=907 request.id=11306 request_id=9d193670-8d95-46bc-8cc8-c02882a1d300 elapsed_us=31386
2026-09-26T22:56:36.422673Z	debug	dynamo_static_rpc_split	static prefill RPC split	connection.id=177 request.id=11475 request_id=6ce0a4af-38aa-4bb8-a202-e0b917377700 headers_us=27174 stream_us=28
static_stage_us prepare=39954 prefill=27525 select=31400 decode=667 total=99546
2026-09-26T22:56:36.453311Z	debug	dynamo_static_selector_rpc	static selector RPC	connection.id=177 request.id=11475 request_id=6ce0a4af-38aa-4bb8-a202-e0b917377700 elapsed_us=30622
static_stage_us prepare=51909 prefill=27219 select=30636 decode=1213 total=110977
2026-09-26T22:56:36.574951Z	debug	dynamo_static_buffer_ready	static prefill channel buffer readiness	connection.id=386 request.id=12559 request_id=cf752bf6-389c-4a6d-a278-3b4f5c262000 ready_us=0 ready_offset_us=18 is_ok=true
2026-09-26T22:56:36.590422Z	debug	dynamo_static_buffer_ready	static prefill channel buffer readiness	connection.id=530 request.id=12611 request_id=366696cb-806e-4374-b2ae-479c710f6900 ready_us=1 ready_offset_us=4 is_ok=true
2026-09-26T22:56:36.592330Z	debug	dynamo_static_buffer_ready	static prefill channel buffer readiness	connection.id=945 request.id=12661 request_id=9ddd2aa1-6963-42db-a10a-b5f6d0d13f00 ready_us=0 ready_offset_us=12 is_ok=true
2026-09-26T22:56:36.601180Z	debug	dynamo_static_buffer_ready	static prefill channel buffer readiness	connection.id=743 request.id=12672 request_id=5c57f50e-3400-4b1c-a875-e6ee83e09d00 ready_us=0 ready_offset_us=2 is_ok=true
2026-09-26T22:56:36.604321Z	debug	dynamo_static_rpc_split	static prefill RPC split	connection.id=386 request.id=12559 request_id=cf752bf6-389c-4a6d-a278-3b4f5c262000 headers_us=29378 stream_us=10
2026-09-26T22:56:36.626807Z	debug	dynamo_static_buffer_ready	static prefill channel buffer readiness	connection.id=171 request.id=12866 request_id=08073152-be44-42d3-a907-82519de79200 ready_us=0 ready_offset_us=2 is_ok=true
2026-09-26T22:56:36.627693Z	debug	dynamo_static_rpc_split	static prefill RPC split	connection.id=945 request.id=12661 request_id=9ddd2aa1-6963-42db-a10a-b5f6d0d13f00 headers_us=35371 stream_us=4
2026-09-26T22:56:36.627772Z	debug	dynamo_static_rpc_split	static prefill RPC split	connection.id=530 request.id=12611 request_id=366696cb-806e-4374-b2ae-479c710f6900 headers_us=37345 stream_us=9
2026-09-26T22:56:36.632640Z	debug	dynamo_static_rpc_split	static prefill RPC split	connection.id=743 request.id=12672 request_id=5c57f50e-3400-4b1c-a875-e6ee83e09d00 headers_us=31452 stream_us=10
2026-09-26T22:56:36.634051Z	debug	dynamo_static_selector_rpc	static selector RPC	connection.id=386 request.id=12559 request_id=cf752bf6-389c-4a6d-a278-3b4f5c262000 elapsed_us=29718
static_stage_us prepare=54452 prefill=29401 select=29730 decode=2569 total=116152
2026-09-26T22:56:36.649589Z	debug	dynamo_static_buffer_ready	static prefill channel buffer readiness	connection.id=428 request.id=13011 request_id=afe59119-bc6e-4dc0-b799-6642da736b00 ready_us=0 ready_offset_us=2 is_ok=true
2026-09-26T22:56:36.657330Z	debug	dynamo_static_selector_rpc	static selector RPC	connection.id=945 request.id=12661 request_id=9ddd2aa1-6963-42db-a10a-b5f6d0d13f00 elapsed_us=29527
2026-09-26T22:56:36.657841Z	debug	dynamo_static_rpc_split	static prefill RPC split	connection.id=171 request.id=12866 request_id=08073152-be44-42d3-a907-82519de79200 headers_us=31023 stream_us=12
static_stage_us prepare=57726 prefill=35484 select=29540 decode=1165 total=123915
2026-09-26T22:56:36.662377Z	debug	dynamo_static_selector_rpc	static selector RPC	connection.id=530 request.id=12611 request_id=366696cb-806e-4374-b2ae-479c710f6900 elapsed_us=34565
static_stage_us prepare=62651 prefill=37395 select=34578 decode=1245 total=135869
2026-09-26T22:56:36.664359Z	debug	dynamo_static_selector_rpc	static selector RPC	connection.id=743 request.id=12672 request_id=5c57f50e-3400-4b1c-a875-e6ee83e09d00 elapsed_us=31701
static_stage_us prepare=65399 prefill=31481 select=31715 decode=931 total=129526
2026-09-26T22:56:36.679363Z	debug	dynamo_static_rpc_split	static prefill RPC split	connection.id=428 request.id=13011 request_id=afe59119-bc6e-4dc0-b799-6642da736b00 headers_us=29754 stream_us=21
2026-09-26T22:56:36.686453Z	debug	dynamo_static_buffer_ready	static prefill channel buffer readiness	connection.id=197 request.id=13240 request_id=2c219f15-3d2a-439f-b6de-3a6b15941700 ready_us=0 ready_offset_us=3 is_ok=true
2026-09-26T22:56:36.686469Z	debug	dynamo_static_buffer_ready	static prefill channel buffer readiness	connection.id=789 request.id=13243 request_id=351a41d3-1ce0-4244-975d-3583b1abe700 ready_us=0 ready_offset_us=6 is_ok=true
2026-09-26T22:56:36.689592Z	debug	dynamo_static_selector_rpc	static selector RPC	connection.id=171 request.id=12866 request_id=08073152-be44-42d3-a907-82519de79200 elapsed_us=31725
static_stage_us prepare=60893 prefill=31061 select=31741 decode=855 total=124550
2026-09-26T22:56:36.692600Z	debug	dynamo_static_buffer_ready	static prefill channel buffer readiness	connection.id=670 request.id=13282 request_id=f367b703-0f94-4c13-97b5-d7f4ad04c800 ready_us=0 ready_offset_us=2 is_ok=true
2026-09-26T22:56:36.699432Z	debug	dynamo_static_buffer_ready	static prefill channel buffer readiness	connection.id=737 request.id=13271 request_id=7736be27-f4a9-425a-9aee-3f9f9497ae00 ready_us=0 ready_offset_us=2 is_ok=true
2026-09-26T22:56:36.699596Z	debug	dynamo_static_buffer_ready	static prefill channel buffer readiness	connection.id=239 request.id=13354 request_id=61987770-ef3c-4940-9360-65946530b300 ready_us=0 ready_offset_us=3 is_ok=true
2026-09-26T22:56:36.706860Z	debug	dynamo_static_selector_rpc	static selector RPC	connection.id=428 request.id=13011 request_id=afe59119-bc6e-4dc0-b799-6642da736b00 elapsed_us=27479
static_stage_us prepare=53409 prefill=29793 select=27491 decode=896 total=111589
2026-09-26T22:56:36.714616Z	debug	dynamo_static_rpc_split	static prefill RPC split	connection.id=197 request.id=13240 request_id=2c219f15-3d2a-439f-b6de-3a6b15941700 headers_us=28154 stream_us=11
2026-09-26T22:56:36.714627Z	debug	dynamo_static_rpc_split	static prefill RPC split	connection.id=789 request.id=13243 request_id=351a41d3-1ce0-4244-975d-3583b1abe700 headers_us=28158 stream_us=4
2026-09-26T22:56:36.721564Z	debug	dynamo_static_rpc_split	static prefill RPC split	connection.id=670 request.id=13282 request_id=f367b703-0f94-4c13-97b5-d7f4ad04c800 headers_us=28960 stream_us=6
2026-09-26T22:56:36.730086Z	debug	dynamo_static_buffer_ready	static prefill channel buffer readiness	connection.id=507 request.id=13469 request_id=22322add-9d36-47c6-b22c-6d3186014c00 ready_us=0 ready_offset_us=3 is_ok=true
2026-09-26T22:56:36.730169Z	debug	dynamo_static_rpc_split	static prefill RPC split	connection.id=239 request.id=13354 request_id=61987770-ef3c-4940-9360-65946530b300 headers_us=30565 stream_us=11
2026-09-26T22:56:36.730297Z	debug	dynamo_static_rpc_split	static prefill RPC split	connection.id=737 request.id=13271 request_id=7736be27-f4a9-425a-9aee-3f9f9497ae00 headers_us=30830 stream_us=37
2026-09-26T22:56:36.741038Z	debug	dynamo_static_buffer_ready	static prefill channel buffer readiness	connection.id=846 request.id=13585 request_id=11b1122c-c8af-4a7b-a949-c769e9d2bc00 ready_us=0 ready_offset_us=4 is_ok=true
2026-09-26T22:56:36.743321Z	debug	dynamo_static_selector_rpc	static selector RPC	connection.id=197 request.id=13240 request_id=2c219f15-3d2a-439f-b6de-3a6b15941700 elapsed_us=28683
static_stage_us prepare=54847 prefill=28189 select=28695 decode=1084 total=112815
2026-09-26T22:56:36.747876Z	debug	dynamo_static_selector_rpc	static selector RPC	connection.id=789 request.id=13243 request_id=351a41d3-1ce0-4244-975d-3583b1abe700 elapsed_us=33220
static_stage_us prepare=54630 prefill=28192 select=33233 decode=981 total=117036
2026-09-26T22:56:36.755128Z	debug	dynamo_static_selector_rpc	static selector RPC	connection.id=670 request.id=13282 request_id=f367b703-0f94-4c13-97b5-d7f4ad04c800 elapsed_us=33485
static_stage_us prepare=52441 prefill=29046 select=33510 decode=951 total=115948
2026-09-26T22:56:36.760571Z	debug	dynamo_static_selector_rpc	static selector RPC	connection.id=239 request.id=13354 request_id=61987770-ef3c-4940-9360-65946530b300 elapsed_us=30381
static_stage_us prepare=51187 prefill=30598 select=30394 decode=1442 total=113621
2026-09-26T22:56:36.762897Z	debug	dynamo_static_rpc_split	static prefill RPC split	connection.id=507 request.id=13469 request_id=22322add-9d36-47c6-b22c-6d3186014c00 headers_us=32807 stream_us=5
2026-09-26T22:56:36.762993Z	debug	dynamo_static_selector_rpc	static selector RPC	connection.id=737 request.id=13271 request_id=7736be27-f4a9-425a-9aee-3f9f9497ae00 elapsed_us=32680
static_stage_us prepare=63256 prefill=30884 select=32692 decode=666 total=127498
2026-09-26T22:56:36.766449Z	debug	dynamo_static_rpc_split	static prefill RPC split	connection.id=846 request.id=13585 request_id=11b1122c-c8af-4a7b-a949-c769e9d2bc00 headers_us=25403 stream_us=12
2026-09-26T22:56:36.769151Z	debug	dynamo_static_buffer_ready	static prefill channel buffer readiness	connection.id=276 request.id=13766 request_id=74ec57f0-3991-406c-9fc6-bfcec5770000 ready_us=0 ready_offset_us=5 is_ok=true
2026-09-26T22:56:36.783733Z	debug	dynamo_static_buffer_ready	static prefill channel buffer readiness	connection.id=658 request.id=13820 request_id=563e1b0c-c6e2-4c02-8b84-455fe47db700 ready_us=0 ready_offset_us=2 is_ok=true
2026-09-26T22:56:36.792430Z	debug	dynamo_static_selector_rpc	static selector RPC	connection.id=507 request.id=13469 request_id=22322add-9d36-47c6-b22c-6d3186014c00 elapsed_us=29503
static_stage_us prepare=49831 prefill=32844 select=29518 decode=1423 total=113616
2026-09-26T22:56:36.796573Z	debug	dynamo_static_selector_rpc	static selector RPC	connection.id=846 request.id=13585 request_id=11b1122c-c8af-4a7b-a949-c769e9d2bc00 elapsed_us=30101
static_stage_us prepare=49549 prefill=25439 select=30112 decode=1523 total=106623
2026-09-26T22:56:36.803984Z	debug	dynamo_static_rpc_split	static prefill RPC split	connection.id=276 request.id=13766 request_id=74ec57f0-3991-406c-9fc6-bfcec5770000 headers_us=34824 stream_us=13
2026-09-26T22:56:36.811700Z	debug	dynamo_static_rpc_split	static prefill RPC split	connection.id=658 request.id=13820 request_id=563e1b0c-c6e2-4c02-8b84-455fe47db700 headers_us=27964 stream_us=5
2026-09-26T22:56:36.830073Z	debug	dynamo_static_selector_rpc	static selector RPC	connection.id=276 request.id=13766 request_id=74ec57f0-3991-406c-9fc6-bfcec5770000 elapsed_us=26075
static_stage_us prepare=47658 prefill=34851 select=26103 decode=1139 total=109751
2026-09-26T22:56:36.837316Z	debug	dynamo_static_selector_rpc	static selector RPC	connection.id=658 request.id=13820 request_id=563e1b0c-c6e2-4c02-8b84-455fe47db700 elapsed_us=25596
static_stage_us prepare=57459 prefill=27990 select=25607 decode=1412 total=112468
2026-09-26T22:56:36.865607Z	debug	dynamo_static_buffer_ready	static prefill channel buffer readiness	connection.id=556 request.id=14372 request_id=213e4c7e-11bd-4cf3-a5b0-79f60f652e00 ready_us=0 ready_offset_us=9 is_ok=true
2026-09-26T22:56:36.865624Z	debug	dynamo_static_buffer_ready	static prefill channel buffer readiness	connection.id=679 request.id=14385 request_id=c466628a-fdaf-4b36-b0ca-80acd7614800 ready_us=1 ready_offset_us=2 is_ok=true
2026-09-26T22:56:36.865641Z	debug	dynamo_static_buffer_ready	static prefill channel buffer readiness	connection.id=351 request.id=14381 request_id=eedec837-67f0-443f-92f1-d633f788fa00 ready_us=0 ready_offset_us=2 is_ok=true
2026-09-26T22:56:36.878493Z	debug	dynamo_static_buffer_ready	static prefill channel buffer readiness	connection.id=787 request.id=14489 request_id=a647601f-e0d9-4eb4-bb2b-6b29f94bc000 ready_us=1 ready_offset_us=5 is_ok=true
2026-09-26T22:56:36.888851Z	debug	dynamo_static_rpc_split	static prefill RPC split	connection.id=679 request.id=14385 request_id=c466628a-fdaf-4b36-b0ca-80acd7614800 headers_us=23218 stream_us=11
2026-09-26T22:56:36.892777Z	debug	dynamo_static_rpc_split	static prefill RPC split	connection.id=351 request.id=14381 request_id=eedec837-67f0-443f-92f1-d633f788fa00 headers_us=27128 stream_us=10
2026-09-26T22:56:36.894637Z	debug	dynamo_static_rpc_split	static prefill RPC split	connection.id=556 request.id=14372 request_id=213e4c7e-11bd-4cf3-a5b0-79f60f652e00 headers_us=29030 stream_us=9
2026-09-26T22:56:36.907496Z	debug	dynamo_static_rpc_split	static prefill RPC split	connection.id=787 request.id=14489 request_id=a647601f-e0d9-4eb4-bb2b-6b29f94bc000 headers_us=28994 stream_us=13
2026-09-26T22:56:36.914016Z	debug	dynamo_static_selector_rpc	static selector RPC	connection.id=679 request.id=14385 request_id=c466628a-fdaf-4b36-b0ca-80acd7614800 elapsed_us=25132
static_stage_us prepare=47573 prefill=23263 select=25149 decode=1123 total=97108
2026-09-26T22:56:36.920202Z	debug	dynamo_static_selector_rpc	static selector RPC	connection.id=556 request.id=14372 request_id=213e4c7e-11bd-4cf3-a5b0-79f60f652e00 elapsed_us=25551
static_stage_us prepare=48413 prefill=29054 select=25562 decode=814 total=103843
2026-09-26T22:56:36.926791Z	debug	dynamo_static_selector_rpc	static selector RPC	connection.id=351 request.id=14381 request_id=eedec837-67f0-443f-92f1-d633f788fa00 elapsed_us=33999
static_stage_us prepare=47953 prefill=27153 select=34010 decode=1904 total=111020
2026-09-26T22:56:36.940879Z	debug	dynamo_static_selector_rpc	static selector RPC	connection.id=787 request.id=14489 request_id=a647601f-e0d9-4eb4-bb2b-6b29f94bc000 elapsed_us=33368
static_stage_us prepare=46966 prefill=29025 select=33379 decode=1042 total=110412
2026-09-26T22:56:36.971140Z	debug	dynamo_static_buffer_ready	static prefill channel buffer readiness	connection.id=582 request.id=15129 request_id=455be408-f20d-43a9-8a69-e4e8227f6100 ready_us=0 ready_offset_us=4 is_ok=true
2026-09-26T22:56:36.995931Z	debug	dynamo_static_rpc_split	static prefill RPC split	connection.id=582 request.id=15129 request_id=455be408-f20d-43a9-8a69-e4e8227f6100 headers_us=24790 stream_us=4
2026-09-26T22:56:37.020558Z	debug	dynamo_static_selector_rpc	static selector RPC	connection.id=582 request.id=15129 request_id=455be408-f20d-43a9-8a69-e4e8227f6100 elapsed_us=24601
static_stage_us prepare=45756 prefill=24820 select=24625 decode=1204 total=96405
2026-09-26T22:56:37.068612Z	debug	dynamo_static_buffer_ready	static prefill channel buffer readiness	connection.id=206 request.id=15770 request_id=e4c8bdf9-47f7-4fc8-9efc-883d4ffcab00 ready_us=0 ready_offset_us=4 is_ok=true
2026-09-26T22:56:37.096602Z	debug	dynamo_static_rpc_split	static prefill RPC split	connection.id=206 request.id=15770 request_id=e4c8bdf9-47f7-4fc8-9efc-883d4ffcab00 headers_us=27969 stream_us=24
2026-09-26T22:56:37.134275Z	debug	dynamo_static_selector_rpc	static selector RPC	connection.id=206 request.id=15770 request_id=e4c8bdf9-47f7-4fc8-9efc-883d4ffcab00 elapsed_us=37656
static_stage_us prepare=46846 prefill=28010 select=37685 decode=1705 total=114246
2026-09-26T22:56:37.204864Z	debug	dynamo_static_buffer_ready	static prefill channel buffer readiness	connection.id=631 request.id=16599 request_id=bb779b59-e440-485b-ade5-b3e0ecfd5800 ready_us=0 ready_offset_us=3 is_ok=true
2026-09-26T22:56:37.234847Z	debug	dynamo_static_buffer_ready	static prefill channel buffer readiness	connection.id=296 request.id=16807 request_id=bd9c9625-daa4-4875-bda6-44cf4d21d700 ready_us=0 ready_offset_us=3 is_ok=true
2026-09-26T22:56:37.235110Z	debug	dynamo_static_rpc_split	static prefill RPC split	connection.id=631 request.id=16599 request_id=bb779b59-e440-485b-ade5-b3e0ecfd5800 headers_us=30238 stream_us=11
2026-09-26T22:56:37.242178Z	debug	dynamo_static_buffer_ready	static prefill channel buffer readiness	connection.id=611 request.id=16874 request_id=d0e3142e-b7d5-49b9-bf9d-b9f10e374700 ready_us=0 ready_offset_us=4 is_ok=true
2026-09-26T22:56:37.265134Z	debug	dynamo_static_selector_rpc	static selector RPC	connection.id=631 request.id=16599 request_id=bb779b59-e440-485b-ade5-b3e0ecfd5800 elapsed_us=29980
2026-09-26T22:56:37.266373Z	debug	dynamo_static_rpc_split	static prefill RPC split	connection.id=296 request.id=16807 request_id=bd9c9625-daa4-4875-bda6-44cf4d21d700 headers_us=30350 stream_us=1164
static_stage_us prepare=50116 prefill=30294 select=29994 decode=3528 total=113932
2026-09-26T22:56:37.274378Z	debug	dynamo_static_rpc_split	static prefill RPC split	connection.id=611 request.id=16874 request_id=d0e3142e-b7d5-49b9-bf9d-b9f10e374700 headers_us=32200 stream_us=5
2026-09-26T22:56:37.291104Z	debug	dynamo_static_selector_rpc	static selector RPC	connection.id=296 request.id=16807 request_id=bd9c9625-daa4-4875-bda6-44cf4d21d700 elapsed_us=24704
static_stage_us prepare=42682 prefill=31556 select=24718 decode=2509 total=101465
2026-09-26T22:56:37.298200Z	debug	dynamo_static_selector_rpc	static selector RPC	connection.id=611 request.id=16874 request_id=d0e3142e-b7d5-49b9-bf9d-b9f10e374700 elapsed_us=23808
static_stage_us prepare=39635 prefill=32220 select=23819 decode=1245 total=96919
2026-09-26T22:56:37.303377Z	debug	dynamo_static_buffer_ready	static prefill channel buffer readiness	connection.id=514 request.id=17251 request_id=8ceb6720-3e10-464c-9841-d22fd2138100 ready_us=0 ready_offset_us=4 is_ok=true
2026-09-26T22:56:37.328162Z	debug	dynamo_static_buffer_ready	static prefill channel buffer readiness	connection.id=193 request.id=17422 request_id=dc26663e-07a2-4df2-b231-35906d951200 ready_us=0 ready_offset_us=3 is_ok=true
2026-09-26T22:56:37.328176Z	debug	dynamo_static_buffer_ready	static prefill channel buffer readiness	connection.id=480 request.id=17432 request_id=8a75969e-45c4-4728-a379-e0d07251c400 ready_us=0 ready_offset_us=2 is_ok=true
2026-09-26T22:56:37.334043Z	debug	dynamo_static_rpc_split	static prefill RPC split	connection.id=514 request.id=17251 request_id=8ceb6720-3e10-464c-9841-d22fd2138100 headers_us=30663 stream_us=5
2026-09-26T22:56:37.352691Z	debug	dynamo_static_rpc_split	static prefill RPC split	connection.id=480 request.id=17432 request_id=8a75969e-45c4-4728-a379-e0d07251c400 headers_us=24512 stream_us=5
2026-09-26T22:56:37.368821Z	debug	dynamo_static_selector_rpc	static selector RPC	connection.id=514 request.id=17251 request_id=8ceb6720-3e10-464c-9841-d22fd2138100 elapsed_us=34767
2026-09-26T22:56:37.369636Z	debug	dynamo_static_rpc_split	static prefill RPC split	connection.id=193 request.id=17422 request_id=dc26663e-07a2-4df2-b231-35906d951200 headers_us=41472 stream_us=5
static_stage_us prepare=54308 prefill=30681 select=34781 decode=1840 total=121610
2026-09-26T22:56:37.379615Z	debug	dynamo_static_selector_rpc	static selector RPC	connection.id=480 request.id=17432 request_id=8a75969e-45c4-4728-a379-e0d07251c400 elapsed_us=26907
static_stage_us prepare=47475 prefill=24534 select=26922 decode=857 total=99788
2026-09-26T22:56:37.394498Z	debug	dynamo_static_selector_rpc	static selector RPC	connection.id=193 request.id=17422 request_id=dc26663e-07a2-4df2-b231-35906d951200 elapsed_us=24810
static_stage_us prepare=49226 prefill=41523 select=24833 decode=13035 total=128617
2026-09-26T22:56:37.427608Z	debug	dynamo_static_buffer_ready	static prefill channel buffer readiness	connection.id=809 request.id=18108 request_id=9aaf132f-8c47-4fd4-a8d0-43d39fa72000 ready_us=0 ready_offset_us=4 is_ok=true
2026-09-26T22:56:37.428244Z	debug	dynamo_static_buffer_ready	static prefill channel buffer readiness	connection.id=344 request.id=18146 request_id=9d7caa5e-26a8-4a20-b1bf-8fb9d7ec7d00 ready_us=0 ready_offset_us=4 is_ok=true
2026-09-26T22:56:37.454622Z	debug	dynamo_static_rpc_split	static prefill RPC split	connection.id=344 request.id=18146 request_id=9d7caa5e-26a8-4a20-b1bf-8fb9d7ec7d00 headers_us=26372 stream_us=9
2026-09-26T22:56:37.458790Z	debug	dynamo_static_rpc_split	static prefill RPC split	connection.id=809 request.id=18108 request_id=9aaf132f-8c47-4fd4-a8d0-43d39fa72000 headers_us=31173 stream_us=12
2026-09-26T22:56:37.478710Z	debug	dynamo_static_selector_rpc	static selector RPC	connection.id=344 request.id=18146 request_id=9d7caa5e-26a8-4a20-b1bf-8fb9d7ec7d00 elapsed_us=24015
static_stage_us prepare=37692 prefill=26456 select=24026 decode=3943 total=92117
2026-09-26T22:56:37.492957Z	debug	dynamo_static_selector_rpc	static selector RPC	connection.id=809 request.id=18108 request_id=9aaf132f-8c47-4fd4-a8d0-43d39fa72000 elapsed_us=34149
static_stage_us prepare=43429 prefill=31203 select=34164 decode=3091 total=111887
2026-09-26T22:56:37.580393Z	debug	dynamo_static_buffer_ready	static prefill channel buffer readiness	connection.id=321 request.id=19124 request_id=dca94c8a-9f27-4649-908b-da0f9b854900 ready_us=0 ready_offset_us=3 is_ok=true
2026-09-26T22:56:37.595091Z	debug	dynamo_static_buffer_ready	static prefill channel buffer readiness	connection.id=780 request.id=19180 request_id=5661934c-a856-46cf-a626-4fc957d35e00 ready_us=0 ready_offset_us=4 is_ok=true
2026-09-26T22:56:37.611140Z	debug	dynamo_static_rpc_split	static prefill RPC split	connection.id=321 request.id=19124 request_id=dca94c8a-9f27-4649-908b-da0f9b854900 headers_us=30738 stream_us=11
2026-09-26T22:56:37.615816Z	debug	dynamo_static_rpc_split	static prefill RPC split	connection.id=780 request.id=19180 request_id=5661934c-a856-46cf-a626-4fc957d35e00 headers_us=20721 stream_us=7
2026-09-26T22:56:37.617401Z	debug	dynamo_static_buffer_ready	static prefill channel buffer readiness	connection.id=824 request.id=19287 request_id=327f72cb-470c-4252-9d28-57cdb4e1fe00 ready_us=0 ready_offset_us=2 is_ok=true
2026-09-26T22:56:37.634493Z	debug	dynamo_static_selector_rpc	static selector RPC	connection.id=321 request.id=19124 request_id=dca94c8a-9f27-4649-908b-da0f9b854900 elapsed_us=23331
static_stage_us prepare=44062 prefill=30773 select=23345 decode=1207 total=99387
2026-09-26T22:56:37.640606Z	debug	dynamo_static_selector_rpc	static selector RPC	connection.id=780 request.id=19180 request_id=5661934c-a856-46cf-a626-4fc957d35e00 elapsed_us=24771
static_stage_us prepare=45976 prefill=20748 select=24785 decode=989 total=92498
2026-09-26T22:56:37.643881Z	debug	dynamo_static_rpc_split	static prefill RPC split	connection.id=824 request.id=19287 request_id=327f72cb-470c-4252-9d28-57cdb4e1fe00 headers_us=26477 stream_us=4
2026-09-26T22:56:37.667226Z	debug	dynamo_static_selector_rpc	static selector RPC	connection.id=824 request.id=19287 request_id=327f72cb-470c-4252-9d28-57cdb4e1fe00 elapsed_us=23334
static_stage_us prepare=49810 prefill=26493 select=23350 decode=1333 total=100986
2026-09-26T22:56:37.699425Z	debug	dynamo_static_buffer_ready	static prefill channel buffer readiness	connection.id=153 request.id=19898 request_id=2f3733e4-cf9f-4d12-bb49-23c0cbcdc600 ready_us=0 ready_offset_us=3 is_ok=true
2026-09-26T22:56:37.724897Z	debug	dynamo_static_rpc_split	static prefill RPC split	connection.id=153 request.id=19898 request_id=2f3733e4-cf9f-4d12-bb49-23c0cbcdc600 headers_us=25464 stream_us=10
2026-09-26T22:56:37.746947Z	debug	dynamo_static_selector_rpc	static selector RPC	connection.id=153 request.id=19898 request_id=2f3733e4-cf9f-4d12-bb49-23c0cbcdc600 elapsed_us=22017
static_stage_us prepare=43853 prefill=25494 select=22049 decode=2263 total=93659
2026-09-26T22:56:37.749678Z	debug	dynamo_static_buffer_ready	static prefill channel buffer readiness	connection.id=828 request.id=20177 request_id=d54ab536-d01c-4524-a8e8-19d126923900 ready_us=0 ready_offset_us=2 is_ok=true
2026-09-26T22:56:37.755127Z	debug	dynamo_static_buffer_ready	static prefill channel buffer readiness	connection.id=411 request.id=20250 request_id=5d7eca07-0826-4a93-949f-ee270c7df500 ready_us=0 ready_offset_us=5 is_ok=true
2026-09-26T22:56:37.767741Z	debug	dynamo_static_buffer_ready	static prefill channel buffer readiness	connection.id=142 request.id=20301 request_id=0ef71c12-eb76-410a-a253-da72587a9300 ready_us=1 ready_offset_us=3 is_ok=true
2026-09-26T22:56:37.775582Z	debug	dynamo_static_buffer_ready	static prefill channel buffer readiness	connection.id=476 request.id=20360 request_id=d3b331ad-ba51-4e9b-83c4-5a0183517000 ready_us=0 ready_offset_us=3 is_ok=true
2026-09-26T22:56:37.779961Z	debug	dynamo_static_buffer_ready	static prefill channel buffer readiness	connection.id=886 request.id=20455 request_id=feb5c636-6aa8-4d60-8417-4f3232f82900 ready_us=0 ready_offset_us=5 is_ok=true
2026-09-26T22:56:37.780158Z	debug	dynamo_static_rpc_split	static prefill RPC split	connection.id=828 request.id=20177 request_id=d54ab536-d01c-4524-a8e8-19d126923900 headers_us=30468 stream_us=13
2026-09-26T22:56:37.781651Z	debug	dynamo_static_rpc_split	static prefill RPC split	connection.id=411 request.id=20250 request_id=5d7eca07-0826-4a93-949f-ee270c7df500 headers_us=26516 stream_us=12
2026-09-26T22:56:37.795686Z	debug	dynamo_static_rpc_split	static prefill RPC split	connection.id=142 request.id=20301 request_id=0ef71c12-eb76-410a-a253-da72587a9300 headers_us=27934 stream_us=14
2026-09-26T22:56:37.817432Z	debug	dynamo_static_selector_rpc	static selector RPC	connection.id=828 request.id=20177 request_id=d54ab536-d01c-4524-a8e8-19d126923900 elapsed_us=37262
2026-09-26T22:56:37.817439Z	debug	dynamo_static_selector_rpc	static selector RPC	connection.id=411 request.id=20250 request_id=5d7eca07-0826-4a93-949f-ee270c7df500 elapsed_us=35774
2026-09-26T22:56:37.817490Z	debug	dynamo_static_rpc_split	static prefill RPC split	connection.id=886 request.id=20455 request_id=feb5c636-6aa8-4d60-8417-4f3232f82900 headers_us=37530 stream_us=4
2026-09-26T22:56:37.817580Z	debug	dynamo_static_rpc_split	static prefill RPC split	connection.id=476 request.id=20360 request_id=d3b331ad-ba51-4e9b-83c4-5a0183517000 headers_us=41997 stream_us=3
2026-09-26T22:56:37.818126Z	debug	dynamo_static_selector_rpc	static selector RPC	connection.id=142 request.id=20301 request_id=0ef71c12-eb76-410a-a253-da72587a9300 elapsed_us=22426
static_stage_us prepare=51820 prefill=26542 select=35782 decode=3802 total=117946
static_stage_us prepare=57671 prefill=30495 select=37275 decode=4723 total=130164
static_stage_us prepare=56037 prefill=27963 select=22437 decode=5401 total=111838
2026-09-26T22:56:37.828913Z	debug	dynamo_static_buffer_ready	static prefill channel buffer readiness	connection.id=537 request.id=20787 request_id=a255d4cc-5096-47b5-94b2-803d6b60d800 ready_us=0 ready_offset_us=5 is_ok=true
2026-09-26T22:56:37.831802Z	debug	dynamo_static_buffer_ready	static prefill channel buffer readiness	connection.id=900 request.id=20812 request_id=08319380-b5c6-4020-887d-c67138c56000 ready_us=0 ready_offset_us=2 is_ok=true
2026-09-26T22:56:37.853522Z	debug	dynamo_static_selector_rpc	static selector RPC	connection.id=476 request.id=20360 request_id=d3b331ad-ba51-4e9b-83c4-5a0183517000 elapsed_us=35922
2026-09-26T22:56:37.855494Z	debug	dynamo_static_rpc_split	static prefill RPC split	connection.id=537 request.id=20787 request_id=a255d4cc-5096-47b5-94b2-803d6b60d800 headers_us=26572 stream_us=13
static_stage_us prepare=54664 prefill=42021 select=35935 decode=2222 total=134842
2026-09-26T22:56:37.858420Z	debug	dynamo_static_selector_rpc	static selector RPC	connection.id=886 request.id=20455 request_id=feb5c636-6aa8-4d60-8417-4f3232f82900 elapsed_us=40905
static_stage_us prepare=43936 prefill=37559 select=40917 decode=780 total=123192
2026-09-26T22:56:37.860664Z	debug	dynamo_static_rpc_split	static prefill RPC split	connection.id=900 request.id=20812 request_id=08319380-b5c6-4020-887d-c67138c56000 headers_us=28862 stream_us=3
2026-09-26T22:56:37.882342Z	debug	dynamo_static_buffer_ready	static prefill channel buffer readiness	connection.id=692 request.id=21004 request_id=8bb33624-6d3d-482b-b478-e4c0cf09f800 ready_us=0 ready_offset_us=3 is_ok=true
2026-09-26T22:56:37.889378Z	debug	dynamo_static_selector_rpc	static selector RPC	connection.id=537 request.id=20787 request_id=a255d4cc-5096-47b5-94b2-803d6b60d800 elapsed_us=33796
2026-09-26T22:56:37.890964Z	debug	dynamo_static_selector_rpc	static selector RPC	connection.id=900 request.id=20812 request_id=08319380-b5c6-4020-887d-c67138c56000 elapsed_us=30287
static_stage_us prepare=35313 prefill=26674 select=33815 decode=3142 total=98944
static_stage_us prepare=32551 prefill=28878 select=30308 decode=4152 total=95889
2026-09-26T22:56:37.913563Z	debug	dynamo_static_rpc_split	static prefill RPC split	connection.id=692 request.id=21004 request_id=8bb33624-6d3d-482b-b478-e4c0cf09f800 headers_us=31230 stream_us=5
2026-09-26T22:56:37.945181Z	debug	dynamo_static_selector_rpc	static selector RPC	connection.id=692 request.id=21004 request_id=8bb33624-6d3d-482b-b478-e4c0cf09f800 elapsed_us=31532
static_stage_us prepare=47683 prefill=31322 select=31547 decode=3732 total=114284
2026-09-26T22:56:38.020801Z	debug	dynamo_static_buffer_ready	static prefill channel buffer readiness	connection.id=690 request.id=21891 request_id=5825205c-667e-498a-9982-df515eb10a00 ready_us=0 ready_offset_us=3 is_ok=true
2026-09-26T22:56:38.023826Z	debug	dynamo_static_buffer_ready	static prefill channel buffer readiness	connection.id=623 request.id=21919 request_id=7eef016d-a576-426e-b185-0b1d9435d600 ready_us=0 ready_offset_us=6 is_ok=true
2026-09-26T22:56:38.050046Z	debug	dynamo_static_rpc_split	static prefill RPC split	connection.id=690 request.id=21891 request_id=5825205c-667e-498a-9982-df515eb10a00 headers_us=29240 stream_us=7
2026-09-26T22:56:38.050117Z	debug	dynamo_static_rpc_split	static prefill RPC split	connection.id=623 request.id=21919 request_id=7eef016d-a576-426e-b185-0b1d9435d600 headers_us=26276 stream_us=23
2026-09-26T22:56:38.058220Z	debug	dynamo_static_buffer_ready	static prefill channel buffer readiness	connection.id=353 request.id=22119 request_id=0c4fc63c-a78a-469a-8959-e86852c28300 ready_us=0 ready_offset_us=2 is_ok=true
2026-09-26T22:56:38.069251Z	debug	dynamo_static_selector_rpc	static selector RPC	connection.id=690 request.id=21891 request_id=5825205c-667e-498a-9982-df515eb10a00 elapsed_us=19185
2026-09-26T22:56:38.069867Z	debug	dynamo_static_selector_rpc	static selector RPC	connection.id=623 request.id=21919 request_id=7eef016d-a576-426e-b185-0b1d9435d600 elapsed_us=19740
static_stage_us prepare=45257 prefill=29270 select=19197 decode=893 total=94617
static_stage_us prepare=43925 prefill=26308 select=19777 decode=794 total=90804
2026-09-26T22:56:38.089866Z	debug	dynamo_static_rpc_split	static prefill RPC split	connection.id=353 request.id=22119 request_id=0c4fc63c-a78a-469a-8959-e86852c28300 headers_us=31641 stream_us=6
2026-09-26T22:56:38.125373Z	debug	dynamo_static_selector_rpc	static selector RPC	connection.id=353 request.id=22119 request_id=0c4fc63c-a78a-469a-8959-e86852c28300 elapsed_us=35492
static_stage_us prepare=50114 prefill=31663 select=35510 decode=864 total=118151
2026-09-26T22:56:38.136270Z	debug	dynamo_static_buffer_ready	static prefill channel buffer readiness	connection.id=580 request.id=22692 request_id=b0ecdddc-f0f8-4f62-9fa5-6eb665f27100 ready_us=0 ready_offset_us=3 is_ok=true
2026-09-26T22:56:38.142465Z	debug	dynamo_static_buffer_ready	static prefill channel buffer readiness	connection.id=130 request.id=22763 request_id=4c1a0d77-7c37-46b9-bf1f-8907fb71f000 ready_us=0 ready_offset_us=3 is_ok=true
2026-09-26T22:56:38.156813Z	debug	dynamo_static_rpc_split	static prefill RPC split	connection.id=580 request.id=22692 request_id=b0ecdddc-f0f8-4f62-9fa5-6eb665f27100 headers_us=20518 stream_us=26
2026-09-26T22:56:38.165773Z	debug	dynamo_static_rpc_split	static prefill RPC split	connection.id=130 request.id=22763 request_id=4c1a0d77-7c37-46b9-bf1f-8907fb71f000 headers_us=23307 stream_us=3
2026-09-26T22:56:38.174511Z	debug	dynamo_static_buffer_ready	static prefill channel buffer readiness	connection.id=289 request.id=22908 request_id=d83aed36-ae13-4ca1-99b0-742ce083d400 ready_us=0 ready_offset_us=4 is_ok=true
2026-09-26T22:56:38.178840Z	debug	dynamo_static_selector_rpc	static selector RPC	connection.id=580 request.id=22692 request_id=b0ecdddc-f0f8-4f62-9fa5-6eb665f27100 elapsed_us=22010
static_stage_us prepare=48230 prefill=20563 select=22022 decode=1114 total=91929
2026-09-26T22:56:38.192098Z	debug	dynamo_static_selector_rpc	static selector RPC	connection.id=130 request.id=22763 request_id=4c1a0d77-7c37-46b9-bf1f-8907fb71f000 elapsed_us=26308
static_stage_us prepare=42625 prefill=23328 select=26333 decode=2488 total=94774
2026-09-26T22:56:38.201065Z	debug	dynamo_static_rpc_split	static prefill RPC split	connection.id=289 request.id=22908 request_id=d83aed36-ae13-4ca1-99b0-742ce083d400 headers_us=26550 stream_us=8
2026-09-26T22:56:38.212229Z	debug	dynamo_static_buffer_ready	static prefill channel buffer readiness	connection.id=510 request.id=23177 request_id=e6f2a9fa-d2eb-44ce-82f5-81dbd52d1d00 ready_us=0 ready_offset_us=4 is_ok=true
2026-09-26T22:56:38.215190Z	debug	dynamo_static_buffer_ready	static prefill channel buffer readiness	connection.id=520 request.id=23199 request_id=120b8b2e-c4b5-4059-9c0b-b0678a768400 ready_us=0 ready_offset_us=4 is_ok=true
2026-09-26T22:56:38.221143Z	debug	dynamo_static_selector_rpc	static selector RPC	connection.id=289 request.id=22908 request_id=d83aed36-ae13-4ca1-99b0-742ce083d400 elapsed_us=20064
static_stage_us prepare=45338 prefill=26573 select=20079 decode=2016 total=94006
2026-09-26T22:56:38.239603Z	debug	dynamo_static_rpc_split	static prefill RPC split	connection.id=520 request.id=23199 request_id=120b8b2e-c4b5-4059-9c0b-b0678a768400 headers_us=24411 stream_us=5
2026-09-26T22:56:38.241971Z	debug	dynamo_static_rpc_split	static prefill RPC split	connection.id=510 request.id=23177 request_id=e6f2a9fa-d2eb-44ce-82f5-81dbd52d1d00 headers_us=29734 stream_us=11
2026-09-26T22:56:38.255905Z	debug	dynamo_static_buffer_ready	static prefill channel buffer readiness	connection.id=369 request.id=23493 request_id=f9e3cbb0-a36a-40f4-8baa-81213e374400 ready_us=0 ready_offset_us=2 is_ok=true
2026-09-26T22:56:38.261735Z	debug	dynamo_static_buffer_ready	static prefill channel buffer readiness	connection.id=828 request.id=23570 request_id=20663f40-fe74-44b4-8c31-8fdae525cf00 ready_us=0 ready_offset_us=4 is_ok=true
2026-09-26T22:56:38.266027Z	debug	dynamo_static_selector_rpc	static selector RPC	connection.id=520 request.id=23199 request_id=120b8b2e-c4b5-4059-9c0b-b0678a768400 elapsed_us=26408
static_stage_us prepare=45608 prefill=24433 select=26421 decode=1150 total=97612
2026-09-26T22:56:38.273089Z	debug	dynamo_static_selector_rpc	static selector RPC	connection.id=510 request.id=23177 request_id=e6f2a9fa-d2eb-44ce-82f5-81dbd52d1d00 elapsed_us=31099
static_stage_us prepare=46637 prefill=29766 select=31113 decode=1128 total=108644
2026-09-26T22:56:38.280424Z	debug	dynamo_static_rpc_split	static prefill RPC split	connection.id=369 request.id=23493 request_id=f9e3cbb0-a36a-40f4-8baa-81213e374400 headers_us=24489 stream_us=31
2026-09-26T22:56:38.286454Z	debug	dynamo_static_rpc_split	static prefill RPC split	connection.id=828 request.id=23570 request_id=20663f40-fe74-44b4-8c31-8fdae525cf00 headers_us=24717 stream_us=6
2026-09-26T22:56:38.328155Z	debug	dynamo_static_selector_rpc	static selector RPC	connection.id=369 request.id=23493 request_id=f9e3cbb0-a36a-40f4-8baa-81213e374400 elapsed_us=47718
2026-09-26T22:56:38.328217Z	debug	dynamo_static_selector_rpc	static selector RPC	connection.id=828 request.id=23570 request_id=20663f40-fe74-44b4-8c31-8fdae525cf00 elapsed_us=41748
2026-09-26T22:56:38.328754Z	debug	dynamo_static_buffer_ready	static prefill channel buffer readiness	connection.id=206 request.id=23919 request_id=172e171e-3272-42fd-8e21-59cd0ffab000 ready_us=0 ready_offset_us=4 is_ok=true
2026-09-26T22:56:38.328761Z	debug	dynamo_static_buffer_ready	static prefill channel buffer readiness	connection.id=374 request.id=23967 request_id=a476a308-357b-4154-b4f3-d2104b25f800 ready_us=1 ready_offset_us=6 is_ok=true
static_stage_us prepare=47894 prefill=24533 select=47732 decode=11268 total=131427
static_stage_us prepare=43184 prefill=24738 select=41763 decode=12881 total=122566
2026-09-26T22:56:38.350918Z	debug	dynamo_static_rpc_split	static prefill RPC split	connection.id=206 request.id=23919 request_id=172e171e-3272-42fd-8e21-59cd0ffab000 headers_us=22136 stream_us=39
2026-09-26T22:56:38.357125Z	debug	dynamo_static_rpc_split	static prefill RPC split	connection.id=374 request.id=23967 request_id=a476a308-357b-4154-b4f3-d2104b25f800 headers_us=28365 stream_us=5
2026-09-26T22:56:38.362762Z	debug	dynamo_static_selector_rpc	static selector RPC	connection.id=206 request.id=23919 request_id=172e171e-3272-42fd-8e21-59cd0ffab000 elapsed_us=11822
static_stage_us prepare=53428 prefill=22193 select=11841 decode=964 total=88426
2026-09-26T22:56:38.375876Z	debug	dynamo_static_buffer_ready	static prefill channel buffer readiness	connection.id=273 request.id=24096 request_id=7217d24d-a277-42b5-a80b-c8cf83c48000 ready_us=0 ready_offset_us=3 is_ok=true
2026-09-26T22:56:38.375972Z	debug	dynamo_static_selector_rpc	static selector RPC	connection.id=374 request.id=23967 request_id=a476a308-357b-4154-b4f3-d2104b25f800 elapsed_us=18834
static_stage_us prepare=43020 prefill=28393 select=18843 decode=4254 total=94510
2026-09-26T22:56:38.393058Z	debug	dynamo_static_rpc_split	static prefill RPC split	connection.id=273 request.id=24096 request_id=7217d24d-a277-42b5-a80b-c8cf83c48000 headers_us=17179 stream_us=5
2026-09-26T22:56:38.393065Z	debug	dynamo_static_buffer_ready	static prefill channel buffer readiness	connection.id=326 request.id=24242 request_id=856534c0-d7ea-40e3-ade2-e1c3e63cb900 ready_us=0 ready_offset_us=3 is_ok=true
2026-09-26T22:56:38.424520Z	debug	dynamo_static_rpc_split	static prefill RPC split	connection.id=326 request.id=24242 request_id=856534c0-d7ea-40e3-ade2-e1c3e63cb900 headers_us=31452 stream_us=5
2026-09-26T22:56:38.430011Z	debug	dynamo_static_selector_rpc	static selector RPC	connection.id=273 request.id=24096 request_id=7217d24d-a277-42b5-a80b-c8cf83c48000 elapsed_us=36931
static_stage_us prepare=33286 prefill=17206 select=36947 decode=2370 total=89809
2026-09-26T22:56:38.454641Z	debug	dynamo_static_selector_rpc	static selector RPC	connection.id=326 request.id=24242 request_id=856534c0-d7ea-40e3-ade2-e1c3e63cb900 elapsed_us=30075
static_stage_us prepare=27321 prefill=31504 select=30089 decode=1859 total=90773
2026-09-26T22:56:38.466809Z	debug	dynamo_static_buffer_ready	static prefill channel buffer readiness	connection.id=718 request.id=24707 request_id=0142f694-361d-4c39-b69b-ce27d4705100 ready_us=1 ready_offset_us=2 is_ok=true
2026-09-26T22:56:38.467179Z	debug	dynamo_static_buffer_ready	static prefill channel buffer readiness	connection.id=192 request.id=24686 request_id=d8477f4f-394d-4634-b5f7-2cefd8272c00 ready_us=0 ready_offset_us=5 is_ok=true
2026-09-26T22:56:38.486988Z	debug	dynamo_static_buffer_ready	static prefill channel buffer readiness	connection.id=228 request.id=24873 request_id=1bc11fb9-1b10-4678-b02a-b9a7c8fc4a00 ready_us=0 ready_offset_us=2 is_ok=true
2026-09-26T22:56:38.491872Z	debug	dynamo_static_rpc_split	static prefill RPC split	connection.id=192 request.id=24686 request_id=d8477f4f-394d-4634-b5f7-2cefd8272c00 headers_us=24692 stream_us=5
2026-09-26T22:56:38.493389Z	debug	dynamo_static_rpc_split	static prefill RPC split	connection.id=718 request.id=24707 request_id=0142f694-361d-4c39-b69b-ce27d4705100 headers_us=26578 stream_us=4
2026-09-26T22:56:38.516447Z	debug	dynamo_static_rpc_split	static prefill RPC split	connection.id=228 request.id=24873 request_id=1bc11fb9-1b10-4678-b02a-b9a7c8fc4a00 headers_us=29453 stream_us=8
2026-09-26T22:56:38.524180Z	debug	dynamo_static_selector_rpc	static selector RPC	connection.id=192 request.id=24686 request_id=d8477f4f-394d-4634-b5f7-2cefd8272c00 elapsed_us=30540
2026-09-26T22:56:38.524614Z	debug	dynamo_static_selector_rpc	static selector RPC	connection.id=718 request.id=24707 request_id=0142f694-361d-4c39-b69b-ce27d4705100 elapsed_us=31209
static_stage_us prepare=59586 prefill=26465 select=30554 decode=1342 total=117947
static_stage_us prepare=57411 prefill=26600 select=31222 decode=4801 total=120034
2026-09-26T22:56:38.546780Z	debug	dynamo_static_selector_rpc	static selector RPC	connection.id=228 request.id=24873 request_id=1bc11fb9-1b10-4678-b02a-b9a7c8fc4a00 elapsed_us=30313
static_stage_us prepare=48195 prefill=29481 select=30331 decode=1255 total=109262
2026-09-26T22:56:38.578818Z	debug	dynamo_static_buffer_ready	static prefill channel buffer readiness	connection.id=916 request.id=25361 request_id=670983ce-c41a-4076-8e81-0ade9b25f500 ready_us=1 ready_offset_us=5 is_ok=true
2026-09-26T22:56:38.610003Z	debug	dynamo_static_buffer_ready	static prefill channel buffer readiness	connection.id=912 request.id=25605 request_id=12dae99c-0bc5-48e4-a2e2-c1de14f2eb00 ready_us=0 ready_offset_us=3 is_ok=true
2026-09-26T22:56:38.613258Z	debug	dynamo_static_rpc_split	static prefill RPC split	connection.id=916 request.id=25361 request_id=670983ce-c41a-4076-8e81-0ade9b25f500 headers_us=34435 stream_us=10
2026-09-26T22:56:38.636875Z	debug	dynamo_static_rpc_split	static prefill RPC split	connection.id=912 request.id=25605 request_id=12dae99c-0bc5-48e4-a2e2-c1de14f2eb00 headers_us=26854 stream_us=21
2026-09-26T22:56:38.645108Z	debug	dynamo_static_selector_rpc	static selector RPC	connection.id=916 request.id=25361 request_id=670983ce-c41a-4076-8e81-0ade9b25f500 elapsed_us=31833
static_stage_us prepare=43830 prefill=34463 select=31845 decode=1899 total=112037
2026-09-26T22:56:38.668438Z	debug	dynamo_static_selector_rpc	static selector RPC	connection.id=912 request.id=25605 request_id=12dae99c-0bc5-48e4-a2e2-c1de14f2eb00 elapsed_us=31546
static_stage_us prepare=46593 prefill=26893 select=31560 decode=1239 total=106285
2026-09-26T22:56:38.711328Z	debug	dynamo_static_buffer_ready	static prefill channel buffer readiness	connection.id=553 request.id=26143 request_id=3b0b122a-ed20-444a-906e-6646e31bf000 ready_us=0 ready_offset_us=4 is_ok=true
2026-09-26T22:56:38.711337Z	debug	dynamo_static_buffer_ready	static prefill channel buffer readiness	connection.id=268 request.id=26142 request_id=325b3983-d331-4f06-8a38-01fe01136900 ready_us=1 ready_offset_us=4 is_ok=true
2026-09-26T22:56:38.737030Z	debug	dynamo_static_rpc_split	static prefill RPC split	connection.id=268 request.id=26142 request_id=325b3983-d331-4f06-8a38-01fe01136900 headers_us=25635 stream_us=71
2026-09-26T22:56:38.742520Z	debug	dynamo_static_rpc_split	static prefill RPC split	connection.id=553 request.id=26143 request_id=3b0b122a-ed20-444a-906e-6646e31bf000 headers_us=31186 stream_us=9
2026-09-26T22:56:38.754550Z	debug	dynamo_static_buffer_ready	static prefill channel buffer readiness	connection.id=388 request.id=26431 request_id=68a9bb06-2ea9-4cb5-92a2-e856c4d33600 ready_us=0 ready_offset_us=5 is_ok=true
2026-09-26T22:56:38.764214Z	debug	dynamo_static_selector_rpc	static selector RPC	connection.id=268 request.id=26142 request_id=325b3983-d331-4f06-8a38-01fe01136900 elapsed_us=27164
static_stage_us prepare=50162 prefill=25727 select=27176 decode=1506 total=104571
2026-09-26T22:56:38.774347Z	debug	dynamo_static_selector_rpc	static selector RPC	connection.id=553 request.id=26143 request_id=3b0b122a-ed20-444a-906e-6646e31bf000 elapsed_us=31786
static_stage_us prepare=50086 prefill=31237 select=31799 decode=588 total=113710
2026-09-26T22:56:38.781274Z	debug	dynamo_static_rpc_split	static prefill RPC split	connection.id=388 request.id=26431 request_id=68a9bb06-2ea9-4cb5-92a2-e856c4d33600 headers_us=26724 stream_us=4
2026-09-26T22:56:38.799042Z	debug	dynamo_static_buffer_ready	static prefill channel buffer readiness	connection.id=292 request.id=26628 request_id=95c7dbdc-54cd-4e18-bb54-a56fd80ad100 ready_us=0 ready_offset_us=3 is_ok=true
2026-09-26T22:56:38.811169Z	debug	dynamo_static_selector_rpc	static selector RPC	connection.id=388 request.id=26431 request_id=68a9bb06-2ea9-4cb5-92a2-e856c4d33600 elapsed_us=29802
static_stage_us prepare=55460 prefill=26820 select=29821 decode=2835 total=114936
2026-09-26T22:56:38.821143Z	debug	dynamo_static_rpc_split	static prefill RPC split	connection.id=292 request.id=26628 request_id=95c7dbdc-54cd-4e18-bb54-a56fd80ad100 headers_us=22099 stream_us=5
2026-09-26T22:56:38.848390Z	debug	dynamo_static_buffer_ready	static prefill channel buffer readiness	connection.id=532 request.id=27051 request_id=10300a8a-b716-437d-b15e-103105cbc900 ready_us=0 ready_offset_us=3 is_ok=true
2026-09-26T22:56:38.850957Z	debug	dynamo_static_selector_rpc	static selector RPC	connection.id=292 request.id=26628 request_id=95c7dbdc-54cd-4e18-bb54-a56fd80ad100 elapsed_us=29802
static_stage_us prepare=56522 prefill=22117 select=29812 decode=1311 total=109762
2026-09-26T22:56:38.875559Z	debug	dynamo_static_buffer_ready	static prefill channel buffer readiness	connection.id=511 request.id=27231 request_id=b0daeb12-5438-4826-bb45-b624e8d7b400 ready_us=0 ready_offset_us=3 is_ok=true
2026-09-26T22:56:38.876083Z	debug	dynamo_static_rpc_split	static prefill RPC split	connection.id=532 request.id=27051 request_id=10300a8a-b716-437d-b15e-103105cbc900 headers_us=27677 stream_us=18
2026-09-26T22:56:38.898543Z	debug	dynamo_static_buffer_ready	static prefill channel buffer readiness	connection.id=484 request.id=27331 request_id=e4a24c6b-1311-4e8e-b192-385d6eb6ef00 ready_us=0 ready_offset_us=3 is_ok=true
2026-09-26T22:56:38.899358Z	debug	dynamo_static_rpc_split	static prefill RPC split	connection.id=511 request.id=27231 request_id=b0daeb12-5438-4826-bb45-b624e8d7b400 headers_us=23796 stream_us=5
2026-09-26T22:56:38.902987Z	debug	dynamo_static_selector_rpc	static selector RPC	connection.id=532 request.id=27051 request_id=10300a8a-b716-437d-b15e-103105cbc900 elapsed_us=26884
static_stage_us prepare=44521 prefill=27716 select=26896 decode=1799 total=100932
2026-09-26T22:56:38.921116Z	debug	dynamo_static_buffer_ready	static prefill channel buffer readiness	connection.id=668 request.id=27459 request_id=d6a709c0-a6a6-417f-9d0f-f80cef228500 ready_us=0 ready_offset_us=10 is_ok=true
2026-09-26T22:56:38.927435Z	debug	dynamo_static_buffer_ready	static prefill channel buffer readiness	connection.id=685 request.id=27521 request_id=25347402-93bc-4c45-9563-16e7d2513000 ready_us=0 ready_offset_us=1 is_ok=true
2026-09-26T22:56:38.929880Z	debug	dynamo_static_selector_rpc	static selector RPC	connection.id=511 request.id=27231 request_id=b0daeb12-5438-4826-bb45-b624e8d7b400 elapsed_us=30431
static_stage_us prepare=47542 prefill=23893 select=30445 decode=1419 total=103299
2026-09-26T22:56:38.933018Z	debug	dynamo_static_rpc_split	static prefill RPC split	connection.id=484 request.id=27331 request_id=e4a24c6b-1311-4e8e-b192-385d6eb6ef00 headers_us=34473 stream_us=4
2026-09-26T22:56:38.945956Z	debug	dynamo_static_rpc_split	static prefill RPC split	connection.id=668 request.id=27459 request_id=d6a709c0-a6a6-417f-9d0f-f80cef228500 headers_us=24842 stream_us=9
2026-09-26T22:56:38.948770Z	debug	dynamo_static_rpc_split	static prefill RPC split	connection.id=685 request.id=27521 request_id=25347402-93bc-4c45-9563-16e7d2513000 headers_us=21324 stream_us=12
2026-09-26T22:56:38.960590Z	debug	dynamo_static_selector_rpc	static selector RPC	connection.id=484 request.id=27331 request_id=e4a24c6b-1311-4e8e-b192-385d6eb6ef00 elapsed_us=27558
static_stage_us prepare=48507 prefill=34492 select=27573 decode=1138 total=111710
2026-09-26T22:56:38.977195Z	debug	dynamo_static_selector_rpc	static selector RPC	connection.id=668 request.id=27459 request_id=d6a709c0-a6a6-417f-9d0f-f80cef228500 elapsed_us=31225
static_stage_us prepare=46140 prefill=24866 select=31239 decode=1139 total=103384
2026-09-26T22:56:38.979840Z	debug	dynamo_static_buffer_ready	static prefill channel buffer readiness	connection.id=407 request.id=27833 request_id=0119c808-d8a9-41e7-b67f-bb8692da8e00 ready_us=0 ready_offset_us=4 is_ok=true
2026-09-26T22:56:38.980022Z	debug	dynamo_static_selector_rpc	static selector RPC	connection.id=685 request.id=27521 request_id=25347402-93bc-4c45-9563-16e7d2513000 elapsed_us=31230
static_stage_us prepare=41726 prefill=21359 select=31242 decode=1675 total=96002
2026-09-26T22:56:38.997414Z	debug	dynamo_static_buffer_ready	static prefill channel buffer readiness	connection.id=281 request.id=27950 request_id=70803c1d-16c6-47f5-99ef-d6d146e9d600 ready_us=0 ready_offset_us=14 is_ok=true
2026-09-26T22:56:39.005041Z	debug	dynamo_static_rpc_split	static prefill RPC split	connection.id=407 request.id=27833 request_id=0119c808-d8a9-41e7-b67f-bb8692da8e00 headers_us=25198 stream_us=5
2026-09-26T22:56:39.027423Z	debug	dynamo_static_rpc_split	static prefill RPC split	connection.id=281 request.id=27950 request_id=70803c1d-16c6-47f5-99ef-d6d146e9d600 headers_us=30007 stream_us=16
2026-09-26T22:56:39.045613Z	debug	dynamo_static_selector_rpc	static selector RPC	connection.id=407 request.id=27833 request_id=0119c808-d8a9-41e7-b67f-bb8692da8e00 elapsed_us=40540
static_stage_us prepare=55872 prefill=25235 select=40561 decode=1256 total=122924
2026-09-26T22:56:39.054119Z	debug	dynamo_static_selector_rpc	static selector RPC	connection.id=281 request.id=27950 request_id=70803c1d-16c6-47f5-99ef-d6d146e9d600 elapsed_us=26665
static_stage_us prepare=55918 prefill=30054 select=26679 decode=1733 total=114384
2026-09-26T22:56:39.064415Z	debug	dynamo_static_buffer_ready	static prefill channel buffer readiness	connection.id=375 request.id=28370 request_id=59bcb71a-4c12-4ce8-8465-871251e43200 ready_us=0 ready_offset_us=4 is_ok=true
2026-09-26T22:56:39.078532Z	debug	dynamo_static_buffer_ready	static prefill channel buffer readiness	connection.id=659 request.id=28430 request_id=5dd914b7-6cbf-4527-a914-7e47b8d64f00 ready_us=0 ready_offset_us=6 is_ok=true
2026-09-26T22:56:39.089766Z	debug	dynamo_static_rpc_split	static prefill RPC split	connection.id=375 request.id=28370 request_id=59bcb71a-4c12-4ce8-8465-871251e43200 headers_us=25348 stream_us=6
2026-09-26T22:56:39.107209Z	debug	dynamo_static_rpc_split	static prefill RPC split	connection.id=659 request.id=28430 request_id=5dd914b7-6cbf-4527-a914-7e47b8d64f00 headers_us=28676 stream_us=6
2026-09-26T22:56:39.121417Z	debug	dynamo_static_selector_rpc	static selector RPC	connection.id=375 request.id=28370 request_id=59bcb71a-4c12-4ce8-8465-871251e43200 elapsed_us=31626
static_stage_us prepare=52263 prefill=25378 select=31642 decode=2542 total=111825
static_stage_us prepare=57923 prefill=28790 select=24833 decode=1174 total=112720
2026-09-26T22:56:39.132137Z	debug	dynamo_static_selector_rpc	static selector RPC	connection.id=659 request.id=28430 request_id=5dd914b7-6cbf-4527-a914-7e47b8d64f00 elapsed_us=24821
2026-09-26T22:56:39.170058Z	debug	dynamo_static_buffer_ready	static prefill channel buffer readiness	connection.id=456 request.id=28971 request_id=226891a9-294c-4e65-b273-ea251292d900 ready_us=1 ready_offset_us=3 is_ok=true
2026-09-26T22:56:39.185531Z	debug	dynamo_static_buffer_ready	static prefill channel buffer readiness	connection.id=936 request.id=29107 request_id=f1c1739d-ecfd-4bef-ab08-3dc4c59ff500 ready_us=1 ready_offset_us=4 is_ok=true
2026-09-26T22:56:39.189861Z	debug	dynamo_static_buffer_ready	static prefill channel buffer readiness	connection.id=708 request.id=29152 request_id=6d3082d7-440b-4155-9b9c-f7564abddb00 ready_us=0 ready_offset_us=4 is_ok=true
2026-09-26T22:56:39.199880Z	debug	dynamo_static_buffer_ready	static prefill channel buffer readiness	connection.id=761 request.id=29174 request_id=c88f63ae-61da-4130-9ec3-215b92d6ee00 ready_us=0 ready_offset_us=5 is_ok=true
2026-09-26T22:56:39.202209Z	debug	dynamo_static_rpc_split	static prefill RPC split	connection.id=456 request.id=28971 request_id=226891a9-294c-4e65-b273-ea251292d900 headers_us=32149 stream_us=5
2026-09-26T22:56:39.218354Z	debug	dynamo_static_rpc_split	static prefill RPC split	connection.id=936 request.id=29107 request_id=f1c1739d-ecfd-4bef-ab08-3dc4c59ff500 headers_us=32823 stream_us=4
2026-09-26T22:56:39.224099Z	debug	dynamo_static_rpc_split	static prefill RPC split	connection.id=708 request.id=29152 request_id=6d3082d7-440b-4155-9b9c-f7564abddb00 headers_us=34233 stream_us=9
2026-09-26T22:56:39.224532Z	debug	dynamo_static_rpc_split	static prefill RPC split	connection.id=761 request.id=29174 request_id=c88f63ae-61da-4130-9ec3-215b92d6ee00 headers_us=24649 stream_us=7
2026-09-26T22:56:39.224656Z	debug	dynamo_static_selector_rpc	static selector RPC	connection.id=456 request.id=28971 request_id=226891a9-294c-4e65-b273-ea251292d900 elapsed_us=22414
static_stage_us prepare=55247 prefill=32171 select=22442 decode=1631 total=111491
2026-09-26T22:56:39.248022Z	debug	dynamo_static_selector_rpc	static selector RPC	connection.id=936 request.id=29107 request_id=f1c1739d-ecfd-4bef-ab08-3dc4c59ff500 elapsed_us=29655
2026-09-26T22:56:39.249861Z	debug	dynamo_static_buffer_ready	static prefill channel buffer readiness	connection.id=707 request.id=29417 request_id=55da5bdd-bf4b-40af-bbc4-81920126ae00 ready_us=0 ready_offset_us=4 is_ok=true
static_stage_us prepare=51598 prefill=32841 select=29669 decode=3139 total=117247
2026-09-26T22:56:39.255111Z	debug	dynamo_static_selector_rpc	static selector RPC	connection.id=761 request.id=29174 request_id=c88f63ae-61da-4130-9ec3-215b92d6ee00 elapsed_us=30565
2026-09-26T22:56:39.255368Z	debug	dynamo_static_selector_rpc	static selector RPC	connection.id=708 request.id=29152 request_id=6d3082d7-440b-4155-9b9c-f7564abddb00 elapsed_us=31251
static_stage_us prepare=53962 prefill=24671 select=30589 decode=785 total=110007
static_stage_us prepare=48272 prefill=34261 select=31269 decode=1244 total=115046
2026-09-26T22:56:39.278458Z	debug	dynamo_static_rpc_split	static prefill RPC split	connection.id=707 request.id=29417 request_id=55da5bdd-bf4b-40af-bbc4-81920126ae00 headers_us=28596 stream_us=4
2026-09-26T22:56:39.280288Z	debug	dynamo_static_buffer_ready	static prefill channel buffer readiness	connection.id=357 request.id=29682 request_id=35b01017-da3d-41ce-b486-e34ced2e1400 ready_us=0 ready_offset_us=3 is_ok=true
2026-09-26T22:56:39.301943Z	debug	dynamo_static_buffer_ready	static prefill channel buffer readiness	connection.id=176 request.id=29805 request_id=bf278bcf-4e29-4a78-9a70-699f28c2e400 ready_us=10 ready_offset_us=12 is_ok=true
2026-09-26T22:56:39.305021Z	debug	dynamo_static_selector_rpc	static selector RPC	connection.id=707 request.id=29417 request_id=55da5bdd-bf4b-40af-bbc4-81920126ae00 elapsed_us=26547
2026-09-26T22:56:39.306095Z	debug	dynamo_static_rpc_split	static prefill RPC split	connection.id=357 request.id=29682 request_id=35b01017-da3d-41ce-b486-e34ced2e1400 headers_us=25804 stream_us=6
static_stage_us prepare=57749 prefill=28617 select=26559 decode=2052 total=114977
2026-09-26T22:56:39.329704Z	debug	dynamo_static_rpc_split	static prefill RPC split	connection.id=176 request.id=29805 request_id=bf278bcf-4e29-4a78-9a70-699f28c2e400 headers_us=27673 stream_us=100
2026-09-26T22:56:39.331180Z	debug	dynamo_static_selector_rpc	static selector RPC	connection.id=357 request.id=29682 request_id=35b01017-da3d-41ce-b486-e34ced2e1400 elapsed_us=25055
static_stage_us prepare=48395 prefill=25841 select=25070 decode=1757 total=101063
2026-09-26T22:56:39.360217Z	debug	dynamo_static_selector_rpc	static selector RPC	connection.id=176 request.id=29805 request_id=bf278bcf-4e29-4a78-9a70-699f28c2e400 elapsed_us=30496
2026-09-26T22:56:39.360682Z	debug	dynamo_static_buffer_ready	static prefill channel buffer readiness	connection.id=183 request.id=30181 request_id=6016ccb3-469a-4f01-bfb7-f483935db100 ready_us=0 ready_offset_us=3 is_ok=true
static_stage_us prepare=51061 prefill=27791 select=30508 decode=1027 total=110387
2026-09-26T22:56:39.393903Z	debug	dynamo_static_buffer_ready	static prefill channel buffer readiness	connection.id=279 request.id=30283 request_id=bab1f844-61ce-4c4f-b821-5072ad160300 ready_us=0 ready_offset_us=3 is_ok=true
2026-09-26T22:56:39.393974Z	debug	dynamo_static_buffer_ready	static prefill channel buffer readiness	connection.id=864 request.id=30298 request_id=96df6aa5-b779-4a5c-b734-31414e9b1200 ready_us=0 ready_offset_us=5 is_ok=true
2026-09-26T22:56:39.395806Z	debug	dynamo_static_rpc_split	static prefill RPC split	connection.id=183 request.id=30181 request_id=6016ccb3-469a-4f01-bfb7-f483935db100 headers_us=35096 stream_us=30
2026-09-26T22:56:39.422008Z	debug	dynamo_static_buffer_ready	static prefill channel buffer readiness	connection.id=437 request.id=30483 request_id=5cd37acf-fce8-4ab4-9684-993707aa7e00 ready_us=0 ready_offset_us=5 is_ok=true
2026-09-26T22:56:39.422045Z	debug	dynamo_static_buffer_ready	static prefill channel buffer readiness	connection.id=629 request.id=30478 request_id=3eac6e90-35a8-40a0-a6cf-30f3313c1500 ready_us=0 ready_offset_us=3 is_ok=true
2026-09-26T22:56:39.422927Z	debug	dynamo_static_buffer_ready	static prefill channel buffer readiness	connection.id=917 request.id=30560 request_id=4fe334b4-1c4b-48c6-bd36-0cd0d1e22100 ready_us=0 ready_offset_us=7 is_ok=true
2026-09-26T22:56:39.423058Z	debug	dynamo_static_selector_rpc	static selector RPC	connection.id=183 request.id=30181 request_id=6016ccb3-469a-4f01-bfb7-f483935db100 elapsed_us=27232
static_stage_us prepare=46417 prefill=35147 select=27256 decode=1018 total=109838
2026-09-26T22:56:39.427203Z	debug	dynamo_static_rpc_split	static prefill RPC split	connection.id=864 request.id=30298 request_id=96df6aa5-b779-4a5c-b734-31414e9b1200 headers_us=33225 stream_us=9
2026-09-26T22:56:39.427255Z	debug	dynamo_static_rpc_split	static prefill RPC split	connection.id=279 request.id=30283 request_id=bab1f844-61ce-4c4f-b821-5072ad160300 headers_us=33327 stream_us=27
2026-09-26T22:56:39.438446Z	debug	dynamo_static_buffer_ready	static prefill channel buffer readiness	connection.id=823 request.id=30579 request_id=f8b0432f-0301-49e0-8b79-b33c8b80b200 ready_us=0 ready_offset_us=5 is_ok=true
2026-09-26T22:56:39.457522Z	debug	dynamo_static_rpc_split	static prefill RPC split	connection.id=437 request.id=30483 request_id=5cd37acf-fce8-4ab4-9684-993707aa7e00 headers_us=35517 stream_us=3
2026-09-26T22:56:39.468414Z	debug	dynamo_static_rpc_split	static prefill RPC split	connection.id=917 request.id=30560 request_id=4fe334b4-1c4b-48c6-bd36-0cd0d1e22100 headers_us=45489 stream_us=4
2026-09-26T22:56:39.468904Z	debug	dynamo_static_rpc_split	static prefill RPC split	connection.id=629 request.id=30478 request_id=3eac6e90-35a8-40a0-a6cf-30f3313c1500 headers_us=46858 stream_us=4
2026-09-26T22:56:39.484352Z	debug	dynamo_static_rpc_split	static prefill RPC split	connection.id=823 request.id=30579 request_id=f8b0432f-0301-49e0-8b79-b33c8b80b200 headers_us=45904 stream_us=6
2026-09-26T22:56:39.484542Z	debug	dynamo_static_selector_rpc	static selector RPC	connection.id=864 request.id=30298 request_id=96df6aa5-b779-4a5c-b734-31414e9b1200 elapsed_us=57325
2026-09-26T22:56:39.484567Z	debug	dynamo_static_selector_rpc	static selector RPC	connection.id=279 request.id=30283 request_id=bab1f844-61ce-4c4f-b821-5072ad160300 elapsed_us=57298
2026-09-26T22:56:39.484774Z	debug	dynamo_static_selector_rpc	static selector RPC	connection.id=437 request.id=30483 request_id=5cd37acf-fce8-4ab4-9684-993707aa7e00 elapsed_us=27236
2026-09-26T22:56:39.485374Z	debug	dynamo_static_selector_rpc	static selector RPC	connection.id=917 request.id=30560 request_id=4fe334b4-1c4b-48c6-bd36-0cd0d1e22100 elapsed_us=16947
2026-09-26T22:56:39.486104Z	debug	dynamo_static_selector_rpc	static selector RPC	connection.id=629 request.id=30478 request_id=3eac6e90-35a8-40a0-a6cf-30f3313c1500 elapsed_us=17190
static_stage_us prepare=64713 prefill=33248 select=57338 decode=8231 total=163530
static_stage_us prepare=66088 prefill=35536 select=27253 decode=8249 total=137126
static_stage_us prepare=66061 prefill=33369 select=57301 decode=8831 total=165562
static_stage_us prepare=53443 prefill=45507 select=16959 decode=8221 total=124130
static_stage_us prepare=67135 prefill=46873 select=17217 decode=7691 total=138916
2026-09-26T22:56:39.513973Z	debug	dynamo_static_selector_rpc	static selector RPC	connection.id=823 request.id=30579 request_id=f8b0432f-0301-49e0-8b79-b33c8b80b200 elapsed_us=29605
static_stage_us prepare=65237 prefill=45927 select=29620 decode=3620 total=144404
2026-09-26T22:56:39.544460Z	debug	dynamo_static_buffer_ready	static prefill channel buffer readiness	connection.id=946 request.id=31209 request_id=3322551b-f4fd-4391-8785-b73d53aa3600 ready_us=0 ready_offset_us=3 is_ok=true
2026-09-26T22:56:39.563289Z	debug	dynamo_static_buffer_ready	static prefill channel buffer readiness	connection.id=678 request.id=31368 request_id=268e058a-5727-4105-aa1e-01c472da4000 ready_us=1 ready_offset_us=5 is_ok=true
2026-09-26T22:56:39.564103Z	debug	dynamo_static_buffer_ready	static prefill channel buffer readiness	connection.id=270 request.id=31347 request_id=d68247b0-400f-4671-8a4e-3a76b3f04100 ready_us=0 ready_offset_us=3 is_ok=true
2026-09-26T22:56:39.568129Z	debug	dynamo_static_rpc_split	static prefill RPC split	connection.id=946 request.id=31209 request_id=3322551b-f4fd-4391-8785-b73d53aa3600 headers_us=23664 stream_us=7
2026-09-26T22:56:39.593636Z	debug	dynamo_static_rpc_split	static prefill RPC split	connection.id=678 request.id=31368 request_id=268e058a-5727-4105-aa1e-01c472da4000 headers_us=30331 stream_us=20
2026-09-26T22:56:39.597709Z	debug	dynamo_static_rpc_split	static prefill RPC split	connection.id=270 request.id=31347 request_id=d68247b0-400f-4671-8a4e-3a76b3f04100 headers_us=33603 stream_us=5
2026-09-26T22:56:39.599092Z	debug	dynamo_static_selector_rpc	static selector RPC	connection.id=946 request.id=31209 request_id=3322551b-f4fd-4391-8785-b73d53aa3600 elapsed_us=30897
static_stage_us prepare=38056 prefill=23738 select=30912 decode=1172 total=93878
2026-09-26T22:56:39.620517Z	debug	dynamo_static_selector_rpc	static selector RPC	connection.id=270 request.id=31347 request_id=d68247b0-400f-4671-8a4e-3a76b3f04100 elapsed_us=22611
static_stage_us prepare=40666 prefill=33806 select=22625 decode=3685 total=100782
2026-09-26T22:56:39.628452Z	debug	dynamo_static_selector_rpc	static selector RPC	connection.id=678 request.id=31368 request_id=268e058a-5727-4105-aa1e-01c472da4000 elapsed_us=34796
static_stage_us prepare=36970 prefill=30372 select=34812 decode=5252 total=107406
2026-09-26T22:56:39.692039Z	debug	dynamo_static_buffer_ready	static prefill channel buffer readiness	connection.id=167 request.id=32158 request_id=57d4031d-d19b-4bdf-8240-4534bae1b600 ready_us=0 ready_offset_us=4 is_ok=true
2026-09-26T22:56:39.697375Z	debug	dynamo_static_buffer_ready	static prefill channel buffer readiness	connection.id=256 request.id=32239 request_id=faa3f941-215e-46ae-a127-d77048036a00 ready_us=0 ready_offset_us=3 is_ok=true
2026-09-26T22:56:39.717309Z	debug	dynamo_static_rpc_split	static prefill RPC split	connection.id=167 request.id=32158 request_id=57d4031d-d19b-4bdf-8240-4534bae1b600 headers_us=25271 stream_us=2
2026-09-26T22:56:39.721760Z	debug	dynamo_static_buffer_ready	static prefill channel buffer readiness	connection.id=266 request.id=32334 request_id=541a6b8b-d9b0-41a6-9f16-f6a784175d00 ready_us=0 ready_offset_us=3 is_ok=true
2026-09-26T22:56:39.724441Z	debug	dynamo_static_rpc_split	static prefill RPC split	connection.id=256 request.id=32239 request_id=faa3f941-215e-46ae-a127-d77048036a00 headers_us=27065 stream_us=4
2026-09-26T22:56:39.742136Z	debug	dynamo_static_selector_rpc	static selector RPC	connection.id=167 request.id=32158 request_id=57d4031d-d19b-4bdf-8240-4534bae1b600 elapsed_us=24814
static_stage_us prepare=51855 prefill=25288 select=24827 decode=1242 total=103212
2026-09-26T22:56:39.747974Z	debug	dynamo_static_rpc_split	static prefill RPC split	connection.id=266 request.id=32334 request_id=541a6b8b-d9b0-41a6-9f16-f6a784175d00 headers_us=26207 stream_us=9
2026-09-26T22:56:39.751274Z	debug	dynamo_static_selector_rpc	static selector RPC	connection.id=256 request.id=32239 request_id=faa3f941-215e-46ae-a127-d77048036a00 elapsed_us=26819
static_stage_us prepare=49771 prefill=27084 select=26832 decode=991 total=104678
2026-09-26T22:56:39.773722Z	debug	dynamo_static_selector_rpc	static selector RPC	connection.id=266 request.id=32334 request_id=541a6b8b-d9b0-41a6-9f16-f6a784175d00 elapsed_us=25736
2026-09-26T22:56:39.775464Z	debug	dynamo_static_buffer_ready	static prefill channel buffer readiness	connection.id=350 request.id=32735 request_id=56d487df-76f9-4835-9e8c-2db1d71d7400 ready_us=1 ready_offset_us=6 is_ok=true
static_stage_us prepare=49264 prefill=26228 select=25749 decode=2153 total=103394
2026-09-26T22:56:39.805692Z	debug	dynamo_static_rpc_split	static prefill RPC split	connection.id=350 request.id=32735 request_id=56d487df-76f9-4835-9e8c-2db1d71d7400 headers_us=30217 stream_us=16
2026-09-26T22:56:39.813289Z	debug	dynamo_static_buffer_ready	static prefill channel buffer readiness	connection.id=465 request.id=33018 request_id=370af2cf-fc99-4ad7-a56e-7a27415a3400 ready_us=0 ready_offset_us=5 is_ok=true
2026-09-26T22:56:39.830297Z	debug	dynamo_static_selector_rpc	static selector RPC	connection.id=350 request.id=32735 request_id=56d487df-76f9-4835-9e8c-2db1d71d7400 elapsed_us=24584
static_stage_us prepare=43091 prefill=30255 select=24598 decode=790 total=98734
2026-09-26T22:56:39.836293Z	debug	dynamo_static_rpc_split	static prefill RPC split	connection.id=465 request.id=33018 request_id=370af2cf-fc99-4ad7-a56e-7a27415a3400 headers_us=23005 stream_us=3
2026-09-26T22:56:39.866664Z	debug	dynamo_static_selector_rpc	static selector RPC	connection.id=465 request.id=33018 request_id=370af2cf-fc99-4ad7-a56e-7a27415a3400 elapsed_us=30358
static_stage_us prepare=43837 prefill=23036 select=30373 decode=2322 total=99568
2026-09-26T22:56:39.943431Z	debug	dynamo_static_buffer_ready	static prefill channel buffer readiness	connection.id=187 request.id=33859 request_id=16913210-16f7-4859-af33-e56f33b92100 ready_us=0 ready_offset_us=2 is_ok=true
2026-09-26T22:56:39.965047Z	debug	dynamo_static_rpc_split	static prefill RPC split	connection.id=187 request.id=33859 request_id=16913210-16f7-4859-af33-e56f33b92100 headers_us=21604 stream_us=12
2026-09-26T22:56:39.979128Z	debug	dynamo_static_buffer_ready	static prefill channel buffer readiness	connection.id=742 request.id=34118 request_id=782b030a-9ccf-40bc-90cd-6263d5a14300 ready_us=0 ready_offset_us=3 is_ok=true
2026-09-26T22:56:39.986018Z	debug	dynamo_static_selector_rpc	static selector RPC	connection.id=187 request.id=33859 request_id=16913210-16f7-4859-af33-e56f33b92100 elapsed_us=20951
static_stage_us prepare=49051 prefill=21637 select=20965 decode=2824 total=94477
2026-09-26T22:56:40.011541Z	debug	dynamo_static_rpc_split	static prefill RPC split	connection.id=742 request.id=34118 request_id=782b030a-9ccf-40bc-90cd-6263d5a14300 headers_us=32412 stream_us=3
2026-09-26T22:56:40.040471Z	debug	dynamo_static_selector_rpc	static selector RPC	connection.id=742 request.id=34118 request_id=782b030a-9ccf-40bc-90cd-6263d5a14300 elapsed_us=28917
static_stage_us prepare=44568 prefill=32429 select=28935 decode=896 total=106828
2026-09-26T22:56:40.041792Z	debug	dynamo_static_buffer_ready	static prefill channel buffer readiness	connection.id=208 request.id=34429 request_id=5e999b79-4516-426d-9ff9-27bd58280300 ready_us=0 ready_offset_us=7 is_ok=true
2026-09-26T22:56:40.059071Z	debug	dynamo_static_buffer_ready	static prefill channel buffer readiness	connection.id=590 request.id=34560 request_id=a90050d6-3e4b-45d4-9c9a-23a03e5be300 ready_us=0 ready_offset_us=5 is_ok=true
2026-09-26T22:56:40.072194Z	debug	dynamo_static_rpc_split	static prefill RPC split	connection.id=208 request.id=34429 request_id=5e999b79-4516-426d-9ff9-27bd58280300 headers_us=30405 stream_us=3
2026-09-26T22:56:40.092527Z	debug	dynamo_static_buffer_ready	static prefill channel buffer readiness	connection.id=690 request.id=34750 request_id=ba4df9ff-4937-4ade-a8dc-d2b5ff1fb500 ready_us=1 ready_offset_us=6 is_ok=true
2026-09-26T22:56:40.103917Z	debug	dynamo_static_rpc_split	static prefill RPC split	connection.id=590 request.id=34560 request_id=a90050d6-3e4b-45d4-9c9a-23a03e5be300 headers_us=44845 stream_us=7
2026-09-26T22:56:40.115035Z	debug	dynamo_static_buffer_ready	static prefill channel buffer readiness	connection.id=777 request.id=34921 request_id=8c426e87-a7a3-4c88-93ec-63c058ccc900 ready_us=0 ready_offset_us=5 is_ok=true
2026-09-26T22:56:40.115482Z	debug	dynamo_static_selector_rpc	static selector RPC	connection.id=208 request.id=34429 request_id=5e999b79-4516-426d-9ff9-27bd58280300 elapsed_us=43270
static_stage_us prepare=55906 prefill=30427 select=43285 decode=1537 total=131155
2026-09-26T22:56:40.134091Z	debug	dynamo_static_rpc_split	static prefill RPC split	connection.id=690 request.id=34750 request_id=ba4df9ff-4937-4ade-a8dc-d2b5ff1fb500 headers_us=41555 stream_us=13
2026-09-26T22:56:40.141332Z	debug	dynamo_static_selector_rpc	static selector RPC	connection.id=590 request.id=34560 request_id=a90050d6-3e4b-45d4-9c9a-23a03e5be300 elapsed_us=37401
static_stage_us prepare=57962 prefill=44866 select=37413 decode=1582 total=141823
2026-09-26T22:56:40.145709Z	debug	dynamo_static_buffer_ready	static prefill channel buffer readiness	connection.id=326 request.id=35031 request_id=b55c8920-6a48-4650-b2e2-915089870800 ready_us=0 ready_offset_us=6 is_ok=true
2026-09-26T22:56:40.153154Z	debug	dynamo_static_rpc_split	static prefill RPC split	connection.id=777 request.id=34921 request_id=8c426e87-a7a3-4c88-93ec-63c058ccc900 headers_us=38108 stream_us=14
2026-09-26T22:56:40.171988Z	debug	dynamo_static_selector_rpc	static selector RPC	connection.id=690 request.id=34750 request_id=ba4df9ff-4937-4ade-a8dc-d2b5ff1fb500 elapsed_us=37881
static_stage_us prepare=60167 prefill=41585 select=37899 decode=1385 total=141036
2026-09-26T22:56:40.179914Z	debug	dynamo_static_rpc_split	static prefill RPC split	connection.id=326 request.id=35031 request_id=b55c8920-6a48-4650-b2e2-915089870800 headers_us=34207 stream_us=2
2026-09-26T22:56:40.185695Z	debug	dynamo_static_buffer_ready	static prefill channel buffer readiness	connection.id=415 request.id=35171 request_id=a28363f2-6e3c-41b5-91df-f0ba3f92c500 ready_us=0 ready_offset_us=4 is_ok=true
2026-09-26T22:56:40.191255Z	debug	dynamo_static_selector_rpc	static selector RPC	connection.id=777 request.id=34921 request_id=8c426e87-a7a3-4c88-93ec-63c058ccc900 elapsed_us=38084
static_stage_us prepare=58774 prefill=38140 select=38104 decode=1781 total=136799
2026-09-26T22:56:40.208917Z	debug	dynamo_static_rpc_split	static prefill RPC split	connection.id=415 request.id=35171 request_id=a28363f2-6e3c-41b5-91df-f0ba3f92c500 headers_us=23216 stream_us=9
2026-09-26T22:56:40.216892Z	debug	dynamo_static_selector_rpc	static selector RPC	connection.id=326 request.id=35031 request_id=b55c8920-6a48-4650-b2e2-915089870800 elapsed_us=36965
static_stage_us prepare=62463 prefill=34224 select=36980 decode=1111 total=134778
2026-09-26T22:56:40.225483Z	debug	dynamo_static_buffer_ready	static prefill channel buffer readiness	connection.id=825 request.id=35417 request_id=7c0f5156-4ed7-44dc-882b-4d797c15d300 ready_us=0 ready_offset_us=3 is_ok=true
2026-09-26T22:56:40.243066Z	debug	dynamo_static_selector_rpc	static selector RPC	connection.id=415 request.id=35171 request_id=a28363f2-6e3c-41b5-91df-f0ba3f92c500 elapsed_us=34134
static_stage_us prepare=74094 prefill=23239 select=34149 decode=786 total=132268
2026-09-26T22:56:40.256315Z	debug	dynamo_static_rpc_split	static prefill RPC split	connection.id=825 request.id=35417 request_id=7c0f5156-4ed7-44dc-882b-4d797c15d300 headers_us=30806 stream_us=29
2026-09-26T22:56:40.291204Z	debug	dynamo_static_buffer_ready	static prefill channel buffer readiness	connection.id=741 request.id=35781 request_id=8c92d603-b68b-4c96-8ffd-6868070c5000 ready_us=0 ready_offset_us=2 is_ok=true
2026-09-26T22:56:40.291227Z	debug	dynamo_static_buffer_ready	static prefill channel buffer readiness	connection.id=731 request.id=35786 request_id=096cd6db-aa25-4bd5-b20b-b43c059ff300 ready_us=0 ready_offset_us=4 is_ok=true
2026-09-26T22:56:40.293867Z	debug	dynamo_static_selector_rpc	static selector RPC	connection.id=825 request.id=35417 request_id=7c0f5156-4ed7-44dc-882b-4d797c15d300 elapsed_us=37540
static_stage_us prepare=66837 prefill=30847 select=37553 decode=2993 total=138230
2026-09-26T22:56:40.316258Z	debug	dynamo_static_buffer_ready	static prefill channel buffer readiness	connection.id=239 request.id=35979 request_id=d8f7ef18-4229-43ff-b450-667041306f00 ready_us=0 ready_offset_us=3 is_ok=true
2026-09-26T22:56:40.325545Z	debug	dynamo_static_rpc_split	static prefill RPC split	connection.id=741 request.id=35781 request_id=8c92d603-b68b-4c96-8ffd-6868070c5000 headers_us=34332 stream_us=11
2026-09-26T22:56:40.330234Z	debug	dynamo_static_buffer_ready	static prefill channel buffer readiness	connection.id=381 request.id=35966 request_id=52767935-0619-4451-9a14-fb351a47a200 ready_us=0 ready_offset_us=2 is_ok=true
2026-09-26T22:56:40.332931Z	debug	dynamo_static_rpc_split	static prefill RPC split	connection.id=731 request.id=35786 request_id=096cd6db-aa25-4bd5-b20b-b43c059ff300 headers_us=41666 stream_us=42
2026-09-26T22:56:40.347277Z	debug	dynamo_static_rpc_split	static prefill RPC split	connection.id=239 request.id=35979 request_id=d8f7ef18-4229-43ff-b450-667041306f00 headers_us=31016 stream_us=5
2026-09-26T22:56:40.351661Z	debug	dynamo_static_selector_rpc	static selector RPC	connection.id=741 request.id=35781 request_id=8c92d603-b68b-4c96-8ffd-6868070c5000 elapsed_us=26100
static_stage_us prepare=73659 prefill=34359 select=26113 decode=1176 total=135307
2026-09-26T22:56:40.356790Z	debug	dynamo_static_rpc_split	static prefill RPC split	connection.id=381 request.id=35966 request_id=52767935-0619-4451-9a14-fb351a47a200 headers_us=26552 stream_us=6
2026-09-26T22:56:40.367435Z	debug	dynamo_static_selector_rpc	static selector RPC	connection.id=731 request.id=35786 request_id=096cd6db-aa25-4bd5-b20b-b43c059ff300 elapsed_us=34475
static_stage_us prepare=72188 prefill=41738 select=34488 decode=950 total=149364
2026-09-26T22:56:40.371681Z	debug	dynamo_static_buffer_ready	static prefill channel buffer readiness	connection.id=572 request.id=36154 request_id=fd3be4e0-6099-44f0-a769-a911fe59b700 ready_us=0 ready_offset_us=1 is_ok=true
2026-09-26T22:56:40.376182Z	debug	dynamo_static_selector_rpc	static selector RPC	connection.id=239 request.id=35979 request_id=d8f7ef18-4229-43ff-b450-667041306f00 elapsed_us=28891
static_stage_us prepare=55694 prefill=31036 select=28902 decode=943 total=116575
2026-09-26T22:56:40.378659Z	debug	dynamo_static_buffer_ready	static prefill channel buffer readiness	connection.id=187 request.id=36264 request_id=7b872ac4-28f8-4ac2-845c-ed99fc554800 ready_us=0 ready_offset_us=2 is_ok=true
2026-09-26T22:56:40.396487Z	debug	dynamo_static_selector_rpc	static selector RPC	connection.id=381 request.id=35966 request_id=52767935-0619-4451-9a14-fb351a47a200 elapsed_us=39679
static_stage_us prepare=71168 prefill=26576 select=39694 decode=707 total=138145
2026-09-26T22:56:40.405434Z	debug	dynamo_static_rpc_split	static prefill RPC split	connection.id=572 request.id=36154 request_id=fd3be4e0-6099-44f0-a769-a911fe59b700 headers_us=33750 stream_us=5
2026-09-26T22:56:40.413645Z	debug	dynamo_static_rpc_split	static prefill RPC split	connection.id=187 request.id=36264 request_id=7b872ac4-28f8-4ac2-845c-ed99fc554800 headers_us=34985 stream_us=3
2026-09-26T22:56:40.438738Z	debug	dynamo_static_buffer_ready	static prefill channel buffer readiness	connection.id=708 request.id=36569 request_id=0276264d-ccf6-4436-9ed3-4932ceae0700 ready_us=0 ready_offset_us=2 is_ok=true
2026-09-26T22:56:40.447070Z	debug	dynamo_static_selector_rpc	static selector RPC	connection.id=572 request.id=36154 request_id=fd3be4e0-6099-44f0-a769-a911fe59b700 elapsed_us=41606
static_stage_us prepare=70102 prefill=33783 select=41620 decode=1441 total=146946
2026-09-26T22:56:40.454591Z	debug	dynamo_static_selector_rpc	static selector RPC	connection.id=187 request.id=36264 request_id=7b872ac4-28f8-4ac2-845c-ed99fc554800 elapsed_us=40923
2026-09-26T22:56:40.455061Z	debug	dynamo_static_buffer_ready	static prefill channel buffer readiness	connection.id=192 request.id=36709 request_id=80e4bb19-4ee4-42b2-b9eb-2db867cbf000 ready_us=0 ready_offset_us=3 is_ok=true
static_stage_us prepare=60535 prefill=35010 select=40936 decode=3250 total=139731
2026-09-26T22:56:40.476822Z	debug	dynamo_static_rpc_split	static prefill RPC split	connection.id=708 request.id=36569 request_id=0276264d-ccf6-4436-9ed3-4932ceae0700 headers_us=38075 stream_us=11
2026-09-26T22:56:40.483973Z	debug	dynamo_static_buffer_ready	static prefill channel buffer readiness	connection.id=925 request.id=36813 request_id=e9579e45-1023-4ef4-80f7-7734373ec900 ready_us=0 ready_offset_us=7 is_ok=true
2026-09-26T22:56:40.489549Z	debug	dynamo_static_rpc_split	static prefill RPC split	connection.id=192 request.id=36709 request_id=80e4bb19-4ee4-42b2-b9eb-2db867cbf000 headers_us=34479 stream_us=11
2026-09-26T22:56:40.511869Z	debug	dynamo_static_selector_rpc	static selector RPC	connection.id=708 request.id=36569 request_id=0276264d-ccf6-4436-9ed3-4932ceae0700 elapsed_us=35033
static_stage_us prepare=62175 prefill=38100 select=35046 decode=920 total=136241
2026-09-26T22:56:40.522438Z	debug	dynamo_static_rpc_split	static prefill RPC split	connection.id=925 request.id=36813 request_id=e9579e45-1023-4ef4-80f7-7734373ec900 headers_us=38460 stream_us=11
2026-09-26T22:56:40.527647Z	debug	dynamo_static_selector_rpc	static selector RPC	connection.id=192 request.id=36709 request_id=80e4bb19-4ee4-42b2-b9eb-2db867cbf000 elapsed_us=38084
static_stage_us prepare=58174 prefill=34505 select=38094 decode=2256 total=133029
2026-09-26T22:56:40.557903Z	debug	dynamo_static_selector_rpc	static selector RPC	connection.id=925 request.id=36813 request_id=e9579e45-1023-4ef4-80f7-7734373ec900 elapsed_us=35446
static_stage_us prepare=68650 prefill=38490 select=35461 decode=1116 total=143717
2026-09-26T22:56:40.613563Z	debug	dynamo_static_buffer_ready	static prefill channel buffer readiness	connection.id=227 request.id=37513 request_id=8ec60157-687a-45a2-a040-a222133f9400 ready_us=0 ready_offset_us=3 is_ok=true
2026-09-26T22:56:40.634486Z	debug	dynamo_static_rpc_split	static prefill RPC split	connection.id=227 request.id=37513 request_id=8ec60157-687a-45a2-a040-a222133f9400 headers_us=20915 stream_us=9
2026-09-26T22:56:40.646678Z	debug	dynamo_static_buffer_ready	static prefill channel buffer readiness	connection.id=552 request.id=37805 request_id=47f34677-7db0-4af3-9c2b-c554d7b00600 ready_us=0 ready_offset_us=3 is_ok=true
2026-09-26T22:56:40.661630Z	debug	dynamo_static_selector_rpc	static selector RPC	connection.id=227 request.id=37513 request_id=8ec60157-687a-45a2-a040-a222133f9400 elapsed_us=27122
static_stage_us prepare=68497 prefill=20947 select=27136 decode=1456 total=118036
2026-09-26T22:56:40.666340Z	debug	dynamo_static_rpc_split	static prefill RPC split	connection.id=552 request.id=37805 request_id=47f34677-7db0-4af3-9c2b-c554d7b00600 headers_us=19656 stream_us=7
2026-09-26T22:56:40.692427Z	debug	dynamo_static_selector_rpc	static selector RPC	connection.id=552 request.id=37805 request_id=47f34677-7db0-4af3-9c2b-c554d7b00600 elapsed_us=26061
static_stage_us prepare=54967 prefill=19690 select=26076 decode=1053 total=101786
2026-09-26T22:56:40.777482Z	debug	dynamo_static_buffer_ready	static prefill channel buffer readiness	connection.id=475 request.id=38646 request_id=ea87a248-6482-405c-a01d-97e6feafb200 ready_us=0 ready_offset_us=3 is_ok=true
2026-09-26T22:56:40.779001Z	debug	dynamo_static_buffer_ready	static prefill channel buffer readiness	connection.id=809 request.id=38682 request_id=41a5484e-f04a-4a1d-a85f-2e36307b2e00 ready_us=0 ready_offset_us=2 is_ok=true
2026-09-26T22:56:40.784532Z	debug	dynamo_static_buffer_ready	static prefill channel buffer readiness	connection.id=612 request.id=38700 request_id=d781af2e-9e44-40ed-a035-e1dfbd8e5800 ready_us=0 ready_offset_us=5 is_ok=true
2026-09-26T22:56:40.802896Z	debug	dynamo_static_rpc_split	static prefill RPC split	connection.id=475 request.id=38646 request_id=ea87a248-6482-405c-a01d-97e6feafb200 headers_us=25413 stream_us=4
2026-09-26T22:56:40.802950Z	debug	dynamo_static_rpc_split	static prefill RPC split	connection.id=809 request.id=38682 request_id=41a5484e-f04a-4a1d-a85f-2e36307b2e00 headers_us=23946 stream_us=4
2026-09-26T22:56:40.812188Z	debug	dynamo_static_rpc_split	static prefill RPC split	connection.id=612 request.id=38700 request_id=d781af2e-9e44-40ed-a035-e1dfbd8e5800 headers_us=27651 stream_us=10
2026-09-26T22:56:40.814545Z	debug	dynamo_static_buffer_ready	static prefill channel buffer readiness	connection.id=713 request.id=38801 request_id=dc6af0b0-d73d-41f6-887a-0f78b2966e00 ready_us=0 ready_offset_us=4 is_ok=true
2026-09-26T22:56:40.825507Z	debug	dynamo_static_buffer_ready	static prefill channel buffer readiness	connection.id=529 request.id=38971 request_id=a3aac718-f9f1-41b6-a063-a2390c74f200 ready_us=0 ready_offset_us=3 is_ok=true
2026-09-26T22:56:40.829319Z	debug	dynamo_static_selector_rpc	static selector RPC	connection.id=809 request.id=38682 request_id=41a5484e-f04a-4a1d-a85f-2e36307b2e00 elapsed_us=26338
2026-09-26T22:56:40.830024Z	debug	dynamo_static_selector_rpc	static selector RPC	connection.id=475 request.id=38646 request_id=ea87a248-6482-405c-a01d-97e6feafb200 elapsed_us=27108
static_stage_us prepare=46023 prefill=23982 select=26351 decode=1447 total=97803
static_stage_us prepare=53419 prefill=25438 select=27120 decode=1869 total=107846
2026-09-26T22:56:40.836831Z	debug	dynamo_static_buffer_ready	static prefill channel buffer readiness	connection.id=893 request.id=39002 request_id=2978aad5-417a-43ce-9d62-3560b5a4a500 ready_us=0 ready_offset_us=3 is_ok=true
2026-09-26T22:56:40.842526Z	debug	dynamo_static_rpc_split	static prefill RPC split	connection.id=713 request.id=38801 request_id=dc6af0b0-d73d-41f6-887a-0f78b2966e00 headers_us=27952 stream_us=32
2026-09-26T22:56:40.846757Z	debug	dynamo_static_selector_rpc	static selector RPC	connection.id=612 request.id=38700 request_id=d781af2e-9e44-40ed-a035-e1dfbd8e5800 elapsed_us=34555
static_stage_us prepare=49717 prefill=27675 select=34566 decode=730 total=112688
2026-09-26T22:56:40.853367Z	debug	dynamo_static_buffer_ready	static prefill channel buffer readiness	connection.id=298 request.id=39150 request_id=14f8c6bc-25cd-40f3-ad41-d3304338c800 ready_us=0 ready_offset_us=3 is_ok=true
2026-09-26T22:56:40.854131Z	debug	dynamo_static_rpc_split	static prefill RPC split	connection.id=529 request.id=38971 request_id=a3aac718-f9f1-41b6-a063-a2390c74f200 headers_us=28623 stream_us=3
2026-09-26T22:56:40.860846Z	debug	dynamo_static_rpc_split	static prefill RPC split	connection.id=893 request.id=39002 request_id=2978aad5-417a-43ce-9d62-3560b5a4a500 headers_us=24013 stream_us=4
2026-09-26T22:56:40.875662Z	debug	dynamo_static_selector_rpc	static selector RPC	connection.id=713 request.id=38801 request_id=dc6af0b0-d73d-41f6-887a-0f78b2966e00 elapsed_us=33120
static_stage_us prepare=47363 prefill=28001 select=33133 decode=2214 total=110711
2026-09-26T22:56:40.882685Z	debug	dynamo_static_selector_rpc	static selector RPC	connection.id=529 request.id=38971 request_id=a3aac718-f9f1-41b6-a063-a2390c74f200 elapsed_us=28535
2026-09-26T22:56:40.883072Z	debug	dynamo_static_rpc_split	static prefill RPC split	connection.id=298 request.id=39150 request_id=14f8c6bc-25cd-40f3-ad41-d3304338c800 headers_us=29697 stream_us=11
2026-09-26T22:56:40.883973Z	debug	dynamo_static_selector_rpc	static selector RPC	connection.id=893 request.id=39002 request_id=2978aad5-417a-43ce-9d62-3560b5a4a500 elapsed_us=23084
static_stage_us prepare=51178 prefill=24032 select=23137 decode=2086 total=100433
static_stage_us prepare=41919 prefill=28646 select=28547 decode=5111 total=104223
2026-09-26T22:56:40.891386Z	debug	dynamo_static_buffer_ready	static prefill channel buffer readiness	connection.id=760 request.id=39305 request_id=64246dcc-a056-4572-bd0a-f1ee9e6dc100 ready_us=0 ready_offset_us=4 is_ok=true
2026-09-26T22:56:40.901894Z	debug	dynamo_static_buffer_ready	static prefill channel buffer readiness	connection.id=595 request.id=39432 request_id=0ce5c648-119c-412e-a1dd-4a1f528a5100 ready_us=0 ready_offset_us=3 is_ok=true
2026-09-26T22:56:40.901905Z	debug	dynamo_static_buffer_ready	static prefill channel buffer readiness	connection.id=879 request.id=39435 request_id=540c975d-6090-4709-9d99-982ba19c9c00 ready_us=0 ready_offset_us=3 is_ok=true
2026-09-26T22:56:40.915469Z	debug	dynamo_static_selector_rpc	static selector RPC	connection.id=298 request.id=39150 request_id=14f8c6bc-25cd-40f3-ad41-d3304338c800 elapsed_us=32375
static_stage_us prepare=49154 prefill=29731 select=32387 decode=1244 total=112516
2026-09-26T22:56:40.926153Z	debug	dynamo_static_rpc_split	static prefill RPC split	connection.id=760 request.id=39305 request_id=64246dcc-a056-4572-bd0a-f1ee9e6dc100 headers_us=34756 stream_us=15
2026-09-26T22:56:40.926230Z	debug	dynamo_static_rpc_split	static prefill RPC split	connection.id=595 request.id=39432 request_id=0ce5c648-119c-412e-a1dd-4a1f528a5100 headers_us=24306 stream_us=32
2026-09-26T22:56:40.928046Z	debug	dynamo_static_rpc_split	static prefill RPC split	connection.id=879 request.id=39435 request_id=540c975d-6090-4709-9d99-982ba19c9c00 headers_us=26120 stream_us=24
2026-09-26T22:56:40.953216Z	debug	dynamo_static_selector_rpc	static selector RPC	connection.id=760 request.id=39305 request_id=64246dcc-a056-4572-bd0a-f1ee9e6dc100 elapsed_us=27045
static_stage_us prepare=65527 prefill=34788 select=27066 decode=668 total=128049
2026-09-26T22:56:40.954677Z	debug	dynamo_static_selector_rpc	static selector RPC	connection.id=879 request.id=39435 request_id=540c975d-6090-4709-9d99-982ba19c9c00 elapsed_us=26618
2026-09-26T22:56:40.954785Z	debug	dynamo_static_selector_rpc	static selector RPC	connection.id=595 request.id=39432 request_id=0ce5c648-119c-412e-a1dd-4a1f528a5100 elapsed_us=28533
static_stage_us prepare=58280 prefill=26157 select=26630 decode=1083 total=112150
static_stage_us prepare=58846 prefill=24361 select=28551 decode=1064 total=112822
2026-09-26T22:56:41.023170Z	debug	dynamo_static_buffer_ready	static prefill channel buffer readiness	connection.id=679 request.id=40203 request_id=06f9e495-bb3b-4603-9df2-5a76edcce700 ready_us=0 ready_offset_us=4 is_ok=true
2026-09-26T22:56:41.045875Z	debug	dynamo_static_rpc_split	static prefill RPC split	connection.id=679 request.id=40203 request_id=06f9e495-bb3b-4603-9df2-5a76edcce700 headers_us=22704 stream_us=3
2026-09-26T22:56:41.072908Z	debug	dynamo_static_selector_rpc	static selector RPC	connection.id=679 request.id=40203 request_id=06f9e495-bb3b-4603-9df2-5a76edcce700 elapsed_us=27015
static_stage_us prepare=51052 prefill=22726 select=27596 decode=1561 total=102935
2026-09-26T22:56:41.075865Z	debug	dynamo_static_buffer_ready	static prefill channel buffer readiness	connection.id=580 request.id=40516 request_id=3192f18d-cdc6-4586-b2ee-98a4fff3aa00 ready_us=0 ready_offset_us=2 is_ok=true
2026-09-26T22:56:41.105928Z	debug	dynamo_static_rpc_split	static prefill RPC split	connection.id=580 request.id=40516 request_id=3192f18d-cdc6-4586-b2ee-98a4fff3aa00 headers_us=30057 stream_us=7
2026-09-26T22:56:41.115688Z	debug	dynamo_static_buffer_ready	static prefill channel buffer readiness	connection.id=742 request.id=40852 request_id=0bdd717c-55b3-4f44-9645-544aafb51100 ready_us=0 ready_offset_us=3 is_ok=true
2026-09-26T22:56:41.124758Z	debug	dynamo_static_buffer_ready	static prefill channel buffer readiness	connection.id=218 request.id=40896 request_id=7c8e8a9a-e879-4545-829a-4da29f86bb00 ready_us=0 ready_offset_us=15 is_ok=true
2026-09-26T22:56:41.133337Z	debug	dynamo_static_selector_rpc	static selector RPC	connection.id=580 request.id=40516 request_id=3192f18d-cdc6-4586-b2ee-98a4fff3aa00 elapsed_us=27378
static_stage_us prepare=51552 prefill=30097 select=27391 decode=2237 total=111277
2026-09-26T22:56:41.139691Z	debug	dynamo_static_rpc_split	static prefill RPC split	connection.id=742 request.id=40852 request_id=0bdd717c-55b3-4f44-9645-544aafb51100 headers_us=23994 stream_us=11
2026-09-26T22:56:41.146884Z	debug	dynamo_static_rpc_split	static prefill RPC split	connection.id=218 request.id=40896 request_id=7c8e8a9a-e879-4545-829a-4da29f86bb00 headers_us=22018 stream_us=123
2026-09-26T22:56:41.160564Z	debug	dynamo_static_selector_rpc	static selector RPC	connection.id=742 request.id=40852 request_id=0bdd717c-55b3-4f44-9645-544aafb51100 elapsed_us=20857
static_stage_us prepare=46142 prefill=24022 select=20871 decode=819 total=91854
2026-09-26T22:56:41.175529Z	debug	dynamo_static_selector_rpc	static selector RPC	connection.id=218 request.id=40896 request_id=7c8e8a9a-e879-4545-829a-4da29f86bb00 elapsed_us=28633
static_stage_us prepare=45919 prefill=22154 select=28648 decode=1351 total=98072
2026-09-26T22:56:41.177829Z	debug	dynamo_static_buffer_ready	static prefill channel buffer readiness	connection.id=877 request.id=41236 request_id=f047eaed-0cb8-49c3-9764-49590f4a0400 ready_us=0 ready_offset_us=5 is_ok=true
2026-09-26T22:56:41.207348Z	debug	dynamo_static_buffer_ready	static prefill channel buffer readiness	connection.id=762 request.id=41434 request_id=3534e653-9788-4ad3-8c60-b891b7a48800 ready_us=0 ready_offset_us=2 is_ok=true
2026-09-26T22:56:41.209689Z	debug	dynamo_static_rpc_split	static prefill RPC split	connection.id=877 request.id=41236 request_id=f047eaed-0cb8-49c3-9764-49590f4a0400 headers_us=31855 stream_us=7
2026-09-26T22:56:41.234991Z	debug	dynamo_static_rpc_split	static prefill RPC split	connection.id=762 request.id=41434 request_id=3534e653-9788-4ad3-8c60-b891b7a48800 headers_us=27641 stream_us=4
2026-09-26T22:56:41.236956Z	debug	dynamo_static_buffer_ready	static prefill channel buffer readiness	connection.id=191 request.id=41658 request_id=125d3346-9736-4446-905f-6840e5c04600 ready_us=0 ready_offset_us=3 is_ok=true
2026-09-26T22:56:41.241014Z	debug	dynamo_static_selector_rpc	static selector RPC	connection.id=877 request.id=41236 request_id=f047eaed-0cb8-49c3-9764-49590f4a0400 elapsed_us=31311
static_stage_us prepare=44662 prefill=31878 select=31325 decode=3047 total=110912
2026-09-26T22:56:41.251384Z	debug	dynamo_static_buffer_ready	static prefill channel buffer readiness	connection.id=678 request.id=41715 request_id=e894bbdf-333b-4499-950d-bd5eed6eee00 ready_us=0 ready_offset_us=3 is_ok=true
2026-09-26T22:56:41.260772Z	debug	dynamo_static_rpc_split	static prefill RPC split	connection.id=191 request.id=41658 request_id=125d3346-9736-4446-905f-6840e5c04600 headers_us=23814 stream_us=4
2026-09-26T22:56:41.263516Z	debug	dynamo_static_selector_rpc	static selector RPC	connection.id=762 request.id=41434 request_id=3534e653-9788-4ad3-8c60-b891b7a48800 elapsed_us=28507
static_stage_us prepare=53179 prefill=27663 select=28521 decode=628 total=109991
2026-09-26T22:56:41.276707Z	debug	dynamo_static_rpc_split	static prefill RPC split	connection.id=678 request.id=41715 request_id=e894bbdf-333b-4499-950d-bd5eed6eee00 headers_us=25322 stream_us=3
2026-09-26T22:56:41.284926Z	debug	dynamo_static_selector_rpc	static selector RPC	connection.id=191 request.id=41658 request_id=125d3346-9736-4446-905f-6840e5c04600 elapsed_us=24143
static_stage_us prepare=48198 prefill=23831 select=24162 decode=688 total=96879
2026-09-26T22:56:41.301251Z	debug	dynamo_static_buffer_ready	static prefill channel buffer readiness	connection.id=538 request.id=42051 request_id=04686ccf-694a-4c2d-a08e-4613c48cd000 ready_us=0 ready_offset_us=3 is_ok=true
2026-09-26T22:56:41.301898Z	debug	dynamo_static_selector_rpc	static selector RPC	connection.id=678 request.id=41715 request_id=e894bbdf-333b-4499-950d-bd5eed6eee00 elapsed_us=25177
static_stage_us prepare=55999 prefill=25340 select=25188 decode=1107 total=107634
2026-09-26T22:56:41.328772Z	debug	dynamo_static_buffer_ready	static prefill channel buffer readiness	connection.id=246 request.id=42261 request_id=ec487b61-248e-4db1-9b9f-707c87c55500 ready_us=0 ready_offset_us=3 is_ok=true
2026-09-26T22:56:41.329491Z	debug	dynamo_static_rpc_split	static prefill RPC split	connection.id=538 request.id=42051 request_id=04686ccf-694a-4c2d-a08e-4613c48cd000 headers_us=28238 stream_us=3
2026-09-26T22:56:41.331036Z	debug	dynamo_static_buffer_ready	static prefill channel buffer readiness	connection.id=644 request.id=42308 request_id=17ded153-0f07-4f9c-ad79-f2138d90b000 ready_us=0 ready_offset_us=2 is_ok=true
2026-09-26T22:56:41.334179Z	debug	dynamo_static_buffer_ready	static prefill channel buffer readiness	connection.id=895 request.id=42339 request_id=3f3dad11-28d6-425b-a15f-9844ece02800 ready_us=0 ready_offset_us=3 is_ok=true
2026-09-26T22:56:41.355732Z	debug	dynamo_static_rpc_split	static prefill RPC split	connection.id=644 request.id=42308 request_id=17ded153-0f07-4f9c-ad79-f2138d90b000 headers_us=24694 stream_us=4
2026-09-26T22:56:41.357914Z	debug	dynamo_static_rpc_split	static prefill RPC split	connection.id=246 request.id=42261 request_id=ec487b61-248e-4db1-9b9f-707c87c55500 headers_us=29135 stream_us=10
2026-09-26T22:56:41.359672Z	debug	dynamo_static_selector_rpc	static selector RPC	connection.id=538 request.id=42051 request_id=04686ccf-694a-4c2d-a08e-4613c48cd000 elapsed_us=30168
static_stage_us prepare=43159 prefill=28255 select=30183 decode=913 total=102510
2026-09-26T22:56:41.361995Z	debug	dynamo_static_rpc_split	static prefill RPC split	connection.id=895 request.id=42339 request_id=3f3dad11-28d6-425b-a15f-9844ece02800 headers_us=27816 stream_us=3
2026-09-26T22:56:41.375702Z	debug	dynamo_static_buffer_ready	static prefill channel buffer readiness	connection.id=321 request.id=42577 request_id=e318443b-1981-4c74-827e-b3215cd0e700 ready_us=0 ready_offset_us=2 is_ok=true
2026-09-26T22:56:41.377008Z	debug	dynamo_static_selector_rpc	static selector RPC	connection.id=644 request.id=42308 request_id=17ded153-0f07-4f9c-ad79-f2138d90b000 elapsed_us=21263
static_stage_us prepare=44939 prefill=24711 select=21282 decode=878 total=91810
2026-09-26T22:56:41.381692Z	debug	dynamo_static_selector_rpc	static selector RPC	connection.id=246 request.id=42261 request_id=ec487b61-248e-4db1-9b9f-707c87c55500 elapsed_us=23764
2026-09-26T22:56:41.382705Z	debug	dynamo_static_selector_rpc	static selector RPC	connection.id=895 request.id=42339 request_id=3f3dad11-28d6-425b-a15f-9844ece02800 elapsed_us=20697
static_stage_us prepare=48366 prefill=29160 select=23778 decode=1382 total=102686
static_stage_us prepare=44081 prefill=27832 select=20709 decode=970 total=93592
2026-09-26T22:56:41.393170Z	debug	dynamo_static_buffer_ready	static prefill channel buffer readiness	connection.id=493 request.id=42729 request_id=677b85f8-4cab-46fa-bf6f-175598c9e300 ready_us=0 ready_offset_us=6 is_ok=true
2026-09-26T22:56:41.399155Z	debug	dynamo_static_rpc_split	static prefill RPC split	connection.id=321 request.id=42577 request_id=e318443b-1981-4c74-827e-b3215cd0e700 headers_us=23450 stream_us=4
2026-09-26T22:56:41.417714Z	debug	dynamo_static_rpc_split	static prefill RPC split	connection.id=493 request.id=42729 request_id=677b85f8-4cab-46fa-bf6f-175598c9e300 headers_us=24539 stream_us=10
2026-09-26T22:56:41.430073Z	debug	dynamo_static_selector_rpc	static selector RPC	connection.id=321 request.id=42577 request_id=e318443b-1981-4c74-827e-b3215cd0e700 elapsed_us=30904
static_stage_us prepare=54921 prefill=23470 select=30920 decode=997 total=110308
2026-09-26T22:56:41.431250Z	debug	dynamo_static_buffer_ready	static prefill channel buffer readiness	connection.id=260 request.id=42960 request_id=7aba968f-4de0-476a-b1d5-cb353e4b7800 ready_us=1 ready_offset_us=2 is_ok=true
2026-09-26T22:56:41.434562Z	debug	dynamo_static_buffer_ready	static prefill channel buffer readiness	connection.id=473 request.id=42992 request_id=272a4c7b-efe4-4a14-b043-2f5e42be9100 ready_us=0 ready_offset_us=1 is_ok=true
2026-09-26T22:56:41.436544Z	debug	dynamo_static_selector_rpc	static selector RPC	connection.id=493 request.id=42729 request_id=677b85f8-4cab-46fa-bf6f-175598c9e300 elapsed_us=18808
static_stage_us prepare=44889 prefill=24564 select=18831 decode=989 total=89273
2026-09-26T22:56:41.456561Z	debug	dynamo_static_rpc_split	static prefill RPC split	connection.id=260 request.id=42960 request_id=7aba968f-4de0-476a-b1d5-cb353e4b7800 headers_us=25299 stream_us=13
2026-09-26T22:56:41.465196Z	debug	dynamo_static_rpc_split	static prefill RPC split	connection.id=473 request.id=42992 request_id=272a4c7b-efe4-4a14-b043-2f5e42be9100 headers_us=30632 stream_us=3
2026-09-26T22:56:41.482739Z	debug	dynamo_static_buffer_ready	static prefill channel buffer readiness	connection.id=223 request.id=43350 request_id=f9889df1-98b5-4a49-b768-9d48c96d1100 ready_us=0 ready_offset_us=2 is_ok=true
2026-09-26T22:56:41.483039Z	debug	dynamo_static_selector_rpc	static selector RPC	connection.id=260 request.id=42960 request_id=7aba968f-4de0-476a-b1d5-cb353e4b7800 elapsed_us=26462
static_stage_us prepare=44895 prefill=25329 select=26476 decode=937 total=97637
2026-09-26T22:56:41.496473Z	debug	dynamo_static_selector_rpc	static selector RPC	connection.id=473 request.id=42992 request_id=272a4c7b-efe4-4a14-b043-2f5e42be9100 elapsed_us=31263
static_stage_us prepare=43382 prefill=30649 select=31274 decode=1951 total=107256
2026-09-26T22:56:41.510778Z	debug	dynamo_static_rpc_split	static prefill RPC split	connection.id=223 request.id=43350 request_id=f9889df1-98b5-4a49-b768-9d48c96d1100 headers_us=28038 stream_us=2
2026-09-26T22:56:41.538235Z	debug	dynamo_static_selector_rpc	static selector RPC	connection.id=223 request.id=43350 request_id=f9889df1-98b5-4a49-b768-9d48c96d1100 elapsed_us=27444
2026-09-26T22:56:41.538581Z	debug	dynamo_static_buffer_ready	static prefill channel buffer readiness	connection.id=593 request.id=43701 request_id=c6383325-fa74-4cf2-91dc-0b8550dc0f00 ready_us=0 ready_offset_us=2 is_ok=true
static_stage_us prepare=50036 prefill=28055 select=27458 decode=1024 total=106573
2026-09-26T22:56:41.565252Z	debug	dynamo_static_rpc_split	static prefill RPC split	connection.id=593 request.id=43701 request_id=c6383325-fa74-4cf2-91dc-0b8550dc0f00 headers_us=26670 stream_us=3
2026-09-26T22:56:41.596214Z	debug	dynamo_static_selector_rpc	static selector RPC	connection.id=593 request.id=43701 request_id=c6383325-fa74-4cf2-91dc-0b8550dc0f00 elapsed_us=30939
static_stage_us prepare=47653 prefill=26697 select=30958 decode=1279 total=106587
2026-09-26T22:56:41.602461Z	debug	dynamo_static_buffer_ready	static prefill channel buffer readiness	connection.id=847 request.id=44218 request_id=2c501276-67a4-49d4-a285-ed6d7da94800 ready_us=0 ready_offset_us=4 is_ok=true
2026-09-26T22:56:41.625440Z	debug	dynamo_static_buffer_ready	static prefill channel buffer readiness	connection.id=456 request.id=44345 request_id=3d4b6b75-ce06-456e-ae83-3a23430d6a00 ready_us=0 ready_offset_us=3 is_ok=true
2026-09-26T22:56:41.626295Z	debug	dynamo_static_rpc_split	static prefill RPC split	connection.id=847 request.id=44218 request_id=2c501276-67a4-49d4-a285-ed6d7da94800 headers_us=23834 stream_us=3
2026-09-26T22:56:41.648623Z	debug	dynamo_static_rpc_split	static prefill RPC split	connection.id=456 request.id=44345 request_id=3d4b6b75-ce06-456e-ae83-3a23430d6a00 headers_us=23178 stream_us=7
2026-09-26T22:56:41.651125Z	debug	dynamo_static_selector_rpc	static selector RPC	connection.id=847 request.id=44218 request_id=2c501276-67a4-49d4-a285-ed6d7da94800 elapsed_us=24815
static_stage_us prepare=40861 prefill=23852 select=24829 decode=1924 total=91466
2026-09-26T22:56:41.673982Z	debug	dynamo_static_selector_rpc	static selector RPC	connection.id=456 request.id=44345 request_id=3d4b6b75-ce06-456e-ae83-3a23430d6a00 elapsed_us=25345
static_stage_us prepare=46377 prefill=23214 select=25357 decode=873 total=95821
2026-09-26T22:56:41.694620Z	debug	dynamo_static_buffer_ready	static prefill channel buffer readiness	connection.id=803 request.id=44848 request_id=2d57c546-a12e-442c-a6d8-8e95858fae00 ready_us=0 ready_offset_us=28 is_ok=true
2026-09-26T22:56:41.723573Z	debug	dynamo_static_buffer_ready	static prefill channel buffer readiness	connection.id=715 request.id=45027 request_id=ad0ca0c3-3e18-4222-92d8-203beafc4600 ready_us=0 ready_offset_us=3 is_ok=true
2026-09-26T22:56:41.724909Z	debug	dynamo_static_rpc_split	static prefill RPC split	connection.id=803 request.id=44848 request_id=2d57c546-a12e-442c-a6d8-8e95858fae00 headers_us=30312 stream_us=4
2026-09-26T22:56:41.747660Z	debug	dynamo_static_selector_rpc	static selector RPC	connection.id=803 request.id=44848 request_id=2d57c546-a12e-442c-a6d8-8e95858fae00 elapsed_us=22738
static_stage_us prepare=42601 prefill=30330 select=22752 decode=2383 total=98066
2026-09-26T22:56:41.753415Z	debug	dynamo_static_rpc_split	static prefill RPC split	connection.id=715 request.id=45027 request_id=ad0ca0c3-3e18-4222-92d8-203beafc4600 headers_us=29835 stream_us=10
2026-09-26T22:56:41.758196Z	debug	dynamo_static_buffer_ready	static prefill channel buffer readiness	connection.id=523 request.id=45286 request_id=f8e50a25-cfc1-437f-8169-6de92e097300 ready_us=0 ready_offset_us=6 is_ok=true
2026-09-26T22:56:41.758252Z	debug	dynamo_static_buffer_ready	static prefill channel buffer readiness	connection.id=841 request.id=45288 request_id=2e01de4e-8b7d-4481-8206-15b5a8546a00 ready_us=0 ready_offset_us=2 is_ok=true
2026-09-26T22:56:41.770402Z	debug	dynamo_static_buffer_ready	static prefill channel buffer readiness	connection.id=484 request.id=45350 request_id=568eb8fa-d310-4a48-a423-435d0e49bd00 ready_us=1 ready_offset_us=31 is_ok=true
2026-09-26T22:56:41.781205Z	debug	dynamo_static_selector_rpc	static selector RPC	connection.id=715 request.id=45027 request_id=ad0ca0c3-3e18-4222-92d8-203beafc4600 elapsed_us=27622
static_stage_us prepare=49012 prefill=30012 select=27640 decode=825 total=107489
2026-09-26T22:56:41.785872Z	debug	dynamo_static_rpc_split	static prefill RPC split	connection.id=523 request.id=45286 request_id=f8e50a25-cfc1-437f-8169-6de92e097300 headers_us=27670 stream_us=10
2026-09-26T22:56:41.785879Z	debug	dynamo_static_rpc_split	static prefill RPC split	connection.id=841 request.id=45288 request_id=2e01de4e-8b7d-4481-8206-15b5a8546a00 headers_us=27625 stream_us=2
2026-09-26T22:56:41.789844Z	debug	dynamo_static_rpc_split	static prefill RPC split	connection.id=484 request.id=45350 request_id=568eb8fa-d310-4a48-a423-435d0e49bd00 headers_us=19461 stream_us=11
2026-09-26T22:56:41.791560Z	debug	dynamo_static_buffer_ready	static prefill channel buffer readiness	connection.id=671 request.id=45505 request_id=20e5ba3c-2f29-4fa6-a6ea-2eec832ada00 ready_us=0 ready_offset_us=3 is_ok=true
2026-09-26T22:56:41.811505Z	debug	dynamo_static_selector_rpc	static selector RPC	connection.id=841 request.id=45288 request_id=2e01de4e-8b7d-4481-8206-15b5a8546a00 elapsed_us=25618
2026-09-26T22:56:41.811730Z	debug	dynamo_static_selector_rpc	static selector RPC	connection.id=523 request.id=45286 request_id=f8e50a25-cfc1-437f-8169-6de92e097300 elapsed_us=25845
static_stage_us prepare=46900 prefill=27636 select=25636 decode=1995 total=102167
static_stage_us prepare=47220 prefill=27695 select=25855 decode=2321 total=103091
2026-09-26T22:56:41.814597Z	debug	dynamo_static_selector_rpc	static selector RPC	connection.id=484 request.id=45350 request_id=568eb8fa-d310-4a48-a423-435d0e49bd00 elapsed_us=24741
static_stage_us prepare=49672 prefill=19487 select=24755 decode=1259 total=95173
2026-09-26T22:56:41.818077Z	debug	dynamo_static_rpc_split	static prefill RPC split	connection.id=671 request.id=45505 request_id=20e5ba3c-2f29-4fa6-a6ea-2eec832ada00 headers_us=26508 stream_us=11
2026-09-26T22:56:41.827222Z	debug	dynamo_static_buffer_ready	static prefill channel buffer readiness	connection.id=890 request.id=45751 request_id=0d9386c2-fca3-4b20-b6e0-fb71d4d3da00 ready_us=0 ready_offset_us=5 is_ok=true
2026-09-26T22:56:41.828568Z	debug	dynamo_static_buffer_ready	static prefill channel buffer readiness	connection.id=425 request.id=45781 request_id=6b753e66-ac34-4788-851e-05a8d86e6100 ready_us=0 ready_offset_us=6 is_ok=true
2026-09-26T22:56:41.840755Z	debug	dynamo_static_buffer_ready	static prefill channel buffer readiness	connection.id=285 request.id=45897 request_id=5c93dcd3-788a-4574-83ea-49943a470400 ready_us=0 ready_offset_us=2 is_ok=true
2026-09-26T22:56:41.840765Z	debug	dynamo_static_buffer_ready	static prefill channel buffer readiness	connection.id=281 request.id=45896 request_id=11ca4eaf-5c7d-41a4-aa2d-c953ca8d1800 ready_us=0 ready_offset_us=4 is_ok=true
2026-09-26T22:56:41.848265Z	debug	dynamo_static_selector_rpc	static selector RPC	connection.id=671 request.id=45505 request_id=20e5ba3c-2f29-4fa6-a6ea-2eec832ada00 elapsed_us=30170
static_stage_us prepare=45637 prefill=26537 select=30186 decode=962 total=103322
2026-09-26T22:56:41.852293Z	debug	dynamo_static_rpc_split	static prefill RPC split	connection.id=425 request.id=45781 request_id=6b753e66-ac34-4788-851e-05a8d86e6100 headers_us=23725 stream_us=4
2026-09-26T22:56:41.858592Z	debug	dynamo_static_rpc_split	static prefill RPC split	connection.id=890 request.id=45751 request_id=0d9386c2-fca3-4b20-b6e0-fb71d4d3da00 headers_us=31372 stream_us=3
2026-09-26T22:56:41.864416Z	debug	dynamo_static_rpc_split	static prefill RPC split	connection.id=285 request.id=45897 request_id=5c93dcd3-788a-4574-83ea-49943a470400 headers_us=23654 stream_us=8
2026-09-26T22:56:41.869273Z	debug	dynamo_static_rpc_split	static prefill RPC split	connection.id=281 request.id=45896 request_id=11ca4eaf-5c7d-41a4-aa2d-c953ca8d1800 headers_us=28496 stream_us=15
2026-09-26T22:56:41.875234Z	debug	dynamo_static_selector_rpc	static selector RPC	connection.id=425 request.id=45781 request_id=6b753e66-ac34-4788-851e-05a8d86e6100 elapsed_us=22929
static_stage_us prepare=49987 prefill=23742 select=22941 decode=1614 total=98284
2026-09-26T22:56:41.877048Z	debug	dynamo_static_buffer_ready	static prefill channel buffer readiness	connection.id=566 request.id=46104 request_id=2989240d-5a79-439f-8d5c-d8537dd6a900 ready_us=0 ready_offset_us=3 is_ok=true
2026-09-26T22:56:41.882198Z	debug	dynamo_static_selector_rpc	static selector RPC	connection.id=890 request.id=45751 request_id=0d9386c2-fca3-4b20-b6e0-fb71d4d3da00 elapsed_us=23594
static_stage_us prepare=52405 prefill=31388 select=23608 decode=1980 total=109381
2026-09-26T22:56:41.890141Z	debug	dynamo_static_selector_rpc	static selector RPC	connection.id=285 request.id=45897 request_id=5c93dcd3-788a-4574-83ea-49943a470400 elapsed_us=25712
static_stage_us prepare=43636 prefill=23675 select=25724 decode=950 total=93985
2026-09-26T22:56:41.892196Z	debug	dynamo_static_buffer_ready	static prefill channel buffer readiness	connection.id=689 request.id=46215 request_id=5b0e76a8-01d0-4bd5-b5dd-aeebeb056200 ready_us=0 ready_offset_us=2 is_ok=true
2026-09-26T22:56:41.896611Z	debug	dynamo_static_selector_rpc	static selector RPC	connection.id=281 request.id=45896 request_id=11ca4eaf-5c7d-41a4-aa2d-c953ca8d1800 elapsed_us=27325
static_stage_us prepare=44360 prefill=28525 select=27336 decode=988 total=101209
2026-09-26T22:56:41.900452Z	debug	dynamo_static_rpc_split	static prefill RPC split	connection.id=566 request.id=46104 request_id=2989240d-5a79-439f-8d5c-d8537dd6a900 headers_us=23395 stream_us=12
2026-09-26T22:56:41.919359Z	debug	dynamo_static_rpc_split	static prefill RPC split	connection.id=689 request.id=46215 request_id=5b0e76a8-01d0-4bd5-b5dd-aeebeb056200 headers_us=27155 stream_us=10
2026-09-26T22:56:41.926881Z	debug	dynamo_static_selector_rpc	static selector RPC	connection.id=566 request.id=46104 request_id=2989240d-5a79-439f-8d5c-d8537dd6a900 elapsed_us=26414
2026-09-26T22:56:41.927585Z	debug	dynamo_static_buffer_ready	static prefill channel buffer readiness	connection.id=377 request.id=46440 request_id=1c8bdbc3-c910-4649-a31e-36a05fb2d700 ready_us=0 ready_offset_us=3 is_ok=true
static_stage_us prepare=53365 prefill=23421 select=26426 decode=1361 total=104573
2026-09-26T22:56:41.943238Z	debug	dynamo_static_selector_rpc	static selector RPC	connection.id=689 request.id=46215 request_id=5b0e76a8-01d0-4bd5-b5dd-aeebeb056200 elapsed_us=23860
static_stage_us prepare=42111 prefill=27185 select=23872 decode=1155 total=94323
2026-09-26T22:56:41.960047Z	debug	dynamo_static_rpc_split	static prefill RPC split	connection.id=377 request.id=46440 request_id=1c8bdbc3-c910-4649-a31e-36a05fb2d700 headers_us=32460 stream_us=5
2026-09-26T22:56:41.982988Z	debug	dynamo_static_selector_rpc	static selector RPC	connection.id=377 request.id=46440 request_id=1c8bdbc3-c910-4649-a31e-36a05fb2d700 elapsed_us=22930
static_stage_us prepare=48465 prefill=32477 select=22946 decode=1737 total=105625
2026-09-26T22:56:42.080532Z	debug	dynamo_static_buffer_ready	static prefill channel buffer readiness	connection.id=257 request.id=47520 request_id=e3b966ad-be1d-4c1d-bf1a-c0e581e93c00 ready_us=0 ready_offset_us=3 is_ok=true
2026-09-26T22:56:42.111176Z	debug	dynamo_static_rpc_split	static prefill RPC split	connection.id=257 request.id=47520 request_id=e3b966ad-be1d-4c1d-bf1a-c0e581e93c00 headers_us=30624 stream_us=23
2026-09-26T22:56:42.138871Z	debug	dynamo_static_selector_rpc	static selector RPC	connection.id=257 request.id=47520 request_id=e3b966ad-be1d-4c1d-bf1a-c0e581e93c00 elapsed_us=27663
static_stage_us prepare=43864 prefill=30679 select=27687 decode=1319 total=103549
2026-09-26T22:56:42.171595Z	debug	dynamo_static_buffer_ready	static prefill channel buffer readiness	connection.id=567 request.id=48004 request_id=12f950f5-e3d2-4a55-823a-6cd266455900 ready_us=0 ready_offset_us=3 is_ok=true
2026-09-26T22:56:42.193304Z	debug	dynamo_static_buffer_ready	static prefill channel buffer readiness	connection.id=289 request.id=48146 request_id=d511f95d-5010-4bb2-ae75-d789af89c800 ready_us=0 ready_offset_us=2 is_ok=true
2026-09-26T22:56:42.200388Z	debug	dynamo_static_rpc_split	static prefill RPC split	connection.id=567 request.id=48004 request_id=12f950f5-e3d2-4a55-823a-6cd266455900 headers_us=28784 stream_us=11
2026-09-26T22:56:42.221826Z	debug	dynamo_static_rpc_split	static prefill RPC split	connection.id=289 request.id=48146 request_id=d511f95d-5010-4bb2-ae75-d789af89c800 headers_us=28512 stream_us=11
2026-09-26T22:56:42.227655Z	debug	dynamo_static_selector_rpc	static selector RPC	connection.id=567 request.id=48004 request_id=12f950f5-e3d2-4a55-823a-6cd266455900 elapsed_us=27250
static_stage_us prepare=49078 prefill=28813 select=27262 decode=931 total=106084
2026-09-26T22:56:42.237508Z	debug	dynamo_static_buffer_ready	static prefill channel buffer readiness	connection.id=234 request.id=48470 request_id=1d5f9558-6bdb-4980-8fad-ddc0ffa83400 ready_us=0 ready_offset_us=3 is_ok=true
2026-09-26T22:56:42.252036Z	debug	dynamo_static_selector_rpc	static selector RPC	connection.id=289 request.id=48146 request_id=d511f95d-5010-4bb2-ae75-d789af89c800 elapsed_us=30195
static_stage_us prepare=50885 prefill=28538 select=30208 decode=788 total=110419
2026-09-26T22:56:42.263103Z	debug	dynamo_static_rpc_split	static prefill RPC split	connection.id=234 request.id=48470 request_id=1d5f9558-6bdb-4980-8fad-ddc0ffa83400 headers_us=25575 stream_us=22
2026-09-26T22:56:42.292021Z	debug	dynamo_static_buffer_ready	static prefill channel buffer readiness	connection.id=353 request.id=48779 request_id=37f276ce-dc12-428f-8900-ea20f1aa2800 ready_us=1 ready_offset_us=4 is_ok=true
2026-09-26T22:56:42.292393Z	debug	dynamo_static_selector_rpc	static selector RPC	connection.id=234 request.id=48470 request_id=1d5f9558-6bdb-4980-8fad-ddc0ffa83400 elapsed_us=29277
static_stage_us prepare=50043 prefill=25613 select=29287 decode=2876 total=107819
2026-09-26T22:56:42.299387Z	debug	dynamo_static_buffer_ready	static prefill channel buffer readiness	connection.id=823 request.id=48859 request_id=3661a441-d4b6-4675-a50c-d732ee7a7c00 ready_us=0 ready_offset_us=4 is_ok=true
2026-09-26T22:56:42.319118Z	debug	dynamo_static_buffer_ready	static prefill channel buffer readiness	connection.id=249 request.id=48990 request_id=30797ac8-bf0f-434b-9c5b-87e7a4e32c00 ready_us=0 ready_offset_us=6 is_ok=true
2026-09-26T22:56:42.324118Z	debug	dynamo_static_rpc_split	static prefill RPC split	connection.id=353 request.id=48779 request_id=37f276ce-dc12-428f-8900-ea20f1aa2800 headers_us=32098 stream_us=2
2026-09-26T22:56:42.327987Z	debug	dynamo_static_rpc_split	static prefill RPC split	connection.id=823 request.id=48859 request_id=3661a441-d4b6-4675-a50c-d732ee7a7c00 headers_us=28579 stream_us=24
2026-09-26T22:56:42.350563Z	debug	dynamo_static_buffer_ready	static prefill channel buffer readiness	connection.id=737 request.id=49176 request_id=b2ef8952-1190-4f1c-9316-d95fd990e500 ready_us=0 ready_offset_us=4 is_ok=true
2026-09-26T22:56:42.350580Z	debug	dynamo_static_buffer_ready	static prefill channel buffer readiness	connection.id=781 request.id=49180 request_id=86f2c36e-5d8b-4bcc-a9bf-469552e5e200 ready_us=0 ready_offset_us=4 is_ok=true
2026-09-26T22:56:42.350943Z	debug	dynamo_static_buffer_ready	static prefill channel buffer readiness	connection.id=673 request.id=49153 request_id=c29cc094-e2f7-4647-9e9e-c32dcd053000 ready_us=0 ready_offset_us=3 is_ok=true
2026-09-26T22:56:42.352667Z	debug	dynamo_static_rpc_split	static prefill RPC split	connection.id=249 request.id=48990 request_id=30797ac8-bf0f-434b-9c5b-87e7a4e32c00 headers_us=33547 stream_us=7
2026-09-26T22:56:42.353074Z	debug	dynamo_static_selector_rpc	static selector RPC	connection.id=353 request.id=48779 request_id=37f276ce-dc12-428f-8900-ea20f1aa2800 elapsed_us=28945
static_stage_us prepare=54380 prefill=32113 select=28959 decode=1038 total=116490
2026-09-26T22:56:42.362962Z	debug	dynamo_static_selector_rpc	static selector RPC	connection.id=823 request.id=48859 request_id=3661a441-d4b6-4675-a50c-d732ee7a7c00 elapsed_us=34956
static_stage_us prepare=48646 prefill=28624 select=34971 decode=1244 total=113485
2026-09-26T22:56:42.375883Z	debug	dynamo_static_rpc_split	static prefill RPC split	connection.id=737 request.id=49176 request_id=b2ef8952-1190-4f1c-9316-d95fd990e500 headers_us=25319 stream_us=4
2026-09-26T22:56:42.383122Z	debug	dynamo_static_rpc_split	static prefill RPC split	connection.id=781 request.id=49180 request_id=86f2c36e-5d8b-4bcc-a9bf-469552e5e200 headers_us=32528 stream_us=16
2026-09-26T22:56:42.384767Z	debug	dynamo_static_rpc_split	static prefill RPC split	connection.id=673 request.id=49153 request_id=c29cc094-e2f7-4647-9e9e-c32dcd053000 headers_us=33794 stream_us=32
2026-09-26T22:56:42.387576Z	debug	dynamo_static_selector_rpc	static selector RPC	connection.id=249 request.id=48990 request_id=30797ac8-bf0f-434b-9c5b-87e7a4e32c00 elapsed_us=34895
static_stage_us prepare=48601 prefill=33569 select=34910 decode=960 total=118040
2026-09-26T22:56:42.403591Z	debug	dynamo_static_selector_rpc	static selector RPC	connection.id=737 request.id=49176 request_id=b2ef8952-1190-4f1c-9316-d95fd990e500 elapsed_us=27695
static_stage_us prepare=51075 prefill=25337 select=27707 decode=980 total=105099
2026-09-26T22:56:42.413561Z	debug	dynamo_static_selector_rpc	static selector RPC	connection.id=781 request.id=49180 request_id=86f2c36e-5d8b-4bcc-a9bf-469552e5e200 elapsed_us=30418
2026-09-26T22:56:42.415046Z	debug	dynamo_static_selector_rpc	static selector RPC	connection.id=673 request.id=49153 request_id=c29cc094-e2f7-4647-9e9e-c32dcd053000 elapsed_us=30259
static_stage_us prepare=50303 prefill=32565 select=30430 decode=1861 total=115159
static_stage_us prepare=55116 prefill=33847 select=30276 decode=1510 total=120749
2026-09-26T22:56:42.431396Z	debug	dynamo_static_buffer_ready	static prefill channel buffer readiness	connection.id=400 request.id=49691 request_id=a1b09e93-e718-4e1d-b798-9d2f8a866a00 ready_us=0 ready_offset_us=3 is_ok=true
2026-09-26T22:56:42.449063Z	debug	dynamo_static_buffer_ready	static prefill channel buffer readiness	connection.id=608 request.id=49758 request_id=1874ffe3-00aa-412b-8b17-f1863c470200 ready_us=1 ready_offset_us=31 is_ok=true
2026-09-26T22:56:42.460250Z	debug	dynamo_static_buffer_ready	static prefill channel buffer readiness	connection.id=388 request.id=49854 request_id=2b8841e4-a7b0-42e3-a1a3-4d5f810f1a00 ready_us=0 ready_offset_us=2 is_ok=true
2026-09-26T22:56:42.462020Z	debug	dynamo_static_rpc_split	static prefill RPC split	connection.id=400 request.id=49691 request_id=a1b09e93-e718-4e1d-b798-9d2f8a866a00 headers_us=30614 stream_us=13
2026-09-26T22:56:42.483871Z	debug	dynamo_static_rpc_split	static prefill RPC split	connection.id=608 request.id=49758 request_id=1874ffe3-00aa-412b-8b17-f1863c470200 headers_us=34834 stream_us=4
2026-09-26T22:56:42.488726Z	debug	dynamo_static_buffer_ready	static prefill channel buffer readiness	connection.id=506 request.id=49999 request_id=a1689d83-5a91-4bc8-9bb1-712927c5ca00 ready_us=0 ready_offset_us=4 is_ok=true
2026-09-26T22:56:42.493120Z	debug	dynamo_static_rpc_split	static prefill RPC split	connection.id=388 request.id=49854 request_id=2b8841e4-a7b0-42e3-a1a3-4d5f810f1a00 headers_us=32859 stream_us=11
2026-09-26T22:56:42.494416Z	debug	dynamo_static_selector_rpc	static selector RPC	connection.id=400 request.id=49691 request_id=a1b09e93-e718-4e1d-b798-9d2f8a866a00 elapsed_us=32380
static_stage_us prepare=51258 prefill=30643 select=32394 decode=927 total=115222
2026-09-26T22:56:42.512303Z	debug	dynamo_static_selector_rpc	static selector RPC	connection.id=608 request.id=49758 request_id=1874ffe3-00aa-412b-8b17-f1863c470200 elapsed_us=28420
static_stage_us prepare=55655 prefill=34852 select=28436 decode=3464 total=122407
2026-09-26T22:56:42.516008Z	debug	dynamo_static_rpc_split	static prefill RPC split	connection.id=506 request.id=49999 request_id=a1689d83-5a91-4bc8-9bb1-712927c5ca00 headers_us=27280 stream_us=6
2026-09-26T22:56:42.516490Z	debug	dynamo_static_buffer_ready	static prefill channel buffer readiness	connection.id=176 request.id=50196 request_id=dadf9fac-0954-4e6f-846d-ab950df0ec00 ready_us=0 ready_offset_us=3 is_ok=true
2026-09-26T22:56:42.519610Z	debug	dynamo_static_selector_rpc	static selector RPC	connection.id=388 request.id=49854 request_id=2b8841e4-a7b0-42e3-a1a3-4d5f810f1a00 elapsed_us=26474
static_stage_us prepare=52744 prefill=32887 select=26486 decode=938 total=113055
2026-09-26T22:56:42.532707Z	debug	dynamo_static_buffer_ready	static prefill channel buffer readiness	connection.id=507 request.id=50319 request_id=2d2154e1-a91d-41a7-abac-114e46c67300 ready_us=0 ready_offset_us=5 is_ok=true
2026-09-26T22:56:42.548672Z	debug	dynamo_static_rpc_split	static prefill RPC split	connection.id=176 request.id=50196 request_id=dadf9fac-0954-4e6f-846d-ab950df0ec00 headers_us=32182 stream_us=4
2026-09-26T22:56:42.551549Z	debug	dynamo_static_selector_rpc	static selector RPC	connection.id=506 request.id=49999 request_id=a1689d83-5a91-4bc8-9bb1-712927c5ca00 elapsed_us=35521
static_stage_us prepare=56249 prefill=27307 select=35533 decode=802 total=119891
2026-09-26T22:56:42.572010Z	debug	dynamo_static_rpc_split	static prefill RPC split	connection.id=507 request.id=50319 request_id=2d2154e1-a91d-41a7-abac-114e46c67300 headers_us=39298 stream_us=10
2026-09-26T22:56:42.579553Z	debug	dynamo_static_selector_rpc	static selector RPC	connection.id=176 request.id=50196 request_id=dadf9fac-0954-4e6f-846d-ab950df0ec00 elapsed_us=30867
static_stage_us prepare=57297 prefill=32200 select=30879 decode=1158 total=121534
2026-09-26T22:56:42.598735Z	debug	dynamo_static_buffer_ready	static prefill channel buffer readiness	connection.id=782 request.id=50669 request_id=0b7d30c3-9e6e-4eac-a2ee-6b941ce11700 ready_us=0 ready_offset_us=2 is_ok=true
2026-09-26T22:56:42.605784Z	debug	dynamo_static_selector_rpc	static selector RPC	connection.id=507 request.id=50319 request_id=2d2154e1-a91d-41a7-abac-114e46c67300 elapsed_us=33753
static_stage_us prepare=52694 prefill=39329 select=33765 decode=1341 total=127129
2026-09-26T22:56:42.629932Z	debug	dynamo_static_rpc_split	static prefill RPC split	connection.id=782 request.id=50669 request_id=0b7d30c3-9e6e-4eac-a2ee-6b941ce11700 headers_us=31166 stream_us=33
2026-09-26T22:56:42.664739Z	debug	dynamo_static_selector_rpc	static selector RPC	connection.id=782 request.id=50669 request_id=0b7d30c3-9e6e-4eac-a2ee-6b941ce11700 elapsed_us=34780
static_stage_us prepare=56075 prefill=31225 select=34831 decode=2018 total=124149
2026-09-26T22:56:42.726116Z	debug	dynamo_static_buffer_ready	static prefill channel buffer readiness	connection.id=433 request.id=51466 request_id=6c804593-c87b-43cd-a742-d6e3884b1c00 ready_us=0 ready_offset_us=4 is_ok=true
2026-09-26T22:56:42.756623Z	debug	dynamo_static_rpc_split	static prefill RPC split	connection.id=433 request.id=51466 request_id=6c804593-c87b-43cd-a742-d6e3884b1c00 headers_us=30432 stream_us=78
2026-09-26T22:56:42.774160Z	debug	dynamo_static_buffer_ready	static prefill channel buffer readiness	connection.id=161 request.id=51746 request_id=d31d403c-6926-4aa5-a6a5-fb4f532c2000 ready_us=0 ready_offset_us=4 is_ok=true
2026-09-26T22:56:42.788385Z	debug	dynamo_static_selector_rpc	static selector RPC	connection.id=433 request.id=51466 request_id=6c804593-c87b-43cd-a742-d6e3884b1c00 elapsed_us=31744
static_stage_us prepare=45714 prefill=30529 select=31757 decode=1324 total=109324
2026-09-26T22:56:42.806744Z	debug	dynamo_static_rpc_split	static prefill RPC split	connection.id=161 request.id=51746 request_id=d31d403c-6926-4aa5-a6a5-fb4f532c2000 headers_us=32578 stream_us=10
2026-09-26T22:56:42.833953Z	debug	dynamo_static_selector_rpc	static selector RPC	connection.id=161 request.id=51746 request_id=d31d403c-6926-4aa5-a6a5-fb4f532c2000 elapsed_us=27184
static_stage_us prepare=52529 prefill=32613 select=27203 decode=1463 total=113808
2026-09-26T22:56:42.837137Z	debug	dynamo_static_buffer_ready	static prefill channel buffer readiness	connection.id=689 request.id=52134 request_id=20836364-c5cf-4c88-a22c-68bce467be00 ready_us=0 ready_offset_us=3 is_ok=true
2026-09-26T22:56:42.858676Z	debug	dynamo_static_buffer_ready	static prefill channel buffer readiness	connection.id=388 request.id=52297 request_id=91c6b175-1474-4515-820d-bbb01fec9600 ready_us=0 ready_offset_us=4 is_ok=true
2026-09-26T22:56:42.869780Z	debug	dynamo_static_rpc_split	static prefill RPC split	connection.id=689 request.id=52134 request_id=20836364-c5cf-4c88-a22c-68bce467be00 headers_us=32638 stream_us=7
2026-09-26T22:56:42.885610Z	debug	dynamo_static_rpc_split	static prefill RPC split	connection.id=388 request.id=52297 request_id=91c6b175-1474-4515-820d-bbb01fec9600 headers_us=26933 stream_us=4
2026-09-26T22:56:42.897187Z	debug	dynamo_static_selector_rpc	static selector RPC	connection.id=689 request.id=52134 request_id=20836364-c5cf-4c88-a22c-68bce467be00 elapsed_us=27362
static_stage_us prepare=53286 prefill=32691 select=27374 decode=1355 total=114706
2026-09-26T22:56:42.912066Z	debug	dynamo_static_selector_rpc	static selector RPC	connection.id=388 request.id=52297 request_id=91c6b175-1474-4515-820d-bbb01fec9600 elapsed_us=26440
static_stage_us prepare=44936 prefill=26964 select=26452 decode=1836 total=100188
2026-09-26T22:56:42.986007Z	debug	dynamo_static_buffer_ready	static prefill channel buffer readiness	connection.id=789 request.id=53117 request_id=9b5faad8-6c73-4e5c-b513-5d944e02a100 ready_us=0 ready_offset_us=4 is_ok=true
2026-09-26T22:56:43.010580Z	debug	dynamo_static_buffer_ready	static prefill channel buffer readiness	connection.id=282 request.id=53238 request_id=3e327306-a241-46c7-8255-697c6db1f600 ready_us=0 ready_offset_us=4 is_ok=true
2026-09-26T22:56:43.017266Z	debug	dynamo_static_rpc_split	static prefill RPC split	connection.id=789 request.id=53117 request_id=9b5faad8-6c73-4e5c-b513-5d944e02a100 headers_us=31239 stream_us=24
2026-09-26T22:56:43.031080Z	debug	dynamo_static_buffer_ready	static prefill channel buffer readiness	connection.id=299 request.id=53417 request_id=cab7e204-c7fb-452a-a419-340411bfcf00 ready_us=0 ready_offset_us=2 is_ok=true
2026-09-26T22:56:43.038111Z	debug	dynamo_static_buffer_ready	static prefill channel buffer readiness	connection.id=428 request.id=53461 request_id=84c93e3b-a690-4ff6-aa5e-5ae6db4f9200 ready_us=0 ready_offset_us=3 is_ok=true
2026-09-26T22:56:43.040988Z	debug	dynamo_static_selector_rpc	static selector RPC	connection.id=789 request.id=53117 request_id=9b5faad8-6c73-4e5c-b513-5d944e02a100 elapsed_us=23702
2026-09-26T22:56:43.042222Z	debug	dynamo_static_rpc_split	static prefill RPC split	connection.id=282 request.id=53238 request_id=3e327306-a241-46c7-8255-697c6db1f600 headers_us=31640 stream_us=5
static_stage_us prepare=47046 prefill=31282 select=23714 decode=2512 total=104554
2026-09-26T22:56:43.062183Z	debug	dynamo_static_rpc_split	static prefill RPC split	connection.id=299 request.id=53417 request_id=cab7e204-c7fb-452a-a419-340411bfcf00 headers_us=31101 stream_us=4
2026-09-26T22:56:43.064052Z	debug	dynamo_static_rpc_split	static prefill RPC split	connection.id=428 request.id=53461 request_id=84c93e3b-a690-4ff6-aa5e-5ae6db4f9200 headers_us=25941 stream_us=3
2026-09-26T22:56:43.074062Z	debug	dynamo_static_selector_rpc	static selector RPC	connection.id=282 request.id=53238 request_id=3e327306-a241-46c7-8255-697c6db1f600 elapsed_us=31824
static_stage_us prepare=56593 prefill=31663 select=31836 decode=1400 total=121492
2026-09-26T22:56:43.086861Z	debug	dynamo_static_selector_rpc	static selector RPC	connection.id=299 request.id=53417 request_id=cab7e204-c7fb-452a-a419-340411bfcf00 elapsed_us=24660
static_stage_us prepare=50541 prefill=31125 select=24674 decode=1183 total=107523
2026-09-26T22:56:43.090017Z	debug	dynamo_static_selector_rpc	static selector RPC	connection.id=428 request.id=53461 request_id=84c93e3b-a690-4ff6-aa5e-5ae6db4f9200 elapsed_us=25951
static_stage_us prepare=49865 prefill=25958 select=25965 decode=1486 total=103274
2026-09-26T22:56:43.118875Z	debug	dynamo_static_buffer_ready	static prefill channel buffer readiness	connection.id=187 request.id=53989 request_id=781d6d38-58da-48bc-82e5-0d9b44253700 ready_us=0 ready_offset_us=1 is_ok=true
2026-09-26T22:56:43.118912Z	debug	dynamo_static_buffer_ready	static prefill channel buffer readiness	connection.id=855 request.id=53990 request_id=10c0e4e1-9773-4a69-95dc-436622ffb800 ready_us=0 ready_offset_us=3 is_ok=true
2026-09-26T22:56:43.133247Z	debug	dynamo_static_buffer_ready	static prefill channel buffer readiness	connection.id=667 request.id=54008 request_id=5937bc84-4448-4679-ad85-5332dca59200 ready_us=0 ready_offset_us=4 is_ok=true
2026-09-26T22:56:43.148926Z	debug	dynamo_static_rpc_split	static prefill RPC split	connection.id=187 request.id=53989 request_id=781d6d38-58da-48bc-82e5-0d9b44253700 headers_us=30041 stream_us=11
2026-09-26T22:56:43.149006Z	debug	dynamo_static_rpc_split	static prefill RPC split	connection.id=855 request.id=53990 request_id=10c0e4e1-9773-4a69-95dc-436622ffb800 headers_us=30092 stream_us=4
2026-09-26T22:56:43.161499Z	debug	dynamo_static_buffer_ready	static prefill channel buffer readiness	connection.id=370 request.id=54179 request_id=cd2aeb6a-5f0b-4345-ad82-db1f7bd45500 ready_us=1 ready_offset_us=4 is_ok=true
2026-09-26T22:56:43.165119Z	debug	dynamo_static_buffer_ready	static prefill channel buffer readiness	connection.id=140 request.id=54195 request_id=b711b4b5-5623-42b0-ba80-1c1ae9e29d00 ready_us=0 ready_offset_us=4 is_ok=true
2026-09-26T22:56:43.165491Z	debug	dynamo_static_rpc_split	static prefill RPC split	connection.id=667 request.id=54008 request_id=5937bc84-4448-4679-ad85-5332dca59200 headers_us=32243 stream_us=4
2026-09-26T22:56:43.173999Z	debug	dynamo_static_buffer_ready	static prefill channel buffer readiness	connection.id=394 request.id=54266 request_id=d7054936-191a-4e37-8afb-a8b75b87ed00 ready_us=0 ready_offset_us=3 is_ok=true
2026-09-26T22:56:43.174152Z	debug	dynamo_static_buffer_ready	static prefill channel buffer readiness	connection.id=203 request.id=54281 request_id=018389fb-1b9d-4b06-9882-017653f24300 ready_us=0 ready_offset_us=2 is_ok=true
2026-09-26T22:56:43.177219Z	debug	dynamo_static_selector_rpc	static selector RPC	connection.id=187 request.id=53989 request_id=781d6d38-58da-48bc-82e5-0d9b44253700 elapsed_us=28266
2026-09-26T22:56:43.178392Z	debug	dynamo_static_selector_rpc	static selector RPC	connection.id=855 request.id=53990 request_id=10c0e4e1-9773-4a69-95dc-436622ffb800 elapsed_us=29379
static_stage_us prepare=44260 prefill=30079 select=28286 decode=3585 total=106210
static_stage_us prepare=44224 prefill=30103 select=29392 decode=2816 total=106535
2026-09-26T22:56:43.191927Z	debug	dynamo_static_rpc_split	static prefill RPC split	connection.id=140 request.id=54195 request_id=b711b4b5-5623-42b0-ba80-1c1ae9e29d00 headers_us=26807 stream_us=3
2026-09-26T22:56:43.192197Z	debug	dynamo_static_rpc_split	static prefill RPC split	connection.id=370 request.id=54179 request_id=cd2aeb6a-5f0b-4345-ad82-db1f7bd45500 headers_us=30699 stream_us=5
2026-09-26T22:56:43.195728Z	debug	dynamo_static_selector_rpc	static selector RPC	connection.id=667 request.id=54008 request_id=5937bc84-4448-4679-ad85-5332dca59200 elapsed_us=30227
static_stage_us prepare=54595 prefill=32258 select=30241 decode=1693 total=118787
2026-09-26T22:56:43.201193Z	debug	dynamo_static_rpc_split	static prefill RPC split	connection.id=203 request.id=54281 request_id=018389fb-1b9d-4b06-9882-017653f24300 headers_us=27033 stream_us=10
2026-09-26T22:56:43.202257Z	debug	dynamo_static_rpc_split	static prefill RPC split	connection.id=394 request.id=54266 request_id=d7054936-191a-4e37-8afb-a8b75b87ed00 headers_us=28258 stream_us=3
2026-09-26T22:56:43.218927Z	debug	dynamo_static_selector_rpc	static selector RPC	connection.id=370 request.id=54179 request_id=cd2aeb6a-5f0b-4345-ad82-db1f7bd45500 elapsed_us=26721
static_stage_us prepare=54609 prefill=30712 select=26743 decode=947 total=113011
static_stage_us prepare=55563 prefill=26839 select=31688 decode=1483 total=115573
2026-09-26T22:56:43.223629Z	debug	dynamo_static_selector_rpc	static selector RPC	connection.id=140 request.id=54195 request_id=b711b4b5-5623-42b0-ba80-1c1ae9e29d00 elapsed_us=31676
2026-09-26T22:56:43.233362Z	debug	dynamo_static_selector_rpc	static selector RPC	connection.id=203 request.id=54281 request_id=018389fb-1b9d-4b06-9882-017653f24300 elapsed_us=32155
2026-09-26T22:56:43.233591Z	debug	dynamo_static_selector_rpc	static selector RPC	connection.id=394 request.id=54266 request_id=d7054936-191a-4e37-8afb-a8b75b87ed00 elapsed_us=31324
static_stage_us prepare=51011 prefill=27057 select=32166 decode=1229 total=111463
static_stage_us prepare=53619 prefill=28271 select=31336 decode=2126 total=115352
2026-09-26T22:56:43.266472Z	debug	dynamo_static_buffer_ready	static prefill channel buffer readiness	connection.id=838 request.id=54928 request_id=180de90e-afb7-418f-9d6d-470cf763d800 ready_us=0 ready_offset_us=2 is_ok=true
2026-09-26T22:56:43.293428Z	debug	dynamo_static_rpc_split	static prefill RPC split	connection.id=838 request.id=54928 request_id=180de90e-afb7-418f-9d6d-470cf763d800 headers_us=26912 stream_us=45
2026-09-26T22:56:43.305985Z	debug	dynamo_static_buffer_ready	static prefill channel buffer readiness	connection.id=455 request.id=55079 request_id=ee8e418d-4871-4fce-8c7b-cd4093352b00 ready_us=0 ready_offset_us=5 is_ok=true
2026-09-26T22:56:43.315227Z	debug	dynamo_static_selector_rpc	static selector RPC	connection.id=838 request.id=54928 request_id=180de90e-afb7-418f-9d6d-470cf763d800 elapsed_us=21781
static_stage_us prepare=41077 prefill=26976 select=21803 decode=2006 total=91862
2026-09-26T22:56:43.333422Z	debug	dynamo_static_rpc_split	static prefill RPC split	connection.id=455 request.id=55079 request_id=ee8e418d-4871-4fce-8c7b-cd4093352b00 headers_us=27437 stream_us=4
2026-09-26T22:56:43.352980Z	debug	dynamo_static_buffer_ready	static prefill channel buffer readiness	connection.id=431 request.id=55390 request_id=abe069b3-a876-4ba3-9203-177726086900 ready_us=1 ready_offset_us=21 is_ok=true
2026-09-26T22:56:43.357969Z	debug	dynamo_static_buffer_ready	static prefill channel buffer readiness	connection.id=940 request.id=55501 request_id=62991063-81f2-4730-a8ff-433c62ec5a00 ready_us=0 ready_offset_us=4 is_ok=true
2026-09-26T22:56:43.365234Z	debug	dynamo_static_selector_rpc	static selector RPC	connection.id=455 request.id=55079 request_id=ee8e418d-4871-4fce-8c7b-cd4093352b00 elapsed_us=31772
static_stage_us prepare=56992 prefill=27482 select=31784 decode=1992 total=118250
2026-09-26T22:56:43.371636Z	debug	dynamo_static_buffer_ready	static prefill channel buffer readiness	connection.id=388 request.id=55524 request_id=182b8436-aa81-4262-ac4b-f7a505a0ac00 ready_us=0 ready_offset_us=3 is_ok=true
2026-09-26T22:56:43.385227Z	debug	dynamo_static_rpc_split	static prefill RPC split	connection.id=940 request.id=55501 request_id=62991063-81f2-4730-a8ff-433c62ec5a00 headers_us=27258 stream_us=3
2026-09-26T22:56:43.385654Z	debug	dynamo_static_rpc_split	static prefill RPC split	connection.id=431 request.id=55390 request_id=abe069b3-a876-4ba3-9203-177726086900 headers_us=32687 stream_us=8
2026-09-26T22:56:43.395528Z	debug	dynamo_static_rpc_split	static prefill RPC split	connection.id=388 request.id=55524 request_id=182b8436-aa81-4262-ac4b-f7a505a0ac00 headers_us=23890 stream_us=4
2026-09-26T22:56:43.404158Z	debug	dynamo_static_buffer_ready	static prefill channel buffer readiness	connection.id=489 request.id=55764 request_id=e4ac6f41-9ee7-4230-8f1c-63d4a1300c00 ready_us=1 ready_offset_us=3 is_ok=true
2026-09-26T22:56:43.404248Z	debug	dynamo_static_selector_rpc	static selector RPC	connection.id=940 request.id=55501 request_id=62991063-81f2-4730-a8ff-433c62ec5a00 elapsed_us=18970
2026-09-26T22:56:43.404272Z	debug	dynamo_static_selector_rpc	static selector RPC	connection.id=431 request.id=55390 request_id=abe069b3-a876-4ba3-9203-177726086900 elapsed_us=18605
static_stage_us prepare=52268 prefill=32710 select=18616 decode=2146 total=105740
static_stage_us prepare=43355 prefill=27314 select=18982 decode=2330 total=91981
2026-09-26T22:56:43.421205Z	debug	dynamo_static_selector_rpc	static selector RPC	connection.id=388 request.id=55524 request_id=182b8436-aa81-4262-ac4b-f7a505a0ac00 elapsed_us=25651
static_stage_us prepare=52843 prefill=23921 select=25661 decode=1914 total=104339
2026-09-26T22:56:43.428852Z	debug	dynamo_static_rpc_split	static prefill RPC split	connection.id=489 request.id=55764 request_id=e4ac6f41-9ee7-4230-8f1c-63d4a1300c00 headers_us=24684 stream_us=12
2026-09-26T22:56:43.457246Z	debug	dynamo_static_selector_rpc	static selector RPC	connection.id=489 request.id=55764 request_id=e4ac6f41-9ee7-4230-8f1c-63d4a1300c00 elapsed_us=28375
static_stage_us prepare=51920 prefill=24717 select=28390 decode=4065 total=109092
2026-09-26T22:56:43.469355Z	debug	dynamo_static_buffer_ready	static prefill channel buffer readiness	connection.id=162 request.id=56196 request_id=2b2cb36b-a713-4fde-a101-c2d5d5310700 ready_us=0 ready_offset_us=2 is_ok=true
2026-09-26T22:56:43.502044Z	debug	dynamo_static_rpc_split	static prefill RPC split	connection.id=162 request.id=56196 request_id=2b2cb36b-a713-4fde-a101-c2d5d5310700 headers_us=32684 stream_us=7
2026-09-26T22:56:43.517922Z	debug	dynamo_static_buffer_ready	static prefill channel buffer readiness	connection.id=514 request.id=56440 request_id=67f8d045-f8cd-4178-829d-137f8c04ef00 ready_us=0 ready_offset_us=5 is_ok=true
2026-09-26T22:56:43.532334Z	debug	dynamo_static_selector_rpc	static selector RPC	connection.id=162 request.id=56196 request_id=2b2cb36b-a713-4fde-a101-c2d5d5310700 elapsed_us=30276
static_stage_us prepare=47652 prefill=32707 select=30298 decode=1262 total=111919
2026-09-26T22:56:43.545262Z	debug	dynamo_static_rpc_split	static prefill RPC split	connection.id=514 request.id=56440 request_id=67f8d045-f8cd-4178-829d-137f8c04ef00 headers_us=27340 stream_us=4
2026-09-26T22:56:43.568832Z	debug	dynamo_static_selector_rpc	static selector RPC	connection.id=514 request.id=56440 request_id=67f8d045-f8cd-4178-829d-137f8c04ef00 elapsed_us=23553
static_stage_us prepare=55506 prefill=27362 select=23567 decode=957 total=107392
2026-09-26T22:56:43.592678Z	debug	dynamo_static_buffer_ready	static prefill channel buffer readiness	connection.id=212 request.id=56998 request_id=8a1abe7d-6a74-4485-a614-d502f8fa0f00 ready_us=0 ready_offset_us=18 is_ok=true
2026-09-26T22:56:43.624098Z	debug	dynamo_static_rpc_split	static prefill RPC split	connection.id=212 request.id=56998 request_id=8a1abe7d-6a74-4485-a614-d502f8fa0f00 headers_us=31431 stream_us=5
2026-09-26T22:56:43.653792Z	debug	dynamo_static_selector_rpc	static selector RPC	connection.id=212 request.id=56998 request_id=8a1abe7d-6a74-4485-a614-d502f8fa0f00 elapsed_us=29678
static_stage_us prepare=48396 prefill=31454 select=29696 decode=1096 total=110642
2026-09-26T22:56:43.741002Z	debug	dynamo_static_buffer_ready	static prefill channel buffer readiness	connection.id=196 request.id=57895 request_id=811ff693-4165-4b72-ad63-5c23f20df300 ready_us=0 ready_offset_us=12 is_ok=true
2026-09-26T22:56:43.770245Z	debug	dynamo_static_rpc_split	static prefill RPC split	connection.id=196 request.id=57895 request_id=811ff693-4165-4b72-ad63-5c23f20df300 headers_us=29249 stream_us=6
2026-09-26T22:56:43.798877Z	debug	dynamo_static_selector_rpc	static selector RPC	connection.id=196 request.id=57895 request_id=811ff693-4165-4b72-ad63-5c23f20df300 elapsed_us=28610
static_stage_us prepare=55243 prefill=29277 select=28629 decode=747 total=113896
2026-09-26T22:56:43.806191Z	debug	dynamo_static_buffer_ready	static prefill channel buffer readiness	connection.id=155 request.id=58355 request_id=86de1a12-f171-4b58-8b73-176770fc3500 ready_us=0 ready_offset_us=3 is_ok=true
2026-09-26T22:56:43.812065Z	debug	dynamo_static_buffer_ready	static prefill channel buffer readiness	connection.id=651 request.id=58375 request_id=ba1eea5e-47d6-4441-ac4c-e06c937f1b00 ready_us=0 ready_offset_us=4 is_ok=true
2026-09-26T22:56:43.832680Z	debug	dynamo_static_buffer_ready	static prefill channel buffer readiness	connection.id=663 request.id=58519 request_id=296dfd3d-59bd-4dec-995e-cb72b66bb500 ready_us=0 ready_offset_us=9 is_ok=true
2026-09-26T22:56:43.841376Z	debug	dynamo_static_rpc_split	static prefill RPC split	connection.id=155 request.id=58355 request_id=86de1a12-f171-4b58-8b73-176770fc3500 headers_us=35135 stream_us=53
2026-09-26T22:56:43.841707Z	debug	dynamo_static_rpc_split	static prefill RPC split	connection.id=651 request.id=58375 request_id=ba1eea5e-47d6-4441-ac4c-e06c937f1b00 headers_us=29642 stream_us=4
2026-09-26T22:56:43.866910Z	debug	dynamo_static_rpc_split	static prefill RPC split	connection.id=663 request.id=58519 request_id=296dfd3d-59bd-4dec-995e-cb72b66bb500 headers_us=34219 stream_us=20
2026-09-26T22:56:43.870363Z	debug	dynamo_static_selector_rpc	static selector RPC	connection.id=155 request.id=58355 request_id=86de1a12-f171-4b58-8b73-176770fc3500 elapsed_us=28970
2026-09-26T22:56:43.871429Z	debug	dynamo_static_selector_rpc	static selector RPC	connection.id=651 request.id=58375 request_id=ba1eea5e-47d6-4441-ac4c-e06c937f1b00 elapsed_us=29709
static_stage_us prepare=41561 prefill=35207 select=28986 decode=1424 total=107178
static_stage_us prepare=45663 prefill=29660 select=29745 decode=1105 total=106173
2026-09-26T22:56:43.893786Z	debug	dynamo_static_selector_rpc	static selector RPC	connection.id=663 request.id=58519 request_id=296dfd3d-59bd-4dec-995e-cb72b66bb500 elapsed_us=26861
static_stage_us prepare=45822 prefill=34255 select=26873 decode=2095 total=109045
2026-09-26T22:56:43.901483Z	debug	dynamo_static_buffer_ready	static prefill channel buffer readiness	connection.id=949 request.id=58914 request_id=3facc738-172c-466b-b355-ba293e83e400 ready_us=2 ready_offset_us=5 is_ok=true
2026-09-26T22:56:43.926107Z	debug	dynamo_static_buffer_ready	static prefill channel buffer readiness	connection.id=216 request.id=59072 request_id=40a370f3-80d3-4d70-b64d-b614d1522100 ready_us=1 ready_offset_us=3 is_ok=true
2026-09-26T22:56:43.930355Z	debug	dynamo_static_buffer_ready	static prefill channel buffer readiness	connection.id=297 request.id=59130 request_id=4aee6943-a705-4c47-8a70-d34382608c00 ready_us=0 ready_offset_us=7 is_ok=true
2026-09-26T22:56:43.935392Z	debug	dynamo_static_rpc_split	static prefill RPC split	connection.id=949 request.id=58914 request_id=3facc738-172c-466b-b355-ba293e83e400 headers_us=33908 stream_us=5
2026-09-26T22:56:43.952878Z	debug	dynamo_static_rpc_split	static prefill RPC split	connection.id=216 request.id=59072 request_id=40a370f3-80d3-4d70-b64d-b614d1522100 headers_us=26762 stream_us=11
2026-09-26T22:56:43.955476Z	debug	dynamo_static_buffer_ready	static prefill channel buffer readiness	connection.id=329 request.id=59269 request_id=95031cae-7c7f-4c35-b729-68f9bb99b200 ready_us=0 ready_offset_us=4 is_ok=true
2026-09-26T22:56:43.964192Z	debug	dynamo_static_rpc_split	static prefill RPC split	connection.id=297 request.id=59130 request_id=4aee6943-a705-4c47-8a70-d34382608c00 headers_us=33832 stream_us=12
static_stage_us prepare=49529 prefill=33929 select=29262 decode=1065 total=113785
2026-09-26T22:56:43.964660Z	debug	dynamo_static_selector_rpc	static selector RPC	connection.id=949 request.id=58914 request_id=3facc738-172c-466b-b355-ba293e83e400 elapsed_us=29253
2026-09-26T22:56:43.983967Z	debug	dynamo_static_selector_rpc	static selector RPC	connection.id=216 request.id=59072 request_id=40a370f3-80d3-4d70-b64d-b614d1522100 elapsed_us=31074
static_stage_us prepare=44110 prefill=26790 select=31087 decode=953 total=102940
2026-09-26T22:56:43.989362Z	debug	dynamo_static_buffer_ready	static prefill channel buffer readiness	connection.id=681 request.id=59474 request_id=e06f03f0-43b4-4581-a2a6-0f8ba9f5bf00 ready_us=0 ready_offset_us=5 is_ok=true
2026-09-26T22:56:43.989653Z	debug	dynamo_static_rpc_split	static prefill RPC split	connection.id=329 request.id=59269 request_id=95031cae-7c7f-4c35-b729-68f9bb99b200 headers_us=34175 stream_us=5
2026-09-26T22:56:43.990634Z	debug	dynamo_static_selector_rpc	static selector RPC	connection.id=297 request.id=59130 request_id=4aee6943-a705-4c47-8a70-d34382608c00 elapsed_us=26428
static_stage_us prepare=41226 prefill=33859 select=26452 decode=1153 total=102690
2026-09-26T22:56:44.000174Z	debug	dynamo_static_buffer_ready	static prefill channel buffer readiness	connection.id=696 request.id=59528 request_id=a3b0c0d7-e7c0-47c7-a183-1c94ce838f00 ready_us=0 ready_offset_us=3 is_ok=true
2026-09-26T22:56:44.026536Z	debug	dynamo_static_rpc_split	static prefill RPC split	connection.id=681 request.id=59474 request_id=e06f03f0-43b4-4581-a2a6-0f8ba9f5bf00 headers_us=37165 stream_us=13
2026-09-26T22:56:44.026635Z	debug	dynamo_static_selector_rpc	static selector RPC	connection.id=329 request.id=59269 request_id=95031cae-7c7f-4c35-b729-68f9bb99b200 elapsed_us=36970
static_stage_us prepare=48374 prefill=34194 select=36980 decode=1234 total=120782
2026-09-26T22:56:44.034207Z	debug	dynamo_static_rpc_split	static prefill RPC split	connection.id=696 request.id=59528 request_id=a3b0c0d7-e7c0-47c7-a183-1c94ce838f00 headers_us=34026 stream_us=9
2026-09-26T22:56:44.057373Z	debug	dynamo_static_selector_rpc	static selector RPC	connection.id=681 request.id=59474 request_id=e06f03f0-43b4-4581-a2a6-0f8ba9f5bf00 elapsed_us=30820
static_stage_us prepare=55138 prefill=37196 select=30833 decode=1137 total=124304
2026-09-26T22:56:44.064533Z	debug	dynamo_static_selector_rpc	static selector RPC	connection.id=696 request.id=59528 request_id=a3b0c0d7-e7c0-47c7-a183-1c94ce838f00 elapsed_us=30314
static_stage_us prepare=56510 prefill=34049 select=30323 decode=1268 total=122150
2026-09-26T22:56:44.213945Z	debug	dynamo_static_buffer_ready	static prefill channel buffer readiness	connection.id=328 request.id=60881 request_id=43f336b9-073e-4b5d-87f8-4bddff563400 ready_us=1 ready_offset_us=13 is_ok=true
2026-09-26T22:56:44.213972Z	debug	dynamo_static_buffer_ready	static prefill channel buffer readiness	connection.id=405 request.id=60892 request_id=1f335f29-3e92-4c77-a368-d59edab08300 ready_us=0 ready_offset_us=2 is_ok=true
2026-09-26T22:56:44.236895Z	debug	dynamo_static_rpc_split	static prefill RPC split	connection.id=328 request.id=60881 request_id=43f336b9-073e-4b5d-87f8-4bddff563400 headers_us=22958 stream_us=3
2026-09-26T22:56:44.243624Z	debug	dynamo_static_rpc_split	static prefill RPC split	connection.id=405 request.id=60892 request_id=1f335f29-3e92-4c77-a368-d59edab08300 headers_us=29646 stream_us=8
2026-09-26T22:56:44.251850Z	debug	dynamo_static_buffer_ready	static prefill channel buffer readiness	connection.id=578 request.id=61097 request_id=7e36b53e-c214-4f53-aa75-53233e78f900 ready_us=0 ready_offset_us=5 is_ok=true
2026-09-26T22:56:44.256131Z	debug	dynamo_static_buffer_ready	static prefill channel buffer readiness	connection.id=776 request.id=61137 request_id=8904bbcf-a9b1-431a-8fd9-580763f39b00 ready_us=0 ready_offset_us=3 is_ok=true
2026-09-26T22:56:44.266291Z	debug	dynamo_static_selector_rpc	static selector RPC	connection.id=328 request.id=60881 request_id=43f336b9-073e-4b5d-87f8-4bddff563400 elapsed_us=29373
static_stage_us prepare=54034 prefill=22987 select=29398 decode=1336 total=107755
2026-09-26T22:56:44.278603Z	debug	dynamo_static_selector_rpc	static selector RPC	connection.id=405 request.id=60892 request_id=1f335f29-3e92-4c77-a368-d59edab08300 elapsed_us=34955
static_stage_us prepare=52882 prefill=29680 select=34969 decode=1234 total=118765
2026-09-26T22:56:44.284483Z	debug	dynamo_static_rpc_split	static prefill RPC split	connection.id=578 request.id=61097 request_id=7e36b53e-c214-4f53-aa75-53233e78f900 headers_us=32634 stream_us=4
2026-09-26T22:56:44.284759Z	debug	dynamo_static_rpc_split	static prefill RPC split	connection.id=776 request.id=61137 request_id=8904bbcf-a9b1-431a-8fd9-580763f39b00 headers_us=28607 stream_us=24
2026-09-26T22:56:44.290572Z	debug	dynamo_static_buffer_ready	static prefill channel buffer readiness	connection.id=879 request.id=61340 request_id=ffaf57bb-6381-4a3f-97bc-fdd43b557e00 ready_us=1 ready_offset_us=4 is_ok=true
2026-09-26T22:56:44.307790Z	debug	dynamo_static_selector_rpc	static selector RPC	connection.id=776 request.id=61137 request_id=8904bbcf-a9b1-431a-8fd9-580763f39b00 elapsed_us=23012
2026-09-26T22:56:44.308420Z	debug	dynamo_static_buffer_ready	static prefill channel buffer readiness	connection.id=251 request.id=61476 request_id=a3193fdf-56e1-43f0-9fd5-1eac9b1a1500 ready_us=0 ready_offset_us=2 is_ok=true
2026-09-26T22:56:44.308715Z	debug	dynamo_static_selector_rpc	static selector RPC	connection.id=578 request.id=61097 request_id=7e36b53e-c214-4f53-aa75-53233e78f900 elapsed_us=24219
static_stage_us prepare=49306 prefill=28650 select=23061 decode=1550 total=102567
static_stage_us prepare=49800 prefill=32652 select=24235 decode=986 total=107673
2026-09-26T22:56:44.315413Z	debug	dynamo_static_rpc_split	static prefill RPC split	connection.id=879 request.id=61340 request_id=ffaf57bb-6381-4a3f-97bc-fdd43b557e00 headers_us=24839 stream_us=6
2026-09-26T22:56:44.337414Z	debug	dynamo_static_selector_rpc	static selector RPC	connection.id=879 request.id=61340 request_id=ffaf57bb-6381-4a3f-97bc-fdd43b557e00 elapsed_us=21989
static_stage_us prepare=55501 prefill=24858 select=22026 decode=2158 total=104543
2026-09-26T22:56:44.339612Z	debug	dynamo_static_rpc_split	static prefill RPC split	connection.id=251 request.id=61476 request_id=a3193fdf-56e1-43f0-9fd5-1eac9b1a1500 headers_us=31175 stream_us=19
2026-09-26T22:56:44.368372Z	debug	dynamo_static_selector_rpc	static selector RPC	connection.id=251 request.id=61476 request_id=a3193fdf-56e1-43f0-9fd5-1eac9b1a1500 elapsed_us=28746
static_stage_us prepare=52354 prefill=31221 select=28761 decode=1951 total=114287
2026-09-26T22:56:44.457912Z	debug	dynamo_static_buffer_ready	static prefill channel buffer readiness	connection.id=714 request.id=62478 request_id=14a1cb45-84f2-46df-bc53-d2cb5116be00 ready_us=0 ready_offset_us=17 is_ok=true
2026-09-26T22:56:44.488876Z	debug	dynamo_static_rpc_split	static prefill RPC split	connection.id=714 request.id=62478 request_id=14a1cb45-84f2-46df-bc53-d2cb5116be00 headers_us=30919 stream_us=62
static_stage_us prepare=44859 prefill=31004 select=26478 decode=1022 total=103363
2026-09-26T22:56:44.515362Z	debug	dynamo_static_selector_rpc	static selector RPC	connection.id=714 request.id=62478 request_id=14a1cb45-84f2-46df-bc53-d2cb5116be00 elapsed_us=26463
2026-09-26T22:56:44.522499Z	debug	dynamo_static_buffer_ready	static prefill channel buffer readiness	connection.id=768 request.id=62866 request_id=1aa65943-944a-466c-a49d-ff4bfbe2d900 ready_us=0 ready_offset_us=5 is_ok=true
2026-09-26T22:56:44.542593Z	debug	dynamo_static_rpc_split	static prefill RPC split	connection.id=768 request.id=62866 request_id=1aa65943-944a-466c-a49d-ff4bfbe2d900 headers_us=20051 stream_us=48
2026-09-26T22:56:44.572202Z	debug	dynamo_static_selector_rpc	static selector RPC	connection.id=768 request.id=62866 request_id=1aa65943-944a-466c-a49d-ff4bfbe2d900 elapsed_us=29594
static_stage_us prepare=43604 prefill=20115 select=29627 decode=1667 total=95013
2026-09-26T22:56:44.723729Z	debug	dynamo_static_buffer_ready	static prefill channel buffer readiness	connection.id=154 request.id=64082 request_id=c59df5ee-80a2-420e-b91a-326edd4e3c00 ready_us=0 ready_offset_us=18 is_ok=true
2026-09-26T22:56:44.753301Z	debug	dynamo_static_rpc_split	static prefill RPC split	connection.id=154 request.id=64082 request_id=c59df5ee-80a2-420e-b91a-326edd4e3c00 headers_us=29584 stream_us=5
2026-09-26T22:56:44.762819Z	debug	dynamo_static_buffer_ready	static prefill channel buffer readiness	connection.id=607 request.id=64356 request_id=ba990c69-5797-46cb-92d1-f492389c1500 ready_us=0 ready_offset_us=3 is_ok=true
2026-09-26T22:56:44.775735Z	debug	dynamo_static_selector_rpc	static selector RPC	connection.id=154 request.id=64082 request_id=c59df5ee-80a2-420e-b91a-326edd4e3c00 elapsed_us=22399
static_stage_us prepare=52512 prefill=29629 select=22420 decode=1631 total=106192
2026-09-26T22:56:44.794866Z	debug	dynamo_static_rpc_split	static prefill RPC split	connection.id=607 request.id=64356 request_id=ba990c69-5797-46cb-92d1-f492389c1500 headers_us=32039 stream_us=10
2026-09-26T22:56:44.803166Z	debug	dynamo_static_buffer_ready	static prefill channel buffer readiness	connection.id=786 request.id=64642 request_id=69d2a59c-658a-4cea-ab20-2876f7415c00 ready_us=0 ready_offset_us=14 is_ok=true
2026-09-26T22:56:44.819030Z	debug	dynamo_static_selector_rpc	static selector RPC	connection.id=607 request.id=64356 request_id=ba990c69-5797-46cb-92d1-f492389c1500 elapsed_us=24145
static_stage_us prepare=50493 prefill=32070 select=24157 decode=1557 total=108277
2026-09-26T22:56:44.828477Z	debug	dynamo_static_rpc_split	static prefill RPC split	connection.id=786 request.id=64642 request_id=69d2a59c-658a-4cea-ab20-2876f7415c00 headers_us=25311 stream_us=14
2026-09-26T22:56:44.855589Z	debug	dynamo_static_selector_rpc	static selector RPC	connection.id=786 request.id=64642 request_id=69d2a59c-658a-4cea-ab20-2876f7415c00 elapsed_us=27097
static_stage_us prepare=45035 prefill=25340 select=27113 decode=837 total=98325
2026-09-26T22:56:44.898567Z	debug	dynamo_static_buffer_ready	static prefill channel buffer readiness	connection.id=646 request.id=65337 request_id=4ed8ce92-7e23-4428-a125-2806688cf000 ready_us=0 ready_offset_us=3 is_ok=true
2026-09-26T22:56:44.913189Z	debug	dynamo_static_buffer_ready	static prefill channel buffer readiness	connection.id=251 request.id=65463 request_id=22eaf988-46d9-40d5-8a70-d700f6dd3600 ready_us=0 ready_offset_us=5 is_ok=true
2026-09-26T22:56:44.921321Z	debug	dynamo_static_rpc_split	static prefill RPC split	connection.id=646 request.id=65337 request_id=4ed8ce92-7e23-4428-a125-2806688cf000 headers_us=22752 stream_us=5
2026-09-26T22:56:44.933039Z	debug	dynamo_static_rpc_split	static prefill RPC split	connection.id=251 request.id=65463 request_id=22eaf988-46d9-40d5-8a70-d700f6dd3600 headers_us=19842 stream_us=13
2026-09-26T22:56:44.941057Z	debug	dynamo_static_selector_rpc	static selector RPC	connection.id=646 request.id=65337 request_id=4ed8ce92-7e23-4428-a125-2806688cf000 elapsed_us=19722
static_stage_us prepare=38854 prefill=22773 select=19739 decode=1500 total=82866
2026-09-26T22:56:44.944069Z	debug	dynamo_static_buffer_ready	static prefill channel buffer readiness	connection.id=762 request.id=65575 request_id=9955879f-3440-4bd0-9eea-2e7ca8001000 ready_us=1 ready_offset_us=4 is_ok=true
2026-09-26T22:56:44.953032Z	debug	dynamo_static_selector_rpc	static selector RPC	connection.id=251 request.id=65463 request_id=22eaf988-46d9-40d5-8a70-d700f6dd3600 elapsed_us=19958
static_stage_us prepare=32857 prefill=19892 select=19968 decode=1207 total=73924
2026-09-26T22:56:44.957030Z	debug	dynamo_static_rpc_split	static prefill RPC split	connection.id=762 request.id=65575 request_id=9955879f-3440-4bd0-9eea-2e7ca8001000 headers_us=12953 stream_us=12
2026-09-26T22:56:44.965307Z	debug	dynamo_static_selector_rpc	static selector RPC	connection.id=762 request.id=65575 request_id=9955879f-3440-4bd0-9eea-2e7ca8001000 elapsed_us=8218
static_stage_us prepare=38750 prefill=13024 select=8233 decode=868 total=60875
2026-09-26T22:56:44.981477Z	debug	dynamo_static_buffer_ready	static prefill channel buffer readiness	connection.id=152 request.id=65904 request_id=34d5571a-95f1-4539-8b62-569260f77900 ready_us=1 ready_offset_us=6 is_ok=true
2026-09-26T22:56:45.001641Z	debug	dynamo_static_rpc_split	static prefill RPC split	connection.id=152 request.id=65904 request_id=34d5571a-95f1-4539-8b62-569260f77900 headers_us=20165 stream_us=4
2026-09-26T22:56:45.011104Z	debug	dynamo_static_buffer_ready	static prefill channel buffer readiness	connection.id=756 request.id=64914 request_id=09ba128b-ed01-4a67-8ae7-1644f051f000 ready_us=0 ready_offset_us=4 is_ok=true
2026-09-26T22:56:45.015869Z	debug	dynamo_static_selector_rpc	static selector RPC	connection.id=152 request.id=65904 request_id=34d5571a-95f1-4539-8b62-569260f77900 elapsed_us=14214
static_stage_us prepare=24709 prefill=20184 select=14229 decode=1924 total=61046
2026-09-26T22:56:45.022363Z	debug	dynamo_static_buffer_ready	static prefill channel buffer readiness	connection.id=929 request.id=66086 request_id=778b5604-89f6-4260-a6d9-1f4154037500 ready_us=0 ready_offset_us=4 is_ok=true
2026-09-26T22:56:45.041097Z	debug	dynamo_static_rpc_split	static prefill RPC split	connection.id=756 request.id=64914 request_id=09ba128b-ed01-4a67-8ae7-1644f051f000 headers_us=29992 stream_us=3
2026-09-26T22:56:45.048817Z	debug	dynamo_static_buffer_ready	static prefill channel buffer readiness	connection.id=586 request.id=66046 request_id=cc6d6eea-5df0-4894-ac8c-67600700da00 ready_us=0 ready_offset_us=15 is_ok=true
2026-09-26T22:56:45.053046Z	debug	dynamo_static_rpc_split	static prefill RPC split	connection.id=929 request.id=66086 request_id=778b5604-89f6-4260-a6d9-1f4154037500 headers_us=30676 stream_us=9
2026-09-26T22:56:45.074032Z	debug	dynamo_static_selector_rpc	static selector RPC	connection.id=756 request.id=64914 request_id=09ba128b-ed01-4a67-8ae7-1644f051f000 elapsed_us=32923
static_stage_us prepare=206981 prefill=30009 select=32939 decode=2360 total=272289
2026-09-26T22:56:45.081442Z	debug	dynamo_static_rpc_split	static prefill RPC split	connection.id=586 request.id=66046 request_id=cc6d6eea-5df0-4894-ac8c-67600700da00 headers_us=32636 stream_us=4
2026-09-26T22:56:45.094214Z	debug	dynamo_static_selector_rpc	static selector RPC	connection.id=929 request.id=66086 request_id=778b5604-89f6-4260-a6d9-1f4154037500 elapsed_us=41154
static_stage_us prepare=38365 prefill=30702 select=41168 decode=933 total=111168
2026-09-26T22:56:45.113103Z	debug	dynamo_static_selector_rpc	static selector RPC	connection.id=586 request.id=66046 request_id=cc6d6eea-5df0-4894-ac8c-67600700da00 elapsed_us=31647
static_stage_us prepare=70517 prefill=32654 select=31661 decode=3873 total=138705
2026-09-26T22:56:45.144988Z	debug	dynamo_static_buffer_ready	static prefill channel buffer readiness	connection.id=482 request.id=66573 request_id=e2d44152-283b-46f1-95ec-0dd183397000 ready_us=0 ready_offset_us=15 is_ok=true
2026-09-26T22:56:45.162786Z	debug	dynamo_static_rpc_split	static prefill RPC split	connection.id=482 request.id=66573 request_id=e2d44152-283b-46f1-95ec-0dd183397000 headers_us=17807 stream_us=5
2026-09-26T22:56:45.174490Z	debug	dynamo_static_buffer_ready	static prefill channel buffer readiness	connection.id=300 request.id=66777 request_id=c07ab8b4-6c9e-4556-b1ff-84206b04e500 ready_us=1 ready_offset_us=7 is_ok=true
2026-09-26T22:56:45.190413Z	debug	dynamo_static_selector_rpc	static selector RPC	connection.id=482 request.id=66573 request_id=e2d44152-283b-46f1-95ec-0dd183397000 elapsed_us=27600
static_stage_us prepare=48660 prefill=17839 select=27621 decode=1492 total=95612
2026-09-26T22:56:45.198237Z	debug	dynamo_static_rpc_split	static prefill RPC split	connection.id=300 request.id=66777 request_id=c07ab8b4-6c9e-4556-b1ff-84206b04e500 headers_us=23748 stream_us=4
2026-09-26T22:56:45.230657Z	debug	dynamo_static_selector_rpc	static selector RPC	connection.id=300 request.id=66777 request_id=c07ab8b4-6c9e-4556-b1ff-84206b04e500 elapsed_us=32403
static_stage_us prepare=29568 prefill=23774 select=32414 decode=1339 total=87095
2026-09-26T22:56:45.239099Z	debug	dynamo_static_buffer_ready	static prefill channel buffer readiness	connection.id=252 request.id=67168 request_id=8e3bbc72-7fc1-4b03-9c35-7a688075f300 ready_us=1 ready_offset_us=4 is_ok=true
2026-09-26T22:56:45.241477Z	debug	dynamo_static_buffer_ready	static prefill channel buffer readiness	connection.id=927 request.id=67177 request_id=de44c187-7ae2-4f09-b8e6-951f8927c200 ready_us=0 ready_offset_us=3 is_ok=true
2026-09-26T22:56:45.269759Z	debug	dynamo_static_rpc_split	static prefill RPC split	connection.id=252 request.id=67168 request_id=8e3bbc72-7fc1-4b03-9c35-7a688075f300 headers_us=30629 stream_us=34
2026-09-26T22:56:45.274391Z	debug	dynamo_static_rpc_split	static prefill RPC split	connection.id=927 request.id=67177 request_id=de44c187-7ae2-4f09-b8e6-951f8927c200 headers_us=32897 stream_us=20
2026-09-26T22:56:45.277872Z	debug	dynamo_static_buffer_ready	static prefill channel buffer readiness	connection.id=571 request.id=67361 request_id=231215ea-dfed-40b4-baad-d9b8bad01e00 ready_us=0 ready_offset_us=2 is_ok=true
2026-09-26T22:56:45.298415Z	debug	dynamo_static_buffer_ready	static prefill channel buffer readiness	connection.id=785 request.id=67488 request_id=beb423c2-ff3a-441c-b07b-0404f12d4a00 ready_us=0 ready_offset_us=4 is_ok=true
2026-09-26T22:56:45.300665Z	debug	dynamo_static_selector_rpc	static selector RPC	connection.id=252 request.id=67168 request_id=8e3bbc72-7fc1-4b03-9c35-7a688075f300 elapsed_us=30873
2026-09-26T22:56:45.301371Z	debug	dynamo_static_buffer_ready	static prefill channel buffer readiness	connection.id=370 request.id=67555 request_id=17fe565c-52a9-4df5-841a-31761cafed00 ready_us=0 ready_offset_us=5 is_ok=true
static_stage_us prepare=55767 prefill=30697 select=30895 decode=1414 total=118773
2026-09-26T22:56:45.308221Z	debug	dynamo_static_selector_rpc	static selector RPC	connection.id=927 request.id=67177 request_id=de44c187-7ae2-4f09-b8e6-951f8927c200 elapsed_us=33805
static_stage_us prepare=57295 prefill=32941 select=33822 decode=1889 total=125947
2026-09-26T22:56:45.317034Z	debug	dynamo_static_buffer_ready	static prefill channel buffer readiness	connection.id=275 request.id=67576 request_id=8aa025f5-8971-4fd8-acd3-41b2cf08f700 ready_us=0 ready_offset_us=4 is_ok=true
2026-09-26T22:56:45.321927Z	debug	dynamo_static_rpc_split	static prefill RPC split	connection.id=571 request.id=67361 request_id=231215ea-dfed-40b4-baad-d9b8bad01e00 headers_us=44052 stream_us=5
2026-09-26T22:56:45.337324Z	debug	dynamo_static_rpc_split	static prefill RPC split	connection.id=785 request.id=67488 request_id=beb423c2-ff3a-441c-b07b-0404f12d4a00 headers_us=38908 stream_us=4
2026-09-26T22:56:45.343912Z	debug	dynamo_static_rpc_split	static prefill RPC split	connection.id=370 request.id=67555 request_id=17fe565c-52a9-4df5-841a-31761cafed00 headers_us=42540 stream_us=5
2026-09-26T22:56:45.344317Z	debug	dynamo_static_rpc_split	static prefill RPC split	connection.id=275 request.id=67576 request_id=8aa025f5-8971-4fd8-acd3-41b2cf08f700 headers_us=27283 stream_us=3
2026-09-26T22:56:45.354981Z	debug	dynamo_static_selector_rpc	static selector RPC	connection.id=571 request.id=67361 request_id=231215ea-dfed-40b4-baad-d9b8bad01e00 elapsed_us=33033
static_stage_us prepare=64109 prefill=44079 select=33048 decode=1958 total=143194
2026-09-26T22:56:45.365503Z	debug	dynamo_static_selector_rpc	static selector RPC	connection.id=785 request.id=67488 request_id=beb423c2-ff3a-441c-b07b-0404f12d4a00 elapsed_us=28165
static_stage_us prepare=55581 prefill=38927 select=28179 decode=2644 total=125331
2026-09-26T22:56:45.371305Z	debug	dynamo_static_selector_rpc	static selector RPC	connection.id=370 request.id=67555 request_id=17fe565c-52a9-4df5-841a-31761cafed00 elapsed_us=27340
2026-09-26T22:56:45.371584Z	debug	dynamo_static_selector_rpc	static selector RPC	connection.id=275 request.id=67576 request_id=8aa025f5-8971-4fd8-acd3-41b2cf08f700 elapsed_us=27252
static_stage_us prepare=50850 prefill=42598 select=27353 decode=760 total=121561
static_stage_us prepare=61469 prefill=27302 select=27267 decode=1402 total=117440
2026-09-26T22:56:45.386182Z	debug	dynamo_static_buffer_ready	static prefill channel buffer readiness	connection.id=952 request.id=68044 request_id=a1a246cc-8c37-4905-9ef2-ec7f56f35500 ready_us=0 ready_offset_us=2 is_ok=true
2026-09-26T22:56:45.411104Z	debug	dynamo_static_rpc_split	static prefill RPC split	connection.id=952 request.id=68044 request_id=a1a246cc-8c37-4905-9ef2-ec7f56f35500 headers_us=24919 stream_us=4
2026-09-26T22:56:45.429323Z	debug	dynamo_static_buffer_ready	static prefill channel buffer readiness	connection.id=378 request.id=68310 request_id=59668bd1-a080-4cae-ac66-e880ebcbd300 ready_us=0 ready_offset_us=2 is_ok=true
2026-09-26T22:56:45.434185Z	debug	dynamo_static_selector_rpc	static selector RPC	connection.id=952 request.id=68044 request_id=a1a246cc-8c37-4905-9ef2-ec7f56f35500 elapsed_us=23052
static_stage_us prepare=51544 prefill=24954 select=23070 decode=994 total=100562
2026-09-26T22:56:45.449625Z	debug	dynamo_static_buffer_ready	static prefill channel buffer readiness	connection.id=885 request.id=68441 request_id=392a467e-5473-432b-9339-554b6ee77700 ready_us=0 ready_offset_us=4 is_ok=true
2026-09-26T22:56:45.456813Z	debug	dynamo_static_rpc_split	static prefill RPC split	connection.id=378 request.id=68310 request_id=59668bd1-a080-4cae-ac66-e880ebcbd300 headers_us=27491 stream_us=4
2026-09-26T22:56:45.471528Z	debug	dynamo_static_buffer_ready	static prefill channel buffer readiness	connection.id=634 request.id=68602 request_id=2697260b-61c4-48b0-8f5c-3481190c2400 ready_us=0 ready_offset_us=3 is_ok=true
2026-09-26T22:56:45.478732Z	debug	dynamo_static_rpc_split	static prefill RPC split	connection.id=885 request.id=68441 request_id=392a467e-5473-432b-9339-554b6ee77700 headers_us=29099 stream_us=10
2026-09-26T22:56:45.490070Z	debug	dynamo_static_selector_rpc	static selector RPC	connection.id=378 request.id=68310 request_id=59668bd1-a080-4cae-ac66-e880ebcbd300 elapsed_us=33246
static_stage_us prepare=45808 prefill=27507 select=33260 decode=2908 total=109483
2026-09-26T22:56:45.497287Z	debug	dynamo_static_rpc_split	static prefill RPC split	connection.id=634 request.id=68602 request_id=2697260b-61c4-48b0-8f5c-3481190c2400 headers_us=25748 stream_us=13
2026-09-26T22:56:45.506993Z	debug	dynamo_static_selector_rpc	static selector RPC	connection.id=885 request.id=68441 request_id=392a467e-5473-432b-9339-554b6ee77700 elapsed_us=28225
static_stage_us prepare=46406 prefill=29147 select=28237 decode=1065 total=104855
2026-09-26T22:56:45.522625Z	debug	dynamo_static_selector_rpc	static selector RPC	connection.id=634 request.id=68602 request_id=2697260b-61c4-48b0-8f5c-3481190c2400 elapsed_us=25319
static_stage_us prepare=49880 prefill=25782 select=25332 decode=1502 total=102496
2026-09-26T22:56:45.547145Z	debug	dynamo_static_buffer_ready	static prefill channel buffer readiness	connection.id=739 request.id=69039 request_id=12e1383b-5291-47bf-8afa-bd8e1aba4a00 ready_us=0 ready_offset_us=2 is_ok=true
2026-09-26T22:56:45.564667Z	debug	dynamo_static_buffer_ready	static prefill channel buffer readiness	connection.id=450 request.id=69205 request_id=203721db-f5bb-4ed6-af2c-f33945668f00 ready_us=14 ready_offset_us=17 is_ok=true
2026-09-26T22:56:45.579215Z	debug	dynamo_static_rpc_split	static prefill RPC split	connection.id=739 request.id=69039 request_id=12e1383b-5291-47bf-8afa-bd8e1aba4a00 headers_us=32058 stream_us=14
2026-09-26T22:56:45.587284Z	debug	dynamo_static_rpc_split	static prefill RPC split	connection.id=450 request.id=69205 request_id=203721db-f5bb-4ed6-af2c-f33945668f00 headers_us=22622 stream_us=11
2026-09-26T22:56:45.603741Z	debug	dynamo_static_selector_rpc	static selector RPC	connection.id=739 request.id=69039 request_id=12e1383b-5291-47bf-8afa-bd8e1aba4a00 elapsed_us=24509
static_stage_us prepare=48882 prefill=32090 select=24531 decode=3852 total=109355
2026-09-26T22:56:45.623432Z	debug	dynamo_static_selector_rpc	static selector RPC	connection.id=450 request.id=69205 request_id=203721db-f5bb-4ed6-af2c-f33945668f00 elapsed_us=36126
static_stage_us prepare=48527 prefill=22657 select=36139 decode=3276 total=110599
2026-09-26T22:56:45.697357Z	debug	dynamo_static_buffer_ready	static prefill channel buffer readiness	connection.id=669 request.id=70099 request_id=dc31b0f9-6af2-4fa1-b924-9968b7728900 ready_us=1 ready_offset_us=4 is_ok=true
2026-09-26T22:56:45.719309Z	debug	dynamo_static_rpc_split	static prefill RPC split	connection.id=669 request.id=70099 request_id=dc31b0f9-6af2-4fa1-b924-9968b7728900 headers_us=21954 stream_us=3
2026-09-26T22:56:45.729366Z	debug	dynamo_static_buffer_ready	static prefill channel buffer readiness	connection.id=251 request.id=70313 request_id=b1a526d2-271b-46f2-abf3-a2b660899000 ready_us=0 ready_offset_us=4 is_ok=true
2026-09-26T22:56:45.751159Z	debug	dynamo_static_selector_rpc	static selector RPC	connection.id=669 request.id=70099 request_id=dc31b0f9-6af2-4fa1-b924-9968b7728900 elapsed_us=31832
static_stage_us prepare=49068 prefill=22585 select=31851 decode=710 total=104214
2026-09-26T22:56:45.757722Z	debug	dynamo_static_buffer_ready	static prefill channel buffer readiness	connection.id=348 request.id=70503 request_id=c2427cce-526c-4975-913a-5cef85052d00 ready_us=0 ready_offset_us=3 is_ok=true
2026-09-26T22:56:45.760515Z	debug	dynamo_static_rpc_split	static prefill RPC split	connection.id=251 request.id=70313 request_id=b1a526d2-271b-46f2-abf3-a2b660899000 headers_us=31147 stream_us=6
2026-09-26T22:56:45.771149Z	debug	dynamo_static_buffer_ready	static prefill channel buffer readiness	connection.id=586 request.id=70552 request_id=df970139-4502-4871-b4af-ee1c44964800 ready_us=0 ready_offset_us=2 is_ok=true
2026-09-26T22:56:45.787920Z	debug	dynamo_static_rpc_split	static prefill RPC split	connection.id=348 request.id=70503 request_id=c2427cce-526c-4975-913a-5cef85052d00 headers_us=30178 stream_us=22
2026-09-26T22:56:45.791009Z	debug	dynamo_static_selector_rpc	static selector RPC	connection.id=251 request.id=70313 request_id=b1a526d2-271b-46f2-abf3-a2b660899000 elapsed_us=30482
static_stage_us prepare=51965 prefill=31166 select=30491 decode=1909 total=115531
2026-09-26T22:56:45.797036Z	debug	dynamo_static_buffer_ready	static prefill channel buffer readiness	connection.id=703 request.id=70729 request_id=586523e7-cd14-448f-a89a-4c6ad6005f00 ready_us=0 ready_offset_us=3 is_ok=true
2026-09-26T22:56:45.800254Z	debug	dynamo_static_rpc_split	static prefill RPC split	connection.id=586 request.id=70552 request_id=df970139-4502-4871-b4af-ee1c44964800 headers_us=29092 stream_us=16
2026-09-26T22:56:45.816363Z	debug	dynamo_static_buffer_ready	static prefill channel buffer readiness	connection.id=526 request.id=70907 request_id=d5762309-65e1-417e-bb06-5f50a7d81600 ready_us=0 ready_offset_us=4 is_ok=true
2026-09-26T22:56:45.817027Z	debug	dynamo_static_selector_rpc	static selector RPC	connection.id=348 request.id=70503 request_id=c2427cce-526c-4975-913a-5cef85052d00 elapsed_us=29062
2026-09-26T22:56:45.817487Z	debug	dynamo_static_buffer_ready	static prefill channel buffer readiness	connection.id=697 request.id=70842 request_id=b496eac7-2280-43a3-b0a2-870bbc3ea900 ready_us=0 ready_offset_us=3 is_ok=true
static_stage_us prepare=46150 prefill=30245 select=29073 decode=2096 total=107564
2026-09-26T22:56:45.824756Z	debug	dynamo_static_rpc_split	static prefill RPC split	connection.id=703 request.id=70729 request_id=586523e7-cd14-448f-a89a-4c6ad6005f00 headers_us=27709 stream_us=14
2026-09-26T22:56:45.825217Z	debug	dynamo_static_selector_rpc	static selector RPC	connection.id=586 request.id=70552 request_id=df970139-4502-4871-b4af-ee1c44964800 elapsed_us=24952
static_stage_us prepare=52111 prefill=29120 select=24963 decode=1070 total=107264
2026-09-26T22:56:45.846583Z	debug	dynamo_static_rpc_split	static prefill RPC split	connection.id=526 request.id=70907 request_id=d5762309-65e1-417e-bb06-5f50a7d81600 headers_us=30218 stream_us=5
2026-09-26T22:56:45.852138Z	debug	dynamo_static_selector_rpc	static selector RPC	connection.id=703 request.id=70729 request_id=586523e7-cd14-448f-a89a-4c6ad6005f00 elapsed_us=27275
static_stage_us prepare=50386 prefill=27830 select=27286 decode=1403 total=106905
2026-09-26T22:56:45.859489Z	debug	dynamo_static_rpc_split	static prefill RPC split	connection.id=697 request.id=70842 request_id=b496eac7-2280-43a3-b0a2-870bbc3ea900 headers_us=41992 stream_us=13
2026-09-26T22:56:45.874847Z	debug	dynamo_static_selector_rpc	static selector RPC	connection.id=526 request.id=70907 request_id=d5762309-65e1-417e-bb06-5f50a7d81600 elapsed_us=28251
static_stage_us prepare=49553 prefill=30236 select=28267 decode=1569 total=109625
2026-09-26T22:56:45.885804Z	debug	dynamo_static_selector_rpc	static selector RPC	connection.id=697 request.id=70842 request_id=b496eac7-2280-43a3-b0a2-870bbc3ea900 elapsed_us=26291
static_stage_us prepare=59133 prefill=42029 select=26304 decode=1820 total=129286
2026-09-26T22:56:45.960789Z	debug	dynamo_static_buffer_ready	static prefill channel buffer readiness	connection.id=212 request.id=71716 request_id=8b915b7f-7705-4acf-9c4c-c9b584918d00 ready_us=0 ready_offset_us=4 is_ok=true
2026-09-26T22:56:45.975419Z	debug	dynamo_static_buffer_ready	static prefill channel buffer readiness	connection.id=325 request.id=71874 request_id=ba652f04-bd57-49ce-b865-2e9b75888b00 ready_us=0 ready_offset_us=5 is_ok=true
2026-09-26T22:56:45.979645Z	debug	dynamo_static_buffer_ready	static prefill channel buffer readiness	connection.id=284 request.id=71890 request_id=a6258d40-69bf-49a7-8138-05693f377e00 ready_us=0 ready_offset_us=3 is_ok=true
2026-09-26T22:56:45.997072Z	debug	dynamo_static_rpc_split	static prefill RPC split	connection.id=212 request.id=71716 request_id=8b915b7f-7705-4acf-9c4c-c9b584918d00 headers_us=36278 stream_us=8
2026-09-26T22:56:46.012078Z	debug	dynamo_static_rpc_split	static prefill RPC split	connection.id=325 request.id=71874 request_id=ba652f04-bd57-49ce-b865-2e9b75888b00 headers_us=36654 stream_us=9
2026-09-26T22:56:46.012236Z	debug	dynamo_static_rpc_split	static prefill RPC split	connection.id=284 request.id=71890 request_id=a6258d40-69bf-49a7-8138-05693f377e00 headers_us=32590 stream_us=3
2026-09-26T22:56:46.028634Z	debug	dynamo_static_selector_rpc	static selector RPC	connection.id=212 request.id=71716 request_id=8b915b7f-7705-4acf-9c4c-c9b584918d00 elapsed_us=31548
static_stage_us prepare=57942 prefill=36301 select=31562 decode=1744 total=127549
2026-09-26T22:56:46.036778Z	debug	dynamo_static_selector_rpc	static selector RPC	connection.id=284 request.id=71890 request_id=a6258d40-69bf-49a7-8138-05693f377e00 elapsed_us=24534
static_stage_us prepare=56205 prefill=32602 select=24545 decode=1798 total=115150
2026-09-26T22:56:46.042737Z	debug	dynamo_static_selector_rpc	static selector RPC	connection.id=325 request.id=71874 request_id=ba652f04-bd57-49ce-b865-2e9b75888b00 elapsed_us=30646
static_stage_us prepare=54007 prefill=36677 select=30676 decode=1442 total=122802
2026-09-26T22:56:46.046035Z	debug	dynamo_static_buffer_ready	static prefill channel buffer readiness	connection.id=730 request.id=72271 request_id=c6c09235-bf51-4968-bafe-60f5a900ce00 ready_us=0 ready_offset_us=4 is_ok=true
2026-09-26T22:56:46.072613Z	debug	dynamo_static_rpc_split	static prefill RPC split	connection.id=730 request.id=72271 request_id=c6c09235-bf51-4968-bafe-60f5a900ce00 headers_us=26568 stream_us=13
2026-09-26T22:56:46.073440Z	debug	dynamo_static_buffer_ready	static prefill channel buffer readiness	connection.id=937 request.id=72435 request_id=4b4b7b47-0903-4fcc-860a-7ee9b5c77700 ready_us=0 ready_offset_us=3 is_ok=true
2026-09-26T22:56:46.098860Z	debug	dynamo_static_buffer_ready	static prefill channel buffer readiness	connection.id=390 request.id=72584 request_id=11e8c6f5-8b0c-4dcb-a813-5ac9c7facb00 ready_us=0 ready_offset_us=2 is_ok=true
2026-09-26T22:56:46.101461Z	debug	dynamo_static_selector_rpc	static selector RPC	connection.id=730 request.id=72271 request_id=c6c09235-bf51-4968-bafe-60f5a900ce00 elapsed_us=28831
static_stage_us prepare=57591 prefill=26599 select=28846 decode=3251 total=116287
2026-09-26T22:56:46.114154Z	debug	dynamo_static_rpc_split	static prefill RPC split	connection.id=937 request.id=72435 request_id=4b4b7b47-0903-4fcc-860a-7ee9b5c77700 headers_us=40711 stream_us=5
2026-09-26T22:56:46.136547Z	debug	dynamo_static_rpc_split	static prefill RPC split	connection.id=390 request.id=72584 request_id=11e8c6f5-8b0c-4dcb-a813-5ac9c7facb00 headers_us=37680 stream_us=8
2026-09-26T22:56:46.152678Z	debug	dynamo_static_selector_rpc	static selector RPC	connection.id=937 request.id=72435 request_id=4b4b7b47-0903-4fcc-860a-7ee9b5c77700 elapsed_us=38510
static_stage_us prepare=56652 prefill=40732 select=38553 decode=879 total=136816
2026-09-26T22:56:46.172791Z	debug	dynamo_static_selector_rpc	static selector RPC	connection.id=390 request.id=72584 request_id=11e8c6f5-8b0c-4dcb-a813-5ac9c7facb00 elapsed_us=36228
static_stage_us prepare=53934 prefill=37705 select=36247 decode=899 total=128785
2026-09-26T22:56:46.193364Z	debug	dynamo_static_buffer_ready	static prefill channel buffer readiness	connection.id=633 request.id=73031 request_id=7e96cc26-aeed-4452-969b-b8a589ef7500 ready_us=0 ready_offset_us=2 is_ok=true
2026-09-26T22:56:46.207635Z	debug	dynamo_static_buffer_ready	static prefill channel buffer readiness	connection.id=514 request.id=73176 request_id=57420777-26dd-4f50-9ba1-c50a0b67ff00 ready_us=0 ready_offset_us=220 is_ok=true
2026-09-26T22:56:46.221623Z	debug	dynamo_static_rpc_split	static prefill RPC split	connection.id=633 request.id=73031 request_id=7e96cc26-aeed-4452-969b-b8a589ef7500 headers_us=28252 stream_us=9
2026-09-26T22:56:46.242692Z	debug	dynamo_static_rpc_split	static prefill RPC split	connection.id=514 request.id=73176 request_id=57420777-26dd-4f50-9ba1-c50a0b67ff00 headers_us=35242 stream_us=20
2026-09-26T22:56:46.249919Z	debug	dynamo_static_selector_rpc	static selector RPC	connection.id=633 request.id=73031 request_id=7e96cc26-aeed-4452-969b-b8a589ef7500 elapsed_us=28273
static_stage_us prepare=73196 prefill=28285 select=28286 decode=2287 total=132054
2026-09-26T22:56:46.266823Z	debug	dynamo_static_selector_rpc	static selector RPC	connection.id=514 request.id=73176 request_id=57420777-26dd-4f50-9ba1-c50a0b67ff00 elapsed_us=24102
2026-09-26T22:56:46.267621Z	debug	dynamo_static_buffer_ready	static prefill channel buffer readiness	connection.id=654 request.id=73535 request_id=a6589331-4821-455e-97f2-a322bd5ef100 ready_us=0 ready_offset_us=4 is_ok=true
static_stage_us prepare=59520 prefill=35305 select=24122 decode=1044 total=119991
2026-09-26T22:56:46.291037Z	debug	dynamo_static_rpc_split	static prefill RPC split	connection.id=654 request.id=73535 request_id=a6589331-4821-455e-97f2-a322bd5ef100 headers_us=23416 stream_us=3
2026-09-26T22:56:46.321870Z	debug	dynamo_static_selector_rpc	static selector RPC	connection.id=654 request.id=73535 request_id=a6589331-4821-455e-97f2-a322bd5ef100 elapsed_us=30819
static_stage_us prepare=48507 prefill=23433 select=30836 decode=2455 total=105231
2026-09-26T22:56:46.392920Z	debug	dynamo_static_buffer_ready	static prefill channel buffer readiness	connection.id=208 request.id=74353 request_id=1a53e870-0725-4dd1-a506-e00ad7a3b400 ready_us=1 ready_offset_us=3 is_ok=true
2026-09-26T22:56:46.412929Z	debug	dynamo_static_buffer_ready	static prefill channel buffer readiness	connection.id=659 request.id=74469 request_id=335e84ea-6651-4236-9b48-ae7a01c52500 ready_us=0 ready_offset_us=3 is_ok=true
2026-09-26T22:56:46.420349Z	debug	dynamo_static_rpc_split	static prefill RPC split	connection.id=208 request.id=74353 request_id=1a53e870-0725-4dd1-a506-e00ad7a3b400 headers_us=27426 stream_us=5
2026-09-26T22:56:46.436885Z	debug	dynamo_static_buffer_ready	static prefill channel buffer readiness	connection.id=936 request.id=74591 request_id=371a967b-f76a-44a5-885c-7c44a9baf800 ready_us=0 ready_offset_us=5 is_ok=true
2026-09-26T22:56:46.444157Z	debug	dynamo_static_selector_rpc	static selector RPC	connection.id=208 request.id=74353 request_id=1a53e870-0725-4dd1-a506-e00ad7a3b400 elapsed_us=23785
2026-09-26T22:56:46.444201Z	debug	dynamo_static_rpc_split	static prefill RPC split	connection.id=659 request.id=74469 request_id=335e84ea-6651-4236-9b48-ae7a01c52500 headers_us=31265 stream_us=9
static_stage_us prepare=47931 prefill=27452 select=23807 decode=1733 total=100923
2026-09-26T22:56:46.461224Z	debug	dynamo_static_rpc_split	static prefill RPC split	connection.id=936 request.id=74591 request_id=371a967b-f76a-44a5-885c-7c44a9baf800 headers_us=24339 stream_us=4
2026-09-26T22:56:46.470095Z	debug	dynamo_static_selector_rpc	static selector RPC	connection.id=659 request.id=74469 request_id=335e84ea-6651-4236-9b48-ae7a01c52500 elapsed_us=25885
static_stage_us prepare=43001 prefill=31285 select=25895 decode=1093 total=101274
2026-09-26T22:56:46.492912Z	debug	dynamo_static_selector_rpc	static selector RPC	connection.id=936 request.id=74591 request_id=371a967b-f76a-44a5-885c-7c44a9baf800 elapsed_us=31673
static_stage_us prepare=49845 prefill=24358 select=31689 decode=841 total=106733
2026-09-26T22:56:46.536115Z	debug	dynamo_static_buffer_ready	static prefill channel buffer readiness	connection.id=263 request.id=75190 request_id=2439a4e8-10a6-40df-ba9d-72d2776bce00 ready_us=0 ready_offset_us=4 is_ok=true
2026-09-26T22:56:46.551604Z	debug	dynamo_static_buffer_ready	static prefill channel buffer readiness	connection.id=953 request.id=75311 request_id=9d960636-f703-4917-a07f-416bdf461800 ready_us=0 ready_offset_us=4 is_ok=true
2026-09-26T22:56:46.563723Z	debug	dynamo_static_rpc_split	static prefill RPC split	connection.id=263 request.id=75190 request_id=2439a4e8-10a6-40df-ba9d-72d2776bce00 headers_us=27589 stream_us=22
2026-09-26T22:56:46.580634Z	debug	dynamo_static_rpc_split	static prefill RPC split	connection.id=953 request.id=75311 request_id=9d960636-f703-4917-a07f-416bdf461800 headers_us=29027 stream_us=6
2026-09-26T22:56:46.589152Z	debug	dynamo_static_buffer_ready	static prefill channel buffer readiness	connection.id=550 request.id=75598 request_id=cdf7c8b2-bae6-4a8e-87ac-6fcbe94fb100 ready_us=0 ready_offset_us=6 is_ok=true
2026-09-26T22:56:46.589220Z	debug	dynamo_static_buffer_ready	static prefill channel buffer readiness	connection.id=306 request.id=75604 request_id=ff61a726-2f3a-4d2a-86f7-71a5f1686200 ready_us=0 ready_offset_us=5 is_ok=true
2026-09-26T22:56:46.591917Z	debug	dynamo_static_buffer_ready	static prefill channel buffer readiness	connection.id=743 request.id=75629 request_id=8dc60c4f-863f-4d21-96e9-915189d92d00 ready_us=0 ready_offset_us=3 is_ok=true
2026-09-26T22:56:46.602454Z	debug	dynamo_static_selector_rpc	static selector RPC	connection.id=263 request.id=75190 request_id=2439a4e8-10a6-40df-ba9d-72d2776bce00 elapsed_us=38697
static_stage_us prepare=51231 prefill=27646 select=38710 decode=9376 total=126963
2026-09-26T22:56:46.614354Z	debug	dynamo_static_selector_rpc	static selector RPC	connection.id=953 request.id=75311 request_id=9d960636-f703-4917-a07f-416bdf461800 elapsed_us=33698
2026-09-26T22:56:46.614472Z	debug	dynamo_static_rpc_split	static prefill RPC split	connection.id=306 request.id=75604 request_id=ff61a726-2f3a-4d2a-86f7-71a5f1686200 headers_us=25241 stream_us=16
2026-09-26T22:56:46.615053Z	debug	dynamo_static_rpc_split	static prefill RPC split	connection.id=743 request.id=75629 request_id=8dc60c4f-863f-4d21-96e9-915189d92d00 headers_us=23135 stream_us=4
2026-09-26T22:56:46.615150Z	debug	dynamo_static_rpc_split	static prefill RPC split	connection.id=550 request.id=75598 request_id=cdf7c8b2-bae6-4a8e-87ac-6fcbe94fb100 headers_us=25998 stream_us=5
static_stage_us prepare=52102 prefill=29056 select=33709 decode=1924 total=116791
2026-09-26T22:56:46.638230Z	debug	dynamo_static_selector_rpc	static selector RPC	connection.id=306 request.id=75604 request_id=ff61a726-2f3a-4d2a-86f7-71a5f1686200 elapsed_us=23751
2026-09-26T22:56:46.640512Z	debug	dynamo_static_selector_rpc	static selector RPC	connection.id=743 request.id=75629 request_id=8dc60c4f-863f-4d21-96e9-915189d92d00 elapsed_us=25447
static_stage_us prepare=51713 prefill=25265 select=23761 decode=2420 total=103159
2026-09-26T22:56:46.641121Z	debug	dynamo_static_selector_rpc	static selector RPC	connection.id=550 request.id=75598 request_id=cdf7c8b2-bae6-4a8e-87ac-6fcbe94fb100 elapsed_us=25965
static_stage_us prepare=51054 prefill=23151 select=25470 decode=3830 total=103505
static_stage_us prepare=52352 prefill=26010 select=25973 decode=4459 total=108794
2026-09-26T22:56:46.759207Z	debug	dynamo_static_buffer_ready	static prefill channel buffer readiness	connection.id=358 request.id=76702 request_id=89e365ca-ab6a-47db-af3e-600a6f8f4f00 ready_us=0 ready_offset_us=4 is_ok=true
2026-09-26T22:56:46.767400Z	debug	dynamo_static_buffer_ready	static prefill channel buffer readiness	connection.id=929 request.id=76768 request_id=e7b7cf26-3cf6-4ef4-939b-ed76291a9b00 ready_us=0 ready_offset_us=4 is_ok=true
2026-09-26T22:56:46.787366Z	debug	dynamo_static_rpc_split	static prefill RPC split	connection.id=358 request.id=76702 request_id=89e365ca-ab6a-47db-af3e-600a6f8f4f00 headers_us=28159 stream_us=4
2026-09-26T22:56:46.791191Z	debug	dynamo_static_rpc_split	static prefill RPC split	connection.id=929 request.id=76768 request_id=e7b7cf26-3cf6-4ef4-939b-ed76291a9b00 headers_us=23791 stream_us=4
2026-09-26T22:56:46.804521Z	debug	dynamo_static_buffer_ready	static prefill channel buffer readiness	connection.id=477 request.id=77001 request_id=03ab3f80-2d88-42d8-955d-a05f9151d500 ready_us=0 ready_offset_us=3 is_ok=true
2026-09-26T22:56:46.808832Z	debug	dynamo_static_selector_rpc	static selector RPC	connection.id=358 request.id=76702 request_id=89e365ca-ab6a-47db-af3e-600a6f8f4f00 elapsed_us=21443
static_stage_us prepare=51321 prefill=28186 select=21457 decode=1253 total=102217
2026-09-26T22:56:46.820882Z	debug	dynamo_static_selector_rpc	static selector RPC	connection.id=929 request.id=76768 request_id=e7b7cf26-3cf6-4ef4-939b-ed76291a9b00 elapsed_us=29675
static_stage_us prepare=45422 prefill=23810 select=29696 decode=1030 total=99958
2026-09-26T22:56:46.829092Z	debug	dynamo_static_rpc_split	static prefill RPC split	connection.id=477 request.id=77001 request_id=03ab3f80-2d88-42d8-955d-a05f9151d500 headers_us=24568 stream_us=6
2026-09-26T22:56:46.855960Z	debug	dynamo_static_buffer_ready	static prefill channel buffer readiness	connection.id=130 request.id=77321 request_id=14893835-6c61-495c-856e-b2e3a05b7700 ready_us=0 ready_offset_us=3 is_ok=true
2026-09-26T22:56:46.859879Z	debug	dynamo_static_selector_rpc	static selector RPC	connection.id=477 request.id=77001 request_id=03ab3f80-2d88-42d8-955d-a05f9151d500 elapsed_us=30773
static_stage_us prepare=49638 prefill=24589 select=30787 decode=668 total=105682
2026-09-26T22:56:46.888506Z	debug	dynamo_static_rpc_split	static prefill RPC split	connection.id=130 request.id=77321 request_id=14893835-6c61-495c-856e-b2e3a05b7700 headers_us=32545 stream_us=4
2026-09-26T22:56:46.890883Z	debug	dynamo_static_buffer_ready	static prefill channel buffer readiness	connection.id=538 request.id=77536 request_id=c6f816ff-2bff-4989-a38b-464ce9f2c300 ready_us=1 ready_offset_us=5 is_ok=true
2026-09-26T22:56:46.913616Z	debug	dynamo_static_buffer_ready	static prefill channel buffer readiness	connection.id=453 request.id=77749 request_id=e632520b-b737-4922-872b-13d38c9a1600 ready_us=1 ready_offset_us=5 is_ok=true
2026-09-26T22:56:46.913781Z	debug	dynamo_static_selector_rpc	static selector RPC	connection.id=130 request.id=77321 request_id=14893835-6c61-495c-856e-b2e3a05b7700 elapsed_us=25212
static_stage_us prepare=51135 prefill=32613 select=25228 decode=896 total=109872
2026-09-26T22:56:46.919561Z	debug	dynamo_static_rpc_split	static prefill RPC split	connection.id=538 request.id=77536 request_id=c6f816ff-2bff-4989-a38b-464ce9f2c300 headers_us=28677 stream_us=5
2026-09-26T22:56:46.941927Z	debug	dynamo_static_selector_rpc	static selector RPC	connection.id=538 request.id=77536 request_id=c6f816ff-2bff-4989-a38b-464ce9f2c300 elapsed_us=22327
static_stage_us prepare=50011 prefill=28723 select=22351 decode=2549 total=103634
2026-09-26T22:56:46.944429Z	debug	dynamo_static_rpc_split	static prefill RPC split	connection.id=453 request.id=77749 request_id=e632520b-b737-4922-872b-13d38c9a1600 headers_us=30813 stream_us=4
2026-09-26T22:56:46.956955Z	debug	dynamo_static_buffer_ready	static prefill channel buffer readiness	connection.id=926 request.id=77985 request_id=623e4b8c-c9a6-4b7b-97e0-d37beaa1c300 ready_us=0 ready_offset_us=5 is_ok=true
2026-09-26T22:56:46.973332Z	debug	dynamo_static_selector_rpc	static selector RPC	connection.id=453 request.id=77749 request_id=e632520b-b737-4922-872b-13d38c9a1600 elapsed_us=28872
static_stage_us prepare=37139 prefill=30849 select=28885 decode=5710 total=102583
2026-09-26T22:56:46.979623Z	debug	dynamo_static_rpc_split	static prefill RPC split	connection.id=926 request.id=77985 request_id=623e4b8c-c9a6-4b7b-97e0-d37beaa1c300 headers_us=22649 stream_us=22
2026-09-26T22:56:46.993580Z	debug	dynamo_static_buffer_ready	static prefill channel buffer readiness	connection.id=284 request.id=78228 request_id=b881a63d-09df-4cf9-b6de-2e423bb1a200 ready_us=0 ready_offset_us=2 is_ok=true
2026-09-26T22:56:47.007201Z	debug	dynamo_static_selector_rpc	static selector RPC	connection.id=926 request.id=77985 request_id=623e4b8c-c9a6-4b7b-97e0-d37beaa1c300 elapsed_us=27561
static_stage_us prepare=42685 prefill=22690 select=27575 decode=2522 total=95472
2026-09-26T22:56:47.022495Z	debug	dynamo_static_rpc_split	static prefill RPC split	connection.id=284 request.id=78228 request_id=b881a63d-09df-4cf9-b6de-2e423bb1a200 headers_us=28910 stream_us=7
2026-09-26T22:56:47.029098Z	debug	dynamo_static_buffer_ready	static prefill channel buffer readiness	connection.id=843 request.id=78479 request_id=3bfdab60-723f-4970-b257-494bad2c2000 ready_us=0 ready_offset_us=4 is_ok=true
2026-09-26T22:56:47.055432Z	debug	dynamo_static_rpc_split	static prefill RPC split	connection.id=843 request.id=78479 request_id=3bfdab60-723f-4970-b257-494bad2c2000 headers_us=26328 stream_us=9
2026-09-26T22:56:47.057283Z	debug	dynamo_static_selector_rpc	static selector RPC	connection.id=284 request.id=78228 request_id=b881a63d-09df-4cf9-b6de-2e423bb1a200 elapsed_us=34735
static_stage_us prepare=41042 prefill=28970 select=34747 decode=1603 total=106362
2026-09-26T22:56:47.078227Z	debug	dynamo_static_selector_rpc	static selector RPC	connection.id=843 request.id=78479 request_id=3bfdab60-723f-4970-b257-494bad2c2000 elapsed_us=22770
static_stage_us prepare=42508 prefill=26363 select=22787 decode=1325 total=92983
2026-09-26T22:56:47.126729Z	debug	dynamo_static_buffer_ready	static prefill channel buffer readiness	connection.id=754 request.id=79085 request_id=2ea2df7f-8f34-4902-a609-c903a6a70700 ready_us=0 ready_offset_us=5 is_ok=true
2026-09-26T22:56:47.152467Z	debug	dynamo_static_rpc_split	static prefill RPC split	connection.id=754 request.id=79085 request_id=2ea2df7f-8f34-4902-a609-c903a6a70700 headers_us=25738 stream_us=4
2026-09-26T22:56:47.177525Z	debug	dynamo_static_selector_rpc	static selector RPC	connection.id=754 request.id=79085 request_id=2ea2df7f-8f34-4902-a609-c903a6a70700 elapsed_us=24998
static_stage_us prepare=46184 prefill=25803 select=25014 decode=897 total=97898
2026-09-26T22:56:47.207370Z	debug	dynamo_static_buffer_ready	static prefill channel buffer readiness	connection.id=478 request.id=79562 request_id=369b3e63-bd7a-48d9-bb3f-78849438d000 ready_us=0 ready_offset_us=5 is_ok=true
2026-09-26T22:56:47.222921Z	debug	dynamo_static_buffer_ready	static prefill channel buffer readiness	connection.id=700 request.id=79701 request_id=3a38f837-3d0a-406a-8af1-6a3a2d4d3400 ready_us=0 ready_offset_us=5 is_ok=true
2026-09-26T22:56:47.237200Z	debug	dynamo_static_rpc_split	static prefill RPC split	connection.id=478 request.id=79562 request_id=369b3e63-bd7a-48d9-bb3f-78849438d000 headers_us=29825 stream_us=10
2026-09-26T22:56:47.256020Z	debug	dynamo_static_rpc_split	static prefill RPC split	connection.id=700 request.id=79701 request_id=3a38f837-3d0a-406a-8af1-6a3a2d4d3400 headers_us=33096 stream_us=12
2026-09-26T22:56:47.265446Z	debug	dynamo_static_buffer_ready	static prefill channel buffer readiness	connection.id=431 request.id=79923 request_id=12d9f56d-645b-4d6a-8966-9fda2cdbc300 ready_us=0 ready_offset_us=3 is_ok=true
2026-09-26T22:56:47.265467Z	debug	dynamo_static_buffer_ready	static prefill channel buffer readiness	connection.id=189 request.id=79931 request_id=d0c5fb21-2617-4523-a938-9fac41a9d900 ready_us=0 ready_offset_us=2 is_ok=true
2026-09-26T22:56:47.266132Z	debug	dynamo_static_selector_rpc	static selector RPC	connection.id=478 request.id=79562 request_id=369b3e63-bd7a-48d9-bb3f-78849438d000 elapsed_us=28916
static_stage_us prepare=54584 prefill=29851 select=28931 decode=2387 total=115753
2026-09-26T22:56:47.284088Z	debug	dynamo_static_selector_rpc	static selector RPC	connection.id=700 request.id=79701 request_id=3a38f837-3d0a-406a-8af1-6a3a2d4d3400 elapsed_us=28048
static_stage_us prepare=52451 prefill=33129 select=28064 decode=1532 total=115176
2026-09-26T22:56:47.293248Z	debug	dynamo_static_rpc_split	static prefill RPC split	connection.id=431 request.id=79923 request_id=12d9f56d-645b-4d6a-8966-9fda2cdbc300 headers_us=27789 stream_us=16
2026-09-26T22:56:47.298809Z	debug	dynamo_static_rpc_split	static prefill RPC split	connection.id=189 request.id=79931 request_id=d0c5fb21-2617-4523-a938-9fac41a9d900 headers_us=33339 stream_us=4
2026-09-26T22:56:47.323918Z	debug	dynamo_static_selector_rpc	static selector RPC	connection.id=431 request.id=79923 request_id=12d9f56d-645b-4d6a-8966-9fda2cdbc300 elapsed_us=30648
static_stage_us prepare=54663 prefill=27828 select=30662 decode=1111 total=114264
2026-09-26T22:56:47.325811Z	debug	dynamo_static_buffer_ready	static prefill channel buffer readiness	connection.id=259 request.id=80306 request_id=eba8a95e-f82f-4fcd-ac4d-236a58b98000 ready_us=1 ready_offset_us=3 is_ok=true
2026-09-26T22:56:47.328393Z	debug	dynamo_static_selector_rpc	static selector RPC	connection.id=189 request.id=79931 request_id=d0c5fb21-2617-4523-a938-9fac41a9d900 elapsed_us=29572
static_stage_us prepare=53336 prefill=33356 select=29582 decode=1428 total=117702
2026-09-26T22:56:47.337851Z	debug	dynamo_static_buffer_ready	static prefill channel buffer readiness	connection.id=789 request.id=80337 request_id=7010ab72-c3fd-4889-a654-9e7dcee06c00 ready_us=0 ready_offset_us=3 is_ok=true
2026-09-26T22:56:47.352674Z	debug	dynamo_static_rpc_split	static prefill RPC split	connection.id=259 request.id=80306 request_id=eba8a95e-f82f-4fcd-ac4d-236a58b98000 headers_us=26861 stream_us=3
2026-09-26T22:56:47.372264Z	debug	dynamo_static_rpc_split	static prefill RPC split	connection.id=789 request.id=80337 request_id=7010ab72-c3fd-4889-a654-9e7dcee06c00 headers_us=34412 stream_us=3
2026-09-26T22:56:47.378910Z	debug	dynamo_static_selector_rpc	static selector RPC	connection.id=259 request.id=80306 request_id=eba8a95e-f82f-4fcd-ac4d-236a58b98000 elapsed_us=26222
static_stage_us prepare=54002 prefill=26881 select=26238 decode=1454 total=108575
2026-09-26T22:56:47.398893Z	debug	dynamo_static_selector_rpc	static selector RPC	connection.id=789 request.id=80337 request_id=7010ab72-c3fd-4889-a654-9e7dcee06c00 elapsed_us=26616
static_stage_us prepare=56712 prefill=34430 select=26629 decode=897 total=118668
2026-09-26T22:56:47.479310Z	debug	dynamo_static_buffer_ready	static prefill channel buffer readiness	connection.id=630 request.id=81247 request_id=15644f73-b907-4808-8fcc-f63a12f4c400 ready_us=0 ready_offset_us=4 is_ok=true
2026-09-26T22:56:47.512331Z	debug	dynamo_static_rpc_split	static prefill RPC split	connection.id=630 request.id=81247 request_id=15644f73-b907-4808-8fcc-f63a12f4c400 headers_us=33020 stream_us=4
2026-09-26T22:56:47.542906Z	debug	dynamo_static_selector_rpc	static selector RPC	connection.id=630 request.id=81247 request_id=15644f73-b907-4808-8fcc-f63a12f4c400 elapsed_us=30558
static_stage_us prepare=48313 prefill=33043 select=30574 decode=1335 total=113265
2026-09-26T22:56:47.580870Z	debug	dynamo_static_buffer_ready	static prefill channel buffer readiness	connection.id=290 request.id=81899 request_id=e02bed8c-8731-41ec-921b-7200c284dc00 ready_us=0 ready_offset_us=4 is_ok=true
2026-09-26T22:56:47.604203Z	debug	dynamo_static_rpc_split	static prefill RPC split	connection.id=290 request.id=81899 request_id=e02bed8c-8731-41ec-921b-7200c284dc00 headers_us=23333 stream_us=3
2026-09-26T22:56:47.617489Z	debug	dynamo_static_buffer_ready	static prefill channel buffer readiness	connection.id=230 request.id=82074 request_id=7058ab79-624d-4ab1-8be8-e99d9fef7800 ready_us=0 ready_offset_us=19 is_ok=true
2026-09-26T22:56:47.629904Z	debug	dynamo_static_buffer_ready	static prefill channel buffer readiness	connection.id=643 request.id=82176 request_id=7c7debab-86f3-4866-b4f2-91b032b32c00 ready_us=0 ready_offset_us=3 is_ok=true
2026-09-26T22:56:47.635140Z	debug	dynamo_static_selector_rpc	static selector RPC	connection.id=290 request.id=81899 request_id=e02bed8c-8731-41ec-921b-7200c284dc00 elapsed_us=30918
2026-09-26T22:56:47.636708Z	debug	dynamo_static_buffer_ready	static prefill channel buffer readiness	connection.id=489 request.id=82211 request_id=bc539464-3295-4144-89d3-d7abee2e6500 ready_us=1 ready_offset_us=2 is_ok=true
static_stage_us prepare=49358 prefill=23357 select=30929 decode=2569 total=106213
2026-09-26T22:56:47.638693Z	debug	dynamo_static_rpc_split	static prefill RPC split	connection.id=230 request.id=82074 request_id=7058ab79-624d-4ab1-8be8-e99d9fef7800 headers_us=21201 stream_us=20
2026-09-26T22:56:47.661820Z	debug	dynamo_static_rpc_split	static prefill RPC split	connection.id=643 request.id=82176 request_id=7c7debab-86f3-4866-b4f2-91b032b32c00 headers_us=31909 stream_us=9
2026-09-26T22:56:47.670220Z	debug	dynamo_static_selector_rpc	static selector RPC	connection.id=230 request.id=82074 request_id=7058ab79-624d-4ab1-8be8-e99d9fef7800 elapsed_us=31514
2026-09-26T22:56:47.671384Z	debug	dynamo_static_rpc_split	static prefill RPC split	connection.id=489 request.id=82211 request_id=bc539464-3295-4144-89d3-d7abee2e6500 headers_us=34654 stream_us=24
static_stage_us prepare=51819 prefill=21237 select=31526 decode=5317 total=109899
2026-09-26T22:56:47.692799Z	debug	dynamo_static_selector_rpc	static selector RPC	connection.id=643 request.id=82176 request_id=7c7debab-86f3-4866-b4f2-91b032b32c00 elapsed_us=30965
static_stage_us prepare=45650 prefill=31933 select=30981 decode=1217 total=109781
2026-09-26T22:56:47.698152Z	debug	dynamo_static_selector_rpc	static selector RPC	connection.id=489 request.id=82211 request_id=bc539464-3295-4144-89d3-d7abee2e6500 elapsed_us=26758
static_stage_us prepare=46530 prefill=34690 select=26770 decode=1487 total=109477
2026-09-26T22:56:47.712308Z	debug	dynamo_static_buffer_ready	static prefill channel buffer readiness	connection.id=686 request.id=82686 request_id=9245b384-56d3-4ea4-ba0b-2175348cd800 ready_us=0 ready_offset_us=5 is_ok=true
2026-09-26T22:56:47.723445Z	debug	dynamo_static_buffer_ready	static prefill channel buffer readiness	connection.id=191 request.id=82810 request_id=cec50bd2-c65f-4fd4-9bad-ba503aba3000 ready_us=1 ready_offset_us=5 is_ok=true
2026-09-26T22:56:47.743763Z	debug	dynamo_static_rpc_split	static prefill RPC split	connection.id=686 request.id=82686 request_id=9245b384-56d3-4ea4-ba0b-2175348cd800 headers_us=31436 stream_us=23
2026-09-26T22:56:47.746243Z	debug	dynamo_static_buffer_ready	static prefill channel buffer readiness	connection.id=492 request.id=82938 request_id=df199f62-c4b2-42e4-9288-cc984383bf00 ready_us=0 ready_offset_us=4 is_ok=true
2026-09-26T22:56:47.753493Z	debug	dynamo_static_rpc_split	static prefill RPC split	connection.id=191 request.id=82810 request_id=cec50bd2-c65f-4fd4-9bad-ba503aba3000 headers_us=30032 stream_us=21
2026-09-26T22:56:47.767526Z	debug	dynamo_static_selector_rpc	static selector RPC	connection.id=686 request.id=82686 request_id=9245b384-56d3-4ea4-ba0b-2175348cd800 elapsed_us=23744
static_stage_us prepare=53452 prefill=31480 select=23759 decode=814 total=109505
2026-09-26T22:56:47.776328Z	debug	dynamo_static_rpc_split	static prefill RPC split	connection.id=492 request.id=82938 request_id=df199f62-c4b2-42e4-9288-cc984383bf00 headers_us=30083 stream_us=5
2026-09-26T22:56:47.787327Z	debug	dynamo_static_selector_rpc	static selector RPC	connection.id=191 request.id=82810 request_id=cec50bd2-c65f-4fd4-9bad-ba503aba3000 elapsed_us=33785
static_stage_us prepare=43591 prefill=30102 select=33800 decode=2585 total=110078
2026-09-26T22:56:47.803492Z	debug	dynamo_static_selector_rpc	static selector RPC	connection.id=492 request.id=82938 request_id=df199f62-c4b2-42e4-9288-cc984383bf00 elapsed_us=27141
static_stage_us prepare=47350 prefill=30112 select=27157 decode=1807 total=106426
2026-09-26T22:56:47.812431Z	debug	dynamo_static_buffer_ready	static prefill channel buffer readiness	connection.id=418 request.id=83393 request_id=6356094b-43d6-40ee-9d13-f82236dfd900 ready_us=0 ready_offset_us=4 is_ok=true
2026-09-26T22:56:47.819774Z	debug	dynamo_static_buffer_ready	static prefill channel buffer readiness	connection.id=473 request.id=83353 request_id=1a843f06-04e6-470f-9547-f1a3d0e1e700 ready_us=0 ready_offset_us=3 is_ok=true
2026-09-26T22:56:47.835897Z	debug	dynamo_static_buffer_ready	static prefill channel buffer readiness	connection.id=272 request.id=83444 request_id=a0cb352a-2a16-441b-b86b-dd2e30ab2900 ready_us=0 ready_offset_us=23 is_ok=true
2026-09-26T22:56:47.836028Z	debug	dynamo_static_rpc_split	static prefill RPC split	connection.id=418 request.id=83393 request_id=6356094b-43d6-40ee-9d13-f82236dfd900 headers_us=23565 stream_us=35
2026-09-26T22:56:47.848367Z	debug	dynamo_static_buffer_ready	static prefill channel buffer readiness	connection.id=674 request.id=83527 request_id=7c6a62e7-7c99-431b-a09c-b755b0760400 ready_us=0 ready_offset_us=4 is_ok=true
2026-09-26T22:56:47.853430Z	debug	dynamo_static_buffer_ready	static prefill channel buffer readiness	connection.id=884 request.id=83597 request_id=f6cbe2cc-7ff6-4e54-8fa3-f95f28671900 ready_us=0 ready_offset_us=9 is_ok=true
2026-09-26T22:56:47.853500Z	debug	dynamo_static_rpc_split	static prefill RPC split	connection.id=473 request.id=83353 request_id=1a843f06-04e6-470f-9547-f1a3d0e1e700 headers_us=33721 stream_us=7
2026-09-26T22:56:47.865656Z	debug	dynamo_static_selector_rpc	static selector RPC	connection.id=418 request.id=83393 request_id=6356094b-43d6-40ee-9d13-f82236dfd900 elapsed_us=29612
2026-09-26T22:56:47.867689Z	debug	dynamo_static_rpc_split	static prefill RPC split	connection.id=272 request.id=83444 request_id=a0cb352a-2a16-441b-b86b-dd2e30ab2900 headers_us=31804 stream_us=10
static_stage_us prepare=42659 prefill=23616 select=29627 decode=3212 total=99114
2026-09-26T22:56:47.877553Z	debug	dynamo_static_rpc_split	static prefill RPC split	connection.id=884 request.id=83597 request_id=f6cbe2cc-7ff6-4e54-8fa3-f95f28671900 headers_us=24126 stream_us=4
2026-09-26T22:56:47.878095Z	debug	dynamo_static_rpc_split	static prefill RPC split	connection.id=674 request.id=83527 request_id=7c6a62e7-7c99-431b-a09c-b755b0760400 headers_us=29728 stream_us=4
2026-09-26T22:56:47.886613Z	debug	dynamo_static_selector_rpc	static selector RPC	connection.id=473 request.id=83353 request_id=1a843f06-04e6-470f-9547-f1a3d0e1e700 elapsed_us=33106
static_stage_us prepare=52798 prefill=33737 select=33118 decode=2192 total=121845
2026-09-26T22:56:47.894697Z	debug	dynamo_static_selector_rpc	static selector RPC	connection.id=272 request.id=83444 request_id=a0cb352a-2a16-441b-b86b-dd2e30ab2900 elapsed_us=26995
static_stage_us prepare=55484 prefill=31827 select=27007 decode=882 total=115200
2026-09-26T22:56:47.906107Z	debug	dynamo_static_selector_rpc	static selector RPC	connection.id=674 request.id=83527 request_id=7c6a62e7-7c99-431b-a09c-b755b0760400 elapsed_us=27998
static_stage_us prepare=59008 prefill=29745 select=28012 decode=1007 total=117772
2026-09-26T22:56:47.909994Z	debug	dynamo_static_selector_rpc	static selector RPC	connection.id=884 request.id=83597 request_id=f6cbe2cc-7ff6-4e54-8fa3-f95f28671900 elapsed_us=32425
static_stage_us prepare=54115 prefill=24147 select=32448 decode=2606 total=113316
2026-09-26T22:56:47.914789Z	debug	dynamo_static_buffer_ready	static prefill channel buffer readiness	connection.id=247 request.id=83916 request_id=b34e4a75-00f9-4358-8b07-253818756000 ready_us=0 ready_offset_us=7 is_ok=true
2026-09-26T22:56:47.915049Z	debug	dynamo_static_buffer_ready	static prefill channel buffer readiness	connection.id=718 request.id=83939 request_id=81bb52f9-4989-4477-8008-b1545928b500 ready_us=0 ready_offset_us=3 is_ok=true
2026-09-26T22:56:47.939854Z	debug	dynamo_static_rpc_split	static prefill RPC split	connection.id=718 request.id=83939 request_id=81bb52f9-4989-4477-8008-b1545928b500 headers_us=24792 stream_us=15
2026-09-26T22:56:47.946663Z	debug	dynamo_static_rpc_split	static prefill RPC split	connection.id=247 request.id=83916 request_id=b34e4a75-00f9-4358-8b07-253818756000 headers_us=31871 stream_us=9
2026-09-26T22:56:47.972321Z	debug	dynamo_static_selector_rpc	static selector RPC	connection.id=718 request.id=83939 request_id=81bb52f9-4989-4477-8008-b1545928b500 elapsed_us=32452
static_stage_us prepare=52545 prefill=24823 select=32465 decode=1134 total=110967
2026-09-26T22:56:47.983035Z	debug	dynamo_static_selector_rpc	static selector RPC	connection.id=247 request.id=83916 request_id=b34e4a75-00f9-4358-8b07-253818756000 elapsed_us=36356
static_stage_us prepare=55888 prefill=31897 select=36368 decode=1392 total=125545
2026-09-26T22:56:48.063601Z	debug	dynamo_static_buffer_ready	static prefill channel buffer readiness	connection.id=584 request.id=84829 request_id=9674b14f-f492-4c29-a6cf-e0da01108f00 ready_us=0 ready_offset_us=8 is_ok=true
2026-09-26T22:56:48.095904Z	debug	dynamo_static_rpc_split	static prefill RPC split	connection.id=584 request.id=84829 request_id=9674b14f-f492-4c29-a6cf-e0da01108f00 headers_us=32306 stream_us=4
2026-09-26T22:56:48.119282Z	debug	dynamo_static_selector_rpc	static selector RPC	connection.id=584 request.id=84829 request_id=9674b14f-f492-4c29-a6cf-e0da01108f00 elapsed_us=23352
static_stage_us prepare=51641 prefill=32336 select=23370 decode=1533 total=108880
2026-09-26T22:56:48.224548Z	debug	dynamo_static_buffer_ready	static prefill channel buffer readiness	connection.id=149 request.id=85836 request_id=83021636-9592-4b9e-91b5-7743ae3e0300 ready_us=0 ready_offset_us=6 is_ok=true
2026-09-26T22:56:48.246212Z	debug	dynamo_static_rpc_split	static prefill RPC split	connection.id=149 request.id=85836 request_id=83021636-9592-4b9e-91b5-7743ae3e0300 headers_us=21666 stream_us=4
2026-09-26T22:56:48.272141Z	debug	dynamo_static_selector_rpc	static selector RPC	connection.id=149 request.id=85836 request_id=83021636-9592-4b9e-91b5-7743ae3e0300 elapsed_us=25913
static_stage_us prepare=59314 prefill=21687 select=25929 decode=687 total=107617
2026-09-26T22:56:48.287037Z	debug	dynamo_static_buffer_ready	static prefill channel buffer readiness	connection.id=408 request.id=86216 request_id=93f58173-efde-43f2-8f98-e55b8069e000 ready_us=0 ready_offset_us=4 is_ok=true
2026-09-26T22:56:48.318861Z	debug	dynamo_static_rpc_split	static prefill RPC split	connection.id=408 request.id=86216 request_id=93f58173-efde-43f2-8f98-e55b8069e000 headers_us=31824 stream_us=2
2026-09-26T22:56:48.319569Z	debug	dynamo_static_buffer_ready	static prefill channel buffer readiness	connection.id=302 request.id=86403 request_id=ff68ece4-a6a0-4590-bd14-e20f30139600 ready_us=0 ready_offset_us=16 is_ok=true
2026-09-26T22:56:48.324428Z	debug	dynamo_static_buffer_ready	static prefill channel buffer readiness	connection.id=522 request.id=86447 request_id=50cd87ad-6849-427d-9fb6-da105afdc900 ready_us=0 ready_offset_us=4 is_ok=true
2026-09-26T22:56:48.343487Z	debug	dynamo_static_buffer_ready	static prefill channel buffer readiness	connection.id=258 request.id=86539 request_id=d2e4c4f7-fd23-44b6-8521-73b137dfcf00 ready_us=0 ready_offset_us=4 is_ok=true
2026-09-26T22:56:48.344236Z	debug	dynamo_static_buffer_ready	static prefill channel buffer readiness	connection.id=256 request.id=86623 request_id=4f806389-d551-4093-af0d-c8bf077bea00 ready_us=0 ready_offset_us=17 is_ok=true
static_stage_us prepare=51582 prefill=31862 select=29293 decode=729 total=113466
2026-09-26T22:56:48.348172Z	debug	dynamo_static_selector_rpc	static selector RPC	connection.id=408 request.id=86216 request_id=93f58173-efde-43f2-8f98-e55b8069e000 elapsed_us=29277
2026-09-26T22:56:48.356616Z	debug	dynamo_static_rpc_split	static prefill RPC split	connection.id=522 request.id=86447 request_id=50cd87ad-6849-427d-9fb6-da105afdc900 headers_us=32182 stream_us=9
2026-09-26T22:56:48.357880Z	debug	dynamo_static_rpc_split	static prefill RPC split	connection.id=302 request.id=86403 request_id=ff68ece4-a6a0-4590-bd14-e20f30139600 headers_us=38321 stream_us=6
2026-09-26T22:56:48.378995Z	debug	dynamo_static_rpc_split	static prefill RPC split	connection.id=256 request.id=86623 request_id=4f806389-d551-4093-af0d-c8bf077bea00 headers_us=34762 stream_us=13
2026-09-26T22:56:48.379032Z	debug	dynamo_static_selector_rpc	static selector RPC	connection.id=302 request.id=86403 request_id=ff68ece4-a6a0-4590-bd14-e20f30139600 elapsed_us=20431
static_stage_us prepare=44667 prefill=39049 select=20440 decode=968 total=105124
2026-09-26T22:56:48.380365Z	debug	dynamo_static_rpc_split	static prefill RPC split	connection.id=258 request.id=86539 request_id=d2e4c4f7-fd23-44b6-8521-73b137dfcf00 headers_us=36860 stream_us=30
2026-09-26T22:56:48.381413Z	debug	dynamo_static_buffer_ready	static prefill channel buffer readiness	connection.id=218 request.id=86784 request_id=e7a00533-7280-4669-9595-6f4be99e0e00 ready_us=0 ready_offset_us=5 is_ok=true
2026-09-26T22:56:48.386376Z	debug	dynamo_static_selector_rpc	static selector RPC	connection.id=522 request.id=86447 request_id=50cd87ad-6849-427d-9fb6-da105afdc900 elapsed_us=29300
static_stage_us prepare=42749 prefill=32652 select=29313 decode=1678 total=106392
2026-09-26T22:56:48.397766Z	debug	dynamo_static_buffer_ready	static prefill channel buffer readiness	connection.id=903 request.id=86909 request_id=25d3465f-2983-433f-ae88-37196983f100 ready_us=0 ready_offset_us=20 is_ok=true
2026-09-26T22:56:48.405368Z	debug	dynamo_static_selector_rpc	static selector RPC	connection.id=258 request.id=86539 request_id=d2e4c4f7-fd23-44b6-8521-73b137dfcf00 elapsed_us=24953
static_stage_us prepare=52844 prefill=36940 select=24969 decode=3878 total=118631
2026-09-26T22:56:48.409013Z	debug	dynamo_static_selector_rpc	static selector RPC	connection.id=256 request.id=86623 request_id=4f806389-d551-4093-af0d-c8bf077bea00 elapsed_us=30006
static_stage_us prepare=43772 prefill=34789 select=30020 decode=3190 total=111771
2026-09-26T22:56:48.415176Z	debug	dynamo_static_rpc_split	static prefill RPC split	connection.id=218 request.id=86784 request_id=e7a00533-7280-4669-9595-6f4be99e0e00 headers_us=33762 stream_us=4
2026-09-26T22:56:48.435168Z	debug	dynamo_static_rpc_split	static prefill RPC split	connection.id=903 request.id=86909 request_id=25d3465f-2983-433f-ae88-37196983f100 headers_us=37416 stream_us=4
2026-09-26T22:56:48.461196Z	debug	dynamo_static_selector_rpc	static selector RPC	connection.id=218 request.id=86784 request_id=e7a00533-7280-4669-9595-6f4be99e0e00 elapsed_us=46004
static_stage_us prepare=56677 prefill=33784 select=46024 decode=2638 total=139123
2026-09-26T22:56:48.470629Z	debug	dynamo_static_selector_rpc	static selector RPC	connection.id=903 request.id=86909 request_id=25d3465f-2983-433f-ae88-37196983f100 elapsed_us=35428
static_stage_us prepare=56664 prefill=37455 select=35441 decode=1613 total=131173
2026-09-26T22:56:48.657232Z	debug	dynamo_static_buffer_ready	static prefill channel buffer readiness	connection.id=452 request.id=88405 request_id=85e0d45e-aa72-429d-886a-7dada17f2f00 ready_us=0 ready_offset_us=3 is_ok=true
2026-09-26T22:56:48.662924Z	debug	dynamo_static_buffer_ready	static prefill channel buffer readiness	connection.id=576 request.id=88497 request_id=fc9418d7-e3ca-4133-8cae-f68e75326900 ready_us=0 ready_offset_us=2 is_ok=true
2026-09-26T22:56:48.680886Z	debug	dynamo_static_rpc_split	static prefill RPC split	connection.id=452 request.id=88405 request_id=85e0d45e-aa72-429d-886a-7dada17f2f00 headers_us=23644 stream_us=13
2026-09-26T22:56:48.684082Z	debug	dynamo_static_rpc_split	static prefill RPC split	connection.id=576 request.id=88497 request_id=fc9418d7-e3ca-4133-8cae-f68e75326900 headers_us=21154 stream_us=5
2026-09-26T22:56:48.714483Z	debug	dynamo_static_selector_rpc	static selector RPC	connection.id=452 request.id=88405 request_id=85e0d45e-aa72-429d-886a-7dada17f2f00 elapsed_us=33580
static_stage_us prepare=53967 prefill=23675 select=33594 decode=2796 total=114032
2026-09-26T22:56:48.717333Z	debug	dynamo_static_selector_rpc	static selector RPC	connection.id=576 request.id=88497 request_id=fc9418d7-e3ca-4133-8cae-f68e75326900 elapsed_us=33236
static_stage_us prepare=45637 prefill=21175 select=33254 decode=1119 total=101185
2026-09-26T22:56:48.795097Z	debug	dynamo_static_buffer_ready	static prefill channel buffer readiness	connection.id=353 request.id=89424 request_id=74da8f9f-1931-4db6-988a-9f2bf81ba400 ready_us=1 ready_offset_us=6 is_ok=true
2026-09-26T22:56:48.818766Z	debug	dynamo_static_rpc_split	static prefill RPC split	connection.id=353 request.id=89424 request_id=74da8f9f-1931-4db6-988a-9f2bf81ba400 headers_us=23666 stream_us=8
2026-09-26T22:56:48.831626Z	debug	dynamo_static_buffer_ready	static prefill channel buffer readiness	connection.id=210 request.id=89577 request_id=573e7430-aa28-4fdb-bba3-c794afc57f00 ready_us=0 ready_offset_us=8 is_ok=true
2026-09-26T22:56:48.853232Z	debug	dynamo_static_selector_rpc	static selector RPC	connection.id=353 request.id=89424 request_id=74da8f9f-1931-4db6-988a-9f2bf81ba400 elapsed_us=34448
static_stage_us prepare=34245 prefill=23694 select=34473 decode=2988 total=95400
2026-09-26T22:56:48.859951Z	debug	dynamo_static_rpc_split	static prefill RPC split	connection.id=210 request.id=89577 request_id=573e7430-aa28-4fdb-bba3-c794afc57f00 headers_us=28295 stream_us=37
2026-09-26T22:56:48.889475Z	debug	dynamo_static_buffer_ready	static prefill channel buffer readiness	connection.id=325 request.id=89896 request_id=4db7c742-97a0-4a9a-a3f5-b4cf11000700 ready_us=0 ready_offset_us=2 is_ok=true
2026-09-26T22:56:48.891143Z	debug	dynamo_static_selector_rpc	static selector RPC	connection.id=210 request.id=89577 request_id=573e7430-aa28-4fdb-bba3-c794afc57f00 elapsed_us=31173
static_stage_us prepare=43786 prefill=28353 select=31187 decode=4917 total=108243
2026-09-26T22:56:48.914143Z	debug	dynamo_static_rpc_split	static prefill RPC split	connection.id=325 request.id=89896 request_id=4db7c742-97a0-4a9a-a3f5-b4cf11000700 headers_us=24665 stream_us=4
2026-09-26T22:56:48.920183Z	debug	dynamo_static_buffer_ready	static prefill channel buffer readiness	connection.id=753 request.id=90087 request_id=44f35ad4-65a7-4952-9089-bffc1660d300 ready_us=0 ready_offset_us=5 is_ok=true
2026-09-26T22:56:48.921574Z	debug	dynamo_static_buffer_ready	static prefill channel buffer readiness	connection.id=280 request.id=90064 request_id=6d1e9600-f650-402a-b100-2d718c83e200 ready_us=0 ready_offset_us=3 is_ok=true
2026-09-26T22:56:48.935322Z	debug	dynamo_static_selector_rpc	static selector RPC	connection.id=325 request.id=89896 request_id=4db7c742-97a0-4a9a-a3f5-b4cf11000700 elapsed_us=21166
static_stage_us prepare=44052 prefill=24683 select=21180 decode=1068 total=90983
2026-09-26T22:56:48.944601Z	debug	dynamo_static_rpc_split	static prefill RPC split	connection.id=753 request.id=90087 request_id=44f35ad4-65a7-4952-9089-bffc1660d300 headers_us=24417 stream_us=5
2026-09-26T22:56:48.952041Z	debug	dynamo_static_rpc_split	static prefill RPC split	connection.id=280 request.id=90064 request_id=6d1e9600-f650-402a-b100-2d718c83e200 headers_us=30466 stream_us=3
2026-09-26T22:56:48.976776Z	debug	dynamo_static_selector_rpc	static selector RPC	connection.id=753 request.id=90087 request_id=44f35ad4-65a7-4952-9089-bffc1660d300 elapsed_us=32161
2026-09-26T22:56:48.977072Z	debug	dynamo_static_selector_rpc	static selector RPC	connection.id=280 request.id=90064 request_id=6d1e9600-f650-402a-b100-2d718c83e200 elapsed_us=25017
static_stage_us prepare=56674 prefill=30484 select=25031 decode=2123 total=114312
static_stage_us prepare=53230 prefill=24438 select=32174 decode=2581 total=112423
2026-09-26T22:56:49.052113Z	debug	dynamo_static_buffer_ready	static prefill channel buffer readiness	connection.id=507 request.id=90969 request_id=40a45ba9-b43c-4378-86e1-35302b3a7900 ready_us=0 ready_offset_us=1 is_ok=true
2026-09-26T22:56:49.083947Z	debug	dynamo_static_rpc_split	static prefill RPC split	connection.id=507 request.id=90969 request_id=40a45ba9-b43c-4378-86e1-35302b3a7900 headers_us=31829 stream_us=3
2026-09-26T22:56:49.095452Z	debug	dynamo_static_buffer_ready	static prefill channel buffer readiness	connection.id=475 request.id=91267 request_id=e89630b4-8815-4ba5-969d-388dd587eb00 ready_us=0 ready_offset_us=1 is_ok=true
2026-09-26T22:56:49.120501Z	debug	dynamo_static_selector_rpc	static selector RPC	connection.id=507 request.id=90969 request_id=40a45ba9-b43c-4378-86e1-35302b3a7900 elapsed_us=36530
static_stage_us prepare=49550 prefill=31872 select=36553 decode=1651 total=119626
2026-09-26T22:56:49.138446Z	debug	dynamo_static_rpc_split	static prefill RPC split	connection.id=475 request.id=91267 request_id=e89630b4-8815-4ba5-969d-388dd587eb00 headers_us=42991 stream_us=3
2026-09-26T22:56:49.159065Z	debug	dynamo_static_buffer_ready	static prefill channel buffer readiness	connection.id=708 request.id=91666 request_id=6223d331-b029-4f87-9dca-3952d60f1d00 ready_us=0 ready_offset_us=25 is_ok=true
2026-09-26T22:56:49.159123Z	debug	dynamo_static_buffer_ready	static prefill channel buffer readiness	connection.id=949 request.id=91683 request_id=9c4d7250-b8e2-4b12-85d5-5d0963788500 ready_us=0 ready_offset_us=4 is_ok=true
2026-09-26T22:56:49.164353Z	debug	dynamo_static_selector_rpc	static selector RPC	connection.id=475 request.id=91267 request_id=e89630b4-8815-4ba5-969d-388dd587eb00 elapsed_us=25890
static_stage_us prepare=45210 prefill=43012 select=25903 decode=1473 total=115598
2026-09-26T22:56:49.167265Z	debug	dynamo_static_buffer_ready	static prefill channel buffer readiness	connection.id=675 request.id=91725 request_id=b74d10bf-318d-4a3e-a0f7-1be307bc8500 ready_us=0 ready_offset_us=4 is_ok=true
2026-09-26T22:56:49.186243Z	debug	dynamo_static_rpc_split	static prefill RPC split	connection.id=708 request.id=91666 request_id=6223d331-b029-4f87-9dca-3952d60f1d00 headers_us=27196 stream_us=4
2026-09-26T22:56:49.188459Z	debug	dynamo_static_rpc_split	static prefill RPC split	connection.id=949 request.id=91683 request_id=9c4d7250-b8e2-4b12-85d5-5d0963788500 headers_us=29310 stream_us=30
2026-09-26T22:56:49.195300Z	debug	dynamo_static_rpc_split	static prefill RPC split	connection.id=675 request.id=91725 request_id=b74d10bf-318d-4a3e-a0f7-1be307bc8500 headers_us=28035 stream_us=3
2026-09-26T22:56:49.208600Z	debug	dynamo_static_selector_rpc	static selector RPC	connection.id=708 request.id=91666 request_id=6223d331-b029-4f87-9dca-3952d60f1d00 elapsed_us=22343
static_stage_us prepare=55704 prefill=27217 select=22359 decode=1242 total=106522
2026-09-26T22:56:49.218168Z	debug	dynamo_static_selector_rpc	static selector RPC	connection.id=949 request.id=91683 request_id=9c4d7250-b8e2-4b12-85d5-5d0963788500 elapsed_us=29693
static_stage_us prepare=54849 prefill=29356 select=29705 decode=3092 total=117002
2026-09-26T22:56:49.222346Z	debug	dynamo_static_selector_rpc	static selector RPC	connection.id=675 request.id=91725 request_id=b74d10bf-318d-4a3e-a0f7-1be307bc8500 elapsed_us=27033
2026-09-26T22:56:49.222540Z	debug	dynamo_static_buffer_ready	static prefill channel buffer readiness	connection.id=313 request.id=92051 request_id=f3da8b61-eb97-4f9d-b0f8-d7c46847ca00 ready_us=0 ready_offset_us=4 is_ok=true
static_stage_us prepare=54415 prefill=28051 select=27049 decode=812 total=110327
2026-09-26T22:56:49.253931Z	debug	dynamo_static_rpc_split	static prefill RPC split	connection.id=313 request.id=92051 request_id=f3da8b61-eb97-4f9d-b0f8-d7c46847ca00 headers_us=31381 stream_us=14
2026-09-26T22:56:49.262924Z	debug	dynamo_static_buffer_ready	static prefill channel buffer readiness	connection.id=629 request.id=92275 request_id=74d6572f-1665-45d6-8a3e-280b4cb52500 ready_us=0 ready_offset_us=3 is_ok=true
2026-09-26T22:56:49.283048Z	debug	dynamo_static_buffer_ready	static prefill channel buffer readiness	connection.id=746 request.id=92449 request_id=ac35040b-a578-489b-a0b8-aa7b523d4e00 ready_us=0 ready_offset_us=4 is_ok=true
2026-09-26T22:56:49.285867Z	debug	dynamo_static_selector_rpc	static selector RPC	connection.id=313 request.id=92051 request_id=f3da8b61-eb97-4f9d-b0f8-d7c46847ca00 elapsed_us=31909
static_stage_us prepare=44867 prefill=31421 select=31925 decode=1705 total=109918
2026-09-26T22:56:49.290921Z	debug	dynamo_static_rpc_split	static prefill RPC split	connection.id=629 request.id=92275 request_id=74d6572f-1665-45d6-8a3e-280b4cb52500 headers_us=28009 stream_us=5
2026-09-26T22:56:49.294235Z	debug	dynamo_static_buffer_ready	static prefill channel buffer readiness	connection.id=443 request.id=92510 request_id=01195a86-c4e4-4603-8232-d08561e90400 ready_us=0 ready_offset_us=2 is_ok=true
2026-09-26T22:56:49.313411Z	debug	dynamo_static_rpc_split	static prefill RPC split	connection.id=746 request.id=92449 request_id=ac35040b-a578-489b-a0b8-aa7b523d4e00 headers_us=30357 stream_us=11
2026-09-26T22:56:49.320247Z	debug	dynamo_static_selector_rpc	static selector RPC	connection.id=629 request.id=92275 request_id=74d6572f-1665-45d6-8a3e-280b4cb52500 elapsed_us=29263
2026-09-26T22:56:49.320473Z	debug	dynamo_static_rpc_split	static prefill RPC split	connection.id=443 request.id=92510 request_id=01195a86-c4e4-4603-8232-d08561e90400 headers_us=26230 stream_us=9
static_stage_us prepare=54764 prefill=28078 select=29277 decode=3275 total=115394
2026-09-26T22:56:49.337295Z	debug	dynamo_static_buffer_ready	static prefill channel buffer readiness	connection.id=350 request.id=92751 request_id=af3df5a4-813c-4535-82ca-a38f51cea900 ready_us=0 ready_offset_us=2 is_ok=true
2026-09-26T22:56:49.337322Z	debug	dynamo_static_buffer_ready	static prefill channel buffer readiness	connection.id=874 request.id=92757 request_id=1723aacf-090e-493e-b08d-f278c5ff1300 ready_us=1 ready_offset_us=4 is_ok=true
2026-09-26T22:56:49.337600Z	debug	dynamo_static_buffer_ready	static prefill channel buffer readiness	connection.id=374 request.id=92741 request_id=97af6266-965e-42d9-932b-92f0c8e15400 ready_us=0 ready_offset_us=5 is_ok=true
2026-09-26T22:56:49.342496Z	debug	dynamo_static_selector_rpc	static selector RPC	connection.id=746 request.id=92449 request_id=ac35040b-a578-489b-a0b8-aa7b523d4e00 elapsed_us=29071
static_stage_us prepare=56188 prefill=30382 select=29082 decode=2632 total=118284
2026-09-26T22:56:49.353338Z	debug	dynamo_static_selector_rpc	static selector RPC	connection.id=443 request.id=92510 request_id=01195a86-c4e4-4603-8232-d08561e90400 elapsed_us=32845
static_stage_us prepare=52434 prefill=26261 select=32864 decode=1867 total=113426
2026-09-26T22:56:49.365463Z	debug	dynamo_static_rpc_split	static prefill RPC split	connection.id=874 request.id=92757 request_id=1723aacf-090e-493e-b08d-f278c5ff1300 headers_us=28139 stream_us=4
2026-09-26T22:56:49.365561Z	debug	dynamo_static_rpc_split	static prefill RPC split	connection.id=350 request.id=92751 request_id=af3df5a4-813c-4535-82ca-a38f51cea900 headers_us=28265 stream_us=4
2026-09-26T22:56:49.365627Z	debug	dynamo_static_rpc_split	static prefill RPC split	connection.id=374 request.id=92741 request_id=97af6266-965e-42d9-932b-92f0c8e15400 headers_us=28026 stream_us=6
2026-09-26T22:56:49.391720Z	debug	dynamo_static_selector_rpc	static selector RPC	connection.id=350 request.id=92751 request_id=af3df5a4-813c-4535-82ca-a38f51cea900 elapsed_us=26152
static_stage_us prepare=50964 prefill=28275 select=26165 decode=958 total=106362
2026-09-26T22:56:49.392980Z	debug	dynamo_static_selector_rpc	static selector RPC	connection.id=374 request.id=92741 request_id=97af6266-965e-42d9-932b-92f0c8e15400 elapsed_us=27341
2026-09-26T22:56:49.393023Z	debug	dynamo_static_selector_rpc	static selector RPC	connection.id=874 request.id=92757 request_id=1723aacf-090e-493e-b08d-f278c5ff1300 elapsed_us=27546
static_stage_us prepare=54303 prefill=28045 select=27351 decode=896 total=110595
static_stage_us prepare=50628 prefill=28159 select=27556 decode=2061 total=108404
2026-09-26T22:56:49.420482Z	debug	dynamo_static_buffer_ready	static prefill channel buffer readiness	connection.id=227 request.id=93229 request_id=628cc468-5796-4caf-b083-0925ff712700 ready_us=0 ready_offset_us=5 is_ok=true
2026-09-26T22:56:49.424357Z	debug	dynamo_static_buffer_ready	static prefill channel buffer readiness	connection.id=953 request.id=93254 request_id=7cc35535-47df-4cca-a872-95f8a5029b00 ready_us=0 ready_offset_us=4 is_ok=true
2026-09-26T22:56:49.445782Z	debug	dynamo_static_buffer_ready	static prefill channel buffer readiness	connection.id=440 request.id=93422 request_id=aaab1c39-f903-471d-aa26-deb1eecefa00 ready_us=0 ready_offset_us=4 is_ok=true
2026-09-26T22:56:49.452644Z	debug	dynamo_static_rpc_split	static prefill RPC split	connection.id=227 request.id=93229 request_id=628cc468-5796-4caf-b083-0925ff712700 headers_us=32153 stream_us=13
2026-09-26T22:56:49.458609Z	debug	dynamo_static_rpc_split	static prefill RPC split	connection.id=953 request.id=93254 request_id=7cc35535-47df-4cca-a872-95f8a5029b00 headers_us=34249 stream_us=7
2026-09-26T22:56:49.474362Z	debug	dynamo_static_rpc_split	static prefill RPC split	connection.id=440 request.id=93422 request_id=aaab1c39-f903-471d-aa26-deb1eecefa00 headers_us=28579 stream_us=5
2026-09-26T22:56:49.479194Z	debug	dynamo_static_selector_rpc	static selector RPC	connection.id=227 request.id=93229 request_id=628cc468-5796-4caf-b083-0925ff712700 elapsed_us=26530
static_stage_us prepare=56001 prefill=32187 select=26544 decode=826 total=115558
2026-09-26T22:56:49.484657Z	debug	dynamo_static_selector_rpc	static selector RPC	connection.id=953 request.id=93254 request_id=7cc35535-47df-4cca-a872-95f8a5029b00 elapsed_us=26033
static_stage_us prepare=54884 prefill=34273 select=26045 decode=2519 total=117721
2026-09-26T22:56:49.488399Z	debug	dynamo_static_buffer_ready	static prefill channel buffer readiness	connection.id=381 request.id=93703 request_id=3e76d4a2-a688-4bce-9720-99f8c258bf00 ready_us=0 ready_offset_us=4 is_ok=true
2026-09-26T22:56:49.502170Z	debug	dynamo_static_selector_rpc	static selector RPC	connection.id=440 request.id=93422 request_id=aaab1c39-f903-471d-aa26-deb1eecefa00 elapsed_us=27793
static_stage_us prepare=55664 prefill=28599 select=27809 decode=1594 total=113666
2026-09-26T22:56:49.515009Z	debug	dynamo_static_rpc_split	static prefill RPC split	connection.id=381 request.id=93703 request_id=3e76d4a2-a688-4bce-9720-99f8c258bf00 headers_us=26611 stream_us=3
2026-09-26T22:56:49.547811Z	debug	dynamo_static_selector_rpc	static selector RPC	connection.id=381 request.id=93703 request_id=3e76d4a2-a688-4bce-9720-99f8c258bf00 elapsed_us=32787
static_stage_us prepare=53592 prefill=26630 select=32805 decode=1392 total=114419
2026-09-26T22:56:49.558380Z	debug	dynamo_static_buffer_ready	static prefill channel buffer readiness	connection.id=559 request.id=94162 request_id=0f2fedaf-bed5-4430-8317-e912fca46300 ready_us=0 ready_offset_us=3 is_ok=true
2026-09-26T22:56:49.560847Z	debug	dynamo_static_buffer_ready	static prefill channel buffer readiness	connection.id=949 request.id=94153 request_id=ac66cbca-c0ef-40bf-91ab-eea74c7b6700 ready_us=0 ready_offset_us=6 is_ok=true
2026-09-26T22:56:49.586521Z	debug	dynamo_static_rpc_split	static prefill RPC split	connection.id=559 request.id=94162 request_id=0f2fedaf-bed5-4430-8317-e912fca46300 headers_us=28105 stream_us=38
2026-09-26T22:56:49.587234Z	debug	dynamo_static_buffer_ready	static prefill channel buffer readiness	connection.id=380 request.id=94382 request_id=95b4fb43-dfd9-49ae-80f0-5a69ddc94100 ready_us=0 ready_offset_us=3 is_ok=true
2026-09-26T22:56:49.589152Z	debug	dynamo_static_rpc_split	static prefill RPC split	connection.id=949 request.id=94153 request_id=ac66cbca-c0ef-40bf-91ab-eea74c7b6700 headers_us=28298 stream_us=12
2026-09-26T22:56:49.602088Z	debug	dynamo_static_buffer_ready	static prefill channel buffer readiness	connection.id=264 request.id=94452 request_id=08f9439d-196a-4af2-8d02-c6078f97b600 ready_us=0 ready_offset_us=5 is_ok=true
2026-09-26T22:56:49.609363Z	debug	dynamo_static_buffer_ready	static prefill channel buffer readiness	connection.id=317 request.id=94491 request_id=f1eb278e-c8eb-4400-86b2-c11ffb5fd100 ready_us=0 ready_offset_us=3 is_ok=true
2026-09-26T22:56:49.613531Z	debug	dynamo_static_buffer_ready	static prefill channel buffer readiness	connection.id=931 request.id=94536 request_id=d8e94f3c-8cff-481b-b248-30d719bf9600 ready_us=0 ready_offset_us=3 is_ok=true
2026-09-26T22:56:49.616111Z	debug	dynamo_static_selector_rpc	static selector RPC	connection.id=559 request.id=94162 request_id=0f2fedaf-bed5-4430-8317-e912fca46300 elapsed_us=29575
2026-09-26T22:56:49.616112Z	debug	dynamo_static_selector_rpc	static selector RPC	connection.id=949 request.id=94153 request_id=ac66cbca-c0ef-40bf-91ab-eea74c7b6700 elapsed_us=26942
static_stage_us prepare=44270 prefill=28158 select=29591 decode=890 total=102909
static_stage_us prepare=47300 prefill=28329 select=26964 decode=927 total=103520
2026-09-26T22:56:49.618290Z	debug	dynamo_static_rpc_split	static prefill RPC split	connection.id=380 request.id=94382 request_id=95b4fb43-dfd9-49ae-80f0-5a69ddc94100 headers_us=31042 stream_us=15
2026-09-26T22:56:49.634468Z	debug	dynamo_static_rpc_split	static prefill RPC split	connection.id=317 request.id=94491 request_id=f1eb278e-c8eb-4400-86b2-c11ffb5fd100 headers_us=25095 stream_us=12
2026-09-26T22:56:49.634801Z	debug	dynamo_static_rpc_split	static prefill RPC split	connection.id=264 request.id=94452 request_id=08f9439d-196a-4af2-8d02-c6078f97b600 headers_us=32709 stream_us=7
2026-09-26T22:56:49.644298Z	debug	dynamo_static_rpc_split	static prefill RPC split	connection.id=931 request.id=94536 request_id=d8e94f3c-8cff-481b-b248-30d719bf9600 headers_us=30764 stream_us=5
2026-09-26T22:56:49.644858Z	debug	dynamo_static_buffer_ready	static prefill channel buffer readiness	connection.id=624 request.id=94677 request_id=26a43ed5-e2b0-480e-a238-38013c9efb00 ready_us=0 ready_offset_us=3 is_ok=true
static_stage_us prepare=47524 prefill=31074 select=29059 decode=938 total=108595
2026-09-26T22:56:49.647352Z	debug	dynamo_static_selector_rpc	static selector RPC	connection.id=380 request.id=94382 request_id=95b4fb43-dfd9-49ae-80f0-5a69ddc94100 elapsed_us=29047
2026-09-26T22:56:49.653722Z	debug	dynamo_static_selector_rpc	static selector RPC	connection.id=317 request.id=94491 request_id=f1eb278e-c8eb-4400-86b2-c11ffb5fd100 elapsed_us=19171
static_stage_us prepare=49566 prefill=25192 select=19184 decode=915 total=94857
2026-09-26T22:56:49.656369Z	debug	dynamo_static_buffer_ready	static prefill channel buffer readiness	connection.id=518 request.id=94845 request_id=24c7d89b-d87c-412a-9107-12ab05d30700 ready_us=0 ready_offset_us=3 is_ok=true
2026-09-26T22:56:49.663114Z	debug	dynamo_static_selector_rpc	static selector RPC	connection.id=264 request.id=94452 request_id=08f9439d-196a-4af2-8d02-c6078f97b600 elapsed_us=28292
static_stage_us prepare=49048 prefill=32739 select=28303 decode=1097 total=111187
2026-09-26T22:56:49.675092Z	debug	dynamo_static_selector_rpc	static selector RPC	connection.id=931 request.id=94536 request_id=d8e94f3c-8cff-481b-b248-30d719bf9600 elapsed_us=30781
2026-09-26T22:56:49.676186Z	debug	dynamo_static_rpc_split	static prefill RPC split	connection.id=624 request.id=94677 request_id=26a43ed5-e2b0-480e-a238-38013c9efb00 headers_us=31311 stream_us=19
static_stage_us prepare=48792 prefill=30783 select=30795 decode=1839 total=112209
2026-09-26T22:56:49.682557Z	debug	dynamo_static_rpc_split	static prefill RPC split	connection.id=518 request.id=94845 request_id=24c7d89b-d87c-412a-9107-12ab05d30700 headers_us=26178 stream_us=12
2026-09-26T22:56:49.703643Z	debug	dynamo_static_selector_rpc	static selector RPC	connection.id=624 request.id=94677 request_id=26a43ed5-e2b0-480e-a238-38013c9efb00 elapsed_us=27442
2026-09-26T22:56:49.704249Z	debug	dynamo_static_selector_rpc	static selector RPC	connection.id=518 request.id=94845 request_id=24c7d89b-d87c-412a-9107-12ab05d30700 elapsed_us=21679
static_stage_us prepare=50839 prefill=31345 select=27455 decode=1258 total=110897
static_stage_us prepare=39454 prefill=26205 select=21691 decode=3023 total=90373
2026-09-26T22:56:49.841700Z	debug	dynamo_static_buffer_ready	static prefill channel buffer readiness	connection.id=446 request.id=95914 request_id=0a03b37e-6ede-4796-bc0f-18f50e34b400 ready_us=0 ready_offset_us=6 is_ok=true
2026-09-26T22:56:49.874888Z	debug	dynamo_static_buffer_ready	static prefill channel buffer readiness	connection.id=696 request.id=96063 request_id=9e4d9b3a-192d-4520-9d10-1ee5112f0f00 ready_us=0 ready_offset_us=3 is_ok=true
2026-09-26T22:56:49.875168Z	debug	dynamo_static_rpc_split	static prefill RPC split	connection.id=446 request.id=95914 request_id=0a03b37e-6ede-4796-bc0f-18f50e34b400 headers_us=33461 stream_us=14
2026-09-26T22:56:49.903374Z	debug	dynamo_static_rpc_split	static prefill RPC split	connection.id=696 request.id=96063 request_id=9e4d9b3a-192d-4520-9d10-1ee5112f0f00 headers_us=28484 stream_us=4
2026-09-26T22:56:49.910855Z	debug	dynamo_static_selector_rpc	static selector RPC	connection.id=446 request.id=95914 request_id=0a03b37e-6ede-4796-bc0f-18f50e34b400 elapsed_us=35677
static_stage_us prepare=60774 prefill=33485 select=35692 decode=3016 total=132967
2026-09-26T22:56:49.930178Z	debug	dynamo_static_buffer_ready	static prefill channel buffer readiness	connection.id=129 request.id=96431 request_id=d9dbb019-2e66-455f-927a-5235bd06a600 ready_us=0 ready_offset_us=5 is_ok=true
2026-09-26T22:56:49.937518Z	debug	dynamo_static_selector_rpc	static selector RPC	connection.id=696 request.id=96063 request_id=9e4d9b3a-192d-4520-9d10-1ee5112f0f00 elapsed_us=34121
static_stage_us prepare=62717 prefill=28512 select=34134 decode=1030 total=126393
2026-09-26T22:56:49.956900Z	debug	dynamo_static_buffer_ready	static prefill channel buffer readiness	connection.id=775 request.id=96546 request_id=e1635497-19cd-439b-b55e-ab6b3bc3d400 ready_us=0 ready_offset_us=11 is_ok=true
2026-09-26T22:56:49.961318Z	debug	dynamo_static_rpc_split	static prefill RPC split	connection.id=129 request.id=96431 request_id=d9dbb019-2e66-455f-927a-5235bd06a600 headers_us=31138 stream_us=6
2026-09-26T22:56:49.986662Z	debug	dynamo_static_rpc_split	static prefill RPC split	connection.id=775 request.id=96546 request_id=e1635497-19cd-439b-b55e-ab6b3bc3d400 headers_us=29768 stream_us=4
2026-09-26T22:56:49.996560Z	debug	dynamo_static_selector_rpc	static selector RPC	connection.id=129 request.id=96431 request_id=d9dbb019-2e66-455f-927a-5235bd06a600 elapsed_us=35226
static_stage_us prepare=57793 prefill=31162 select=35244 decode=1081 total=125280
2026-09-26T22:56:50.017847Z	debug	dynamo_static_selector_rpc	static selector RPC	connection.id=775 request.id=96546 request_id=e1635497-19cd-439b-b55e-ab6b3bc3d400 elapsed_us=31170
static_stage_us prepare=53934 prefill=29788 select=31194 decode=1575 total=116491
2026-09-26T22:56:50.048788Z	debug	dynamo_static_buffer_ready	static prefill channel buffer readiness	connection.id=624 request.id=97149 request_id=45df60cd-f060-4d15-a4d2-229a87ca3d00 ready_us=0 ready_offset_us=3 is_ok=true
2026-09-26T22:56:50.072847Z	debug	dynamo_static_buffer_ready	static prefill channel buffer readiness	connection.id=586 request.id=97270 request_id=b7c2a5fe-3140-4b44-b01b-07dce9dfff00 ready_us=1 ready_offset_us=18 is_ok=true
2026-09-26T22:56:50.079543Z	debug	dynamo_static_rpc_split	static prefill RPC split	connection.id=624 request.id=97149 request_id=45df60cd-f060-4d15-a4d2-229a87ca3d00 headers_us=30753 stream_us=5
2026-09-26T22:56:50.086358Z	debug	dynamo_static_buffer_ready	static prefill channel buffer readiness	connection.id=503 request.id=97365 request_id=45cdbb77-9130-4964-b2d7-3a2d8d175800 ready_us=0 ready_offset_us=5 is_ok=true
2026-09-26T22:56:50.101509Z	debug	dynamo_static_rpc_split	static prefill RPC split	connection.id=586 request.id=97270 request_id=b7c2a5fe-3140-4b44-b01b-07dce9dfff00 headers_us=28675 stream_us=4
2026-09-26T22:56:50.104289Z	debug	dynamo_static_selector_rpc	static selector RPC	connection.id=624 request.id=97149 request_id=45df60cd-f060-4d15-a4d2-229a87ca3d00 elapsed_us=24732
static_stage_us prepare=47738 prefill=30773 select=24747 decode=1996 total=105254
2026-09-26T22:56:50.119322Z	debug	dynamo_static_rpc_split	static prefill RPC split	connection.id=503 request.id=97365 request_id=45cdbb77-9130-4964-b2d7-3a2d8d175800 headers_us=32961 stream_us=8
2026-09-26T22:56:50.127440Z	debug	dynamo_static_selector_rpc	static selector RPC	connection.id=586 request.id=97270 request_id=b7c2a5fe-3140-4b44-b01b-07dce9dfff00 elapsed_us=25916
static_stage_us prepare=54577 prefill=28696 select=25929 decode=1471 total=110673
2026-09-26T22:56:50.133273Z	debug	dynamo_static_buffer_ready	static prefill channel buffer readiness	connection.id=455 request.id=97629 request_id=03205ecb-3ac4-43b7-9ee8-7df203660b00 ready_us=0 ready_offset_us=3 is_ok=true
2026-09-26T22:56:50.134928Z	debug	dynamo_static_buffer_ready	static prefill channel buffer readiness	connection.id=380 request.id=97677 request_id=2a113038-c3b3-4fcd-9841-fa70049aa900 ready_us=0 ready_offset_us=2 is_ok=true
2026-09-26T22:56:50.134945Z	debug	dynamo_static_buffer_ready	static prefill channel buffer readiness	connection.id=565 request.id=97674 request_id=be5d5dfc-4e46-4913-bec7-549d86dd3300 ready_us=0 ready_offset_us=14 is_ok=true
2026-09-26T22:56:50.137171Z	debug	dynamo_static_buffer_ready	static prefill channel buffer readiness	connection.id=512 request.id=97651 request_id=0db68e10-84d2-4058-adbb-98abb5fb2100 ready_us=0 ready_offset_us=4 is_ok=true
2026-09-26T22:56:50.143927Z	debug	dynamo_static_selector_rpc	static selector RPC	connection.id=503 request.id=97365 request_id=45cdbb77-9130-4964-b2d7-3a2d8d175800 elapsed_us=24591
static_stage_us prepare=53967 prefill=32983 select=24616 decode=1262 total=112828
2026-09-26T22:56:50.151232Z	debug	dynamo_static_buffer_ready	static prefill channel buffer readiness	connection.id=937 request.id=97822 request_id=9dd566af-7aec-45cd-9407-4c3e8315d500 ready_us=0 ready_offset_us=5 is_ok=true
2026-09-26T22:56:50.161414Z	debug	dynamo_static_rpc_split	static prefill RPC split	connection.id=380 request.id=97677 request_id=2a113038-c3b3-4fcd-9841-fa70049aa900 headers_us=26478 stream_us=11
2026-09-26T22:56:50.161500Z	debug	dynamo_static_rpc_split	static prefill RPC split	connection.id=455 request.id=97629 request_id=03205ecb-3ac4-43b7-9ee8-7df203660b00 headers_us=28225 stream_us=5
2026-09-26T22:56:50.165124Z	debug	dynamo_static_rpc_split	static prefill RPC split	connection.id=512 request.id=97651 request_id=0db68e10-84d2-4058-adbb-98abb5fb2100 headers_us=27950 stream_us=6
2026-09-26T22:56:50.165288Z	debug	dynamo_static_rpc_split	static prefill RPC split	connection.id=565 request.id=97674 request_id=be5d5dfc-4e46-4913-bec7-549d86dd3300 headers_us=30350 stream_us=6
2026-09-26T22:56:50.179758Z	debug	dynamo_static_rpc_split	static prefill RPC split	connection.id=937 request.id=97822 request_id=9dd566af-7aec-45cd-9407-4c3e8315d500 headers_us=28510 stream_us=20
2026-09-26T22:56:50.183345Z	debug	dynamo_static_selector_rpc	static selector RPC	connection.id=380 request.id=97677 request_id=2a113038-c3b3-4fcd-9841-fa70049aa900 elapsed_us=21917
static_stage_us prepare=46155 prefill=26502 select=21930 decode=1065 total=95652
2026-09-26T22:56:50.188804Z	debug	dynamo_static_buffer_ready	static prefill channel buffer readiness	connection.id=341 request.id=97978 request_id=1e53d532-6253-4a1b-94ee-dd727ef22800 ready_us=0 ready_offset_us=7 is_ok=true
2026-09-26T22:56:50.191727Z	debug	dynamo_static_selector_rpc	static selector RPC	connection.id=455 request.id=97629 request_id=03205ecb-3ac4-43b7-9ee8-7df203660b00 elapsed_us=30210
static_stage_us prepare=55052 prefill=28247 select=30224 decode=1140 total=114663
2026-09-26T22:56:50.198733Z	debug	dynamo_static_selector_rpc	static selector RPC	connection.id=512 request.id=97651 request_id=0db68e10-84d2-4058-adbb-98abb5fb2100 elapsed_us=33572
2026-09-26T22:56:50.198889Z	debug	dynamo_static_selector_rpc	static selector RPC	connection.id=565 request.id=97674 request_id=be5d5dfc-4e46-4913-bec7-549d86dd3300 elapsed_us=33586
static_stage_us prepare=54412 prefill=27994 select=33582 decode=972 total=116960
static_stage_us prepare=46767 prefill=30372 select=33596 decode=1224 total=111959
2026-09-26T22:56:50.201730Z	debug	dynamo_static_buffer_ready	static prefill channel buffer readiness	connection.id=791 request.id=98043 request_id=cc21caea-f309-4b7e-8a6d-b0572e723a00 ready_us=0 ready_offset_us=3 is_ok=true
2026-09-26T22:56:50.210989Z	debug	dynamo_static_selector_rpc	static selector RPC	connection.id=937 request.id=97822 request_id=9dd566af-7aec-45cd-9407-4c3e8315d500 elapsed_us=31215
static_stage_us prepare=38175 prefill=28547 select=31230 decode=1589 total=99541
2026-09-26T22:56:50.217689Z	debug	dynamo_static_rpc_split	static prefill RPC split	connection.id=341 request.id=97978 request_id=1e53d532-6253-4a1b-94ee-dd727ef22800 headers_us=28880 stream_us=10
2026-09-26T22:56:50.231017Z	debug	dynamo_static_buffer_ready	static prefill channel buffer readiness	connection.id=754 request.id=98282 request_id=37fc99bc-19ea-4e82-9ed7-82af72a24100 ready_us=0 ready_offset_us=4 is_ok=true
2026-09-26T22:56:50.234251Z	debug	dynamo_static_rpc_split	static prefill RPC split	connection.id=791 request.id=98043 request_id=cc21caea-f309-4b7e-8a6d-b0572e723a00 headers_us=32518 stream_us=5
2026-09-26T22:56:50.241582Z	debug	dynamo_static_selector_rpc	static selector RPC	connection.id=341 request.id=97978 request_id=1e53d532-6253-4a1b-94ee-dd727ef22800 elapsed_us=23881
static_stage_us prepare=50131 prefill=28904 select=23895 decode=1270 total=104200
2026-09-26T22:56:50.252129Z	debug	dynamo_static_rpc_split	static prefill RPC split	connection.id=754 request.id=98282 request_id=37fc99bc-19ea-4e82-9ed7-82af72a24100 headers_us=21069 stream_us=47
2026-09-26T22:56:50.257109Z	debug	dynamo_static_selector_rpc	static selector RPC	connection.id=791 request.id=98043 request_id=cc21caea-f309-4b7e-8a6d-b0572e723a00 elapsed_us=22840
static_stage_us prepare=56366 prefill=32542 select=22864 decode=911 total=112683
2026-09-26T22:56:50.275050Z	debug	dynamo_static_buffer_ready	static prefill channel buffer readiness	connection.id=551 request.id=98580 request_id=8b2132cb-647d-45c5-a484-feb793455700 ready_us=0 ready_offset_us=6 is_ok=true
2026-09-26T22:56:50.279371Z	debug	dynamo_static_selector_rpc	static selector RPC	connection.id=754 request.id=98282 request_id=37fc99bc-19ea-4e82-9ed7-82af72a24100 elapsed_us=27212
static_stage_us prepare=51169 prefill=21146 select=27225 decode=1763 total=101303
2026-09-26T22:56:50.295967Z	debug	dynamo_static_buffer_ready	static prefill channel buffer readiness	connection.id=631 request.id=98661 request_id=e8875c88-ad86-4381-9020-d94dd28fdd00 ready_us=0 ready_offset_us=2 is_ok=true
2026-09-26T22:56:50.302521Z	debug	dynamo_static_rpc_split	static prefill RPC split	connection.id=551 request.id=98580 request_id=8b2132cb-647d-45c5-a484-feb793455700 headers_us=27473 stream_us=2
2026-09-26T22:56:50.315138Z	debug	dynamo_static_buffer_ready	static prefill channel buffer readiness	connection.id=215 request.id=98792 request_id=1cdf7bfd-2c92-49f8-86d1-f3be414aa400 ready_us=0 ready_offset_us=3 is_ok=true
2026-09-26T22:56:50.331268Z	debug	dynamo_static_selector_rpc	static selector RPC	connection.id=551 request.id=98580 request_id=8b2132cb-647d-45c5-a484-feb793455700 elapsed_us=28731
2026-09-26T22:56:50.331362Z	debug	dynamo_static_rpc_split	static prefill RPC split	connection.id=631 request.id=98661 request_id=e8875c88-ad86-4381-9020-d94dd28fdd00 headers_us=35387 stream_us=9
static_stage_us prepare=50568 prefill=27493 select=28766 decode=1025 total=107852
2026-09-26T22:56:50.346028Z	debug	dynamo_static_rpc_split	static prefill RPC split	connection.id=215 request.id=98792 request_id=1cdf7bfd-2c92-49f8-86d1-f3be414aa400 headers_us=30884 stream_us=9
2026-09-26T22:56:50.360010Z	debug	dynamo_static_selector_rpc	static selector RPC	connection.id=631 request.id=98661 request_id=e8875c88-ad86-4381-9020-d94dd28fdd00 elapsed_us=28608
static_stage_us prepare=58453 prefill=35438 select=28619 decode=1178 total=123688
2026-09-26T22:56:50.361264Z	debug	dynamo_static_buffer_ready	static prefill channel buffer readiness	connection.id=267 request.id=99067 request_id=b641b1dc-0472-41b9-b21c-46f551c2d100 ready_us=1 ready_offset_us=3 is_ok=true
2026-09-26T22:56:50.375090Z	debug	dynamo_static_selector_rpc	static selector RPC	connection.id=215 request.id=98792 request_id=1cdf7bfd-2c92-49f8-86d1-f3be414aa400 elapsed_us=29045
static_stage_us prepare=58171 prefill=30910 select=29058 decode=1607 total=119746
2026-09-26T22:56:50.392755Z	debug	dynamo_static_rpc_split	static prefill RPC split	connection.id=267 request.id=99067 request_id=b641b1dc-0472-41b9-b21c-46f551c2d100 headers_us=31470 stream_us=24
2026-09-26T22:56:50.405996Z	debug	dynamo_static_buffer_ready	static prefill channel buffer readiness	connection.id=695 request.id=99392 request_id=c793aad2-6c23-49a3-9baf-3def44ab1200 ready_us=0 ready_offset_us=3 is_ok=true
2026-09-26T22:56:50.422144Z	debug	dynamo_static_selector_rpc	static selector RPC	connection.id=267 request.id=99067 request_id=b641b1dc-0472-41b9-b21c-46f551c2d100 elapsed_us=29372
static_stage_us prepare=58266 prefill=31512 select=29386 decode=1564 total=120728
2026-09-26T22:56:50.433656Z	debug	dynamo_static_buffer_ready	static prefill channel buffer readiness	connection.id=912 request.id=99546 request_id=4b03d38d-e1f2-4fdf-bb38-e8a79c1a8100 ready_us=0 ready_offset_us=4 is_ok=true
2026-09-26T22:56:50.437133Z	debug	dynamo_static_rpc_split	static prefill RPC split	connection.id=695 request.id=99392 request_id=c793aad2-6c23-49a3-9baf-3def44ab1200 headers_us=31115 stream_us=25
2026-09-26T22:56:50.463584Z	debug	dynamo_static_rpc_split	static prefill RPC split	connection.id=912 request.id=99546 request_id=4b03d38d-e1f2-4fdf-bb38-e8a79c1a8100 headers_us=29923 stream_us=8
2026-09-26T22:56:50.465017Z	debug	dynamo_static_selector_rpc	static selector RPC	connection.id=695 request.id=99392 request_id=c793aad2-6c23-49a3-9baf-3def44ab1200 elapsed_us=27867
static_stage_us prepare=50729 prefill=31157 select=27896 decode=1537 total=111319
2026-09-26T22:56:50.471618Z	debug	dynamo_static_buffer_ready	static prefill channel buffer readiness	connection.id=266 request.id=99799 request_id=34ecb18b-edb7-4538-be1a-ffa390b93c00 ready_us=0 ready_offset_us=3 is_ok=true
2026-09-26T22:56:50.475941Z	debug	dynamo_static_buffer_ready	static prefill channel buffer readiness	connection.id=405 request.id=99753 request_id=5d0010f7-3f8b-40e6-b0c4-3ae59d59ad00 ready_us=0 ready_offset_us=6 is_ok=true
2026-09-26T22:56:50.483239Z	debug	dynamo_static_buffer_ready	static prefill channel buffer readiness	connection.id=343 request.id=99844 request_id=d41448d5-e69f-4cad-913b-fbb9f4232600 ready_us=1 ready_offset_us=4 is_ok=true
2026-09-26T22:56:50.491272Z	debug	dynamo_static_buffer_ready	static prefill channel buffer readiness	connection.id=411 request.id=99871 request_id=b4fd00c8-5155-453d-a0e4-2e1cc3bbc100 ready_us=1 ready_offset_us=6 is_ok=true
2026-09-26T22:56:50.492015Z	debug	dynamo_static_selector_rpc	static selector RPC	connection.id=912 request.id=99546 request_id=4b03d38d-e1f2-4fdf-bb38-e8a79c1a8100 elapsed_us=28417
static_stage_us prepare=52270 prefill=29946 select=28427 decode=1398 total=112041
2026-09-26T22:56:50.496837Z	debug	dynamo_static_rpc_split	static prefill RPC split	connection.id=266 request.id=99799 request_id=34ecb18b-edb7-4538-be1a-ffa390b93c00 headers_us=25210 stream_us=12
2026-09-26T22:56:50.504855Z	debug	dynamo_static_rpc_split	static prefill RPC split	connection.id=405 request.id=99753 request_id=5d0010f7-3f8b-40e6-b0c4-3ae59d59ad00 headers_us=28925 stream_us=3
2026-09-26T22:56:50.513226Z	debug	dynamo_static_rpc_split	static prefill RPC split	connection.id=343 request.id=99844 request_id=d41448d5-e69f-4cad-913b-fbb9f4232600 headers_us=29979 stream_us=11
2026-09-26T22:56:50.519361Z	debug	dynamo_static_rpc_split	static prefill RPC split	connection.id=411 request.id=99871 request_id=b4fd00c8-5155-453d-a0e4-2e1cc3bbc100 headers_us=28093 stream_us=2
2026-09-26T22:56:50.523416Z	debug	dynamo_static_selector_rpc	static selector RPC	connection.id=266 request.id=99799 request_id=34ecb18b-edb7-4538-be1a-ffa390b93c00 elapsed_us=26553
static_stage_us prepare=51851 prefill=25249 select=26566 decode=1865 total=105531
2026-09-26T22:56:50.529544Z	debug	dynamo_static_buffer_ready	static prefill channel buffer readiness	connection.id=230 request.id=100134 request_id=5ab99dec-f086-478c-a865-3d34bfff2000 ready_us=0 ready_offset_us=4 is_ok=true
2026-09-26T22:56:50.536720Z	debug	dynamo_static_selector_rpc	static selector RPC	connection.id=405 request.id=99753 request_id=5d0010f7-3f8b-40e6-b0c4-3ae59d59ad00 elapsed_us=31850
static_stage_us prepare=60662 prefill=28943 select=31864 decode=798 total=122267
2026-09-26T22:56:50.545565Z	debug	dynamo_static_selector_rpc	static selector RPC	connection.id=343 request.id=99844 request_id=d41448d5-e69f-4cad-913b-fbb9f4232600 elapsed_us=32312
static_stage_us prepare=55338 prefill=30018 select=32327 decode=1599 total=119282
2026-09-26T22:56:50.554153Z	debug	dynamo_static_selector_rpc	static selector RPC	connection.id=411 request.id=99871 request_id=b4fd00c8-5155-453d-a0e4-2e1cc3bbc100 elapsed_us=34779
static_stage_us prepare=59842 prefill=28109 select=34792 decode=840 total=123583
2026-09-26T22:56:50.567301Z	debug	dynamo_static_rpc_split	static prefill RPC split	connection.id=230 request.id=100134 request_id=5ab99dec-f086-478c-a865-3d34bfff2000 headers_us=37742 stream_us=18
2026-09-26T22:56:50.570465Z	debug	dynamo_static_buffer_ready	static prefill channel buffer readiness	connection.id=348 request.id=100366 request_id=e9a1d494-4965-4927-a974-910ae911c700 ready_us=0 ready_offset_us=5 is_ok=true
2026-09-26T22:56:50.570533Z	debug	dynamo_static_buffer_ready	static prefill channel buffer readiness	connection.id=179 request.id=100371 request_id=28d0b8e2-51a0-46b6-bb71-9a11bd9cf000 ready_us=0 ready_offset_us=5 is_ok=true
2026-09-26T22:56:50.591656Z	debug	dynamo_static_selector_rpc	static selector RPC	connection.id=230 request.id=100134 request_id=5ab99dec-f086-478c-a865-3d34bfff2000 elapsed_us=24341
2026-09-26T22:56:50.595428Z	debug	dynamo_static_rpc_split	static prefill RPC split	connection.id=348 request.id=100366 request_id=e9a1d494-4965-4927-a974-910ae911c700 headers_us=24957 stream_us=10
static_stage_us prepare=53453 prefill=37775 select=24359 decode=4601 total=120188
2026-09-26T22:56:50.598370Z	debug	dynamo_static_rpc_split	static prefill RPC split	connection.id=179 request.id=100371 request_id=28d0b8e2-51a0-46b6-bb71-9a11bd9cf000 headers_us=27831 stream_us=11
2026-09-26T22:56:50.628572Z	debug	dynamo_static_selector_rpc	static selector RPC	connection.id=348 request.id=100366 request_id=e9a1d494-4965-4927-a974-910ae911c700 elapsed_us=33129
static_stage_us prepare=60573 prefill=24983 select=33144 decode=1554 total=120254
2026-09-26T22:56:50.630509Z	debug	dynamo_static_selector_rpc	static selector RPC	connection.id=179 request.id=100371 request_id=28d0b8e2-51a0-46b6-bb71-9a11bd9cf000 elapsed_us=32079
static_stage_us prepare=60279 prefill=27902 select=32101 decode=1374 total=121656
2026-09-26T22:56:50.648979Z	debug	dynamo_static_buffer_ready	static prefill channel buffer readiness	connection.id=360 request.id=100791 request_id=4a948a49-3866-4402-8a60-6ce77219b500 ready_us=1 ready_offset_us=2 is_ok=true
2026-09-26T22:56:50.677190Z	debug	dynamo_static_rpc_split	static prefill RPC split	connection.id=360 request.id=100791 request_id=4a948a49-3866-4402-8a60-6ce77219b500 headers_us=28208 stream_us=4
2026-09-26T22:56:50.683577Z	debug	dynamo_static_buffer_ready	static prefill channel buffer readiness	connection.id=602 request.id=101030 request_id=b8a43ff2-6d1d-4c03-b5a9-59fe4a9b1a00 ready_us=0 ready_offset_us=5 is_ok=true
2026-09-26T22:56:50.706881Z	debug	dynamo_static_selector_rpc	static selector RPC	connection.id=360 request.id=100791 request_id=4a948a49-3866-4402-8a60-6ce77219b500 elapsed_us=29661
static_stage_us prepare=58990 prefill=28244 select=29860 decode=1505 total=118599
2026-09-26T22:56:50.711028Z	debug	dynamo_static_rpc_split	static prefill RPC split	connection.id=602 request.id=101030 request_id=b8a43ff2-6d1d-4c03-b5a9-59fe4a9b1a00 headers_us=27450 stream_us=4
2026-09-26T22:56:50.724908Z	debug	dynamo_static_buffer_ready	static prefill channel buffer readiness	connection.id=335 request.id=101261 request_id=f7c59bca-97cb-48a0-8e6b-232694879900 ready_us=0 ready_offset_us=4 is_ok=true
2026-09-26T22:56:50.746202Z	debug	dynamo_static_selector_rpc	static selector RPC	connection.id=602 request.id=101030 request_id=b8a43ff2-6d1d-4c03-b5a9-59fe4a9b1a00 elapsed_us=35162
static_stage_us prepare=60004 prefill=27467 select=35180 decode=1923 total=124574
2026-09-26T22:56:50.762862Z	debug	dynamo_static_rpc_split	static prefill RPC split	connection.id=335 request.id=101261 request_id=f7c59bca-97cb-48a0-8e6b-232694879900 headers_us=37942 stream_us=15
2026-09-26T22:56:50.768783Z	debug	dynamo_static_buffer_ready	static prefill channel buffer readiness	connection.id=449 request.id=101536 request_id=0f165622-c519-429c-82b5-0cbd79f45500 ready_us=0 ready_offset_us=7 is_ok=true
2026-09-26T22:56:50.774039Z	debug	dynamo_static_buffer_ready	static prefill channel buffer readiness	connection.id=446 request.id=101616 request_id=d84f53e9-804a-4c38-9fbd-5ff03c464600 ready_us=0 ready_offset_us=4 is_ok=true
2026-09-26T22:56:50.796513Z	debug	dynamo_static_selector_rpc	static selector RPC	connection.id=335 request.id=101261 request_id=f7c59bca-97cb-48a0-8e6b-232694879900 elapsed_us=33637
static_stage_us prepare=60034 prefill=37972 select=33652 decode=1758 total=133416
2026-09-26T22:56:50.802392Z	debug	dynamo_static_rpc_split	static prefill RPC split	connection.id=449 request.id=101536 request_id=0f165622-c519-429c-82b5-0cbd79f45500 headers_us=33611 stream_us=4
2026-09-26T22:56:50.802417Z	debug	dynamo_static_rpc_split	static prefill RPC split	connection.id=446 request.id=101616 request_id=d84f53e9-804a-4c38-9fbd-5ff03c464600 headers_us=28325 stream_us=57
2026-09-26T22:56:50.813550Z	debug	dynamo_static_buffer_ready	static prefill channel buffer readiness	connection.id=221 request.id=101861 request_id=5853f949-e4c9-4951-be74-8e6816a0de00 ready_us=0 ready_offset_us=4 is_ok=true
2026-09-26T22:56:50.833481Z	debug	dynamo_static_selector_rpc	static selector RPC	connection.id=446 request.id=101616 request_id=d84f53e9-804a-4c38-9fbd-5ff03c464600 elapsed_us=31032
static_stage_us prepare=58315 prefill=28414 select=31047 decode=1150 total=118926
2026-09-26T22:56:50.835953Z	debug	dynamo_static_rpc_split	static prefill RPC split	connection.id=221 request.id=101861 request_id=5853f949-e4c9-4951-be74-8e6816a0de00 headers_us=22374 stream_us=32
2026-09-26T22:56:50.836045Z	debug	dynamo_static_selector_rpc	static selector RPC	connection.id=449 request.id=101536 request_id=0f165622-c519-429c-82b5-0cbd79f45500 elapsed_us=33637
static_stage_us prepare=62610 prefill=33633 select=33644 decode=1799 total=131686
2026-09-26T22:56:50.865366Z	debug	dynamo_static_selector_rpc	static selector RPC	connection.id=221 request.id=101861 request_id=5853f949-e4c9-4951-be74-8e6816a0de00 elapsed_us=29368
static_stage_us prepare=52429 prefill=22453 select=29381 decode=1732 total=105995
2026-09-26T22:56:51.014392Z	debug	dynamo_static_buffer_ready	static prefill channel buffer readiness	connection.id=289 request.id=103005 request_id=e19222a6-56d8-496c-a4e7-8ebe6fa99b00 ready_us=1 ready_offset_us=3 is_ok=true
2026-09-26T22:56:51.045356Z	debug	dynamo_static_buffer_ready	static prefill channel buffer readiness	connection.id=331 request.id=103208 request_id=1dfa1c47-0d96-4606-a005-075bd65e5a00 ready_us=0 ready_offset_us=2 is_ok=true
2026-09-26T22:56:51.045963Z	debug	dynamo_static_buffer_ready	static prefill channel buffer readiness	connection.id=424 request.id=103185 request_id=0dd6f999-5d90-417d-bcf4-f06334bb4000 ready_us=0 ready_offset_us=6 is_ok=true
2026-09-26T22:56:51.048872Z	debug	dynamo_static_rpc_split	static prefill RPC split	connection.id=289 request.id=103005 request_id=e19222a6-56d8-496c-a4e7-8ebe6fa99b00 headers_us=34478 stream_us=4
2026-09-26T22:56:51.073869Z	debug	dynamo_static_buffer_ready	static prefill channel buffer readiness	connection.id=530 request.id=103382 request_id=cc90b3a0-6345-4e97-ac10-946c0b154800 ready_us=0 ready_offset_us=5 is_ok=true
2026-09-26T22:56:51.077668Z	debug	dynamo_static_rpc_split	static prefill RPC split	connection.id=424 request.id=103185 request_id=0dd6f999-5d90-417d-bcf4-f06334bb4000 headers_us=31708 stream_us=4
2026-09-26T22:56:51.077677Z	debug	dynamo_static_rpc_split	static prefill RPC split	connection.id=331 request.id=103208 request_id=1dfa1c47-0d96-4606-a005-075bd65e5a00 headers_us=32320 stream_us=3
2026-09-26T22:56:51.083043Z	debug	dynamo_static_selector_rpc	static selector RPC	connection.id=289 request.id=103005 request_id=e19222a6-56d8-496c-a4e7-8ebe6fa99b00 elapsed_us=34160
static_stage_us prepare=71310 prefill=34495 select=34172 decode=1058 total=141035
2026-09-26T22:56:51.105400Z	debug	dynamo_static_rpc_split	static prefill RPC split	connection.id=530 request.id=103382 request_id=cc90b3a0-6345-4e97-ac10-946c0b154800 headers_us=31531 stream_us=4
2026-09-26T22:56:51.106083Z	debug	dynamo_static_selector_rpc	static selector RPC	connection.id=424 request.id=103185 request_id=0dd6f999-5d90-417d-bcf4-f06334bb4000 elapsed_us=28399
static_stage_us prepare=59248 prefill=31727 select=28407 decode=2198 total=121580
2026-09-26T22:56:51.107827Z	debug	dynamo_static_selector_rpc	static selector RPC	connection.id=331 request.id=103208 request_id=1dfa1c47-0d96-4606-a005-075bd65e5a00 elapsed_us=30138
static_stage_us prepare=51453 prefill=32336 select=30150 decode=1712 total=115651
2026-09-26T22:56:51.134989Z	debug	dynamo_static_selector_rpc	static selector RPC	connection.id=530 request.id=103382 request_id=cc90b3a0-6345-4e97-ac10-946c0b154800 elapsed_us=29572
static_stage_us prepare=52323 prefill=31553 select=29586 decode=758 total=114220
2026-09-26T22:56:51.178742Z	debug	dynamo_static_buffer_ready	static prefill channel buffer readiness	connection.id=653 request.id=104027 request_id=34626c3d-f0b2-4fe4-a544-374423e1d300 ready_us=0 ready_offset_us=3 is_ok=true
2026-09-26T22:56:51.178769Z	debug	dynamo_static_buffer_ready	static prefill channel buffer readiness	connection.id=905 request.id=104024 request_id=06875042-7a32-4338-8bb3-a3b25d628f00 ready_us=0 ready_offset_us=40 is_ok=true
2026-09-26T22:56:51.194018Z	debug	dynamo_static_buffer_ready	static prefill channel buffer readiness	connection.id=887 request.id=104117 request_id=eb2fac21-8511-4197-979f-3cd79a571400 ready_us=0 ready_offset_us=3 is_ok=true
2026-09-26T22:56:51.212398Z	debug	dynamo_static_buffer_ready	static prefill channel buffer readiness	connection.id=461 request.id=104196 request_id=5634c160-4106-464c-b06f-a925ec582000 ready_us=0 ready_offset_us=3 is_ok=true
2026-09-26T22:56:51.213713Z	debug	dynamo_static_rpc_split	static prefill RPC split	connection.id=653 request.id=104027 request_id=34626c3d-f0b2-4fe4-a544-374423e1d300 headers_us=34969 stream_us=5
2026-09-26T22:56:51.214272Z	debug	dynamo_static_rpc_split	static prefill RPC split	connection.id=905 request.id=104024 request_id=06875042-7a32-4338-8bb3-a3b25d628f00 headers_us=35535 stream_us=6
2026-09-26T22:56:51.227191Z	debug	dynamo_static_rpc_split	static prefill RPC split	connection.id=887 request.id=104117 request_id=eb2fac21-8511-4197-979f-3cd79a571400 headers_us=33168 stream_us=7
2026-09-26T22:56:51.250445Z	debug	dynamo_static_selector_rpc	static selector RPC	connection.id=653 request.id=104027 request_id=34626c3d-f0b2-4fe4-a544-374423e1d300 elapsed_us=36713
static_stage_us prepare=50475 prefill=34994 select=36723 decode=915 total=123107
2026-09-26T22:56:51.258137Z	debug	dynamo_static_rpc_split	static prefill RPC split	connection.id=461 request.id=104196 request_id=5634c160-4106-464c-b06f-a925ec582000 headers_us=45724 stream_us=16
2026-09-26T22:56:51.258175Z	debug	dynamo_static_selector_rpc	static selector RPC	connection.id=905 request.id=104024 request_id=06875042-7a32-4338-8bb3-a3b25d628f00 elapsed_us=43884
2026-09-26T22:56:51.258495Z	debug	dynamo_static_selector_rpc	static selector RPC	connection.id=887 request.id=104117 request_id=eb2fac21-8511-4197-979f-3cd79a571400 elapsed_us=31290
static_stage_us prepare=50749 prefill=35563 select=43892 decode=2548 total=132752
static_stage_us prepare=56168 prefill=33189 select=31302 decode=2352 total=123011
2026-09-26T22:56:51.289031Z	debug	dynamo_static_selector_rpc	static selector RPC	connection.id=461 request.id=104196 request_id=5634c160-4106-464c-b06f-a925ec582000 elapsed_us=30878
static_stage_us prepare=62925 prefill=45758 select=30892 decode=1192 total=140767
2026-09-26T22:56:51.315608Z	debug	dynamo_static_buffer_ready	static prefill channel buffer readiness	connection.id=340 request.id=104704 request_id=45437fb9-1f1f-4301-8482-ae197817f400 ready_us=0 ready_offset_us=6 is_ok=true
2026-09-26T22:56:51.348770Z	debug	dynamo_static_buffer_ready	static prefill channel buffer readiness	connection.id=861 request.id=104879 request_id=48a9fb96-1df5-41ad-953f-9b9f790b3700 ready_us=1 ready_offset_us=5 is_ok=true
2026-09-26T22:56:51.348991Z	debug	dynamo_static_rpc_split	static prefill RPC split	connection.id=340 request.id=104704 request_id=45437fb9-1f1f-4301-8482-ae197817f400 headers_us=33381 stream_us=8
2026-09-26T22:56:51.387837Z	debug	dynamo_static_rpc_split	static prefill RPC split	connection.id=861 request.id=104879 request_id=48a9fb96-1df5-41ad-953f-9b9f790b3700 headers_us=39062 stream_us=9
2026-09-26T22:56:51.392745Z	debug	dynamo_static_selector_rpc	static selector RPC	connection.id=340 request.id=104704 request_id=45437fb9-1f1f-4301-8482-ae197817f400 elapsed_us=43712
static_stage_us prepare=60237 prefill=33431 select=43730 decode=2551 total=139949
2026-09-26T22:56:51.422137Z	debug	dynamo_static_selector_rpc	static selector RPC	connection.id=861 request.id=104879 request_id=48a9fb96-1df5-41ad-953f-9b9f790b3700 elapsed_us=34260
static_stage_us prepare=67134 prefill=39112 select=34278 decode=861 total=141385
2026-09-26T22:56:51.472849Z	debug	dynamo_static_buffer_ready	static prefill channel buffer readiness	connection.id=282 request.id=105649 request_id=2938419d-5ea5-4e85-8c95-b9b9a3e4c600 ready_us=0 ready_offset_us=4 is_ok=true
2026-09-26T22:56:51.475652Z	debug	dynamo_static_buffer_ready	static prefill channel buffer readiness	connection.id=174 request.id=105620 request_id=f92bfb93-562d-47e2-8d37-154ff05be300 ready_us=0 ready_offset_us=12 is_ok=true
2026-09-26T22:56:51.505797Z	debug	dynamo_static_rpc_split	static prefill RPC split	connection.id=282 request.id=105649 request_id=2938419d-5ea5-4e85-8c95-b9b9a3e4c600 headers_us=32947 stream_us=4
2026-09-26T22:56:51.505898Z	debug	dynamo_static_rpc_split	static prefill RPC split	connection.id=174 request.id=105620 request_id=f92bfb93-562d-47e2-8d37-154ff05be300 headers_us=30253 stream_us=4
2026-09-26T22:56:51.531230Z	debug	dynamo_static_buffer_ready	static prefill channel buffer readiness	connection.id=908 request.id=105960 request_id=16407316-7a5b-43c7-a46b-315033206700 ready_us=0 ready_offset_us=2 is_ok=true
2026-09-26T22:56:51.539046Z	debug	dynamo_static_selector_rpc	static selector RPC	connection.id=174 request.id=105620 request_id=f92bfb93-562d-47e2-8d37-154ff05be300 elapsed_us=33132
2026-09-26T22:56:51.540282Z	debug	dynamo_static_selector_rpc	static selector RPC	connection.id=282 request.id=105649 request_id=2938419d-5ea5-4e85-8c95-b9b9a3e4c600 elapsed_us=34471
static_stage_us prepare=49798 prefill=30274 select=33151 decode=1845 total=115068
static_stage_us prepare=44586 prefill=32966 select=34485 decode=1075 total=113112
2026-09-26T22:56:51.560541Z	debug	dynamo_static_rpc_split	static prefill RPC split	connection.id=908 request.id=105960 request_id=16407316-7a5b-43c7-a46b-315033206700 headers_us=29311 stream_us=3
2026-09-26T22:56:51.589903Z	debug	dynamo_static_selector_rpc	static selector RPC	connection.id=908 request.id=105960 request_id=16407316-7a5b-43c7-a46b-315033206700 elapsed_us=29348
static_stage_us prepare=60875 prefill=29327 select=29363 decode=919 total=120484
2026-09-26T22:56:51.611382Z	debug	dynamo_static_buffer_ready	static prefill channel buffer readiness	connection.id=501 request.id=106476 request_id=951cabfc-bd86-42ab-ad21-7e2b95f96e00 ready_us=5 ready_offset_us=8 is_ok=true
2026-09-26T22:56:51.639917Z	debug	dynamo_static_rpc_split	static prefill RPC split	connection.id=501 request.id=106476 request_id=951cabfc-bd86-42ab-ad21-7e2b95f96e00 headers_us=28532 stream_us=10
2026-09-26T22:56:51.674394Z	debug	dynamo_static_selector_rpc	static selector RPC	connection.id=501 request.id=106476 request_id=951cabfc-bd86-42ab-ad21-7e2b95f96e00 elapsed_us=34462
static_stage_us prepare=50287 prefill=28559 select=34479 decode=1724 total=115049
2026-09-26T22:56:51.682510Z	debug	dynamo_static_buffer_ready	static prefill channel buffer readiness	connection.id=180 request.id=106874 request_id=76f58954-3f73-4a48-a505-7bfc1e48ce00 ready_us=0 ready_offset_us=6 is_ok=true
2026-09-26T22:56:51.709710Z	debug	dynamo_static_rpc_split	static prefill RPC split	connection.id=180 request.id=106874 request_id=76f58954-3f73-4a48-a505-7bfc1e48ce00 headers_us=27201 stream_us=4
2026-09-26T22:56:51.714575Z	debug	dynamo_static_buffer_ready	static prefill channel buffer readiness	connection.id=236 request.id=107063 request_id=477be8c7-c351-4bda-a675-cabbc1a40a00 ready_us=0 ready_offset_us=5 is_ok=true
2026-09-26T22:56:51.721073Z	debug	dynamo_static_buffer_ready	static prefill channel buffer readiness	connection.id=161 request.id=107097 request_id=79a6149e-cc9c-4af2-9b3d-b7cd956bcb00 ready_us=1 ready_offset_us=5 is_ok=true
2026-09-26T22:56:51.736265Z	debug	dynamo_static_buffer_ready	static prefill channel buffer readiness	connection.id=216 request.id=107198 request_id=a000f965-386c-4f9e-ad60-5c82150dda00 ready_us=0 ready_offset_us=6 is_ok=true
2026-09-26T22:56:51.737138Z	debug	dynamo_static_selector_rpc	static selector RPC	connection.id=180 request.id=106874 request_id=76f58954-3f73-4a48-a505-7bfc1e48ce00 elapsed_us=27414
static_stage_us prepare=61173 prefill=27220 select=27430 decode=2622 total=118445
2026-09-26T22:56:51.743684Z	debug	dynamo_static_rpc_split	static prefill RPC split	connection.id=236 request.id=107063 request_id=477be8c7-c351-4bda-a675-cabbc1a40a00 headers_us=29097 stream_us=17
2026-09-26T22:56:51.754073Z	debug	dynamo_static_rpc_split	static prefill RPC split	connection.id=161 request.id=107097 request_id=79a6149e-cc9c-4af2-9b3d-b7cd956bcb00 headers_us=33002 stream_us=3
2026-09-26T22:56:51.769390Z	debug	dynamo_static_rpc_split	static prefill RPC split	connection.id=216 request.id=107198 request_id=a000f965-386c-4f9e-ad60-5c82150dda00 headers_us=33117 stream_us=12
2026-09-26T22:56:51.778809Z	debug	dynamo_static_selector_rpc	static selector RPC	connection.id=236 request.id=107063 request_id=477be8c7-c351-4bda-a675-cabbc1a40a00 elapsed_us=35100
2026-09-26T22:56:51.779208Z	debug	dynamo_static_selector_rpc	static selector RPC	connection.id=161 request.id=107097 request_id=79a6149e-cc9c-4af2-9b3d-b7cd956bcb00 elapsed_us=25123
static_stage_us prepare=57971 prefill=33018 select=25133 decode=1940 total=118062
static_stage_us prepare=62289 prefill=29140 select=35112 decode=2733 total=129274
2026-09-26T22:56:51.804171Z	debug	dynamo_static_selector_rpc	static selector RPC	connection.id=216 request.id=107198 request_id=a000f965-386c-4f9e-ad60-5c82150dda00 elapsed_us=34765
static_stage_us prepare=53971 prefill=33147 select=34777 decode=561 total=122456
2026-09-26T22:56:51.806915Z	debug	dynamo_static_buffer_ready	static prefill channel buffer readiness	connection.id=604 request.id=107597 request_id=e1c5617f-c7fa-4226-bb7d-58309f018600 ready_us=0 ready_offset_us=2 is_ok=true
2026-09-26T22:56:51.844318Z	debug	dynamo_static_rpc_split	static prefill RPC split	connection.id=604 request.id=107597 request_id=e1c5617f-c7fa-4226-bb7d-58309f018600 headers_us=37366 stream_us=38
2026-09-26T22:56:51.849642Z	debug	dynamo_static_buffer_ready	static prefill channel buffer readiness	connection.id=817 request.id=107900 request_id=62f2c597-8187-43c3-9fbc-41c564364600 ready_us=0 ready_offset_us=3 is_ok=true
2026-09-26T22:56:51.871038Z	debug	dynamo_static_selector_rpc	static selector RPC	connection.id=604 request.id=107597 request_id=e1c5617f-c7fa-4226-bb7d-58309f018600 elapsed_us=26701
static_stage_us prepare=64589 prefill=37424 select=26714 decode=1089 total=129816
2026-09-26T22:56:51.887197Z	debug	dynamo_static_rpc_split	static prefill RPC split	connection.id=817 request.id=107900 request_id=62f2c597-8187-43c3-9fbc-41c564364600 headers_us=37529 stream_us=28
2026-09-26T22:56:51.916867Z	debug	dynamo_static_selector_rpc	static selector RPC	connection.id=817 request.id=107900 request_id=62f2c597-8187-43c3-9fbc-41c564364600 elapsed_us=29652
static_stage_us prepare=54830 prefill=37575 select=29674 decode=1383 total=123462
2026-09-26T22:56:51.923055Z	debug	dynamo_static_buffer_ready	static prefill channel buffer readiness	connection.id=512 request.id=108341 request_id=8e8f5dab-b035-4530-a28c-2c8605f2e200 ready_us=0 ready_offset_us=4 is_ok=true
2026-09-26T22:56:51.952547Z	debug	dynamo_static_rpc_split	static prefill RPC split	connection.id=512 request.id=108341 request_id=8e8f5dab-b035-4530-a28c-2c8605f2e200 headers_us=29490 stream_us=6
2026-09-26T22:56:51.954860Z	debug	dynamo_static_buffer_ready	static prefill channel buffer readiness	connection.id=458 request.id=108539 request_id=e09fe168-3e13-42a5-9ace-ef5ca9c93900 ready_us=0 ready_offset_us=3 is_ok=true
2026-09-26T22:56:51.975789Z	debug	dynamo_static_buffer_ready	static prefill channel buffer readiness	connection.id=563 request.id=108658 request_id=adef98a2-fbf5-463c-b8c2-407832a96400 ready_us=0 ready_offset_us=8 is_ok=true
2026-09-26T22:56:51.983059Z	debug	dynamo_static_rpc_split	static prefill RPC split	connection.id=458 request.id=108539 request_id=e09fe168-3e13-42a5-9ace-ef5ca9c93900 headers_us=28186 stream_us=15
2026-09-26T22:56:51.985049Z	debug	dynamo_static_selector_rpc	static selector RPC	connection.id=512 request.id=108341 request_id=8e8f5dab-b035-4530-a28c-2c8605f2e200 elapsed_us=32487
static_stage_us prepare=57937 prefill=29513 select=32498 decode=1614 total=121562
2026-09-26T22:56:52.001113Z	debug	dynamo_static_buffer_ready	static prefill channel buffer readiness	connection.id=749 request.id=108849 request_id=20f8b43c-5096-4ebb-8b69-14102b9b0100 ready_us=0 ready_offset_us=3 is_ok=true
2026-09-26T22:56:52.005825Z	debug	dynamo_static_rpc_split	static prefill RPC split	connection.id=563 request.id=108658 request_id=adef98a2-fbf5-463c-b8c2-407832a96400 headers_us=30016 stream_us=27
2026-09-26T22:56:52.007190Z	debug	dynamo_static_buffer_ready	static prefill channel buffer readiness	connection.id=796 request.id=108864 request_id=c501184b-5927-4594-a101-11f3185d9c00 ready_us=0 ready_offset_us=2 is_ok=true
2026-09-26T22:56:52.011910Z	debug	dynamo_static_selector_rpc	static selector RPC	connection.id=458 request.id=108539 request_id=e09fe168-3e13-42a5-9ace-ef5ca9c93900 elapsed_us=28832
static_stage_us prepare=52630 prefill=28222 select=28842 decode=1305 total=110999
2026-09-26T22:56:52.028179Z	debug	dynamo_static_rpc_split	static prefill RPC split	connection.id=749 request.id=108849 request_id=20f8b43c-5096-4ebb-8b69-14102b9b0100 headers_us=27061 stream_us=7
2026-09-26T22:56:52.036157Z	debug	dynamo_static_rpc_split	static prefill RPC split	connection.id=796 request.id=108864 request_id=c501184b-5927-4594-a101-11f3185d9c00 headers_us=28959 stream_us=10
2026-09-26T22:56:52.040000Z	debug	dynamo_static_selector_rpc	static selector RPC	connection.id=563 request.id=108658 request_id=adef98a2-fbf5-463c-b8c2-407832a96400 elapsed_us=34161
static_stage_us prepare=56003 prefill=30057 select=34174 decode=1697 total=121931
2026-09-26T22:56:52.062206Z	debug	dynamo_static_selector_rpc	static selector RPC	connection.id=749 request.id=108849 request_id=20f8b43c-5096-4ebb-8b69-14102b9b0100 elapsed_us=33958
static_stage_us prepare=50791 prefill=27139 select=33970 decode=1584 total=113484
2026-09-26T22:56:52.064438Z	debug	dynamo_static_selector_rpc	static selector RPC	connection.id=796 request.id=108864 request_id=c501184b-5927-4594-a101-11f3185d9c00 elapsed_us=28232
static_stage_us prepare=55169 prefill=29019 select=28247 decode=2953 total=115388
2026-09-26T22:56:52.067025Z	debug	dynamo_static_buffer_ready	static prefill channel buffer readiness	connection.id=769 request.id=109247 request_id=73927a99-dffd-4b3d-a59f-da896087b300 ready_us=0 ready_offset_us=3 is_ok=true
2026-09-26T22:56:52.097016Z	debug	dynamo_static_rpc_split	static prefill RPC split	connection.id=769 request.id=109247 request_id=73927a99-dffd-4b3d-a59f-da896087b300 headers_us=29991 stream_us=2
2026-09-26T22:56:52.126586Z	debug	dynamo_static_selector_rpc	static selector RPC	connection.id=769 request.id=109247 request_id=73927a99-dffd-4b3d-a59f-da896087b300 elapsed_us=29552
static_stage_us prepare=53116 prefill=30011 select=29569 decode=1181 total=113877
2026-09-26T22:56:52.128348Z	debug	dynamo_static_buffer_ready	static prefill channel buffer readiness	connection.id=339 request.id=109576 request_id=04fd2e81-62c1-4a67-9d81-c8171a41f500 ready_us=0 ready_offset_us=2 is_ok=true
2026-09-26T22:56:52.161980Z	debug	dynamo_static_rpc_split	static prefill RPC split	connection.id=339 request.id=109576 request_id=04fd2e81-62c1-4a67-9d81-c8171a41f500 headers_us=33629 stream_us=4
2026-09-26T22:56:52.197774Z	debug	dynamo_static_selector_rpc	static selector RPC	connection.id=339 request.id=109576 request_id=04fd2e81-62c1-4a67-9d81-c8171a41f500 elapsed_us=35664
static_stage_us prepare=60557 prefill=33765 select=35680 decode=2599 total=132601
2026-09-26T22:56:52.200709Z	debug	dynamo_static_buffer_ready	static prefill channel buffer readiness	connection.id=139 request.id=110054 request_id=0030aa36-5f16-4b57-a466-f741af258200 ready_us=0 ready_offset_us=3 is_ok=true
2026-09-26T22:56:52.226015Z	debug	dynamo_static_buffer_ready	static prefill channel buffer readiness	connection.id=642 request.id=110191 request_id=9124fce5-233d-4c0f-8b04-4f229a79f900 ready_us=1 ready_offset_us=4 is_ok=true
2026-09-26T22:56:52.230588Z	debug	dynamo_static_rpc_split	static prefill RPC split	connection.id=139 request.id=110054 request_id=0030aa36-5f16-4b57-a466-f741af258200 headers_us=29877 stream_us=3
2026-09-26T22:56:52.250998Z	debug	dynamo_static_rpc_split	static prefill RPC split	connection.id=642 request.id=110191 request_id=9124fce5-233d-4c0f-8b04-4f229a79f900 headers_us=24976 stream_us=10
2026-09-26T22:56:52.258234Z	debug	dynamo_static_selector_rpc	static selector RPC	connection.id=139 request.id=110054 request_id=0030aa36-5f16-4b57-a466-f741af258200 elapsed_us=27623
static_stage_us prepare=53184 prefill=29905 select=27637 decode=2399 total=113125
2026-09-26T22:56:52.269876Z	debug	dynamo_static_buffer_ready	static prefill channel buffer readiness	connection.id=316 request.id=110485 request_id=3e1091e1-1af2-4f04-9e82-9cc6bf39d900 ready_us=0 ready_offset_us=3 is_ok=true
2026-09-26T22:56:52.273432Z	debug	dynamo_static_selector_rpc	static selector RPC	connection.id=642 request.id=110191 request_id=9124fce5-233d-4c0f-8b04-4f229a79f900 elapsed_us=22408
static_stage_us prepare=54108 prefill=25013 select=22422 decode=1338 total=102881
2026-09-26T22:56:52.296727Z	debug	dynamo_static_rpc_split	static prefill RPC split	connection.id=316 request.id=110485 request_id=3e1091e1-1af2-4f04-9e82-9cc6bf39d900 headers_us=26850 stream_us=3
2026-09-26T22:56:52.322414Z	debug	dynamo_static_selector_rpc	static selector RPC	connection.id=316 request.id=110485 request_id=3e1091e1-1af2-4f04-9e82-9cc6bf39d900 elapsed_us=25674
static_stage_us prepare=50464 prefill=26867 select=25686 decode=758 total=103775
2026-09-26T22:56:52.328811Z	debug	dynamo_static_buffer_ready	static prefill channel buffer readiness	connection.id=565 request.id=110867 request_id=9aec5063-55ad-49aa-ab4c-5ee5c506f100 ready_us=0 ready_offset_us=4 is_ok=true
2026-09-26T22:56:52.341299Z	debug	dynamo_static_buffer_ready	static prefill channel buffer readiness	connection.id=878 request.id=110929 request_id=95861a92-0fac-4d70-9b7b-2339dea9c800 ready_us=0 ready_offset_us=2 is_ok=true
2026-09-26T22:56:52.356884Z	debug	dynamo_static_rpc_split	static prefill RPC split	connection.id=565 request.id=110867 request_id=9aec5063-55ad-49aa-ab4c-5ee5c506f100 headers_us=28072 stream_us=3
2026-09-26T22:56:52.377219Z	debug	dynamo_static_rpc_split	static prefill RPC split	connection.id=878 request.id=110929 request_id=95861a92-0fac-4d70-9b7b-2339dea9c800 headers_us=35913 stream_us=9
2026-09-26T22:56:52.383151Z	debug	dynamo_static_selector_rpc	static selector RPC	connection.id=565 request.id=110867 request_id=9aec5063-55ad-49aa-ab4c-5ee5c506f100 elapsed_us=26250
static_stage_us prepare=50786 prefill=28093 select=26261 decode=1506 total=106646
2026-09-26T22:56:52.399355Z	debug	dynamo_static_buffer_ready	static prefill channel buffer readiness	connection.id=595 request.id=111360 request_id=f58595d3-b8e5-4ac8-a168-aba5bf051700 ready_us=0 ready_offset_us=4 is_ok=true
static_stage_us prepare=53026 prefill=35940 select=26493 decode=896 total=116355
2026-09-26T22:56:52.403714Z	debug	dynamo_static_selector_rpc	static selector RPC	connection.id=878 request.id=110929 request_id=95861a92-0fac-4d70-9b7b-2339dea9c800 elapsed_us=26477
2026-09-26T22:56:52.417991Z	debug	dynamo_static_buffer_ready	static prefill channel buffer readiness	connection.id=443 request.id=111444 request_id=3d3882a8-dfdf-40d4-a950-fbb6dcf7a500 ready_us=0 ready_offset_us=4 is_ok=true
2026-09-26T22:56:52.417998Z	debug	dynamo_static_buffer_ready	static prefill channel buffer readiness	connection.id=355 request.id=111436 request_id=315c8ea3-87e0-4013-85ca-35fccc59be00 ready_us=0 ready_offset_us=20 is_ok=true
2026-09-26T22:56:52.425245Z	debug	dynamo_static_rpc_split	static prefill RPC split	connection.id=595 request.id=111360 request_id=f58595d3-b8e5-4ac8-a168-aba5bf051700 headers_us=25877 stream_us=17
2026-09-26T22:56:52.449789Z	debug	dynamo_static_rpc_split	static prefill RPC split	connection.id=355 request.id=111436 request_id=315c8ea3-87e0-4013-85ca-35fccc59be00 headers_us=31801 stream_us=9
2026-09-26T22:56:52.452349Z	debug	dynamo_static_rpc_split	static prefill RPC split	connection.id=443 request.id=111444 request_id=3d3882a8-dfdf-40d4-a950-fbb6dcf7a500 headers_us=34358 stream_us=5
2026-09-26T22:56:52.452450Z	debug	dynamo_static_selector_rpc	static selector RPC	connection.id=595 request.id=111360 request_id=f58595d3-b8e5-4ac8-a168-aba5bf051700 elapsed_us=27178
static_stage_us prepare=43764 prefill=25921 select=27191 decode=1060 total=97936
2026-09-26T22:56:52.477140Z	debug	dynamo_static_selector_rpc	static selector RPC	connection.id=355 request.id=111436 request_id=315c8ea3-87e0-4013-85ca-35fccc59be00 elapsed_us=27325
2026-09-26T22:56:52.478097Z	debug	dynamo_static_buffer_ready	static prefill channel buffer readiness	connection.id=566 request.id=111858 request_id=a0136dca-e474-4805-82af-f3e3dd9ab100 ready_us=1 ready_offset_us=2 is_ok=true
static_stage_us prepare=49192 prefill=31837 select=27339 decode=2117 total=110485
2026-09-26T22:56:52.484663Z	debug	dynamo_static_selector_rpc	static selector RPC	connection.id=443 request.id=111444 request_id=3d3882a8-dfdf-40d4-a950-fbb6dcf7a500 elapsed_us=32266
static_stage_us prepare=48284 prefill=34411 select=32280 decode=1033 total=116008
2026-09-26T22:56:52.498824Z	debug	dynamo_static_buffer_ready	static prefill channel buffer readiness	connection.id=487 request.id=111950 request_id=066c4115-d76b-4eb1-b9b3-a0c2a87fdc00 ready_us=0 ready_offset_us=2 is_ok=true
2026-09-26T22:56:52.504876Z	debug	dynamo_static_buffer_ready	static prefill channel buffer readiness	connection.id=429 request.id=112021 request_id=ee14a51c-44ef-4a58-bcc7-3fe8a1c44900 ready_us=0 ready_offset_us=4 is_ok=true
2026-09-26T22:56:52.512030Z	debug	dynamo_static_rpc_split	static prefill RPC split	connection.id=566 request.id=111858 request_id=a0136dca-e474-4805-82af-f3e3dd9ab100 headers_us=33930 stream_us=4
2026-09-26T22:56:52.526766Z	debug	dynamo_static_rpc_split	static prefill RPC split	connection.id=487 request.id=111950 request_id=066c4115-d76b-4eb1-b9b3-a0c2a87fdc00 headers_us=27937 stream_us=8
2026-09-26T22:56:52.533394Z	debug	dynamo_static_rpc_split	static prefill RPC split	connection.id=429 request.id=112021 request_id=ee14a51c-44ef-4a58-bcc7-3fe8a1c44900 headers_us=28517 stream_us=4
2026-09-26T22:56:52.546905Z	debug	dynamo_static_selector_rpc	static selector RPC	connection.id=566 request.id=111858 request_id=a0136dca-e474-4805-82af-f3e3dd9ab100 elapsed_us=34831
static_stage_us prepare=48546 prefill=33979 select=34844 decode=1607 total=118976
2026-09-26T22:56:52.560642Z	debug	dynamo_static_selector_rpc	static selector RPC	connection.id=429 request.id=112021 request_id=ee14a51c-44ef-4a58-bcc7-3fe8a1c44900 elapsed_us=27233
static_stage_us prepare=47760 prefill=28538 select=27245 decode=1136 total=104679
2026-09-26T22:56:52.562265Z	debug	dynamo_static_selector_rpc	static selector RPC	connection.id=487 request.id=111950 request_id=066c4115-d76b-4eb1-b9b3-a0c2a87fdc00 elapsed_us=35484
static_stage_us prepare=58962 prefill=27958 select=35497 decode=1206 total=123623
2026-09-26T22:56:52.577247Z	debug	dynamo_static_buffer_ready	static prefill channel buffer readiness	connection.id=605 request.id=112414 request_id=cace7d13-08ba-4005-9eda-948e0f776200 ready_us=0 ready_offset_us=4 is_ok=true
2026-09-26T22:56:52.605457Z	debug	dynamo_static_rpc_split	static prefill RPC split	connection.id=605 request.id=112414 request_id=cace7d13-08ba-4005-9eda-948e0f776200 headers_us=28208 stream_us=5
2026-09-26T22:56:52.620462Z	debug	dynamo_static_buffer_ready	static prefill channel buffer readiness	connection.id=260 request.id=112742 request_id=711f7b42-7c33-4403-84b7-d270647eac00 ready_us=0 ready_offset_us=4 is_ok=true
2026-09-26T22:56:52.633100Z	debug	dynamo_static_selector_rpc	static selector RPC	connection.id=605 request.id=112414 request_id=cace7d13-08ba-4005-9eda-948e0f776200 elapsed_us=27627
static_stage_us prepare=60122 prefill=28230 select=27639 decode=1107 total=117098
2026-09-26T22:56:52.652733Z	debug	dynamo_static_rpc_split	static prefill RPC split	connection.id=260 request.id=112742 request_id=711f7b42-7c33-4403-84b7-d270647eac00 headers_us=32271 stream_us=4
2026-09-26T22:56:52.682502Z	debug	dynamo_static_selector_rpc	static selector RPC	connection.id=260 request.id=112742 request_id=711f7b42-7c33-4403-84b7-d270647eac00 elapsed_us=29746
static_stage_us prepare=51002 prefill=32289 select=29769 decode=3528 total=116588
2026-09-26T22:56:52.749771Z	debug	dynamo_static_buffer_ready	static prefill channel buffer readiness	connection.id=260 request.id=113462 request_id=3ebf523c-3246-447e-8da8-0f343b5abe00 ready_us=0 ready_offset_us=4 is_ok=true
2026-09-26T22:56:52.765426Z	debug	dynamo_static_buffer_ready	static prefill channel buffer readiness	connection.id=400 request.id=113606 request_id=dd1ae1ac-66e9-4469-8202-0829f7313c00 ready_us=0 ready_offset_us=3 is_ok=true
2026-09-26T22:56:52.772365Z	debug	dynamo_static_rpc_split	static prefill RPC split	connection.id=260 request.id=113462 request_id=3ebf523c-3246-447e-8da8-0f343b5abe00 headers_us=22587 stream_us=11
2026-09-26T22:56:52.795049Z	debug	dynamo_static_rpc_split	static prefill RPC split	connection.id=400 request.id=113606 request_id=dd1ae1ac-66e9-4469-8202-0829f7313c00 headers_us=29616 stream_us=9
2026-09-26T22:56:52.799104Z	debug	dynamo_static_selector_rpc	static selector RPC	connection.id=260 request.id=113462 request_id=3ebf523c-3246-447e-8da8-0f343b5abe00 elapsed_us=26719
static_stage_us prepare=56669 prefill=22619 select=26732 decode=941 total=106961
2026-09-26T22:56:52.819189Z	debug	dynamo_static_buffer_ready	static prefill channel buffer readiness	connection.id=443 request.id=113909 request_id=e6f2f22f-fcb1-4745-ad3c-2650204baa00 ready_us=0 ready_offset_us=2 is_ok=true
2026-09-26T22:56:52.830806Z	debug	dynamo_static_selector_rpc	static selector RPC	connection.id=400 request.id=113606 request_id=dd1ae1ac-66e9-4469-8202-0829f7313c00 elapsed_us=35740
static_stage_us prepare=54977 prefill=29643 select=35756 decode=1052 total=121428
2026-09-26T22:56:52.845860Z	debug	dynamo_static_rpc_split	static prefill RPC split	connection.id=443 request.id=113909 request_id=e6f2f22f-fcb1-4745-ad3c-2650204baa00 headers_us=26654 stream_us=20
2026-09-26T22:56:52.850512Z	debug	dynamo_static_buffer_ready	static prefill channel buffer readiness	connection.id=593 request.id=114108 request_id=addf9789-c568-4970-b155-b454d22fa600 ready_us=0 ready_offset_us=22 is_ok=true
2026-09-26T22:56:52.864770Z	debug	dynamo_static_buffer_ready	static prefill channel buffer readiness	connection.id=748 request.id=114175 request_id=4c24a4fd-91fc-4bff-adc7-a8c70e3bc400 ready_us=0 ready_offset_us=3 is_ok=true
2026-09-26T22:56:52.875542Z	debug	dynamo_static_selector_rpc	static selector RPC	connection.id=443 request.id=113909 request_id=e6f2f22f-fcb1-4745-ad3c-2650204baa00 elapsed_us=29662
static_stage_us prepare=57743 prefill=26694 select=29676 decode=901 total=115014
2026-09-26T22:56:52.880588Z	debug	dynamo_static_rpc_split	static prefill RPC split	connection.id=593 request.id=114108 request_id=addf9789-c568-4970-b155-b454d22fa600 headers_us=30085 stream_us=12
2026-09-26T22:56:52.888702Z	debug	dynamo_static_rpc_split	static prefill RPC split	connection.id=748 request.id=114175 request_id=4c24a4fd-91fc-4bff-adc7-a8c70e3bc400 headers_us=23929 stream_us=6
2026-09-26T22:56:52.909565Z	debug	dynamo_static_selector_rpc	static selector RPC	connection.id=593 request.id=114108 request_id=addf9789-c568-4970-b155-b454d22fa600 elapsed_us=28949
static_stage_us prepare=54792 prefill=30127 select=28963 decode=1276 total=115158
2026-09-26T22:56:52.926378Z	debug	dynamo_static_selector_rpc	static selector RPC	connection.id=748 request.id=114175 request_id=4c24a4fd-91fc-4bff-adc7-a8c70e3bc400 elapsed_us=37663
static_stage_us prepare=58518 prefill=23949 select=37678 decode=1527 total=121672
2026-09-26T22:56:52.936396Z	debug	dynamo_static_buffer_ready	static prefill channel buffer readiness	connection.id=782 request.id=114508 request_id=55490157-6c4c-4990-a81c-69ecaa9d8f00 ready_us=0 ready_offset_us=2 is_ok=true
2026-09-26T22:56:52.936437Z	debug	dynamo_static_buffer_ready	static prefill channel buffer readiness	connection.id=431 request.id=114521 request_id=de368e76-0d5c-4cd1-9f8b-be67e07ea700 ready_us=0 ready_offset_us=4 is_ok=true
2026-09-26T22:56:52.968713Z	debug	dynamo_static_rpc_split	static prefill RPC split	connection.id=431 request.id=114521 request_id=de368e76-0d5c-4cd1-9f8b-be67e07ea700 headers_us=32262 stream_us=17
2026-09-26T22:56:52.970356Z	debug	dynamo_static_buffer_ready	static prefill channel buffer readiness	connection.id=644 request.id=114834 request_id=32d94e3d-8306-47f5-ae34-fc3d9e32a700 ready_us=0 ready_offset_us=4 is_ok=true
2026-09-26T22:56:52.971718Z	debug	dynamo_static_rpc_split	static prefill RPC split	connection.id=782 request.id=114508 request_id=55490157-6c4c-4990-a81c-69ecaa9d8f00 headers_us=35310 stream_us=14
2026-09-26T22:56:53.001845Z	debug	dynamo_static_rpc_split	static prefill RPC split	connection.id=644 request.id=114834 request_id=32d94e3d-8306-47f5-ae34-fc3d9e32a700 headers_us=31488 stream_us=5
2026-09-26T22:56:53.005340Z	debug	dynamo_static_selector_rpc	static selector RPC	connection.id=431 request.id=114521 request_id=de368e76-0d5c-4cd1-9f8b-be67e07ea700 elapsed_us=36609
static_stage_us prepare=73583 prefill=32296 select=36629 decode=2266 total=144774
2026-09-26T22:56:53.011525Z	debug	dynamo_static_selector_rpc	static selector RPC	connection.id=782 request.id=114508 request_id=55490157-6c4c-4990-a81c-69ecaa9d8f00 elapsed_us=39792
static_stage_us prepare=73617 prefill=35339 select=39804 decode=1286 total=150046
2026-09-26T22:56:53.028140Z	debug	dynamo_static_selector_rpc	static selector RPC	connection.id=644 request.id=114834 request_id=32d94e3d-8306-47f5-ae34-fc3d9e32a700 elapsed_us=26283
static_stage_us prepare=59002 prefill=31506 select=26294 decode=910 total=117712
2026-09-26T22:56:53.044396Z	debug	dynamo_static_buffer_ready	static prefill channel buffer readiness	connection.id=936 request.id=115273 request_id=ec84300d-2641-44c6-a5c1-ff2974459100 ready_us=0 ready_offset_us=21 is_ok=true
2026-09-26T22:56:53.072674Z	debug	dynamo_static_buffer_ready	static prefill channel buffer readiness	connection.id=680 request.id=115436 request_id=2a383e3a-db57-4e3a-b3ea-44f86bf5da00 ready_us=0 ready_offset_us=4 is_ok=true
2026-09-26T22:56:53.081317Z	debug	dynamo_static_rpc_split	static prefill RPC split	connection.id=936 request.id=115273 request_id=ec84300d-2641-44c6-a5c1-ff2974459100 headers_us=36935 stream_us=6
2026-09-26T22:56:53.092737Z	debug	dynamo_static_buffer_ready	static prefill channel buffer readiness	connection.id=654 request.id=115622 request_id=78eab896-b1b6-4d40-8f8e-6565d2ec8d00 ready_us=0 ready_offset_us=5 is_ok=true
2026-09-26T22:56:53.099245Z	debug	dynamo_static_buffer_ready	static prefill channel buffer readiness	connection.id=905 request.id=115658 request_id=d1c6d7f8-2dc5-44b6-afed-7a13cd0fbc00 ready_us=0 ready_offset_us=5 is_ok=true
2026-09-26T22:56:53.101012Z	debug	dynamo_static_rpc_split	static prefill RPC split	connection.id=680 request.id=115436 request_id=2a383e3a-db57-4e3a-b3ea-44f86bf5da00 headers_us=28322 stream_us=19
2026-09-26T22:56:53.106808Z	debug	dynamo_static_selector_rpc	static selector RPC	connection.id=936 request.id=115273 request_id=ec84300d-2641-44c6-a5c1-ff2974459100 elapsed_us=25475
static_stage_us prepare=62168 prefill=36958 select=25487 decode=1242 total=125855
2026-09-26T22:56:53.115708Z	debug	dynamo_static_rpc_split	static prefill RPC split	connection.id=654 request.id=115622 request_id=78eab896-b1b6-4d40-8f8e-6565d2ec8d00 headers_us=22970 stream_us=4
2026-09-26T22:56:53.130360Z	debug	dynamo_static_rpc_split	static prefill RPC split	connection.id=905 request.id=115658 request_id=d1c6d7f8-2dc5-44b6-afed-7a13cd0fbc00 headers_us=31109 stream_us=10
2026-09-26T22:56:53.133086Z	debug	dynamo_static_selector_rpc	static selector RPC	connection.id=680 request.id=115436 request_id=2a383e3a-db57-4e3a-b3ea-44f86bf5da00 elapsed_us=32034
static_stage_us prepare=49932 prefill=28381 select=32050 decode=1567 total=111930
2026-09-26T22:56:53.146190Z	debug	dynamo_static_selector_rpc	static selector RPC	connection.id=654 request.id=115622 request_id=78eab896-b1b6-4d40-8f8e-6565d2ec8d00 elapsed_us=30465
static_stage_us prepare=50352 prefill=22994 select=30477 decode=2669 total=106492
2026-09-26T22:56:53.154499Z	debug	dynamo_static_buffer_ready	static prefill channel buffer readiness	connection.id=467 request.id=116017 request_id=2e089fbf-52f9-4eac-bc5f-11cdf7ca1200 ready_us=0 ready_offset_us=4 is_ok=true
2026-09-26T22:56:53.164097Z	debug	dynamo_static_selector_rpc	static selector RPC	connection.id=905 request.id=115658 request_id=d1c6d7f8-2dc5-44b6-afed-7a13cd0fbc00 elapsed_us=33723
static_stage_us prepare=52036 prefill=31134 select=33734 decode=1091 total=117995
2026-09-26T22:56:53.186919Z	debug	dynamo_static_rpc_split	static prefill RPC split	connection.id=467 request.id=116017 request_id=2e089fbf-52f9-4eac-bc5f-11cdf7ca1200 headers_us=32408 stream_us=17
2026-09-26T22:56:53.209480Z	debug	dynamo_static_buffer_ready	static prefill channel buffer readiness	connection.id=432 request.id=116329 request_id=ba253721-ade2-47cb-b57d-4086d9258900 ready_us=0 ready_offset_us=5 is_ok=true
2026-09-26T22:56:53.221338Z	debug	dynamo_static_selector_rpc	static selector RPC	connection.id=467 request.id=116017 request_id=2e089fbf-52f9-4eac-bc5f-11cdf7ca1200 elapsed_us=34394
static_stage_us prepare=49160 prefill=32450 select=34408 decode=1656 total=117674
2026-09-26T22:56:53.235827Z	debug	dynamo_static_rpc_split	static prefill RPC split	connection.id=432 request.id=116329 request_id=ba253721-ade2-47cb-b57d-4086d9258900 headers_us=26342 stream_us=8
2026-09-26T22:56:53.261010Z	debug	dynamo_static_buffer_ready	static prefill channel buffer readiness	connection.id=520 request.id=116660 request_id=cf87a9d5-17bf-4837-94ba-035cd9369500 ready_us=0 ready_offset_us=6 is_ok=true
2026-09-26T22:56:53.261770Z	debug	dynamo_static_selector_rpc	static selector RPC	connection.id=432 request.id=116329 request_id=ba253721-ade2-47cb-b57d-4086d9258900 elapsed_us=25928
static_stage_us prepare=46486 prefill=26367 select=25940 decode=2369 total=101162
2026-09-26T22:56:53.267968Z	debug	dynamo_static_buffer_ready	static prefill channel buffer readiness	connection.id=310 request.id=116670 request_id=4852af5a-842d-492c-ad24-f6ce7b2afd00 ready_us=0 ready_offset_us=5 is_ok=true
2026-09-26T22:56:53.274254Z	debug	dynamo_static_buffer_ready	static prefill channel buffer readiness	connection.id=769 request.id=116714 request_id=e2e8c738-6d24-44a2-839b-01ab49b69d00 ready_us=1 ready_offset_us=4 is_ok=true
2026-09-26T22:56:53.290919Z	debug	dynamo_static_rpc_split	static prefill RPC split	connection.id=520 request.id=116660 request_id=cf87a9d5-17bf-4837-94ba-035cd9369500 headers_us=29909 stream_us=5
2026-09-26T22:56:53.292740Z	debug	dynamo_static_rpc_split	static prefill RPC split	connection.id=310 request.id=116670 request_id=4852af5a-842d-492c-ad24-f6ce7b2afd00 headers_us=24773 stream_us=4
2026-09-26T22:56:53.304083Z	debug	dynamo_static_rpc_split	static prefill RPC split	connection.id=769 request.id=116714 request_id=e2e8c738-6d24-44a2-839b-01ab49b69d00 headers_us=29826 stream_us=7
2026-09-26T22:56:53.318116Z	debug	dynamo_static_selector_rpc	static selector RPC	connection.id=520 request.id=116660 request_id=cf87a9d5-17bf-4837-94ba-035cd9369500 elapsed_us=27182
2026-09-26T22:56:53.318252Z	debug	dynamo_static_selector_rpc	static selector RPC	connection.id=310 request.id=116670 request_id=4852af5a-842d-492c-ad24-f6ce7b2afd00 elapsed_us=25490
static_stage_us prepare=55963 prefill=29928 select=27198 decode=1043 total=114132
static_stage_us prepare=61331 prefill=24799 select=25502 decode=1518 total=113150
2026-09-26T22:56:53.335639Z	debug	dynamo_static_selector_rpc	static selector RPC	connection.id=769 request.id=116714 request_id=e2e8c738-6d24-44a2-839b-01ab49b69d00 elapsed_us=31538
static_stage_us prepare=52835 prefill=29852 select=31563 decode=1436 total=115686
2026-09-26T22:56:53.337968Z	debug	dynamo_static_buffer_ready	static prefill channel buffer readiness	connection.id=712 request.id=117091 request_id=8c7ab2f2-ce00-4d18-aa00-c2e8e259d400 ready_us=0 ready_offset_us=2 is_ok=true
2026-09-26T22:56:53.354412Z	debug	dynamo_static_buffer_ready	static prefill channel buffer readiness	connection.id=202 request.id=117179 request_id=edd08ab3-4598-4cb7-9b98-2498a45f6500 ready_us=1 ready_offset_us=29 is_ok=true
2026-09-26T22:56:53.368306Z	debug	dynamo_static_rpc_split	static prefill RPC split	connection.id=712 request.id=117091 request_id=8c7ab2f2-ce00-4d18-aa00-c2e8e259d400 headers_us=30335 stream_us=5
2026-09-26T22:56:53.380987Z	debug	dynamo_static_rpc_split	static prefill RPC split	connection.id=202 request.id=117179 request_id=edd08ab3-4598-4cb7-9b98-2498a45f6500 headers_us=26601 stream_us=4
2026-09-26T22:56:53.399373Z	debug	dynamo_static_buffer_ready	static prefill channel buffer readiness	connection.id=452 request.id=117494 request_id=dfe73048-0d27-4572-9cf3-949a44443700 ready_us=0 ready_offset_us=3 is_ok=true
2026-09-26T22:56:53.401865Z	debug	dynamo_static_buffer_ready	static prefill channel buffer readiness	connection.id=832 request.id=117527 request_id=2cd3d019-5797-43a2-8fe3-8489e0823500 ready_us=0 ready_offset_us=6 is_ok=true
2026-09-26T22:56:53.403336Z	debug	dynamo_static_selector_rpc	static selector RPC	connection.id=712 request.id=117091 request_id=8c7ab2f2-ce00-4d18-aa00-c2e8e259d400 elapsed_us=34997
static_stage_us prepare=56727 prefill=30374 select=35010 decode=669 total=122780
2026-09-26T22:56:53.407417Z	debug	dynamo_static_selector_rpc	static selector RPC	connection.id=202 request.id=117179 request_id=edd08ab3-4598-4cb7-9b98-2498a45f6500 elapsed_us=26414
static_stage_us prepare=60062 prefill=26622 select=26426 decode=1598 total=114708
2026-09-26T22:56:53.426612Z	debug	dynamo_static_buffer_ready	static prefill channel buffer readiness	connection.id=920 request.id=117666 request_id=ff89548b-7cee-4cd8-8bc9-6731a460ae00 ready_us=0 ready_offset_us=4 is_ok=true
2026-09-26T22:56:53.429206Z	debug	dynamo_static_rpc_split	static prefill RPC split	connection.id=832 request.id=117527 request_id=2cd3d019-5797-43a2-8fe3-8489e0823500 headers_us=27343 stream_us=3
2026-09-26T22:56:53.432460Z	debug	dynamo_static_rpc_split	static prefill RPC split	connection.id=452 request.id=117494 request_id=dfe73048-0d27-4572-9cf3-949a44443700 headers_us=33085 stream_us=5
2026-09-26T22:56:53.447587Z	debug	dynamo_static_buffer_ready	static prefill channel buffer readiness	connection.id=880 request.id=117794 request_id=2bd8c9e8-8eab-4411-b4dd-febb4a1d7c00 ready_us=0 ready_offset_us=2 is_ok=true
2026-09-26T22:56:53.454735Z	debug	dynamo_static_rpc_split	static prefill RPC split	connection.id=920 request.id=117666 request_id=ff89548b-7cee-4cd8-8bc9-6731a460ae00 headers_us=28144 stream_us=4
2026-09-26T22:56:53.463764Z	debug	dynamo_static_selector_rpc	static selector RPC	connection.id=452 request.id=117494 request_id=dfe73048-0d27-4572-9cf3-949a44443700 elapsed_us=31290
static_stage_us prepare=54917 prefill=33104 select=31302 decode=1579 total=120902
2026-09-26T22:56:53.466766Z	debug	dynamo_static_selector_rpc	static selector RPC	connection.id=832 request.id=117527 request_id=2cd3d019-5797-43a2-8fe3-8489e0823500 elapsed_us=37545
static_stage_us prepare=50126 prefill=27362 select=37557 decode=1218 total=116263
2026-09-26T22:56:53.482452Z	debug	dynamo_static_rpc_split	static prefill RPC split	connection.id=880 request.id=117794 request_id=2bd8c9e8-8eab-4411-b4dd-febb4a1d7c00 headers_us=34858 stream_us=9
2026-09-26T22:56:53.482547Z	debug	dynamo_static_selector_rpc	static selector RPC	connection.id=920 request.id=117666 request_id=ff89548b-7cee-4cd8-8bc9-6731a460ae00 elapsed_us=27801
static_stage_us prepare=51867 prefill=28160 select=27812 decode=2707 total=110546
2026-09-26T22:56:53.512516Z	debug	dynamo_static_selector_rpc	static selector RPC	connection.id=880 request.id=117794 request_id=2bd8c9e8-8eab-4411-b4dd-febb4a1d7c00 elapsed_us=30048
2026-09-26T22:56:53.514527Z	debug	dynamo_static_buffer_ready	static prefill channel buffer readiness	connection.id=746 request.id=118204 request_id=13ace63b-f79d-456b-9249-6c1550572300 ready_us=0 ready_offset_us=4 is_ok=true
static_stage_us prepare=51741 prefill=34883 select=30064 decode=3265 total=119953
2026-09-26T22:56:53.547624Z	debug	dynamo_static_rpc_split	static prefill RPC split	connection.id=746 request.id=118204 request_id=13ace63b-f79d-456b-9249-6c1550572300 headers_us=33088 stream_us=12
2026-09-26T22:56:53.562071Z	debug	dynamo_static_buffer_ready	static prefill channel buffer readiness	connection.id=377 request.id=118479 request_id=360997e6-468b-44dd-a970-9cd08d3cff00 ready_us=0 ready_offset_us=3 is_ok=true
2026-09-26T22:56:53.575625Z	debug	dynamo_static_selector_rpc	static selector RPC	connection.id=746 request.id=118204 request_id=13ace63b-f79d-456b-9249-6c1550572300 elapsed_us=27980
2026-09-26T22:56:53.576651Z	debug	dynamo_static_buffer_ready	static prefill channel buffer readiness	connection.id=404 request.id=118567 request_id=02775126-f087-4af0-be4c-4cd62e909100 ready_us=0 ready_offset_us=3 is_ok=true
static_stage_us prepare=51470 prefill=33121 select=27995 decode=1524 total=114110
2026-09-26T22:56:53.582867Z	debug	dynamo_static_buffer_ready	static prefill channel buffer readiness	connection.id=857 request.id=118593 request_id=f79c2a3d-9b29-466d-b091-52337f716700 ready_us=0 ready_offset_us=4 is_ok=true
2026-09-26T22:56:53.588406Z	debug	dynamo_static_rpc_split	static prefill RPC split	connection.id=377 request.id=118479 request_id=360997e6-468b-44dd-a970-9cd08d3cff00 headers_us=26334 stream_us=3
2026-09-26T22:56:53.614099Z	debug	dynamo_static_rpc_split	static prefill RPC split	connection.id=404 request.id=118567 request_id=02775126-f087-4af0-be4c-4cd62e909100 headers_us=37446 stream_us=4
2026-09-26T22:56:53.618379Z	debug	dynamo_static_rpc_split	static prefill RPC split	connection.id=857 request.id=118593 request_id=f79c2a3d-9b29-466d-b091-52337f716700 headers_us=35506 stream_us=10
2026-09-26T22:56:53.623709Z	debug	dynamo_static_selector_rpc	static selector RPC	connection.id=377 request.id=118479 request_id=360997e6-468b-44dd-a970-9cd08d3cff00 elapsed_us=35289
static_stage_us prepare=52438 prefill=26352 select=35306 decode=2606 total=116702
2026-09-26T22:56:53.646860Z	debug	dynamo_static_selector_rpc	static selector RPC	connection.id=404 request.id=118567 request_id=02775126-f087-4af0-be4c-4cd62e909100 elapsed_us=32748
2026-09-26T22:56:53.647624Z	debug	dynamo_static_selector_rpc	static selector RPC	connection.id=857 request.id=118593 request_id=f79c2a3d-9b29-466d-b091-52337f716700 elapsed_us=29222
static_stage_us prepare=51615 prefill=37465 select=32761 decode=1785 total=123626
static_stage_us prepare=56065 prefill=35539 select=29234 decode=2621 total=123459
2026-09-26T22:56:53.706153Z	debug	dynamo_static_buffer_ready	static prefill channel buffer readiness	connection.id=358 request.id=119333 request_id=fd610aa6-9924-43c3-8191-0b3a9d41d800 ready_us=0 ready_offset_us=3 is_ok=true
2026-09-26T22:56:53.735318Z	debug	dynamo_static_rpc_split	static prefill RPC split	connection.id=358 request.id=119333 request_id=fd610aa6-9924-43c3-8191-0b3a9d41d800 headers_us=29153 stream_us=14
2026-09-26T22:56:53.765010Z	debug	dynamo_static_selector_rpc	static selector RPC	connection.id=358 request.id=119333 request_id=fd610aa6-9924-43c3-8191-0b3a9d41d800 elapsed_us=29676
static_stage_us prepare=46869 prefill=29184 select=29690 decode=813 total=106556
2026-09-26T22:56:53.785277Z	debug	dynamo_static_buffer_ready	static prefill channel buffer readiness	connection.id=295 request.id=119791 request_id=323b3181-39eb-4276-b954-a3b830675a00 ready_us=0 ready_offset_us=4 is_ok=true
2026-09-26T22:56:53.795169Z	debug	dynamo_static_buffer_ready	static prefill channel buffer readiness	connection.id=309 request.id=119880 request_id=a07802dc-d848-4d02-9456-17cda3fdc300 ready_us=0 ready_offset_us=3 is_ok=true
2026-09-26T22:56:53.808405Z	debug	dynamo_static_rpc_split	static prefill RPC split	connection.id=295 request.id=119791 request_id=323b3181-39eb-4276-b954-a3b830675a00 headers_us=23098 stream_us=34
2026-09-26T22:56:53.822389Z	debug	dynamo_static_rpc_split	static prefill RPC split	connection.id=309 request.id=119880 request_id=a07802dc-d848-4d02-9456-17cda3fdc300 headers_us=27218 stream_us=5
2026-09-26T22:56:53.835191Z	debug	dynamo_static_selector_rpc	static selector RPC	connection.id=295 request.id=119791 request_id=323b3181-39eb-4276-b954-a3b830675a00 elapsed_us=26768
static_stage_us prepare=59309 prefill=23151 select=26781 decode=1455 total=110696
2026-09-26T22:56:53.851781Z	debug	dynamo_static_selector_rpc	static selector RPC	connection.id=309 request.id=119880 request_id=a07802dc-d848-4d02-9456-17cda3fdc300 elapsed_us=29378
static_stage_us prepare=56896 prefill=27238 select=29402 decode=727 total=114263
2026-09-26T22:56:53.857296Z	debug	dynamo_static_buffer_ready	static prefill channel buffer readiness	connection.id=718 request.id=120231 request_id=ad74635c-93a0-4247-ad95-5ed539125300 ready_us=0 ready_offset_us=4 is_ok=true
2026-09-26T22:56:53.881462Z	debug	dynamo_static_rpc_split	static prefill RPC split	connection.id=718 request.id=120231 request_id=ad74635c-93a0-4247-ad95-5ed539125300 headers_us=24155 stream_us=15
2026-09-26T22:56:53.901698Z	debug	dynamo_static_buffer_ready	static prefill channel buffer readiness	connection.id=906 request.id=120550 request_id=3f1d4fc3-c159-41fc-b553-11e949a1ec00 ready_us=0 ready_offset_us=4 is_ok=true
2026-09-26T22:56:53.920146Z	debug	dynamo_static_selector_rpc	static selector RPC	connection.id=718 request.id=120231 request_id=ad74635c-93a0-4247-ad95-5ed539125300 elapsed_us=38671
static_stage_us prepare=55309 prefill=24184 select=38688 decode=1716 total=119897
2026-09-26T22:56:53.936838Z	debug	dynamo_static_rpc_split	static prefill RPC split	connection.id=906 request.id=120550 request_id=3f1d4fc3-c159-41fc-b553-11e949a1ec00 headers_us=35134 stream_us=9
2026-09-26T22:56:53.966501Z	debug	dynamo_static_selector_rpc	static selector RPC	connection.id=906 request.id=120550 request_id=3f1d4fc3-c159-41fc-b553-11e949a1ec00 elapsed_us=29646
static_stage_us prepare=49786 prefill=35161 select=29661 decode=1918 total=116526
2026-09-26T22:56:53.998026Z	debug	dynamo_static_buffer_ready	static prefill channel buffer readiness	connection.id=703 request.id=121137 request_id=22991905-02b4-4f5c-a068-ecc322536b00 ready_us=1 ready_offset_us=5 is_ok=true
2026-09-26T22:56:54.031091Z	debug	dynamo_static_rpc_split	static prefill RPC split	connection.id=703 request.id=121137 request_id=22991905-02b4-4f5c-a068-ecc322536b00 headers_us=33065 stream_us=4
2026-09-26T22:56:54.046550Z	debug	dynamo_static_buffer_ready	static prefill channel buffer readiness	connection.id=845 request.id=121381 request_id=e91cd63c-eec6-4ee7-b170-40fa3e6c4600 ready_us=0 ready_offset_us=2 is_ok=true
2026-09-26T22:56:54.060268Z	debug	dynamo_static_buffer_ready	static prefill channel buffer readiness	connection.id=205 request.id=121531 request_id=b2c2d48b-14f9-4f8d-96c9-b928e544e100 ready_us=0 ready_offset_us=2 is_ok=true
2026-09-26T22:56:54.062027Z	debug	dynamo_static_selector_rpc	static selector RPC	connection.id=703 request.id=121137 request_id=22991905-02b4-4f5c-a068-ecc322536b00 elapsed_us=30919
static_stage_us prepare=56106 prefill=33087 select=30951 decode=2101 total=122245
2026-09-26T22:56:54.076040Z	debug	dynamo_static_rpc_split	static prefill RPC split	connection.id=845 request.id=121381 request_id=e91cd63c-eec6-4ee7-b170-40fa3e6c4600 headers_us=29460 stream_us=31
2026-09-26T22:56:54.090055Z	debug	dynamo_static_rpc_split	static prefill RPC split	connection.id=205 request.id=121531 request_id=b2c2d48b-14f9-4f8d-96c9-b928e544e100 headers_us=29785 stream_us=4
2026-09-26T22:56:54.101311Z	debug	dynamo_static_selector_rpc	static selector RPC	connection.id=845 request.id=121381 request_id=e91cd63c-eec6-4ee7-b170-40fa3e6c4600 elapsed_us=25254
2026-09-26T22:56:54.102095Z	debug	dynamo_static_buffer_ready	static prefill channel buffer readiness	connection.id=910 request.id=121744 request_id=5078c31d-4c38-4dfb-b35b-38d9354b2f00 ready_us=1 ready_offset_us=3 is_ok=true
static_stage_us prepare=61491 prefill=29510 select=25267 decode=1147 total=117415
2026-09-26T22:56:54.121771Z	debug	dynamo_static_buffer_ready	static prefill channel buffer readiness	connection.id=867 request.id=121879 request_id=4645ed21-a326-4da8-8699-8cfeece24700 ready_us=0 ready_offset_us=3 is_ok=true
2026-09-26T22:56:54.121973Z	debug	dynamo_static_selector_rpc	static selector RPC	connection.id=205 request.id=121531 request_id=b2c2d48b-14f9-4f8d-96c9-b928e544e100 elapsed_us=31903
static_stage_us prepare=56121 prefill=29805 select=31918 decode=1544 total=119388
2026-09-26T22:56:54.125738Z	debug	dynamo_static_rpc_split	static prefill RPC split	connection.id=910 request.id=121744 request_id=5078c31d-4c38-4dfb-b35b-38d9354b2f00 headers_us=23623 stream_us=23
2026-09-26T22:56:54.148091Z	debug	dynamo_static_rpc_split	static prefill RPC split	connection.id=867 request.id=121879 request_id=4645ed21-a326-4da8-8699-8cfeece24700 headers_us=26285 stream_us=36
2026-09-26T22:56:54.150975Z	debug	dynamo_static_selector_rpc	static selector RPC	connection.id=910 request.id=121744 request_id=5078c31d-4c38-4dfb-b35b-38d9354b2f00 elapsed_us=25211
static_stage_us prepare=52395 prefill=23672 select=25229 decode=1994 total=103290
2026-09-26T22:56:54.173717Z	debug	dynamo_static_selector_rpc	static selector RPC	connection.id=867 request.id=121879 request_id=4645ed21-a326-4da8-8699-8cfeece24700 elapsed_us=25596
static_stage_us prepare=48530 prefill=26353 select=25609 decode=930 total=101422
2026-09-26T22:56:54.297740Z	debug	dynamo_static_buffer_ready	static prefill channel buffer readiness	connection.id=545 request.id=123040 request_id=d76cd0bd-4d94-467f-be4b-14617b306300 ready_us=0 ready_offset_us=2 is_ok=true
2026-09-26T22:56:54.304458Z	debug	dynamo_static_buffer_ready	static prefill channel buffer readiness	connection.id=242 request.id=123018 request_id=847e7e95-8489-44b1-ab31-a04fbb4d6400 ready_us=0 ready_offset_us=3 is_ok=true
2026-09-26T22:56:54.323811Z	debug	dynamo_static_rpc_split	static prefill RPC split	connection.id=545 request.id=123040 request_id=d76cd0bd-4d94-467f-be4b-14617b306300 headers_us=26064 stream_us=9
2026-09-26T22:56:54.331487Z	debug	dynamo_static_rpc_split	static prefill RPC split	connection.id=242 request.id=123018 request_id=847e7e95-8489-44b1-ab31-a04fbb4d6400 headers_us=27021 stream_us=10
2026-09-26T22:56:54.336230Z	debug	dynamo_static_buffer_ready	static prefill channel buffer readiness	connection.id=952 request.id=123288 request_id=8c16aa0c-1d03-4452-92e6-83daa190a600 ready_us=1 ready_offset_us=8 is_ok=true
2026-09-26T22:56:54.346044Z	debug	dynamo_static_buffer_ready	static prefill channel buffer readiness	connection.id=604 request.id=123379 request_id=219c4a0d-0347-400d-ab4b-41341659d200 ready_us=0 ready_offset_us=5 is_ok=true
2026-09-26T22:56:54.354258Z	debug	dynamo_static_selector_rpc	static selector RPC	connection.id=545 request.id=123040 request_id=d76cd0bd-4d94-467f-be4b-14617b306300 elapsed_us=30429
static_stage_us prepare=43363 prefill=26091 select=30445 decode=3827 total=103726
2026-09-26T22:56:54.358041Z	debug	dynamo_static_selector_rpc	static selector RPC	connection.id=242 request.id=123018 request_id=847e7e95-8489-44b1-ab31-a04fbb4d6400 elapsed_us=26537
static_stage_us prepare=51834 prefill=27049 select=26550 decode=3003 total=108436
2026-09-26T22:56:54.361584Z	debug	dynamo_static_rpc_split	static prefill RPC split	connection.id=952 request.id=123288 request_id=8c16aa0c-1d03-4452-92e6-83daa190a600 headers_us=25358 stream_us=4
2026-09-26T22:56:54.373476Z	debug	dynamo_static_rpc_split	static prefill RPC split	connection.id=604 request.id=123379 request_id=219c4a0d-0347-400d-ab4b-41341659d200 headers_us=27428 stream_us=8
2026-09-26T22:56:54.386212Z	debug	dynamo_static_selector_rpc	static selector RPC	connection.id=952 request.id=123288 request_id=8c16aa0c-1d03-4452-92e6-83daa190a600 elapsed_us=24616
static_stage_us prepare=45906 prefill=25374 select=24628 decode=5426 total=101334
2026-09-26T22:56:54.398892Z	debug	dynamo_static_selector_rpc	static selector RPC	connection.id=604 request.id=123379 request_id=219c4a0d-0347-400d-ab4b-41341659d200 elapsed_us=25403
static_stage_us prepare=46786 prefill=27451 select=25416 decode=841 total=100494
2026-09-26T22:56:54.433779Z	debug	dynamo_static_buffer_ready	static prefill channel buffer readiness	connection.id=161 request.id=123987 request_id=f26640c6-7693-43d2-8473-355f6435c500 ready_us=0 ready_offset_us=7 is_ok=true
2026-09-26T22:56:54.460832Z	debug	dynamo_static_rpc_split	static prefill RPC split	connection.id=161 request.id=123987 request_id=f26640c6-7693-43d2-8473-355f6435c500 headers_us=27052 stream_us=7
2026-09-26T22:56:54.483983Z	debug	dynamo_static_selector_rpc	static selector RPC	connection.id=161 request.id=123987 request_id=f26640c6-7693-43d2-8473-355f6435c500 elapsed_us=23115
static_stage_us prepare=45543 prefill=27097 select=23139 decode=2762 total=98541
2026-09-26T22:56:54.643245Z	debug	dynamo_static_buffer_ready	static prefill channel buffer readiness	connection.id=145 request.id=125314 request_id=8827ea78-47cc-47dd-9180-75bd8fc20e00 ready_us=0 ready_offset_us=2 is_ok=true
2026-09-26T22:56:54.667566Z	debug	dynamo_static_rpc_split	static prefill RPC split	connection.id=145 request.id=125314 request_id=8827ea78-47cc-47dd-9180-75bd8fc20e00 headers_us=24311 stream_us=12
2026-09-26T22:56:54.671947Z	debug	dynamo_static_buffer_ready	static prefill channel buffer readiness	connection.id=924 request.id=125450 request_id=d75be2b9-7e77-45a6-a9fc-a96e2212ee00 ready_us=0 ready_offset_us=3 is_ok=true
2026-09-26T22:56:54.672791Z	debug	dynamo_static_buffer_ready	static prefill channel buffer readiness	connection.id=222 request.id=125485 request_id=2163aee0-aba3-4d7b-828a-56d896cb8500 ready_us=0 ready_offset_us=37 is_ok=true
2026-09-26T22:56:54.692766Z	debug	dynamo_static_rpc_split	static prefill RPC split	connection.id=222 request.id=125485 request_id=2163aee0-aba3-4d7b-828a-56d896cb8500 headers_us=20015 stream_us=5
2026-09-26T22:56:54.696170Z	debug	dynamo_static_selector_rpc	static selector RPC	connection.id=145 request.id=125314 request_id=8827ea78-47cc-47dd-9180-75bd8fc20e00 elapsed_us=28583
static_stage_us prepare=47960 prefill=24346 select=28596 decode=854 total=101756
2026-09-26T22:56:54.697705Z	debug	dynamo_static_rpc_split	static prefill RPC split	connection.id=924 request.id=125450 request_id=d75be2b9-7e77-45a6-a9fc-a96e2212ee00 headers_us=25750 stream_us=11
2026-09-26T22:56:54.718832Z	debug	dynamo_static_selector_rpc	static selector RPC	connection.id=222 request.id=125485 request_id=2163aee0-aba3-4d7b-828a-56d896cb8500 elapsed_us=26045
static_stage_us prepare=50269 prefill=20035 select=26065 decode=1607 total=97976
2026-09-26T22:56:54.722105Z	debug	dynamo_static_selector_rpc	static selector RPC	connection.id=924 request.id=125450 request_id=d75be2b9-7e77-45a6-a9fc-a96e2212ee00 elapsed_us=24388
static_stage_us prepare=53249 prefill=25772 select=24400 decode=2280 total=105701
2026-09-26T22:56:54.758280Z	debug	dynamo_static_buffer_ready	static prefill channel buffer readiness	connection.id=732 request.id=126083 request_id=109cb165-710f-4333-ba60-c93c2a8be200 ready_us=0 ready_offset_us=16 is_ok=true
2026-09-26T22:56:54.777653Z	debug	dynamo_static_buffer_ready	static prefill channel buffer readiness	connection.id=674 request.id=126207 request_id=c1ca993b-e8d6-4df2-a820-dfe2dca2e800 ready_us=1 ready_offset_us=3 is_ok=true
2026-09-26T22:56:54.783314Z	debug	dynamo_static_rpc_split	static prefill RPC split	connection.id=732 request.id=126083 request_id=109cb165-710f-4333-ba60-c93c2a8be200 headers_us=25043 stream_us=6
2026-09-26T22:56:54.804319Z	debug	dynamo_static_rpc_split	static prefill RPC split	connection.id=674 request.id=126207 request_id=c1ca993b-e8d6-4df2-a820-dfe2dca2e800 headers_us=26650 stream_us=9
2026-09-26T22:56:54.808470Z	debug	dynamo_static_selector_rpc	static selector RPC	connection.id=732 request.id=126083 request_id=109cb165-710f-4333-ba60-c93c2a8be200 elapsed_us=25142
static_stage_us prepare=45241 prefill=25063 select=25164 decode=605 total=96073
2026-09-26T22:56:54.818682Z	debug	dynamo_static_buffer_ready	static prefill channel buffer readiness	connection.id=710 request.id=126472 request_id=315ffadd-2c6f-459e-aa69-e7f67a77b700 ready_us=0 ready_offset_us=2 is_ok=true
2026-09-26T22:56:54.832591Z	debug	dynamo_static_selector_rpc	static selector RPC	connection.id=674 request.id=126207 request_id=c1ca993b-e8d6-4df2-a820-dfe2dca2e800 elapsed_us=28216
static_stage_us prepare=46817 prefill=26726 select=28233 decode=1385 total=103161
2026-09-26T22:56:54.841517Z	debug	dynamo_static_rpc_split	static prefill RPC split	connection.id=710 request.id=126472 request_id=315ffadd-2c6f-459e-aa69-e7f67a77b700 headers_us=22827 stream_us=8
2026-09-26T22:56:54.843739Z	debug	dynamo_static_buffer_ready	static prefill channel buffer readiness	connection.id=420 request.id=126669 request_id=cd108187-48ef-4a1f-92b3-43a2a6874c00 ready_us=0 ready_offset_us=5 is_ok=true
2026-09-26T22:56:54.869304Z	debug	dynamo_static_selector_rpc	static selector RPC	connection.id=710 request.id=126472 request_id=315ffadd-2c6f-459e-aa69-e7f67a77b700 elapsed_us=27774
static_stage_us prepare=47361 prefill=22848 select=27791 decode=1252 total=99252
2026-09-26T22:56:54.872097Z	debug	dynamo_static_rpc_split	static prefill RPC split	connection.id=420 request.id=126669 request_id=cd108187-48ef-4a1f-92b3-43a2a6874c00 headers_us=28346 stream_us=18
2026-09-26T22:56:54.895982Z	debug	dynamo_static_selector_rpc	static selector RPC	connection.id=420 request.id=126669 request_id=cd108187-48ef-4a1f-92b3-43a2a6874c00 elapsed_us=23850
static_stage_us prepare=45245 prefill=28399 select=23865 decode=1437 total=98946
2026-09-26T22:56:54.914995Z	debug	dynamo_static_buffer_ready	static prefill channel buffer readiness	connection.id=142 request.id=127131 request_id=028d78f8-1ff8-4bf3-ba07-c99307bfbc00 ready_us=0 ready_offset_us=7 is_ok=true
2026-09-26T22:56:54.944677Z	debug	dynamo_static_rpc_split	static prefill RPC split	connection.id=142 request.id=127131 request_id=028d78f8-1ff8-4bf3-ba07-c99307bfbc00 headers_us=29684 stream_us=4
static_stage_us prepare=48823 prefill=29718 select=25397 decode=1068 total=105006
2026-09-26T22:56:54.970090Z	debug	dynamo_static_selector_rpc	static selector RPC	connection.id=142 request.id=127131 request_id=028d78f8-1ff8-4bf3-ba07-c99307bfbc00 elapsed_us=25384
2026-09-26T22:56:54.982839Z	debug	dynamo_static_buffer_ready	static prefill channel buffer readiness	connection.id=607 request.id=127576 request_id=0626427e-de42-4b91-adeb-48af331d1b00 ready_us=1 ready_offset_us=4 is_ok=true
2026-09-26T22:56:55.003545Z	debug	dynamo_static_rpc_split	static prefill RPC split	connection.id=607 request.id=127576 request_id=0626427e-de42-4b91-adeb-48af331d1b00 headers_us=20702 stream_us=9
2026-09-26T22:56:55.011378Z	debug	dynamo_static_buffer_ready	static prefill channel buffer readiness	connection.id=383 request.id=127776 request_id=943103cc-3e4d-49c0-aa27-b12453a29f00 ready_us=0 ready_offset_us=3 is_ok=true
2026-09-26T22:56:55.034718Z	debug	dynamo_static_selector_rpc	static selector RPC	connection.id=607 request.id=127576 request_id=0626427e-de42-4b91-adeb-48af331d1b00 elapsed_us=31158
static_stage_us prepare=44638 prefill=20727 select=31174 decode=815 total=97354
2026-09-26T22:56:55.038923Z	debug	dynamo_static_rpc_split	static prefill RPC split	connection.id=383 request.id=127776 request_id=943103cc-3e4d-49c0-aa27-b12453a29f00 headers_us=27545 stream_us=3
2026-09-26T22:56:55.042734Z	debug	dynamo_static_buffer_ready	static prefill channel buffer readiness	connection.id=702 request.id=127952 request_id=20c25e1a-f518-462b-bbb3-3db91aabda00 ready_us=0 ready_offset_us=2 is_ok=true
2026-09-26T22:56:55.062289Z	debug	dynamo_static_selector_rpc	static selector RPC	connection.id=383 request.id=127776 request_id=943103cc-3e4d-49c0-aa27-b12453a29f00 elapsed_us=23344
static_stage_us prepare=43219 prefill=27571 select=23355 decode=1091 total=95236
2026-09-26T22:56:55.072980Z	debug	dynamo_static_rpc_split	static prefill RPC split	connection.id=702 request.id=127952 request_id=20c25e1a-f518-462b-bbb3-3db91aabda00 headers_us=30243 stream_us=5
2026-09-26T22:56:55.098143Z	debug	dynamo_static_selector_rpc	static selector RPC	connection.id=702 request.id=127952 request_id=20c25e1a-f518-462b-bbb3-3db91aabda00 elapsed_us=25130
static_stage_us prepare=51324 prefill=30281 select=25149 decode=2534 total=109288
2026-09-26T22:56:55.120307Z	debug	dynamo_static_buffer_ready	static prefill channel buffer readiness	connection.id=740 request.id=128463 request_id=847fa735-b255-47ef-8687-eb4c18eea100 ready_us=0 ready_offset_us=3 is_ok=true
2026-09-26T22:56:55.130799Z	debug	dynamo_static_buffer_ready	static prefill channel buffer readiness	connection.id=938 request.id=128501 request_id=c495d833-c3c2-4dd5-acae-3b421b38f500 ready_us=0 ready_offset_us=7 is_ok=true
2026-09-26T22:56:55.147091Z	debug	dynamo_static_rpc_split	static prefill RPC split	connection.id=740 request.id=128463 request_id=847fa735-b255-47ef-8687-eb4c18eea100 headers_us=26778 stream_us=8
2026-09-26T22:56:55.155190Z	debug	dynamo_static_rpc_split	static prefill RPC split	connection.id=938 request.id=128501 request_id=c495d833-c3c2-4dd5-acae-3b421b38f500 headers_us=24315 stream_us=82
2026-09-26T22:56:55.174909Z	debug	dynamo_static_selector_rpc	static selector RPC	connection.id=740 request.id=128463 request_id=847fa735-b255-47ef-8687-eb4c18eea100 elapsed_us=27805
static_stage_us prepare=45905 prefill=26800 select=27818 decode=1320 total=101843
2026-09-26T22:56:55.184265Z	debug	dynamo_static_buffer_ready	static prefill channel buffer readiness	connection.id=776 request.id=128913 request_id=47a05ed1-fc55-484d-974f-91db64d6ce00 ready_us=0 ready_offset_us=2 is_ok=true
2026-09-26T22:56:55.185329Z	debug	dynamo_static_selector_rpc	static selector RPC	connection.id=938 request.id=128501 request_id=c495d833-c3c2-4dd5-acae-3b421b38f500 elapsed_us=30126
static_stage_us prepare=51792 prefill=24411 select=30147 decode=961 total=107311
2026-09-26T22:56:55.187338Z	debug	dynamo_static_buffer_ready	static prefill channel buffer readiness	connection.id=694 request.id=128908 request_id=6e549cfd-cbfa-4b8e-a2aa-7c0d45bf7b00 ready_us=0 ready_offset_us=2 is_ok=true
2026-09-26T22:56:55.214825Z	debug	dynamo_static_rpc_split	static prefill RPC split	connection.id=776 request.id=128913 request_id=47a05ed1-fc55-484d-974f-91db64d6ce00 headers_us=30555 stream_us=6
2026-09-26T22:56:55.216585Z	debug	dynamo_static_rpc_split	static prefill RPC split	connection.id=694 request.id=128908 request_id=6e549cfd-cbfa-4b8e-a2aa-7c0d45bf7b00 headers_us=29235 stream_us=14
2026-09-26T22:56:55.224772Z	debug	dynamo_static_buffer_ready	static prefill channel buffer readiness	connection.id=144 request.id=129134 request_id=73bfd2f9-f614-4f47-9af3-31fc6291f200 ready_us=0 ready_offset_us=5 is_ok=true
2026-09-26T22:56:55.239183Z	debug	dynamo_static_buffer_ready	static prefill channel buffer readiness	connection.id=625 request.id=129247 request_id=8ce2a572-68c0-400c-b191-7e9dc25e1e00 ready_us=0 ready_offset_us=5 is_ok=true
2026-09-26T22:56:55.247504Z	debug	dynamo_static_selector_rpc	static selector RPC	connection.id=776 request.id=128913 request_id=47a05ed1-fc55-484d-974f-91db64d6ce00 elapsed_us=32667
2026-09-26T22:56:55.247529Z	debug	dynamo_static_selector_rpc	static selector RPC	connection.id=694 request.id=128908 request_id=6e549cfd-cbfa-4b8e-a2aa-7c0d45bf7b00 elapsed_us=30933
static_stage_us prepare=50300 prefill=29261 select=30941 decode=2500 total=113002
static_stage_us prepare=46445 prefill=30574 select=32686 decode=3034 total=112739
2026-09-26T22:56:55.253746Z	debug	dynamo_static_rpc_split	static prefill RPC split	connection.id=144 request.id=129134 request_id=73bfd2f9-f614-4f47-9af3-31fc6291f200 headers_us=28965 stream_us=13
2026-09-26T22:56:55.270493Z	debug	dynamo_static_rpc_split	static prefill RPC split	connection.id=625 request.id=129247 request_id=8ce2a572-68c0-400c-b191-7e9dc25e1e00 headers_us=31309 stream_us=4
2026-09-26T22:56:55.280224Z	debug	dynamo_static_buffer_ready	static prefill channel buffer readiness	connection.id=897 request.id=129495 request_id=186da7d0-5ee8-4dfc-a1fb-34fd5dc4ba00 ready_us=0 ready_offset_us=3 is_ok=true
2026-09-26T22:56:55.284246Z	debug	dynamo_static_selector_rpc	static selector RPC	connection.id=144 request.id=129134 request_id=73bfd2f9-f614-4f47-9af3-31fc6291f200 elapsed_us=30474
static_stage_us prepare=53529 prefill=29004 select=30486 decode=1028 total=114047
2026-09-26T22:56:55.300400Z	debug	dynamo_static_selector_rpc	static selector RPC	connection.id=625 request.id=129247 request_id=8ce2a572-68c0-400c-b191-7e9dc25e1e00 elapsed_us=29891
static_stage_us prepare=48436 prefill=31330 select=29904 decode=1127 total=110797
2026-09-26T22:56:55.315329Z	debug	dynamo_static_rpc_split	static prefill RPC split	connection.id=897 request.id=129495 request_id=186da7d0-5ee8-4dfc-a1fb-34fd5dc4ba00 headers_us=35104 stream_us=3
2026-09-26T22:56:55.348028Z	debug	dynamo_static_selector_rpc	static selector RPC	connection.id=897 request.id=129495 request_id=186da7d0-5ee8-4dfc-a1fb-34fd5dc4ba00 elapsed_us=32684
static_stage_us prepare=57153 prefill=35123 select=32697 decode=1768 total=126741
2026-09-26T22:56:55.404654Z	debug	dynamo_static_buffer_ready	static prefill channel buffer readiness	connection.id=489 request.id=130316 request_id=100ccde8-2969-4f2e-8940-bb34f679b300 ready_us=0 ready_offset_us=4 is_ok=true
2026-09-26T22:56:55.431047Z	debug	dynamo_static_rpc_split	static prefill RPC split	connection.id=489 request.id=130316 request_id=100ccde8-2969-4f2e-8940-bb34f679b300 headers_us=26383 stream_us=13
2026-09-26T22:56:55.435684Z	debug	dynamo_static_buffer_ready	static prefill channel buffer readiness	connection.id=916 request.id=130512 request_id=85dd5edf-b325-4830-8013-587c6e933900 ready_us=0 ready_offset_us=3 is_ok=true
2026-09-26T22:56:55.443229Z	debug	dynamo_static_buffer_ready	static prefill channel buffer readiness	connection.id=907 request.id=130572 request_id=5f5e1a13-2175-414f-94a4-09c7cd13db00 ready_us=0 ready_offset_us=2 is_ok=true
2026-09-26T22:56:55.452428Z	debug	dynamo_static_buffer_ready	static prefill channel buffer readiness	connection.id=831 request.id=130578 request_id=a0362a26-ed5f-4a60-88df-62d8b9239000 ready_us=0 ready_offset_us=6 is_ok=true
2026-09-26T22:56:55.457534Z	debug	dynamo_static_selector_rpc	static selector RPC	connection.id=489 request.id=130316 request_id=100ccde8-2969-4f2e-8940-bb34f679b300 elapsed_us=26467
static_stage_us prepare=45241 prefill=26416 select=26480 decode=982 total=99119
2026-09-26T22:56:55.471401Z	debug	dynamo_static_rpc_split	static prefill RPC split	connection.id=916 request.id=130512 request_id=85dd5edf-b325-4830-8013-587c6e933900 headers_us=35708 stream_us=11
2026-09-26T22:56:55.472379Z	debug	dynamo_static_buffer_ready	static prefill channel buffer readiness	connection.id=198 request.id=130745 request_id=53198e90-fc3b-4bf0-a637-3be546d81d00 ready_us=1 ready_offset_us=4 is_ok=true
2026-09-26T22:56:55.473366Z	debug	dynamo_static_rpc_split	static prefill RPC split	connection.id=907 request.id=130572 request_id=5f5e1a13-2175-414f-94a4-09c7cd13db00 headers_us=30135 stream_us=3
2026-09-26T22:56:55.481197Z	debug	dynamo_static_buffer_ready	static prefill channel buffer readiness	connection.id=443 request.id=130809 request_id=53031e21-3db3-4285-8cf9-8610bb3b6f00 ready_us=1 ready_offset_us=4 is_ok=true
2026-09-26T22:56:55.484987Z	debug	dynamo_static_rpc_split	static prefill RPC split	connection.id=831 request.id=130578 request_id=a0362a26-ed5f-4a60-88df-62d8b9239000 headers_us=32560 stream_us=5
2026-09-26T22:56:55.498360Z	debug	dynamo_static_selector_rpc	static selector RPC	connection.id=907 request.id=130572 request_id=5f5e1a13-2175-414f-94a4-09c7cd13db00 elapsed_us=24983
static_stage_us prepare=47693 prefill=30150 select=24995 decode=1392 total=104230
2026-09-26T22:56:55.502477Z	debug	dynamo_static_selector_rpc	static selector RPC	connection.id=916 request.id=130512 request_id=85dd5edf-b325-4830-8013-587c6e933900 elapsed_us=31063
static_stage_us prepare=48923 prefill=35733 select=31077 decode=1290 total=117023
2026-09-26T22:56:55.505986Z	debug	dynamo_static_rpc_split	static prefill RPC split	connection.id=198 request.id=130745 request_id=53198e90-fc3b-4bf0-a637-3be546d81d00 headers_us=33580 stream_us=29
2026-09-26T22:56:55.506074Z	debug	dynamo_static_rpc_split	static prefill RPC split	connection.id=443 request.id=130809 request_id=53031e21-3db3-4285-8cf9-8610bb3b6f00 headers_us=24867 stream_us=14
2026-09-26T22:56:55.510690Z	debug	dynamo_static_buffer_ready	static prefill channel buffer readiness	connection.id=724 request.id=131011 request_id=181484c0-dc6d-4301-ab40-05adcb625500 ready_us=0 ready_offset_us=3 is_ok=true
2026-09-26T22:56:55.514838Z	debug	dynamo_static_selector_rpc	static selector RPC	connection.id=831 request.id=130578 request_id=a0362a26-ed5f-4a60-88df-62d8b9239000 elapsed_us=29838
static_stage_us prepare=53042 prefill=32577 select=29856 decode=1797 total=117272
2026-09-26T22:56:55.531305Z	debug	dynamo_static_selector_rpc	static selector RPC	connection.id=443 request.id=130809 request_id=53031e21-3db3-4285-8cf9-8610bb3b6f00 elapsed_us=25195
static_stage_us prepare=52382 prefill=24916 select=25211 decode=1181 total=103690
2026-09-26T22:56:55.532596Z	debug	dynamo_static_selector_rpc	static selector RPC	connection.id=198 request.id=130745 request_id=53198e90-fc3b-4bf0-a637-3be546d81d00 elapsed_us=26594
static_stage_us prepare=54406 prefill=33627 select=26638 decode=1331 total=116002
2026-09-26T22:56:55.534396Z	debug	dynamo_static_rpc_split	static prefill RPC split	connection.id=724 request.id=131011 request_id=181484c0-dc6d-4301-ab40-05adcb625500 headers_us=23696 stream_us=12
2026-09-26T22:56:55.564121Z	debug	dynamo_static_selector_rpc	static selector RPC	connection.id=724 request.id=131011 request_id=181484c0-dc6d-4301-ab40-05adcb625500 elapsed_us=29660
static_stage_us prepare=49097 prefill=23774 select=29672 decode=2400 total=104943
2026-09-26T22:56:55.569649Z	debug	dynamo_static_buffer_ready	static prefill channel buffer readiness	connection.id=168 request.id=131435 request_id=a35bf48a-e57a-457b-929c-dfc813d4e200 ready_us=0 ready_offset_us=4 is_ok=true
2026-09-26T22:56:55.598471Z	debug	dynamo_static_rpc_split	static prefill RPC split	connection.id=168 request.id=131435 request_id=a35bf48a-e57a-457b-929c-dfc813d4e200 headers_us=28787 stream_us=39
2026-09-26T22:56:55.629005Z	debug	dynamo_static_selector_rpc	static selector RPC	connection.id=168 request.id=131435 request_id=a35bf48a-e57a-457b-929c-dfc813d4e200 elapsed_us=30520
static_stage_us prepare=39652 prefill=28840 select=30534 decode=1258 total=100284
2026-09-26T22:56:55.706977Z	debug	dynamo_static_buffer_ready	static prefill channel buffer readiness	connection.id=572 request.id=132210 request_id=c3fbd850-dc4d-4a4f-a82f-e7271c15a300 ready_us=0 ready_offset_us=4 is_ok=true
2026-09-26T22:56:55.745236Z	debug	dynamo_static_rpc_split	static prefill RPC split	connection.id=572 request.id=132210 request_id=c3fbd850-dc4d-4a4f-a82f-e7271c15a300 headers_us=38224 stream_us=38
2026-09-26T22:56:55.761887Z	debug	dynamo_static_buffer_ready	static prefill channel buffer readiness	connection.id=383 request.id=132516 request_id=5af774a8-c09f-4ee0-9847-eb702ecb8500 ready_us=0 ready_offset_us=5 is_ok=true
2026-09-26T22:56:55.773177Z	debug	dynamo_static_selector_rpc	static selector RPC	connection.id=572 request.id=132210 request_id=c3fbd850-dc4d-4a4f-a82f-e7271c15a300 elapsed_us=27918
static_stage_us prepare=58842 prefill=38286 select=27930 decode=1583 total=126641
2026-09-26T22:56:55.782947Z	debug	dynamo_static_buffer_ready	static prefill channel buffer readiness	connection.id=810 request.id=132649 request_id=70a05461-fb2f-47f0-a2c3-7e79e6494400 ready_us=0 ready_offset_us=3 is_ok=true
2026-09-26T22:56:55.784737Z	debug	dynamo_static_rpc_split	static prefill RPC split	connection.id=383 request.id=132516 request_id=5af774a8-c09f-4ee0-9847-eb702ecb8500 headers_us=22842 stream_us=13
2026-09-26T22:56:55.811052Z	debug	dynamo_static_buffer_ready	static prefill channel buffer readiness	connection.id=816 request.id=132790 request_id=0cb0d0e3-d8f2-4972-8219-0fd8cf073300 ready_us=0 ready_offset_us=4 is_ok=true
2026-09-26T22:56:55.814403Z	debug	dynamo_static_selector_rpc	static selector RPC	connection.id=383 request.id=132516 request_id=5af774a8-c09f-4ee0-9847-eb702ecb8500 elapsed_us=29639
static_stage_us prepare=57424 prefill=22882 select=29655 decode=1072 total=111033
2026-09-26T22:56:55.817268Z	debug	dynamo_static_rpc_split	static prefill RPC split	connection.id=810 request.id=132649 request_id=70a05461-fb2f-47f0-a2c3-7e79e6494400 headers_us=34313 stream_us=10
2026-09-26T22:56:55.825636Z	debug	dynamo_static_buffer_ready	static prefill channel buffer readiness	connection.id=621 request.id=132907 request_id=34116731-1dbc-4d64-993e-307f7638d700 ready_us=0 ready_offset_us=2 is_ok=true
2026-09-26T22:56:55.844431Z	debug	dynamo_static_rpc_split	static prefill RPC split	connection.id=816 request.id=132790 request_id=0cb0d0e3-d8f2-4972-8219-0fd8cf073300 headers_us=33370 stream_us=12
2026-09-26T22:56:55.853315Z	debug	dynamo_static_selector_rpc	static selector RPC	connection.id=810 request.id=132649 request_id=70a05461-fb2f-47f0-a2c3-7e79e6494400 elapsed_us=36031
static_stage_us prepare=59482 prefill=34340 select=36043 decode=1498 total=131363
2026-09-26T22:56:55.858300Z	debug	dynamo_static_rpc_split	static prefill RPC split	connection.id=621 request.id=132907 request_id=34116731-1dbc-4d64-993e-307f7638d700 headers_us=32650 stream_us=14
2026-09-26T22:56:55.879239Z	debug	dynamo_static_selector_rpc	static selector RPC	connection.id=816 request.id=132790 request_id=0cb0d0e3-d8f2-4972-8219-0fd8cf073300 elapsed_us=34793
static_stage_us prepare=53761 prefill=33398 select=34806 decode=3277 total=125242
2026-09-26T22:56:55.890993Z	debug	dynamo_static_selector_rpc	static selector RPC	connection.id=621 request.id=132907 request_id=34116731-1dbc-4d64-993e-307f7638d700 elapsed_us=32677
static_stage_us prepare=51266 prefill=32682 select=32693 decode=1310 total=117951
2026-09-26T22:56:55.967503Z	debug	dynamo_static_buffer_ready	static prefill channel buffer readiness	connection.id=223 request.id=133748 request_id=9644a681-7e03-46bc-9981-5d7101078500 ready_us=0 ready_offset_us=3 is_ok=true
2026-09-26T22:56:56.006380Z	debug	dynamo_static_rpc_split	static prefill RPC split	connection.id=223 request.id=133748 request_id=9644a681-7e03-46bc-9981-5d7101078500 headers_us=38873 stream_us=6
2026-09-26T22:56:56.032916Z	debug	dynamo_static_selector_rpc	static selector RPC	connection.id=223 request.id=133748 request_id=9644a681-7e03-46bc-9981-5d7101078500 elapsed_us=26513
static_stage_us prepare=54578 prefill=38903 select=26530 decode=781 total=120792
2026-09-26T22:56:56.057350Z	debug	dynamo_static_buffer_ready	static prefill channel buffer readiness	connection.id=426 request.id=134294 request_id=1187a5c7-28d9-49c1-b9d9-aec399865900 ready_us=1 ready_offset_us=6 is_ok=true
2026-09-26T22:56:56.091864Z	debug	dynamo_static_rpc_split	static prefill RPC split	connection.id=426 request.id=134294 request_id=1187a5c7-28d9-49c1-b9d9-aec399865900 headers_us=34506 stream_us=14
2026-09-26T22:56:56.096800Z	debug	dynamo_static_buffer_ready	static prefill channel buffer readiness	connection.id=258 request.id=134506 request_id=cc1ade1a-f180-44b1-b998-60b8fedf3100 ready_us=0 ready_offset_us=3 is_ok=true
2026-09-26T22:56:56.126182Z	debug	dynamo_static_selector_rpc	static selector RPC	connection.id=426 request.id=134294 request_id=1187a5c7-28d9-49c1-b9d9-aec399865900 elapsed_us=34296
static_stage_us prepare=43101 prefill=34543 select=34309 decode=3255 total=115208
2026-09-26T22:56:56.130559Z	debug	dynamo_static_rpc_split	static prefill RPC split	connection.id=258 request.id=134506 request_id=cc1ade1a-f180-44b1-b998-60b8fedf3100 headers_us=33740 stream_us=21
2026-09-26T22:56:56.149395Z	debug	dynamo_static_buffer_ready	static prefill channel buffer readiness	connection.id=296 request.id=134797 request_id=6712f79b-bc85-47a3-92c1-0e876681b700 ready_us=1 ready_offset_us=6 is_ok=true
2026-09-26T22:56:56.161769Z	debug	dynamo_static_selector_rpc	static selector RPC	connection.id=258 request.id=134506 request_id=cc1ade1a-f180-44b1-b998-60b8fedf3100 elapsed_us=31186
static_stage_us prepare=50564 prefill=33787 select=31203 decode=1428 total=116982
2026-09-26T22:56:56.178697Z	debug	dynamo_static_rpc_split	static prefill RPC split	connection.id=296 request.id=134797 request_id=6712f79b-bc85-47a3-92c1-0e876681b700 headers_us=29301 stream_us=5
2026-09-26T22:56:56.191130Z	debug	dynamo_static_buffer_ready	static prefill channel buffer readiness	connection.id=586 request.id=135041 request_id=8d81f383-3fdb-4e88-8c9a-075132af4100 ready_us=1 ready_offset_us=5 is_ok=true
2026-09-26T22:56:56.195541Z	debug	dynamo_static_buffer_ready	static prefill channel buffer readiness	connection.id=696 request.id=135078 request_id=2b025010-e401-4b97-8f50-99fd1e472900 ready_us=0 ready_offset_us=2 is_ok=true
2026-09-26T22:56:56.207974Z	debug	dynamo_static_selector_rpc	static selector RPC	connection.id=296 request.id=134797 request_id=6712f79b-bc85-47a3-92c1-0e876681b700 elapsed_us=29260
static_stage_us prepare=56575 prefill=29325 select=29274 decode=841 total=116015
2026-09-26T22:56:56.220086Z	debug	dynamo_static_rpc_split	static prefill RPC split	connection.id=696 request.id=135078 request_id=2b025010-e401-4b97-8f50-99fd1e472900 headers_us=24543 stream_us=4
2026-09-26T22:56:56.220177Z	debug	dynamo_static_rpc_split	static prefill RPC split	connection.id=586 request.id=135041 request_id=8d81f383-3fdb-4e88-8c9a-075132af4100 headers_us=29017 stream_us=22
2026-09-26T22:56:56.252024Z	debug	dynamo_static_selector_rpc	static selector RPC	connection.id=696 request.id=135078 request_id=2b025010-e401-4b97-8f50-99fd1e472900 elapsed_us=31927
2026-09-26T22:56:56.252149Z	debug	dynamo_static_selector_rpc	static selector RPC	connection.id=586 request.id=135041 request_id=8d81f383-3fdb-4e88-8c9a-075132af4100 elapsed_us=31957
static_stage_us prepare=55431 prefill=24560 select=31939 decode=1373 total=113303
static_stage_us prepare=61053 prefill=29068 select=31963 decode=2244 total=124328
2026-09-26T22:56:56.299502Z	debug	dynamo_static_buffer_ready	static prefill channel buffer readiness	connection.id=745 request.id=135741 request_id=f12422a1-0a17-4e70-8a11-c998e005c300 ready_us=0 ready_offset_us=4 is_ok=true
2026-09-26T22:56:56.322227Z	debug	dynamo_static_buffer_ready	static prefill channel buffer readiness	connection.id=249 request.id=135829 request_id=e5358af1-ee09-4cab-8b7f-9b067c190400 ready_us=0 ready_offset_us=6 is_ok=true
2026-09-26T22:56:56.323993Z	debug	dynamo_static_rpc_split	static prefill RPC split	connection.id=745 request.id=135741 request_id=f12422a1-0a17-4e70-8a11-c998e005c300 headers_us=24415 stream_us=80
2026-09-26T22:56:56.333756Z	debug	dynamo_static_buffer_ready	static prefill channel buffer readiness	connection.id=933 request.id=135977 request_id=8214c14f-30f7-499b-aa00-92a19196b600 ready_us=0 ready_offset_us=3 is_ok=true
2026-09-26T22:56:56.351376Z	debug	dynamo_static_rpc_split	static prefill RPC split	connection.id=249 request.id=135829 request_id=e5358af1-ee09-4cab-8b7f-9b067c190400 headers_us=29145 stream_us=8
2026-09-26T22:56:56.355789Z	debug	dynamo_static_selector_rpc	static selector RPC	connection.id=745 request.id=135741 request_id=f12422a1-0a17-4e70-8a11-c998e005c300 elapsed_us=31782
static_stage_us prepare=54635 prefill=24510 select=31795 decode=1486 total=112426
2026-09-26T22:56:56.360942Z	debug	dynamo_static_rpc_split	static prefill RPC split	connection.id=933 request.id=135977 request_id=8214c14f-30f7-499b-aa00-92a19196b600 headers_us=27181 stream_us=17
2026-09-26T22:56:56.377986Z	debug	dynamo_static_buffer_ready	static prefill channel buffer readiness	connection.id=581 request.id=136184 request_id=597eecd7-7e54-4cb3-9df2-5ce728caef00 ready_us=0 ready_offset_us=8 is_ok=true
2026-09-26T22:56:56.386839Z	debug	dynamo_static_selector_rpc	static selector RPC	connection.id=249 request.id=135829 request_id=e5358af1-ee09-4cab-8b7f-9b067c190400 elapsed_us=35449
static_stage_us prepare=56082 prefill=29169 select=35467 decode=1035 total=121753
2026-09-26T22:56:56.389141Z	debug	dynamo_static_selector_rpc	static selector RPC	connection.id=933 request.id=135977 request_id=8214c14f-30f7-499b-aa00-92a19196b600 elapsed_us=28160
static_stage_us prepare=49190 prefill=27237 select=28173 decode=958 total=105558
2026-09-26T22:56:56.409876Z	debug	dynamo_static_rpc_split	static prefill RPC split	connection.id=581 request.id=136184 request_id=597eecd7-7e54-4cb3-9df2-5ce728caef00 headers_us=31894 stream_us=3
2026-09-26T22:56:56.439617Z	debug	dynamo_static_selector_rpc	static selector RPC	connection.id=581 request.id=136184 request_id=597eecd7-7e54-4cb3-9df2-5ce728caef00 elapsed_us=29555
static_stage_us prepare=58933 prefill=32084 select=29568 decode=900 total=121485
2026-09-26T22:56:56.517814Z	debug	dynamo_static_buffer_ready	static prefill channel buffer readiness	connection.id=954 request.id=137070 request_id=f31a7fd9-31de-4b15-a7f8-34745955c400 ready_us=1 ready_offset_us=6 is_ok=true
2026-09-26T22:56:56.529431Z	debug	dynamo_static_buffer_ready	static prefill channel buffer readiness	connection.id=437 request.id=137148 request_id=d64fc53c-4a9a-4bf2-bb26-ece51d780c00 ready_us=0 ready_offset_us=2 is_ok=true
2026-09-26T22:56:56.544707Z	debug	dynamo_static_rpc_split	static prefill RPC split	connection.id=954 request.id=137070 request_id=f31a7fd9-31de-4b15-a7f8-34745955c400 headers_us=26893 stream_us=5
2026-09-26T22:56:56.562203Z	debug	dynamo_static_rpc_split	static prefill RPC split	connection.id=437 request.id=137148 request_id=d64fc53c-4a9a-4bf2-bb26-ece51d780c00 headers_us=32768 stream_us=5
2026-09-26T22:56:56.575227Z	debug	dynamo_static_selector_rpc	static selector RPC	connection.id=954 request.id=137070 request_id=f31a7fd9-31de-4b15-a7f8-34745955c400 elapsed_us=30505
static_stage_us prepare=54107 prefill=26913 select=30521 decode=1573 total=113114
2026-09-26T22:56:56.578415Z	debug	dynamo_static_buffer_ready	static prefill channel buffer readiness	connection.id=914 request.id=137410 request_id=208091e0-d6ea-4cfc-8dfe-ae8d41582100 ready_us=0 ready_offset_us=3 is_ok=true
2026-09-26T22:56:56.592183Z	debug	dynamo_static_selector_rpc	static selector RPC	connection.id=437 request.id=137148 request_id=d64fc53c-4a9a-4bf2-bb26-ece51d780c00 elapsed_us=29966
static_stage_us prepare=54841 prefill=32788 select=29981 decode=1020 total=118630
2026-09-26T22:56:56.612511Z	debug	dynamo_static_rpc_split	static prefill RPC split	connection.id=914 request.id=137410 request_id=208091e0-d6ea-4cfc-8dfe-ae8d41582100 headers_us=34088 stream_us=11
2026-09-26T22:56:56.653248Z	debug	dynamo_static_selector_rpc	static selector RPC	connection.id=914 request.id=137410 request_id=208091e0-d6ea-4cfc-8dfe-ae8d41582100 elapsed_us=40718
static_stage_us prepare=55873 prefill=34118 select=40734 decode=972 total=131697
2026-09-26T22:56:56.661994Z	debug	dynamo_static_buffer_ready	static prefill channel buffer readiness	connection.id=857 request.id=137925 request_id=7de642aa-d704-4364-8aa9-f0232b536c00 ready_us=0 ready_offset_us=3 is_ok=true
2026-09-26T22:56:56.675372Z	debug	dynamo_static_buffer_ready	static prefill channel buffer readiness	connection.id=671 request.id=138015 request_id=d4c358a9-64fd-49a5-bd88-80038d1c0d00 ready_us=0 ready_offset_us=4 is_ok=true
2026-09-26T22:56:56.691152Z	debug	dynamo_static_rpc_split	static prefill RPC split	connection.id=857 request.id=137925 request_id=7de642aa-d704-4364-8aa9-f0232b536c00 headers_us=29151 stream_us=10
2026-09-26T22:56:56.698354Z	debug	dynamo_static_rpc_split	static prefill RPC split	connection.id=671 request.id=138015 request_id=d4c358a9-64fd-49a5-bd88-80038d1c0d00 headers_us=22982 stream_us=4
2026-09-26T22:56:56.718824Z	debug	dynamo_static_selector_rpc	static selector RPC	connection.id=857 request.id=137925 request_id=7de642aa-d704-4364-8aa9-f0232b536c00 elapsed_us=27608
static_stage_us prepare=61208 prefill=29224 select=27628 decode=1235 total=119295
2026-09-26T22:56:56.723964Z	debug	dynamo_static_selector_rpc	static selector RPC	connection.id=671 request.id=138015 request_id=d4c358a9-64fd-49a5-bd88-80038d1c0d00 elapsed_us=25589
static_stage_us prepare=57285 prefill=23008 select=25604 decode=1854 total=107751
2026-09-26T22:56:56.743796Z	debug	dynamo_static_buffer_ready	static prefill channel buffer readiness	connection.id=750 request.id=138305 request_id=0ede73a7-50f5-4e39-b06d-776396716e00 ready_us=0 ready_offset_us=5 is_ok=true
2026-09-26T22:56:56.772004Z	debug	dynamo_static_rpc_split	static prefill RPC split	connection.id=750 request.id=138305 request_id=0ede73a7-50f5-4e39-b06d-776396716e00 headers_us=28206 stream_us=5
2026-09-26T22:56:56.773568Z	debug	dynamo_static_buffer_ready	static prefill channel buffer readiness	connection.id=848 request.id=138611 request_id=07231039-e9a1-4f7e-916b-b6ad211c5100 ready_us=0 ready_offset_us=6 is_ok=true
2026-09-26T22:56:56.782175Z	debug	dynamo_static_buffer_ready	static prefill channel buffer readiness	connection.id=437 request.id=138656 request_id=e2d3caeb-41ab-4a3e-a16b-faa22dc21100 ready_us=0 ready_offset_us=3 is_ok=true
2026-09-26T22:56:56.800737Z	debug	dynamo_static_selector_rpc	static selector RPC	connection.id=750 request.id=138305 request_id=0ede73a7-50f5-4e39-b06d-776396716e00 elapsed_us=28718
2026-09-26T22:56:56.801474Z	debug	dynamo_static_rpc_split	static prefill RPC split	connection.id=848 request.id=138611 request_id=07231039-e9a1-4f7e-916b-b6ad211c5100 headers_us=27895 stream_us=16
static_stage_us prepare=62401 prefill=28227 select=28745 decode=1725 total=121098
2026-09-26T22:56:56.806401Z	debug	dynamo_static_buffer_ready	static prefill channel buffer readiness	connection.id=443 request.id=138785 request_id=82998aef-e275-4d49-8cb8-00e88016bd00 ready_us=19 ready_offset_us=22 is_ok=true
2026-09-26T22:56:56.806411Z	debug	dynamo_static_buffer_ready	static prefill channel buffer readiness	connection.id=920 request.id=138792 request_id=9d6886a3-583f-4aca-b6e5-e67dfdd87100 ready_us=0 ready_offset_us=4 is_ok=true
2026-09-26T22:56:56.809577Z	debug	dynamo_static_rpc_split	static prefill RPC split	connection.id=437 request.id=138656 request_id=e2d3caeb-41ab-4a3e-a16b-faa22dc21100 headers_us=27399 stream_us=5
2026-09-26T22:56:56.821715Z	debug	dynamo_static_buffer_ready	static prefill channel buffer readiness	connection.id=347 request.id=138861 request_id=a3f8f000-3b7b-4ca9-9fc9-4453ae519e00 ready_us=1 ready_offset_us=5 is_ok=true
2026-09-26T22:56:56.824699Z	debug	dynamo_static_selector_rpc	static selector RPC	connection.id=848 request.id=138611 request_id=07231039-e9a1-4f7e-916b-b6ad211c5100 elapsed_us=23198
static_stage_us prepare=52470 prefill=27931 select=23219 decode=1066 total=104686
2026-09-26T22:56:56.828025Z	debug	dynamo_static_rpc_split	static prefill RPC split	connection.id=443 request.id=138785 request_id=82998aef-e275-4d49-8cb8-00e88016bd00 headers_us=21634 stream_us=10
2026-09-26T22:56:56.831997Z	debug	dynamo_static_buffer_ready	static prefill channel buffer readiness	connection.id=329 request.id=138954 request_id=5c9ca8a3-82c9-45f5-b610-7712c784ae00 ready_us=0 ready_offset_us=2 is_ok=true
2026-09-26T22:56:56.834125Z	debug	dynamo_static_selector_rpc	static selector RPC	connection.id=437 request.id=138656 request_id=e2d3caeb-41ab-4a3e-a16b-faa22dc21100 elapsed_us=24534
static_stage_us prepare=53008 prefill=27420 select=24545 decode=934 total=105907
2026-09-26T22:56:56.836627Z	debug	dynamo_static_rpc_split	static prefill RPC split	connection.id=920 request.id=138792 request_id=9d6886a3-583f-4aca-b6e5-e67dfdd87100 headers_us=30215 stream_us=4
2026-09-26T22:56:56.838177Z	debug	dynamo_static_buffer_ready	static prefill channel buffer readiness	connection.id=172 request.id=139034 request_id=3ea21673-bd81-4c11-b586-42c5e661af00 ready_us=0 ready_offset_us=5 is_ok=true
2026-09-26T22:56:56.846263Z	debug	dynamo_static_rpc_split	static prefill RPC split	connection.id=347 request.id=138861 request_id=a3f8f000-3b7b-4ca9-9fc9-4453ae519e00 headers_us=24539 stream_us=14
2026-09-26T22:56:56.858741Z	debug	dynamo_static_selector_rpc	static selector RPC	connection.id=443 request.id=138785 request_id=82998aef-e275-4d49-8cb8-00e88016bd00 elapsed_us=30569
static_stage_us prepare=57469 prefill=21794 select=30586 decode=710 total=110559
2026-09-26T22:56:56.862925Z	debug	dynamo_static_selector_rpc	static selector RPC	connection.id=920 request.id=138792 request_id=9d6886a3-583f-4aca-b6e5-e67dfdd87100 elapsed_us=26282
static_stage_us prepare=56649 prefill=30236 select=26302 decode=1138 total=114325
2026-09-26T22:56:56.865154Z	debug	dynamo_static_buffer_ready	static prefill channel buffer readiness	connection.id=189 request.id=139257 request_id=350cd72e-5ef5-4c29-8c5d-4144e3b63600 ready_us=0 ready_offset_us=3 is_ok=true
2026-09-26T22:56:56.867102Z	debug	dynamo_static_rpc_split	static prefill RPC split	connection.id=172 request.id=139034 request_id=3ea21673-bd81-4c11-b586-42c5e661af00 headers_us=28919 stream_us=11
2026-09-26T22:56:56.867595Z	debug	dynamo_static_rpc_split	static prefill RPC split	connection.id=329 request.id=138954 request_id=5c9ca8a3-82c9-45f5-b610-7712c784ae00 headers_us=35596 stream_us=3
2026-09-26T22:56:56.876948Z	debug	dynamo_static_selector_rpc	static selector RPC	connection.id=347 request.id=138861 request_id=a3f8f000-3b7b-4ca9-9fc9-4453ae519e00 elapsed_us=30673
static_stage_us prepare=55303 prefill=24566 select=30689 decode=1103 total=111661
2026-09-26T22:56:56.881847Z	debug	dynamo_static_buffer_ready	static prefill channel buffer readiness	connection.id=253 request.id=139331 request_id=35b90024-ebc1-4a66-89c8-8d80f91dc900 ready_us=0 ready_offset_us=4 is_ok=true
2026-09-26T22:56:56.892174Z	debug	dynamo_static_buffer_ready	static prefill channel buffer readiness	connection.id=503 request.id=139355 request_id=54b8a997-7fcf-456c-9ee3-551298275400 ready_us=0 ready_offset_us=7 is_ok=true
2026-09-26T22:56:56.892776Z	debug	dynamo_static_rpc_split	static prefill RPC split	connection.id=189 request.id=139257 request_id=350cd72e-5ef5-4c29-8c5d-4144e3b63600 headers_us=27622 stream_us=2
2026-09-26T22:56:56.894221Z	debug	dynamo_static_selector_rpc	static selector RPC	connection.id=172 request.id=139034 request_id=3ea21673-bd81-4c11-b586-42c5e661af00 elapsed_us=26988
static_stage_us prepare=39104 prefill=29061 select=26998 decode=1385 total=96548
2026-09-26T22:56:56.895875Z	debug	dynamo_static_selector_rpc	static selector RPC	connection.id=329 request.id=138954 request_id=5c9ca8a3-82c9-45f5-b610-7712c784ae00 elapsed_us=28263
static_stage_us prepare=45187 prefill=35617 select=28275 decode=913 total=109992
2026-09-26T22:56:56.911171Z	debug	dynamo_static_rpc_split	static prefill RPC split	connection.id=253 request.id=139331 request_id=35b90024-ebc1-4a66-89c8-8d80f91dc900 headers_us=29315 stream_us=11
2026-09-26T22:56:56.921851Z	debug	dynamo_static_rpc_split	static prefill RPC split	connection.id=503 request.id=139355 request_id=54b8a997-7fcf-456c-9ee3-551298275400 headers_us=29674 stream_us=9
2026-09-26T22:56:56.922583Z	debug	dynamo_static_selector_rpc	static selector RPC	connection.id=189 request.id=139257 request_id=350cd72e-5ef5-4c29-8c5d-4144e3b63600 elapsed_us=29783
static_stage_us prepare=37161 prefill=27650 select=29797 decode=943 total=95551
2026-09-26T22:56:56.941450Z	debug	dynamo_static_selector_rpc	static selector RPC	connection.id=253 request.id=139331 request_id=35b90024-ebc1-4a66-89c8-8d80f91dc900 elapsed_us=30265
static_stage_us prepare=41946 prefill=29342 select=30290 decode=1150 total=102728
2026-09-26T22:56:56.947390Z	debug	dynamo_static_selector_rpc	static selector RPC	connection.id=503 request.id=139355 request_id=54b8a997-7fcf-456c-9ee3-551298275400 elapsed_us=25521
static_stage_us prepare=50080 prefill=29703 select=25534 decode=1233 total=106550
2026-09-26T22:56:56.966579Z	debug	dynamo_static_buffer_ready	static prefill channel buffer readiness	connection.id=652 request.id=139828 request_id=3a16831f-6a90-4d60-9df5-d51a7c3a3000 ready_us=0 ready_offset_us=5 is_ok=true
2026-09-26T22:56:56.982668Z	debug	dynamo_static_buffer_ready	static prefill channel buffer readiness	connection.id=226 request.id=140002 request_id=cbc3573a-6e9d-4e40-91ce-69e3b470fc00 ready_us=0 ready_offset_us=3 is_ok=true
2026-09-26T22:56:57.002314Z	debug	dynamo_static_rpc_split	static prefill RPC split	connection.id=652 request.id=139828 request_id=3a16831f-6a90-4d60-9df5-d51a7c3a3000 headers_us=35718 stream_us=21
2026-09-26T22:56:57.017616Z	debug	dynamo_static_rpc_split	static prefill RPC split	connection.id=226 request.id=140002 request_id=cbc3573a-6e9d-4e40-91ce-69e3b470fc00 headers_us=34947 stream_us=3
2026-09-26T22:56:57.020386Z	debug	dynamo_static_buffer_ready	static prefill channel buffer readiness	connection.id=663 request.id=140148 request_id=60c91984-c5db-4a35-8c7a-2692bbdb7800 ready_us=0 ready_offset_us=3 is_ok=true
2026-09-26T22:56:57.038294Z	debug	dynamo_static_selector_rpc	static selector RPC	connection.id=652 request.id=139828 request_id=3a16831f-6a90-4d60-9df5-d51a7c3a3000 elapsed_us=35968
static_stage_us prepare=54532 prefill=35753 select=36010 decode=1030 total=127325
2026-09-26T22:56:57.047251Z	debug	dynamo_static_buffer_ready	static prefill channel buffer readiness	connection.id=361 request.id=140353 request_id=7f01879e-69ce-450d-9db2-f07301895f00 ready_us=0 ready_offset_us=5 is_ok=true
2026-09-26T22:56:57.052617Z	debug	dynamo_static_rpc_split	static prefill RPC split	connection.id=663 request.id=140148 request_id=60c91984-c5db-4a35-8c7a-2692bbdb7800 headers_us=32221 stream_us=12
2026-09-26T22:56:57.053065Z	debug	dynamo_static_selector_rpc	static selector RPC	connection.id=226 request.id=140002 request_id=cbc3573a-6e9d-4e40-91ce-69e3b470fc00 elapsed_us=35435
static_stage_us prepare=43598 prefill=34964 select=35451 decode=1063 total=115076
2026-09-26T22:56:57.076125Z	debug	dynamo_static_rpc_split	static prefill RPC split	connection.id=361 request.id=140353 request_id=7f01879e-69ce-450d-9db2-f07301895f00 headers_us=28864 stream_us=15
2026-09-26T22:56:57.080498Z	debug	dynamo_static_selector_rpc	static selector RPC	connection.id=663 request.id=140148 request_id=60c91984-c5db-4a35-8c7a-2692bbdb7800 elapsed_us=27867
static_stage_us prepare=60835 prefill=32248 select=27879 decode=1544 total=122506
2026-09-26T22:56:57.083431Z	debug	dynamo_static_buffer_ready	static prefill channel buffer readiness	connection.id=405 request.id=140564 request_id=3810b540-b599-42f4-87bd-7f663ddd1700 ready_us=0 ready_offset_us=5 is_ok=true
2026-09-26T22:56:57.106373Z	debug	dynamo_static_selector_rpc	static selector RPC	connection.id=361 request.id=140353 request_id=7f01879e-69ce-450d-9db2-f07301895f00 elapsed_us=30234
static_stage_us prepare=54799 prefill=28895 select=30249 decode=1484 total=115427
2026-09-26T22:56:57.108368Z	debug	dynamo_static_buffer_ready	static prefill channel buffer readiness	connection.id=632 request.id=140727 request_id=74d78fff-7deb-4e74-a922-7f898bf3f600 ready_us=0 ready_offset_us=3 is_ok=true
2026-09-26T22:56:57.116596Z	debug	dynamo_static_rpc_split	static prefill RPC split	connection.id=405 request.id=140564 request_id=3810b540-b599-42f4-87bd-7f663ddd1700 headers_us=33166 stream_us=3
2026-09-26T22:56:57.138025Z	debug	dynamo_static_rpc_split	static prefill RPC split	connection.id=632 request.id=140727 request_id=74d78fff-7deb-4e74-a922-7f898bf3f600 headers_us=29653 stream_us=6
2026-09-26T22:56:57.141252Z	debug	dynamo_static_buffer_ready	static prefill channel buffer readiness	connection.id=936 request.id=140877 request_id=51657ede-e2e1-40d6-bcc9-6e318539ce00 ready_us=0 ready_offset_us=2 is_ok=true
2026-09-26T22:56:57.149474Z	debug	dynamo_static_selector_rpc	static selector RPC	connection.id=405 request.id=140564 request_id=3810b540-b599-42f4-87bd-7f663ddd1700 elapsed_us=32867
static_stage_us prepare=53645 prefill=33181 select=32892 decode=1276 total=120994
2026-09-26T22:56:57.160253Z	debug	dynamo_static_buffer_ready	static prefill channel buffer readiness	connection.id=661 request.id=140954 request_id=cd90fbf3-609c-4533-bef4-dd970a0e7400 ready_us=1 ready_offset_us=3 is_ok=true
2026-09-26T22:56:57.171209Z	debug	dynamo_static_selector_rpc	static selector RPC	connection.id=632 request.id=140727 request_id=74d78fff-7deb-4e74-a922-7f898bf3f600 elapsed_us=33161
static_stage_us prepare=48942 prefill=29684 select=33176 decode=1118 total=112920
2026-09-26T22:56:57.177042Z	debug	dynamo_static_rpc_split	static prefill RPC split	connection.id=936 request.id=140877 request_id=51657ede-e2e1-40d6-bcc9-6e318539ce00 headers_us=35781 stream_us=11
2026-09-26T22:56:57.193302Z	debug	dynamo_static_rpc_split	static prefill RPC split	connection.id=661 request.id=140954 request_id=cd90fbf3-609c-4533-bef4-dd970a0e7400 headers_us=33045 stream_us=6
2026-09-26T22:56:57.209192Z	debug	dynamo_static_selector_rpc	static selector RPC	connection.id=936 request.id=140877 request_id=51657ede-e2e1-40d6-bcc9-6e318539ce00 elapsed_us=32134
static_stage_us prepare=59273 prefill=35808 select=32147 decode=1074 total=128302
2026-09-26T22:56:57.221678Z	debug	dynamo_static_selector_rpc	static selector RPC	connection.id=661 request.id=140954 request_id=cd90fbf3-609c-4533-bef4-dd970a0e7400 elapsed_us=28326
static_stage_us prepare=64977 prefill=33102 select=28340 decode=876 total=127295
2026-09-26T22:56:57.226662Z	debug	dynamo_static_buffer_ready	static prefill channel buffer readiness	connection.id=329 request.id=141406 request_id=70d06ad6-9a51-49c4-93aa-1934ee92b400 ready_us=0 ready_offset_us=4 is_ok=true
2026-09-26T22:56:57.232916Z	debug	dynamo_static_buffer_ready	static prefill channel buffer readiness	connection.id=429 request.id=141426 request_id=b547c84f-f33c-42b8-b5cf-49f221c16f00 ready_us=0 ready_offset_us=5 is_ok=true
2026-09-26T22:56:57.254627Z	debug	dynamo_static_buffer_ready	static prefill channel buffer readiness	connection.id=134 request.id=141601 request_id=df0f275e-bcaf-4e21-87f1-f1ca04a50f00 ready_us=0 ready_offset_us=3 is_ok=true
2026-09-26T22:56:57.254912Z	debug	dynamo_static_rpc_split	static prefill RPC split	connection.id=329 request.id=141406 request_id=70d06ad6-9a51-49c4-93aa-1934ee92b400 headers_us=28249 stream_us=3
2026-09-26T22:56:57.264075Z	debug	dynamo_static_buffer_ready	static prefill channel buffer readiness	connection.id=916 request.id=141695 request_id=ccdb2388-2c29-4751-8253-2524ef638900 ready_us=0 ready_offset_us=1 is_ok=true
2026-09-26T22:56:57.264271Z	debug	dynamo_static_rpc_split	static prefill RPC split	connection.id=429 request.id=141426 request_id=b547c84f-f33c-42b8-b5cf-49f221c16f00 headers_us=31349 stream_us=10
2026-09-26T22:56:57.267167Z	debug	dynamo_static_buffer_ready	static prefill channel buffer readiness	connection.id=744 request.id=141672 request_id=998da0bc-e9e3-4f61-985d-3c27ffdd3300 ready_us=1 ready_offset_us=28 is_ok=true
2026-09-26T22:56:57.286334Z	debug	dynamo_static_selector_rpc	static selector RPC	connection.id=329 request.id=141406 request_id=70d06ad6-9a51-49c4-93aa-1934ee92b400 elapsed_us=31408
static_stage_us prepare=56164 prefill=28267 select=31421 decode=674 total=116526
2026-09-26T22:56:57.288658Z	debug	dynamo_static_rpc_split	static prefill RPC split	connection.id=134 request.id=141601 request_id=df0f275e-bcaf-4e21-87f1-f1ca04a50f00 headers_us=34025 stream_us=7
2026-09-26T22:56:57.294127Z	debug	dynamo_static_buffer_ready	static prefill channel buffer readiness	connection.id=520 request.id=141778 request_id=1c5cda84-11ef-431e-b52a-cbe1d674c600 ready_us=0 ready_offset_us=2 is_ok=true
2026-09-26T22:56:57.299387Z	debug	dynamo_static_rpc_split	static prefill RPC split	connection.id=744 request.id=141672 request_id=998da0bc-e9e3-4f61-985d-3c27ffdd3300 headers_us=32244 stream_us=3
2026-09-26T22:56:57.301186Z	debug	dynamo_static_rpc_split	static prefill RPC split	connection.id=916 request.id=141695 request_id=ccdb2388-2c29-4751-8253-2524ef638900 headers_us=37098 stream_us=14
2026-09-26T22:56:57.302615Z	debug	dynamo_static_selector_rpc	static selector RPC	connection.id=429 request.id=141426 request_id=b547c84f-f33c-42b8-b5cf-49f221c16f00 elapsed_us=38330
static_stage_us prepare=55472 prefill=31372 select=38343 decode=1207 total=126394
2026-09-26T22:56:57.323000Z	debug	dynamo_static_rpc_split	static prefill RPC split	connection.id=520 request.id=141778 request_id=1c5cda84-11ef-431e-b52a-cbe1d674c600 headers_us=28870 stream_us=5
2026-09-26T22:56:57.324665Z	debug	dynamo_static_selector_rpc	static selector RPC	connection.id=134 request.id=141601 request_id=df0f275e-bcaf-4e21-87f1-f1ca04a50f00 elapsed_us=35975
static_stage_us prepare=55159 prefill=34065 select=35989 decode=1183 total=126396
2026-09-26T22:56:57.326638Z	debug	dynamo_static_selector_rpc	static selector RPC	connection.id=744 request.id=141672 request_id=998da0bc-e9e3-4f61-985d-3c27ffdd3300 elapsed_us=27240
2026-09-26T22:56:57.326821Z	debug	dynamo_static_selector_rpc	static selector RPC	connection.id=916 request.id=141695 request_id=ccdb2388-2c29-4751-8253-2524ef638900 elapsed_us=25621
static_stage_us prepare=55289 prefill=32261 select=27252 decode=1275 total=116077
static_stage_us prepare=50008 prefill=37126 select=25634 decode=1554 total=114322
2026-09-26T22:56:57.355111Z	debug	dynamo_static_selector_rpc	static selector RPC	connection.id=520 request.id=141778 request_id=1c5cda84-11ef-431e-b52a-cbe1d674c600 elapsed_us=32098
static_stage_us prepare=57422 prefill=28887 select=32112 decode=1134 total=119555
2026-09-26T22:56:57.365370Z	debug	dynamo_static_buffer_ready	static prefill channel buffer readiness	connection.id=877 request.id=142260 request_id=b0e22abf-8d91-4b2a-8c3b-6d015b0fef00 ready_us=0 ready_offset_us=3 is_ok=true
2026-09-26T22:56:57.375802Z	debug	dynamo_static_buffer_ready	static prefill channel buffer readiness	connection.id=554 request.id=142290 request_id=04bd3757-89bf-4ff3-b07e-c14c19bc2c00 ready_us=0 ready_offset_us=4 is_ok=true
2026-09-26T22:56:57.392667Z	debug	dynamo_static_buffer_ready	static prefill channel buffer readiness	connection.id=349 request.id=142369 request_id=d647730f-e860-4f9c-8266-7cce3f687e00 ready_us=0 ready_offset_us=8 is_ok=true
2026-09-26T22:56:57.393660Z	debug	dynamo_static_rpc_split	static prefill RPC split	connection.id=877 request.id=142260 request_id=b0e22abf-8d91-4b2a-8c3b-6d015b0fef00 headers_us=28276 stream_us=16
2026-09-26T22:56:57.404943Z	debug	dynamo_static_rpc_split	static prefill RPC split	connection.id=554 request.id=142290 request_id=04bd3757-89bf-4ff3-b07e-c14c19bc2c00 headers_us=29120 stream_us=25
2026-09-26T22:56:57.420074Z	debug	dynamo_static_rpc_split	static prefill RPC split	connection.id=349 request.id=142369 request_id=d647730f-e860-4f9c-8266-7cce3f687e00 headers_us=27404 stream_us=11
2026-09-26T22:56:57.426459Z	debug	dynamo_static_buffer_ready	static prefill channel buffer readiness	connection.id=399 request.id=142661 request_id=c6e962bc-7018-43b5-b3fa-4891d3fd9100 ready_us=1 ready_offset_us=22 is_ok=true
2026-09-26T22:56:57.430182Z	debug	dynamo_static_selector_rpc	static selector RPC	connection.id=877 request.id=142260 request_id=b0e22abf-8d91-4b2a-8c3b-6d015b0fef00 elapsed_us=36504
static_stage_us prepare=54917 prefill=28310 select=36516 decode=835 total=120578
2026-09-26T22:56:57.438684Z	debug	dynamo_static_selector_rpc	static selector RPC	connection.id=554 request.id=142290 request_id=04bd3757-89bf-4ff3-b07e-c14c19bc2c00 elapsed_us=33723
static_stage_us prepare=58024 prefill=29163 select=33736 decode=745 total=121668
2026-09-26T22:56:57.442567Z	debug	dynamo_static_buffer_ready	static prefill channel buffer readiness	connection.id=812 request.id=142738 request_id=3795259d-8459-4c3f-ae45-4c4e9ec38300 ready_us=0 ready_offset_us=3 is_ok=true
2026-09-26T22:56:57.451396Z	debug	dynamo_static_selector_rpc	static selector RPC	connection.id=349 request.id=142369 request_id=d647730f-e860-4f9c-8266-7cce3f687e00 elapsed_us=31292
static_stage_us prepare=58501 prefill=27447 select=31306 decode=1360 total=118614
2026-09-26T22:56:57.455398Z	debug	dynamo_static_buffer_ready	static prefill channel buffer readiness	connection.id=264 request.id=142791 request_id=9ba13b2e-fb50-4520-87bd-1aaea8ee0d00 ready_us=0 ready_offset_us=3 is_ok=true
2026-09-26T22:56:57.459954Z	debug	dynamo_static_rpc_split	static prefill RPC split	connection.id=399 request.id=142661 request_id=c6e962bc-7018-43b5-b3fa-4891d3fd9100 headers_us=33514 stream_us=3
2026-09-26T22:56:57.479306Z	debug	dynamo_static_rpc_split	static prefill RPC split	connection.id=812 request.id=142738 request_id=3795259d-8459-4c3f-ae45-4c4e9ec38300 headers_us=36713 stream_us=29
2026-09-26T22:56:57.485280Z	debug	dynamo_static_rpc_split	static prefill RPC split	connection.id=264 request.id=142791 request_id=9ba13b2e-fb50-4520-87bd-1aaea8ee0d00 headers_us=29859 stream_us=25
2026-09-26T22:56:57.486973Z	debug	dynamo_static_selector_rpc	static selector RPC	connection.id=399 request.id=142661 request_id=c6e962bc-7018-43b5-b3fa-4891d3fd9100 elapsed_us=27006
static_stage_us prepare=51841 prefill=33532 select=27017 decode=2471 total=114861
2026-09-26T22:56:57.509546Z	debug	dynamo_static_selector_rpc	static selector RPC	connection.id=264 request.id=142791 request_id=9ba13b2e-fb50-4520-87bd-1aaea8ee0d00 elapsed_us=24243
static_stage_us prepare=55960 prefill=29907 select=24264 decode=1010 total=111141
2026-09-26T22:56:57.510701Z	debug	dynamo_static_selector_rpc	static selector RPC	connection.id=812 request.id=142738 request_id=3795259d-8459-4c3f-ae45-4c4e9ec38300 elapsed_us=31382
static_stage_us prepare=54922 prefill=36756 select=31396 decode=1158 total=124232
2026-09-26T22:56:57.518280Z	debug	dynamo_static_buffer_ready	static prefill channel buffer readiness	connection.id=902 request.id=143202 request_id=5b86fb5f-7542-4f4b-b969-407e00ad6600 ready_us=0 ready_offset_us=5 is_ok=true
2026-09-26T22:56:57.520561Z	debug	dynamo_static_buffer_ready	static prefill channel buffer readiness	connection.id=178 request.id=143241 request_id=0c42fefe-6c0f-49a6-8b61-1e8e0aa2b700 ready_us=0 ready_offset_us=25 is_ok=true
2026-09-26T22:56:57.529157Z	debug	dynamo_static_buffer_ready	static prefill channel buffer readiness	connection.id=634 request.id=143256 request_id=f48c2f85-5c16-41b7-ad71-e7391379a600 ready_us=0 ready_offset_us=3 is_ok=true
2026-09-26T22:56:57.530520Z	debug	dynamo_static_buffer_ready	static prefill channel buffer readiness	connection.id=937 request.id=143300 request_id=9f39d781-3b4d-463f-8d97-728dcc11ab00 ready_us=0 ready_offset_us=5 is_ok=true
2026-09-26T22:56:57.541387Z	debug	dynamo_static_rpc_split	static prefill RPC split	connection.id=902 request.id=143202 request_id=5b86fb5f-7542-4f4b-b969-407e00ad6600 headers_us=23106 stream_us=5
2026-09-26T22:56:57.554560Z	debug	dynamo_static_rpc_split	static prefill RPC split	connection.id=178 request.id=143241 request_id=0c42fefe-6c0f-49a6-8b61-1e8e0aa2b700 headers_us=34017 stream_us=6
2026-09-26T22:56:57.555235Z	debug	dynamo_static_rpc_split	static prefill RPC split	connection.id=634 request.id=143256 request_id=f48c2f85-5c16-41b7-ad71-e7391379a600 headers_us=26070 stream_us=10
2026-09-26T22:56:57.555272Z	debug	dynamo_static_rpc_split	static prefill RPC split	connection.id=937 request.id=143300 request_id=9f39d781-3b4d-463f-8d97-728dcc11ab00 headers_us=24745 stream_us=10
2026-09-26T22:56:57.571310Z	debug	dynamo_static_selector_rpc	static selector RPC	connection.id=902 request.id=143202 request_id=5b86fb5f-7542-4f4b-b969-407e00ad6600 elapsed_us=29910
static_stage_us prepare=43379 prefill=23126 select=29921 decode=774 total=97200
2026-09-26T22:56:57.579225Z	debug	dynamo_static_selector_rpc	static selector RPC	connection.id=937 request.id=143300 request_id=9f39d781-3b4d-463f-8d97-728dcc11ab00 elapsed_us=23933
static_stage_us prepare=44295 prefill=24775 select=23951 decode=2255 total=95276
2026-09-26T22:56:57.583901Z	debug	dynamo_static_selector_rpc	static selector RPC	connection.id=178 request.id=143241 request_id=0c42fefe-6c0f-49a6-8b61-1e8e0aa2b700 elapsed_us=29328
2026-09-26T22:56:57.585170Z	debug	dynamo_static_selector_rpc	static selector RPC	connection.id=634 request.id=143256 request_id=f48c2f85-5c16-41b7-ad71-e7391379a600 elapsed_us=29923
static_stage_us prepare=41143 prefill=34037 select=29341 decode=2607 total=107128
static_stage_us prepare=48444 prefill=26093 select=29937 decode=1385 total=105859
2026-09-26T22:56:57.608729Z	debug	dynamo_static_buffer_ready	static prefill channel buffer readiness	connection.id=580 request.id=143784 request_id=39546617-d12f-43b3-98d3-0bd57b02eb00 ready_us=0 ready_offset_us=3 is_ok=true
2026-09-26T22:56:57.639146Z	debug	dynamo_static_rpc_split	static prefill RPC split	connection.id=580 request.id=143784 request_id=39546617-d12f-43b3-98d3-0bd57b02eb00 headers_us=30410 stream_us=9
2026-09-26T22:56:57.640490Z	debug	dynamo_static_buffer_ready	static prefill channel buffer readiness	connection.id=278 request.id=143918 request_id=480f3a27-81c8-46e4-badc-6d25df6a1c00 ready_us=1 ready_offset_us=4 is_ok=true
2026-09-26T22:56:57.640565Z	debug	dynamo_static_buffer_ready	static prefill channel buffer readiness	connection.id=640 request.id=143944 request_id=4591e604-59f8-488b-af59-0ccf229c3d00 ready_us=0 ready_offset_us=2 is_ok=true
2026-09-26T22:56:57.663902Z	debug	dynamo_static_rpc_split	static prefill RPC split	connection.id=278 request.id=143918 request_id=480f3a27-81c8-46e4-badc-6d25df6a1c00 headers_us=23411 stream_us=4
2026-09-26T22:56:57.664109Z	debug	dynamo_static_rpc_split	static prefill RPC split	connection.id=640 request.id=143944 request_id=4591e604-59f8-488b-af59-0ccf229c3d00 headers_us=23526 stream_us=19
2026-09-26T22:56:57.672489Z	debug	dynamo_static_selector_rpc	static selector RPC	connection.id=580 request.id=143784 request_id=39546617-d12f-43b3-98d3-0bd57b02eb00 elapsed_us=33308
static_stage_us prepare=47003 prefill=30454 select=33320 decode=2990 total=113767
2026-09-26T22:56:57.681297Z	debug	dynamo_static_buffer_ready	static prefill channel buffer readiness	connection.id=712 request.id=144186 request_id=0f1f39d4-51dd-4073-8ddd-d6c96b936200 ready_us=0 ready_offset_us=7 is_ok=true
2026-09-26T22:56:57.687668Z	debug	dynamo_static_selector_rpc	static selector RPC	connection.id=278 request.id=143918 request_id=480f3a27-81c8-46e4-badc-6d25df6a1c00 elapsed_us=23743
static_stage_us prepare=51521 prefill=23438 select=23757 decode=1043 total=99759
2026-09-26T22:56:57.691535Z	debug	dynamo_static_selector_rpc	static selector RPC	connection.id=640 request.id=143944 request_id=4591e604-59f8-488b-af59-0ccf229c3d00 elapsed_us=27406
static_stage_us prepare=45491 prefill=23565 select=27419 decode=1765 total=98240
2026-09-26T22:56:57.716581Z	debug	dynamo_static_rpc_split	static prefill RPC split	connection.id=712 request.id=144186 request_id=0f1f39d4-51dd-4073-8ddd-d6c96b936200 headers_us=35279 stream_us=12
2026-09-26T22:56:57.746820Z	debug	dynamo_static_selector_rpc	static selector RPC	connection.id=712 request.id=144186 request_id=0f1f39d4-51dd-4073-8ddd-d6c96b936200 elapsed_us=30224
static_stage_us prepare=50200 prefill=35306 select=30239 decode=783 total=116528
2026-09-26T22:56:57.772032Z	debug	dynamo_static_buffer_ready	static prefill channel buffer readiness	connection.id=825 request.id=144716 request_id=d8c65b37-f0de-4b4b-b1c0-929db2804100 ready_us=0 ready_offset_us=2 is_ok=true
2026-09-26T22:56:57.774475Z	debug	dynamo_static_buffer_ready	static prefill channel buffer readiness	connection.id=451 request.id=144757 request_id=07aa76d7-fabc-44b0-8e3f-f01faa2b7800 ready_us=0 ready_offset_us=4 is_ok=true
2026-09-26T22:56:57.809191Z	debug	dynamo_static_rpc_split	static prefill RPC split	connection.id=451 request.id=144757 request_id=07aa76d7-fabc-44b0-8e3f-f01faa2b7800 headers_us=34706 stream_us=13
2026-09-26T22:56:57.809367Z	debug	dynamo_static_rpc_split	static prefill RPC split	connection.id=825 request.id=144716 request_id=d8c65b37-f0de-4b4b-b1c0-929db2804100 headers_us=37335 stream_us=3
2026-09-26T22:56:57.824045Z	debug	dynamo_static_buffer_ready	static prefill channel buffer readiness	connection.id=521 request.id=145119 request_id=77884e67-c937-4bed-9661-441f77f46600 ready_us=0 ready_offset_us=3 is_ok=true
2026-09-26T22:56:57.838351Z	debug	dynamo_static_selector_rpc	static selector RPC	connection.id=451 request.id=144757 request_id=07aa76d7-fabc-44b0-8e3f-f01faa2b7800 elapsed_us=29141
2026-09-26T22:56:57.843462Z	debug	dynamo_static_selector_rpc	static selector RPC	connection.id=825 request.id=144716 request_id=d8c65b37-f0de-4b4b-b1c0-929db2804100 elapsed_us=34087
static_stage_us prepare=61004 prefill=34739 select=29158 decode=6437 total=131338
2026-09-26T22:56:57.851771Z	debug	dynamo_static_rpc_split	static prefill RPC split	connection.id=521 request.id=145119 request_id=77884e67-c937-4bed-9661-441f77f46600 headers_us=27726 stream_us=3
static_stage_us prepare=65525 prefill=37346 select=34101 decode=10157 total=147129
2026-09-26T22:56:57.874641Z	debug	dynamo_static_selector_rpc	static selector RPC	connection.id=521 request.id=145119 request_id=77884e67-c937-4bed-9661-441f77f46600 elapsed_us=22856
static_stage_us prepare=48333 prefill=27744 select=22872 decode=2441 total=101390
2026-09-26T22:56:57.894406Z	debug	dynamo_static_buffer_ready	static prefill channel buffer readiness	connection.id=798 request.id=145522 request_id=2c3c8840-cdfd-4d98-a68b-692c3ba51700 ready_us=0 ready_offset_us=3 is_ok=true
2026-09-26T22:56:57.905951Z	debug	dynamo_static_buffer_ready	static prefill channel buffer readiness	connection.id=682 request.id=145607 request_id=c3ec56ac-9706-4fa2-acf2-14f49df0bc00 ready_us=0 ready_offset_us=3 is_ok=true
2026-09-26T22:56:57.936263Z	debug	dynamo_static_rpc_split	static prefill RPC split	connection.id=798 request.id=145522 request_id=2c3c8840-cdfd-4d98-a68b-692c3ba51700 headers_us=41855 stream_us=4
2026-09-26T22:56:57.939063Z	debug	dynamo_static_rpc_split	static prefill RPC split	connection.id=682 request.id=145607 request_id=c3ec56ac-9706-4fa2-acf2-14f49df0bc00 headers_us=33112 stream_us=3
2026-09-26T22:56:57.939470Z	debug	dynamo_static_buffer_ready	static prefill channel buffer readiness	connection.id=791 request.id=145800 request_id=9d0e4f4b-27f6-4350-a109-3f1f1dee8300 ready_us=0 ready_offset_us=4 is_ok=true
2026-09-26T22:56:57.947352Z	debug	dynamo_static_buffer_ready	static prefill channel buffer readiness	connection.id=872 request.id=145906 request_id=f08f0e92-8ea9-4462-a34f-822a69641a00 ready_us=0 ready_offset_us=23 is_ok=true
2026-09-26T22:56:57.947461Z	debug	dynamo_static_buffer_ready	static prefill channel buffer readiness	connection.id=284 request.id=145928 request_id=9dea43eb-9f6f-4f6f-a84c-4e0bd229c200 ready_us=0 ready_offset_us=4 is_ok=true
2026-09-26T22:56:57.949548Z	debug	dynamo_static_buffer_ready	static prefill channel buffer readiness	connection.id=737 request.id=145947 request_id=179a5ed5-3ecb-44c1-a04f-27f1bd73df00 ready_us=0 ready_offset_us=3 is_ok=true
2026-09-26T22:56:57.972440Z	debug	dynamo_static_selector_rpc	static selector RPC	connection.id=682 request.id=145607 request_id=c3ec56ac-9706-4fa2-acf2-14f49df0bc00 elapsed_us=33365
2026-09-26T22:56:57.972892Z	debug	dynamo_static_rpc_split	static prefill RPC split	connection.id=791 request.id=145800 request_id=9d0e4f4b-27f6-4350-a109-3f1f1dee8300 headers_us=33416 stream_us=10
2026-09-26T22:56:57.973181Z	debug	dynamo_static_selector_rpc	static selector RPC	connection.id=798 request.id=145522 request_id=2c3c8840-cdfd-4d98-a68b-692c3ba51700 elapsed_us=36897
static_stage_us prepare=38788 prefill=33128 select=33380 decode=3658 total=108954
2026-09-26T22:56:57.977140Z	debug	dynamo_static_rpc_split	static prefill RPC split	connection.id=872 request.id=145906 request_id=f08f0e92-8ea9-4462-a34f-822a69641a00 headers_us=29770 stream_us=40
static_stage_us prepare=42211 prefill=41880 select=36909 decode=6240 total=127240
2026-09-26T22:56:57.980017Z	debug	dynamo_static_rpc_split	static prefill RPC split	connection.id=737 request.id=145947 request_id=179a5ed5-3ecb-44c1-a04f-27f1bd73df00 headers_us=30466 stream_us=6
2026-09-26T22:56:57.980095Z	debug	dynamo_static_rpc_split	static prefill RPC split	connection.id=284 request.id=145928 request_id=9dea43eb-9f6f-4f6f-a84c-4e0bd229c200 headers_us=32605 stream_us=32
2026-09-26T22:56:58.008114Z	debug	dynamo_static_selector_rpc	static selector RPC	connection.id=791 request.id=145800 request_id=9d0e4f4b-27f6-4350-a109-3f1f1dee8300 elapsed_us=35207
2026-09-26T22:56:58.010560Z	debug	dynamo_static_selector_rpc	static selector RPC	connection.id=872 request.id=145906 request_id=f08f0e92-8ea9-4462-a34f-822a69641a00 elapsed_us=33408
2026-09-26T22:56:58.011329Z	debug	dynamo_static_selector_rpc	static selector RPC	connection.id=284 request.id=145928 request_id=9dea43eb-9f6f-4f6f-a84c-4e0bd229c200 elapsed_us=31140
2026-09-26T22:56:58.011461Z	debug	dynamo_static_selector_rpc	static selector RPC	connection.id=737 request.id=145947 request_id=179a5ed5-3ecb-44c1-a04f-27f1bd73df00 elapsed_us=31415
static_stage_us prepare=45358 prefill=33442 select=35230 decode=4996 total=119026
static_stage_us prepare=38288 prefill=30503 select=31422 decode=10640 total=110853
static_stage_us prepare=37624 prefill=32731 select=31155 decode=10867 total=112377
static_stage_us prepare=39836 prefill=29823 select=33419 decode=13579 total=116657
2026-09-26T22:56:58.092110Z	debug	dynamo_static_buffer_ready	static prefill channel buffer readiness	connection.id=668 request.id=146750 request_id=4b9db1d0-7532-453d-8e64-3178997fcc00 ready_us=1 ready_offset_us=3 is_ok=true
2026-09-26T22:56:58.104351Z	debug	dynamo_static_buffer_ready	static prefill channel buffer readiness	connection.id=921 request.id=146861 request_id=c19e2ca1-6d23-4039-95f3-1bc4e37b3100 ready_us=0 ready_offset_us=63 is_ok=true
2026-09-26T22:56:58.118866Z	debug	dynamo_static_rpc_split	static prefill RPC split	connection.id=668 request.id=146750 request_id=4b9db1d0-7532-453d-8e64-3178997fcc00 headers_us=26738 stream_us=19
2026-09-26T22:56:58.144808Z	debug	dynamo_static_rpc_split	static prefill RPC split	connection.id=921 request.id=146861 request_id=c19e2ca1-6d23-4039-95f3-1bc4e37b3100 headers_us=40413 stream_us=104
2026-09-26T22:56:58.150602Z	debug	dynamo_static_selector_rpc	static selector RPC	connection.id=668 request.id=146750 request_id=4b9db1d0-7532-453d-8e64-3178997fcc00 elapsed_us=31709
static_stage_us prepare=44255 prefill=26787 select=31725 decode=4899 total=107666
2026-09-26T22:56:58.176474Z	debug	dynamo_static_selector_rpc	static selector RPC	connection.id=921 request.id=146861 request_id=c19e2ca1-6d23-4039-95f3-1bc4e37b3100 elapsed_us=31649
static_stage_us prepare=40884 prefill=40537 select=31671 decode=3016 total=116108
2026-09-26T22:56:58.208952Z	debug	dynamo_static_buffer_ready	static prefill channel buffer readiness	connection.id=833 request.id=147410 request_id=26f2b594-b874-4ea6-8656-8e1e8bbf8100 ready_us=0 ready_offset_us=3 is_ok=true
2026-09-26T22:56:58.226032Z	debug	dynamo_static_buffer_ready	static prefill channel buffer readiness	connection.id=255 request.id=147551 request_id=a5ce56c1-2e31-4cae-8eae-aa170fd6fd00 ready_us=1 ready_offset_us=13 is_ok=true
2026-09-26T22:56:58.246928Z	debug	dynamo_static_rpc_split	static prefill RPC split	connection.id=833 request.id=147410 request_id=26f2b594-b874-4ea6-8656-8e1e8bbf8100 headers_us=37964 stream_us=15
2026-09-26T22:56:58.260327Z	debug	dynamo_static_rpc_split	static prefill RPC split	connection.id=255 request.id=147551 request_id=a5ce56c1-2e31-4cae-8eae-aa170fd6fd00 headers_us=34290 stream_us=19
2026-09-26T22:56:58.280383Z	debug	dynamo_static_selector_rpc	static selector RPC	connection.id=833 request.id=147410 request_id=26f2b594-b874-4ea6-8656-8e1e8bbf8100 elapsed_us=33416
static_stage_us prepare=50585 prefill=38019 select=33431 decode=2678 total=124713
2026-09-26T22:56:58.283489Z	debug	dynamo_static_selector_rpc	static selector RPC	connection.id=255 request.id=147551 request_id=a5ce56c1-2e31-4cae-8eae-aa170fd6fd00 elapsed_us=23143
static_stage_us prepare=55163 prefill=34330 select=23152 decode=1194 total=113839
2026-09-26T22:56:58.289072Z	debug	dynamo_static_buffer_ready	static prefill channel buffer readiness	connection.id=557 request.id=147934 request_id=4124f22b-266e-4dce-828d-b398ecdeeb00 ready_us=0 ready_offset_us=3 is_ok=true
2026-09-26T22:56:58.312955Z	debug	dynamo_static_buffer_ready	static prefill channel buffer readiness	connection.id=877 request.id=148013 request_id=774635cf-cc9c-42f1-83d1-ed74e12b9400 ready_us=0 ready_offset_us=4 is_ok=true
2026-09-26T22:56:58.313400Z	debug	dynamo_static_rpc_split	static prefill RPC split	connection.id=557 request.id=147934 request_id=4124f22b-266e-4dce-828d-b398ecdeeb00 headers_us=24319 stream_us=11
2026-09-26T22:56:58.315834Z	debug	dynamo_static_buffer_ready	static prefill channel buffer readiness	connection.id=292 request.id=148066 request_id=0e2efb70-d63d-4a47-a8b1-23f8d83da300 ready_us=0 ready_offset_us=2 is_ok=true
2026-09-26T22:56:58.347858Z	debug	dynamo_static_selector_rpc	static selector RPC	connection.id=557 request.id=147934 request_id=4124f22b-266e-4dce-828d-b398ecdeeb00 elapsed_us=34436
static_stage_us prepare=54135 prefill=24354 select=34450 decode=854 total=113793
2026-09-26T22:56:58.350776Z	debug	dynamo_static_rpc_split	static prefill RPC split	connection.id=292 request.id=148066 request_id=0e2efb70-d63d-4a47-a8b1-23f8d83da300 headers_us=34938 stream_us=5
2026-09-26T22:56:58.353491Z	debug	dynamo_static_rpc_split	static prefill RPC split	connection.id=877 request.id=148013 request_id=774635cf-cc9c-42f1-83d1-ed74e12b9400 headers_us=40525 stream_us=14
2026-09-26T22:56:58.365494Z	debug	dynamo_static_buffer_ready	static prefill channel buffer readiness	connection.id=399 request.id=148430 request_id=601bd872-dd81-4760-9863-0355b5ae8900 ready_us=0 ready_offset_us=3 is_ok=true
2026-09-26T22:56:58.393409Z	debug	dynamo_static_selector_rpc	static selector RPC	connection.id=292 request.id=148066 request_id=0e2efb70-d63d-4a47-a8b1-23f8d83da300 elapsed_us=42616
2026-09-26T22:56:58.394270Z	debug	dynamo_static_selector_rpc	static selector RPC	connection.id=877 request.id=148013 request_id=774635cf-cc9c-42f1-83d1-ed74e12b9400 elapsed_us=40764
static_stage_us prepare=57251 prefill=34961 select=42631 decode=4665 total=139508
static_stage_us prepare=61088 prefill=40553 select=40780 decode=5071 total=147492
2026-09-26T22:56:58.400846Z	debug	dynamo_static_rpc_split	static prefill RPC split	connection.id=399 request.id=148430 request_id=601bd872-dd81-4760-9863-0355b5ae8900 headers_us=35349 stream_us=5
2026-09-26T22:56:58.404454Z	debug	dynamo_static_buffer_ready	static prefill channel buffer readiness	connection.id=528 request.id=148610 request_id=6a06df0b-72d9-4d3b-a06b-d5f8b3749a00 ready_us=0 ready_offset_us=2 is_ok=true
2026-09-26T22:56:58.428249Z	debug	dynamo_static_selector_rpc	static selector RPC	connection.id=399 request.id=148430 request_id=601bd872-dd81-4760-9863-0355b5ae8900 elapsed_us=26985
static_stage_us prepare=50987 prefill=35773 select=26998 decode=2365 total=116123
2026-09-26T22:56:58.439588Z	debug	dynamo_static_rpc_split	static prefill RPC split	connection.id=528 request.id=148610 request_id=6a06df0b-72d9-4d3b-a06b-d5f8b3749a00 headers_us=35035 stream_us=100
2026-09-26T22:56:58.474351Z	debug	dynamo_static_selector_rpc	static selector RPC	connection.id=528 request.id=148610 request_id=6a06df0b-72d9-4d3b-a06b-d5f8b3749a00 elapsed_us=34739
static_stage_us prepare=62964 prefill=35154 select=34764 decode=3870 total=136752
2026-09-26T22:56:58.508736Z	debug	dynamo_static_buffer_ready	static prefill channel buffer readiness	connection.id=151 request.id=149260 request_id=2e7a944a-a8d6-478b-87a0-8a5d21499300 ready_us=0 ready_offset_us=3 is_ok=true
2026-09-26T22:56:58.539234Z	debug	dynamo_static_rpc_split	static prefill RPC split	connection.id=151 request.id=149260 request_id=2e7a944a-a8d6-478b-87a0-8a5d21499300 headers_us=30490 stream_us=11
2026-09-26T22:56:58.566760Z	debug	dynamo_static_selector_rpc	static selector RPC	connection.id=151 request.id=149260 request_id=2e7a944a-a8d6-478b-87a0-8a5d21499300 elapsed_us=27504
static_stage_us prepare=54727 prefill=30524 select=27521 decode=2459 total=115231
2026-09-26T22:56:58.598506Z	debug	dynamo_static_buffer_ready	static prefill channel buffer readiness	connection.id=414 request.id=149746 request_id=15e7c561-88ec-4827-8c01-0ca1a7c3eb00 ready_us=0 ready_offset_us=3 is_ok=true
2026-09-26T22:56:58.636719Z	debug	dynamo_static_rpc_split	static prefill RPC split	connection.id=414 request.id=149746 request_id=15e7c561-88ec-4827-8c01-0ca1a7c3eb00 headers_us=38211 stream_us=4
2026-09-26T22:56:58.644031Z	debug	dynamo_static_buffer_ready	static prefill channel buffer readiness	connection.id=423 request.id=150060 request_id=c01cb039-effc-4748-bb0e-e9580add7d00 ready_us=0 ready_offset_us=5 is_ok=true
2026-09-26T22:56:58.667669Z	debug	dynamo_static_buffer_ready	static prefill channel buffer readiness	connection.id=863 request.id=150123 request_id=fec23aa7-ba99-4055-812b-5f0c0acd6f00 ready_us=0 ready_offset_us=2 is_ok=true
2026-09-26T22:56:58.668961Z	debug	dynamo_static_selector_rpc	static selector RPC	connection.id=414 request.id=149746 request_id=15e7c561-88ec-4827-8c01-0ca1a7c3eb00 elapsed_us=32221
static_stage_us prepare=57786 prefill=38237 select=32232 decode=1117 total=129372
2026-09-26T22:56:58.680373Z	debug	dynamo_static_rpc_split	static prefill RPC split	connection.id=423 request.id=150060 request_id=c01cb039-effc-4748-bb0e-e9580add7d00 headers_us=36339 stream_us=8
2026-09-26T22:56:58.696783Z	debug	dynamo_static_rpc_split	static prefill RPC split	connection.id=863 request.id=150123 request_id=fec23aa7-ba99-4055-812b-5f0c0acd6f00 headers_us=29107 stream_us=9
2026-09-26T22:56:58.700503Z	debug	dynamo_static_buffer_ready	static prefill channel buffer readiness	connection.id=196 request.id=150288 request_id=79c0a0e8-c970-4800-87c4-8e50f9676600 ready_us=0 ready_offset_us=3 is_ok=true
2026-09-26T22:56:58.715128Z	debug	dynamo_static_selector_rpc	static selector RPC	connection.id=423 request.id=150060 request_id=c01cb039-effc-4748-bb0e-e9580add7d00 elapsed_us=34741
static_stage_us prepare=56877 prefill=36361 select=34753 decode=793 total=128784
2026-09-26T22:56:58.731173Z	debug	dynamo_static_selector_rpc	static selector RPC	connection.id=863 request.id=150123 request_id=fec23aa7-ba99-4055-812b-5f0c0acd6f00 elapsed_us=34375
static_stage_us prepare=61008 prefill=29131 select=34389 decode=654 total=125182
2026-09-26T22:56:58.732486Z	debug	dynamo_static_rpc_split	static prefill RPC split	connection.id=196 request.id=150288 request_id=79c0a0e8-c970-4800-87c4-8e50f9676600 headers_us=31982 stream_us=3
2026-09-26T22:56:58.759197Z	debug	dynamo_static_selector_rpc	static selector RPC	connection.id=196 request.id=150288 request_id=79c0a0e8-c970-4800-87c4-8e50f9676600 elapsed_us=26694
static_stage_us prepare=62492 prefill=32004 select=26708 decode=1243 total=122447
2026-09-26T22:56:58.768288Z	debug	dynamo_static_buffer_ready	static prefill channel buffer readiness	connection.id=150 request.id=150765 request_id=31b932bb-205f-4e50-90ed-a5d3b5871200 ready_us=0 ready_offset_us=4 is_ok=true
2026-09-26T22:56:58.809283Z	debug	dynamo_static_rpc_split	static prefill RPC split	connection.id=150 request.id=150765 request_id=31b932bb-205f-4e50-90ed-a5d3b5871200 headers_us=40994 stream_us=4
2026-09-26T22:56:58.816765Z	debug	dynamo_static_buffer_ready	static prefill channel buffer readiness	connection.id=188 request.id=150972 request_id=3866e70d-8cfb-4a22-bc16-f2e309ed1f00 ready_us=1 ready_offset_us=4 is_ok=true
2026-09-26T22:56:58.847959Z	debug	dynamo_static_rpc_split	static prefill RPC split	connection.id=188 request.id=150972 request_id=3866e70d-8cfb-4a22-bc16-f2e309ed1f00 headers_us=31190 stream_us=7
2026-09-26T22:56:58.850890Z	debug	dynamo_static_buffer_ready	static prefill channel buffer readiness	connection.id=630 request.id=151166 request_id=fc7e8d9a-0c5c-4b08-933c-fa16d9ae6600 ready_us=0 ready_offset_us=5 is_ok=true
2026-09-26T22:56:58.851303Z	debug	dynamo_static_selector_rpc	static selector RPC	connection.id=150 request.id=150765 request_id=31b932bb-205f-4e50-90ed-a5d3b5871200 elapsed_us=42000
static_stage_us prepare=58779 prefill=41020 select=42013 decode=2106 total=143918
2026-09-26T22:56:58.887843Z	debug	dynamo_static_selector_rpc	static selector RPC	connection.id=188 request.id=150972 request_id=3866e70d-8cfb-4a22-bc16-f2e309ed1f00 elapsed_us=39865
static_stage_us prepare=62020 prefill=31217 select=39880 decode=3652 total=136769
2026-09-26T22:56:58.895529Z	debug	dynamo_static_rpc_split	static prefill RPC split	connection.id=630 request.id=151166 request_id=fc7e8d9a-0c5c-4b08-933c-fa16d9ae6600 headers_us=44628 stream_us=14
2026-09-26T22:56:58.931608Z	debug	dynamo_static_selector_rpc	static selector RPC	connection.id=630 request.id=151166 request_id=fc7e8d9a-0c5c-4b08-933c-fa16d9ae6600 elapsed_us=35718
static_stage_us prepare=66570 prefill=45003 select=35737 decode=1421 total=148731
2026-09-26T22:56:58.936639Z	debug	dynamo_static_buffer_ready	static prefill channel buffer readiness	connection.id=372 request.id=151615 request_id=f0494147-7ff9-4606-b152-b24c7d9d8100 ready_us=0 ready_offset_us=3 is_ok=true
2026-09-26T22:56:58.960829Z	debug	dynamo_static_buffer_ready	static prefill channel buffer readiness	connection.id=545 request.id=151672 request_id=c7fc7059-9299-4f70-a96a-112a59552a00 ready_us=0 ready_offset_us=5 is_ok=true
2026-09-26T22:56:58.976177Z	debug	dynamo_static_rpc_split	static prefill RPC split	connection.id=372 request.id=151615 request_id=f0494147-7ff9-4606-b152-b24c7d9d8100 headers_us=39531 stream_us=9
2026-09-26T22:56:59.003132Z	debug	dynamo_static_buffer_ready	static prefill channel buffer readiness	connection.id=677 request.id=151940 request_id=4ef5faf2-fdd7-4e9c-b0fc-ae70c4488d00 ready_us=0 ready_offset_us=4 is_ok=true
2026-09-26T22:56:59.007540Z	debug	dynamo_static_rpc_split	static prefill RPC split	connection.id=545 request.id=151672 request_id=c7fc7059-9299-4f70-a96a-112a59552a00 headers_us=46682 stream_us=32
2026-09-26T22:56:59.017998Z	debug	dynamo_static_selector_rpc	static selector RPC	connection.id=372 request.id=151615 request_id=f0494147-7ff9-4606-b152-b24c7d9d8100 elapsed_us=41800
static_stage_us prepare=76590 prefill=39562 select=41818 decode=1477 total=159447
2026-09-26T22:56:59.035049Z	debug	dynamo_static_rpc_split	static prefill RPC split	connection.id=677 request.id=151940 request_id=4ef5faf2-fdd7-4e9c-b0fc-ae70c4488d00 headers_us=31895 stream_us=26
2026-09-26T22:56:59.035672Z	debug	dynamo_static_selector_rpc	static selector RPC	connection.id=545 request.id=151672 request_id=c7fc7059-9299-4f70-a96a-112a59552a00 elapsed_us=28110
static_stage_us prepare=71396 prefill=46738 select=28126 decode=2161 total=148421
2026-09-26T22:56:59.061502Z	debug	dynamo_static_selector_rpc	static selector RPC	connection.id=677 request.id=151940 request_id=4ef5faf2-fdd7-4e9c-b0fc-ae70c4488d00 elapsed_us=26429
static_stage_us prepare=68151 prefill=31946 select=26445 decode=1237 total=127779
2026-09-26T22:56:59.107790Z	debug	dynamo_static_buffer_ready	static prefill channel buffer readiness	connection.id=520 request.id=152469 request_id=8976306a-c97a-4b2d-9071-615b15ce1000 ready_us=0 ready_offset_us=5 is_ok=true
2026-09-26T22:56:59.125325Z	debug	dynamo_static_buffer_ready	static prefill channel buffer readiness	connection.id=574 request.id=152575 request_id=bd8c9e06-ad89-4f13-bb2f-3b1307235d00 ready_us=0 ready_offset_us=4 is_ok=true
2026-09-26T22:56:59.136517Z	debug	dynamo_static_rpc_split	static prefill RPC split	connection.id=520 request.id=152469 request_id=8976306a-c97a-4b2d-9071-615b15ce1000 headers_us=28718 stream_us=13
2026-09-26T22:56:59.158113Z	debug	dynamo_static_rpc_split	static prefill RPC split	connection.id=574 request.id=152575 request_id=bd8c9e06-ad89-4f13-bb2f-3b1307235d00 headers_us=32788 stream_us=3
2026-09-26T22:56:59.160530Z	debug	dynamo_static_selector_rpc	static selector RPC	connection.id=520 request.id=152469 request_id=8976306a-c97a-4b2d-9071-615b15ce1000 elapsed_us=23997
static_stage_us prepare=62693 prefill=28749 select=24013 decode=1325 total=116780
2026-09-26T22:56:59.165716Z	debug	dynamo_static_buffer_ready	static prefill channel buffer readiness	connection.id=535 request.id=152794 request_id=aaa1ffde-84bd-4c65-bbd3-acb60c730100 ready_us=0 ready_offset_us=4 is_ok=true
2026-09-26T22:56:59.193236Z	debug	dynamo_static_selector_rpc	static selector RPC	connection.id=574 request.id=152575 request_id=bd8c9e06-ad89-4f13-bb2f-3b1307235d00 elapsed_us=35101
static_stage_us prepare=63588 prefill=32813 select=35116 decode=1396 total=132913
2026-09-26T22:56:59.204595Z	debug	dynamo_static_rpc_split	static prefill RPC split	connection.id=535 request.id=152794 request_id=aaa1ffde-84bd-4c65-bbd3-acb60c730100 headers_us=38873 stream_us=8
2026-09-26T22:56:59.214214Z	debug	dynamo_static_buffer_ready	static prefill channel buffer readiness	connection.id=362 request.id=153074 request_id=f36a6076-dfc4-4351-bcdc-e46cb069a500 ready_us=0 ready_offset_us=14 is_ok=true
2026-09-26T22:56:59.236709Z	debug	dynamo_static_selector_rpc	static selector RPC	connection.id=535 request.id=152794 request_id=aaa1ffde-84bd-4c65-bbd3-acb60c730100 elapsed_us=32098
static_stage_us prepare=66602 prefill=38899 select=32112 decode=701 total=138314
2026-09-26T22:56:59.247005Z	debug	dynamo_static_rpc_split	static prefill RPC split	connection.id=362 request.id=153074 request_id=f36a6076-dfc4-4351-bcdc-e46cb069a500 headers_us=32794 stream_us=9
2026-09-26T22:56:59.284538Z	debug	dynamo_static_selector_rpc	static selector RPC	connection.id=362 request.id=153074 request_id=f36a6076-dfc4-4351-bcdc-e46cb069a500 elapsed_us=37520
static_stage_us prepare=50318 prefill=32818 select=37536 decode=1870 total=122542
2026-09-26T22:56:59.344571Z	debug	dynamo_static_buffer_ready	static prefill channel buffer readiness	connection.id=350 request.id=153773 request_id=ebf97411-fe60-4c3e-9a23-45e943137000 ready_us=0 ready_offset_us=2 is_ok=true
2026-09-26T22:56:59.344694Z	debug	dynamo_static_buffer_ready	static prefill channel buffer readiness	connection.id=692 request.id=153801 request_id=5663d340-d5f3-4b47-9015-1c8258505a00 ready_us=0 ready_offset_us=7 is_ok=true
2026-09-26T22:56:59.357227Z	debug	dynamo_static_buffer_ready	static prefill channel buffer readiness	connection.id=570 request.id=153820 request_id=58b7d9ae-2051-41b7-98d0-80d1a464d200 ready_us=0 ready_offset_us=2 is_ok=true
2026-09-26T22:56:59.382135Z	debug	dynamo_static_rpc_split	static prefill RPC split	connection.id=350 request.id=153773 request_id=ebf97411-fe60-4c3e-9a23-45e943137000 headers_us=37562 stream_us=3
2026-09-26T22:56:59.384344Z	debug	dynamo_static_rpc_split	static prefill RPC split	connection.id=692 request.id=153801 request_id=5663d340-d5f3-4b47-9015-1c8258505a00 headers_us=39643 stream_us=15
2026-09-26T22:56:59.385592Z	debug	dynamo_static_rpc_split	static prefill RPC split	connection.id=570 request.id=153820 request_id=58b7d9ae-2051-41b7-98d0-80d1a464d200 headers_us=28356 stream_us=11
2026-09-26T22:56:59.393342Z	debug	dynamo_static_buffer_ready	static prefill channel buffer readiness	connection.id=186 request.id=154056 request_id=d14e9526-06b8-4ceb-92b7-edefe52dd000 ready_us=1 ready_offset_us=4 is_ok=true
2026-09-26T22:56:59.395562Z	debug	dynamo_static_buffer_ready	static prefill channel buffer readiness	connection.id=208 request.id=154115 request_id=41f8f830-251f-45a0-93c8-190a9e9ac700 ready_us=0 ready_offset_us=3 is_ok=true
2026-09-26T22:56:59.424165Z	debug	dynamo_static_selector_rpc	static selector RPC	connection.id=350 request.id=153773 request_id=ebf97411-fe60-4c3e-9a23-45e943137000 elapsed_us=42017
2026-09-26T22:56:59.424656Z	debug	dynamo_static_selector_rpc	static selector RPC	connection.id=570 request.id=153820 request_id=58b7d9ae-2051-41b7-98d0-80d1a464d200 elapsed_us=39029
2026-09-26T22:56:59.424728Z	debug	dynamo_static_selector_rpc	static selector RPC	connection.id=692 request.id=153801 request_id=5663d340-d5f3-4b47-9015-1c8258505a00 elapsed_us=40372
2026-09-26T22:56:59.425043Z	debug	dynamo_static_rpc_split	static prefill RPC split	connection.id=186 request.id=154056 request_id=d14e9526-06b8-4ceb-92b7-edefe52dd000 headers_us=31700 stream_us=3
2026-09-26T22:56:59.425291Z	debug	dynamo_static_rpc_split	static prefill RPC split	connection.id=208 request.id=154115 request_id=41f8f830-251f-45a0-93c8-190a9e9ac700 headers_us=29723 stream_us=8
static_stage_us prepare=51187 prefill=37580 select=42028 decode=1741 total=132536
static_stage_us prepare=59554 prefill=28403 select=39040 decode=5481 total=132478
static_stage_us prepare=48112 prefill=39670 select=40382 decode=10345 total=138509
2026-09-26T22:56:59.457406Z	debug	dynamo_static_selector_rpc	static selector RPC	connection.id=208 request.id=154115 request_id=41f8f830-251f-45a0-93c8-190a9e9ac700 elapsed_us=32098
static_stage_us prepare=49687 prefill=29748 select=32115 decode=1360 total=112910
2026-09-26T22:56:59.463377Z	debug	dynamo_static_selector_rpc	static selector RPC	connection.id=186 request.id=154056 request_id=d14e9526-06b8-4ceb-92b7-edefe52dd000 elapsed_us=38314
static_stage_us prepare=53888 prefill=31725 select=38335 decode=7388 total=131336
2026-09-26T22:56:59.495005Z	debug	dynamo_static_buffer_ready	static prefill channel buffer readiness	connection.id=472 request.id=154642 request_id=7d8c1b3d-f1c0-4392-825c-0e098c1cf600 ready_us=0 ready_offset_us=2 is_ok=true
2026-09-26T22:56:59.522597Z	debug	dynamo_static_rpc_split	static prefill RPC split	connection.id=472 request.id=154642 request_id=7d8c1b3d-f1c0-4392-825c-0e098c1cf600 headers_us=27587 stream_us=6
2026-09-26T22:56:59.555640Z	debug	dynamo_static_buffer_ready	static prefill channel buffer readiness	connection.id=334 request.id=154998 request_id=14c35965-71b6-438e-a083-b4b090db5900 ready_us=0 ready_offset_us=5 is_ok=true
2026-09-26T22:56:59.556597Z	debug	dynamo_static_selector_rpc	static selector RPC	connection.id=472 request.id=154642 request_id=7d8c1b3d-f1c0-4392-825c-0e098c1cf600 elapsed_us=33985
static_stage_us prepare=43764 prefill=27610 select=33998 decode=1985 total=107357
2026-09-26T22:56:59.588596Z	debug	dynamo_static_rpc_split	static prefill RPC split	connection.id=334 request.id=154998 request_id=14c35965-71b6-438e-a083-b4b090db5900 headers_us=32953 stream_us=5
2026-09-26T22:56:59.589256Z	debug	dynamo_static_buffer_ready	static prefill channel buffer readiness	connection.id=620 request.id=155174 request_id=c8ac4536-d653-43b9-87af-967f84777800 ready_us=0 ready_offset_us=3 is_ok=true
2026-09-26T22:56:59.614047Z	debug	dynamo_static_selector_rpc	static selector RPC	connection.id=334 request.id=154998 request_id=14c35965-71b6-438e-a083-b4b090db5900 elapsed_us=25435
static_stage_us prepare=53876 prefill=32978 select=25450 decode=1203 total=113507
2026-09-26T22:56:59.619454Z	debug	dynamo_static_rpc_split	static prefill RPC split	connection.id=620 request.id=155174 request_id=c8ac4536-d653-43b9-87af-967f84777800 headers_us=30197 stream_us=3
2026-09-26T22:56:59.624715Z	debug	dynamo_static_buffer_ready	static prefill channel buffer readiness	connection.id=556 request.id=155351 request_id=1e81da19-bfd7-4355-9971-669fb1cffc00 ready_us=0 ready_offset_us=4 is_ok=true
2026-09-26T22:56:59.650844Z	debug	dynamo_static_selector_rpc	static selector RPC	connection.id=620 request.id=155174 request_id=c8ac4536-d653-43b9-87af-967f84777800 elapsed_us=31377
2026-09-26T22:56:59.652817Z	debug	dynamo_static_rpc_split	static prefill RPC split	connection.id=556 request.id=155351 request_id=1e81da19-bfd7-4355-9971-669fb1cffc00 headers_us=28101 stream_us=5
static_stage_us prepare=68020 prefill=30213 select=31394 decode=2280 total=131907
2026-09-26T22:56:59.691604Z	debug	dynamo_static_selector_rpc	static selector RPC	connection.id=556 request.id=155351 request_id=1e81da19-bfd7-4355-9971-669fb1cffc00 elapsed_us=38773
static_stage_us prepare=49285 prefill=28120 select=38788 decode=1534 total=117727
2026-09-26T22:56:59.719157Z	debug	dynamo_static_buffer_ready	static prefill channel buffer readiness	connection.id=598 request.id=155888 request_id=f2a24f9f-94b3-4a7b-9089-fa46fcf90b00 ready_us=1 ready_offset_us=6 is_ok=true
2026-09-26T22:56:59.743328Z	debug	dynamo_static_buffer_ready	static prefill channel buffer readiness	connection.id=856 request.id=156016 request_id=06394fa5-0d91-4756-8a88-4a26e3a5b700 ready_us=0 ready_offset_us=3 is_ok=true
2026-09-26T22:56:59.754792Z	debug	dynamo_static_rpc_split	static prefill RPC split	connection.id=598 request.id=155888 request_id=f2a24f9f-94b3-4a7b-9089-fa46fcf90b00 headers_us=35636 stream_us=4
2026-09-26T22:56:59.756341Z	debug	dynamo_static_buffer_ready	static prefill channel buffer readiness	connection.id=633 request.id=156151 request_id=fcff65ab-da63-4a55-8905-cb24a492ae00 ready_us=0 ready_offset_us=6 is_ok=true
2026-09-26T22:56:59.776833Z	debug	dynamo_static_rpc_split	static prefill RPC split	connection.id=856 request.id=156016 request_id=06394fa5-0d91-4756-8a88-4a26e3a5b700 headers_us=33500 stream_us=7
2026-09-26T22:56:59.787952Z	debug	dynamo_static_selector_rpc	static selector RPC	connection.id=598 request.id=155888 request_id=f2a24f9f-94b3-4a7b-9089-fa46fcf90b00 elapsed_us=33135
static_stage_us prepare=70678 prefill=35666 select=33151 decode=1224 total=140719
2026-09-26T22:56:59.789744Z	debug	dynamo_static_rpc_split	static prefill RPC split	connection.id=633 request.id=156151 request_id=fcff65ab-da63-4a55-8905-cb24a492ae00 headers_us=33403 stream_us=5
2026-09-26T22:56:59.792349Z	debug	dynamo_static_buffer_ready	static prefill channel buffer readiness	connection.id=570 request.id=156387 request_id=750beeb3-5cb3-468a-9fc7-58bee1640100 ready_us=0 ready_offset_us=5 is_ok=true
2026-09-26T22:56:59.808254Z	debug	dynamo_static_selector_rpc	static selector RPC	connection.id=856 request.id=156016 request_id=06394fa5-0d91-4756-8a88-4a26e3a5b700 elapsed_us=31402
static_stage_us prepare=56663 prefill=33528 select=31426 decode=3068 total=124685
2026-09-26T22:56:59.827989Z	debug	dynamo_static_rpc_split	static prefill RPC split	connection.id=570 request.id=156387 request_id=750beeb3-5cb3-468a-9fc7-58bee1640100 headers_us=35637 stream_us=6
2026-09-26T22:56:59.829043Z	debug	dynamo_static_selector_rpc	static selector RPC	connection.id=633 request.id=156151 request_id=fcff65ab-da63-4a55-8905-cb24a492ae00 elapsed_us=39271
static_stage_us prepare=50909 prefill=33436 select=39288 decode=929 total=124562
2026-09-26T22:56:59.863705Z	debug	dynamo_static_selector_rpc	static selector RPC	connection.id=570 request.id=156387 request_id=750beeb3-5cb3-468a-9fc7-58bee1640100 elapsed_us=35701
static_stage_us prepare=46640 prefill=35658 select=35719 decode=1432 total=119449
2026-09-26T22:56:59.940086Z	debug	dynamo_static_buffer_ready	static prefill channel buffer readiness	connection.id=449 request.id=157201 request_id=ea3d9fb0-8e92-4c26-a43e-f07f54f09100 ready_us=0 ready_offset_us=4 is_ok=true
2026-09-26T22:56:59.964257Z	debug	dynamo_static_buffer_ready	static prefill channel buffer readiness	connection.id=741 request.id=157300 request_id=9370e156-622e-40ff-8fd2-03ef08dd9900 ready_us=0 ready_offset_us=3 is_ok=true
2026-09-26T22:56:59.971660Z	debug	dynamo_static_rpc_split	static prefill RPC split	connection.id=449 request.id=157201 request_id=ea3d9fb0-8e92-4c26-a43e-f07f54f09100 headers_us=31564 stream_us=13
2026-09-26T22:56:59.975158Z	debug	dynamo_static_buffer_ready	static prefill channel buffer readiness	connection.id=160 request.id=157445 request_id=3fde3231-7433-4f97-9324-92a160bbb800 ready_us=0 ready_offset_us=3 is_ok=true
2026-09-26T22:56:59.991412Z	debug	dynamo_static_rpc_split	static prefill RPC split	connection.id=741 request.id=157300 request_id=9370e156-622e-40ff-8fd2-03ef08dd9900 headers_us=27147 stream_us=10
2026-09-26T22:56:59.998865Z	debug	dynamo_static_selector_rpc	static selector RPC	connection.id=449 request.id=157201 request_id=ea3d9fb0-8e92-4c26-a43e-f07f54f09100 elapsed_us=27178
static_stage_us prepare=50234 prefill=31605 select=27197 decode=2613 total=111649
2026-09-26T22:57:00.003655Z	debug	dynamo_static_rpc_split	static prefill RPC split	connection.id=160 request.id=157445 request_id=3fde3231-7433-4f97-9324-92a160bbb800 headers_us=28489 stream_us=11
2026-09-26T22:57:00.003758Z	debug	dynamo_static_buffer_ready	static prefill channel buffer readiness	connection.id=641 request.id=157552 request_id=18b458d3-a568-49c2-8b47-1c137038d200 ready_us=2 ready_offset_us=5 is_ok=true
2026-09-26T22:57:00.010231Z	debug	dynamo_static_buffer_ready	static prefill channel buffer readiness	connection.id=375 request.id=157567 request_id=edb0114c-13bf-44fa-8045-adbe5916af00 ready_us=0 ready_offset_us=5 is_ok=true
2026-09-26T22:57:00.023500Z	debug	dynamo_static_selector_rpc	static selector RPC	connection.id=741 request.id=157300 request_id=9370e156-622e-40ff-8fd2-03ef08dd9900 elapsed_us=32069
static_stage_us prepare=62209 prefill=27177 select=32112 decode=1018 total=122516
2026-09-26T22:57:00.034071Z	debug	dynamo_static_rpc_split	static prefill RPC split	connection.id=641 request.id=157552 request_id=18b458d3-a568-49c2-8b47-1c137038d200 headers_us=30313 stream_us=4
2026-09-26T22:57:00.037864Z	debug	dynamo_static_selector_rpc	static selector RPC	connection.id=160 request.id=157445 request_id=3fde3231-7433-4f97-9324-92a160bbb800 elapsed_us=34197
static_stage_us prepare=47328 prefill=28512 select=34210 decode=1792 total=111842
2026-09-26T22:57:00.039816Z	debug	dynamo_static_rpc_split	static prefill RPC split	connection.id=375 request.id=157567 request_id=edb0114c-13bf-44fa-8045-adbe5916af00 headers_us=29585 stream_us=6
2026-09-26T22:57:00.060491Z	debug	dynamo_static_buffer_ready	static prefill channel buffer readiness	connection.id=532 request.id=157886 request_id=804984e1-55df-41f9-aeba-3d8c5e9ed100 ready_us=1 ready_offset_us=3 is_ok=true
2026-09-26T22:57:00.067446Z	debug	dynamo_static_selector_rpc	static selector RPC	connection.id=641 request.id=157552 request_id=18b458d3-a568-49c2-8b47-1c137038d200 elapsed_us=33362
2026-09-26T22:57:00.068412Z	debug	dynamo_static_selector_rpc	static selector RPC	connection.id=375 request.id=157567 request_id=edb0114c-13bf-44fa-8045-adbe5916af00 elapsed_us=28583
static_stage_us prepare=55870 prefill=30337 select=33375 decode=1796 total=121378
static_stage_us prepare=59621 prefill=29604 select=28608 decode=1572 total=119405
2026-09-26T22:57:00.080584Z	debug	dynamo_static_buffer_ready	static prefill channel buffer readiness	connection.id=229 request.id=157999 request_id=008b4c5f-13e7-4c42-be96-da6e3fc23100 ready_us=0 ready_offset_us=3 is_ok=true
2026-09-26T22:57:00.092448Z	debug	dynamo_static_rpc_split	static prefill RPC split	connection.id=532 request.id=157886 request_id=804984e1-55df-41f9-aeba-3d8c5e9ed100 headers_us=31956 stream_us=4
2026-09-26T22:57:00.108331Z	debug	dynamo_static_rpc_split	static prefill RPC split	connection.id=229 request.id=157999 request_id=008b4c5f-13e7-4c42-be96-da6e3fc23100 headers_us=27734 stream_us=15
2026-09-26T22:57:00.118261Z	debug	dynamo_static_selector_rpc	static selector RPC	connection.id=532 request.id=157886 request_id=804984e1-55df-41f9-aeba-3d8c5e9ed100 elapsed_us=25796
static_stage_us prepare=54051 prefill=31978 select=25811 decode=1732 total=113572
2026-09-26T22:57:00.140267Z	debug	dynamo_static_selector_rpc	static selector RPC	connection.id=229 request.id=157999 request_id=008b4c5f-13e7-4c42-be96-da6e3fc23100 elapsed_us=31922
static_stage_us prepare=59472 prefill=27765 select=31936 decode=916 total=120089
2026-09-26T22:57:00.166558Z	debug	dynamo_static_buffer_ready	static prefill channel buffer readiness	connection.id=762 request.id=158571 request_id=87fed8cf-4148-460a-9b7f-51376dce8500 ready_us=0 ready_offset_us=4 is_ok=true
2026-09-26T22:57:00.166570Z	debug	dynamo_static_buffer_ready	static prefill channel buffer readiness	connection.id=790 request.id=158573 request_id=c2ab6dc6-2062-4365-8c9c-70029970ec00 ready_us=0 ready_offset_us=3 is_ok=true
2026-09-26T22:57:00.204998Z	debug	dynamo_static_rpc_split	static prefill RPC split	connection.id=762 request.id=158571 request_id=87fed8cf-4148-460a-9b7f-51376dce8500 headers_us=38439 stream_us=3
2026-09-26T22:57:00.205441Z	debug	dynamo_static_rpc_split	static prefill RPC split	connection.id=790 request.id=158573 request_id=c2ab6dc6-2062-4365-8c9c-70029970ec00 headers_us=38869 stream_us=5
2026-09-26T22:57:00.228784Z	debug	dynamo_static_selector_rpc	static selector RPC	connection.id=762 request.id=158571 request_id=87fed8cf-4148-460a-9b7f-51376dce8500 elapsed_us=23770
static_stage_us prepare=49275 prefill=38460 select=23784 decode=750 total=112269
2026-09-26T22:57:00.235845Z	debug	dynamo_static_selector_rpc	static selector RPC	connection.id=790 request.id=158573 request_id=c2ab6dc6-2062-4365-8c9c-70029970ec00 elapsed_us=30390
static_stage_us prepare=49215 prefill=38888 select=30405 decode=695 total=119203
2026-09-26T22:57:00.338370Z	debug	dynamo_static_buffer_ready	static prefill channel buffer readiness	connection.id=850 request.id=159694 request_id=f42cd24e-ca16-4285-8514-53dc61733200 ready_us=0 ready_offset_us=2 is_ok=true
2026-09-26T22:57:00.366180Z	debug	dynamo_static_rpc_split	static prefill RPC split	connection.id=850 request.id=159694 request_id=f42cd24e-ca16-4285-8514-53dc61733200 headers_us=27796 stream_us=16
2026-09-26T22:57:00.395329Z	debug	dynamo_static_selector_rpc	static selector RPC	connection.id=850 request.id=159694 request_id=f42cd24e-ca16-4285-8514-53dc61733200 elapsed_us=29125
static_stage_us prepare=47682 prefill=27836 select=29143 decode=1041 total=105702
2026-09-26T22:57:00.403522Z	debug	dynamo_static_buffer_ready	static prefill channel buffer readiness	connection.id=598 request.id=160106 request_id=761fde56-a860-4fc1-8f1f-ca94b35c9d00 ready_us=0 ready_offset_us=2 is_ok=true
2026-09-26T22:57:00.432418Z	debug	dynamo_static_rpc_split	static prefill RPC split	connection.id=598 request.id=160106 request_id=761fde56-a860-4fc1-8f1f-ca94b35c9d00 headers_us=28895 stream_us=3
2026-09-26T22:57:00.468557Z	debug	dynamo_static_selector_rpc	static selector RPC	connection.id=598 request.id=160106 request_id=761fde56-a860-4fc1-8f1f-ca94b35c9d00 elapsed_us=36119
static_stage_us prepare=38111 prefill=28919 select=36135 decode=2063 total=105228
2026-09-26T22:57:00.528485Z	debug	dynamo_static_buffer_ready	static prefill channel buffer readiness	connection.id=337 request.id=160821 request_id=39c6a063-acf8-47ac-9151-79521679c300 ready_us=0 ready_offset_us=2 is_ok=true
2026-09-26T22:57:00.556060Z	debug	dynamo_static_rpc_split	static prefill RPC split	connection.id=337 request.id=160821 request_id=39c6a063-acf8-47ac-9151-79521679c300 headers_us=27574 stream_us=3
2026-09-26T22:57:00.584099Z	debug	dynamo_static_selector_rpc	static selector RPC	connection.id=337 request.id=160821 request_id=39c6a063-acf8-47ac-9151-79521679c300 elapsed_us=28021
static_stage_us prepare=50600 prefill=27596 select=28038 decode=1282 total=107516
2026-09-26T22:57:00.635826Z	debug	dynamo_static_buffer_ready	static prefill channel buffer readiness	connection.id=392 request.id=161530 request_id=34e0f2da-369f-4fb8-8c2b-84b770028400 ready_us=0 ready_offset_us=4 is_ok=true
2026-09-26T22:57:00.663160Z	debug	dynamo_static_buffer_ready	static prefill channel buffer readiness	connection.id=206 request.id=161666 request_id=ce0ddb71-7b03-472f-b043-0f8573723d00 ready_us=0 ready_offset_us=3 is_ok=true
2026-09-26T22:57:00.663695Z	debug	dynamo_static_rpc_split	static prefill RPC split	connection.id=392 request.id=161530 request_id=34e0f2da-369f-4fb8-8c2b-84b770028400 headers_us=27869 stream_us=3
2026-09-26T22:57:00.690195Z	debug	dynamo_static_buffer_ready	static prefill channel buffer readiness	connection.id=530 request.id=161855 request_id=537bba32-d0fe-4ccf-82c6-ac5f3227c300 ready_us=0 ready_offset_us=5 is_ok=true
2026-09-26T22:57:00.691459Z	debug	dynamo_static_rpc_split	static prefill RPC split	connection.id=206 request.id=161666 request_id=ce0ddb71-7b03-472f-b043-0f8573723d00 headers_us=28298 stream_us=3
2026-09-26T22:57:00.694554Z	debug	dynamo_static_selector_rpc	static selector RPC	connection.id=392 request.id=161530 request_id=34e0f2da-369f-4fb8-8c2b-84b770028400 elapsed_us=30840
static_stage_us prepare=60321 prefill=27892 select=30852 decode=1604 total=120669
2026-09-26T22:57:00.722912Z	debug	dynamo_static_rpc_split	static prefill RPC split	connection.id=530 request.id=161855 request_id=537bba32-d0fe-4ccf-82c6-ac5f3227c300 headers_us=32710 stream_us=12
2026-09-26T22:57:00.728523Z	debug	dynamo_static_selector_rpc	static selector RPC	connection.id=206 request.id=161666 request_id=ce0ddb71-7b03-472f-b043-0f8573723d00 elapsed_us=37047
2026-09-26T22:57:00.728913Z	debug	dynamo_static_buffer_ready	static prefill channel buffer readiness	connection.id=414 request.id=162122 request_id=1a13f5de-5603-4a9b-8478-f113b644b100 ready_us=0 ready_offset_us=4 is_ok=true
static_stage_us prepare=47190 prefill=28318 select=37061 decode=1646 total=114215
2026-09-26T22:57:00.735608Z	debug	dynamo_static_buffer_ready	static prefill channel buffer readiness	connection.id=249 request.id=162151 request_id=af8851ea-a5b7-4dc8-a02a-f5b7ad788b00 ready_us=0 ready_offset_us=3 is_ok=true
2026-09-26T22:57:00.758255Z	debug	dynamo_static_selector_rpc	static selector RPC	connection.id=530 request.id=161855 request_id=537bba32-d0fe-4ccf-82c6-ac5f3227c300 elapsed_us=35326
static_stage_us prepare=50894 prefill=32738 select=35359 decode=997 total=119988
2026-09-26T22:57:00.769335Z	debug	dynamo_static_rpc_split	static prefill RPC split	connection.id=414 request.id=162122 request_id=1a13f5de-5603-4a9b-8478-f113b644b100 headers_us=40420 stream_us=6
2026-09-26T22:57:00.769719Z	debug	dynamo_static_rpc_split	static prefill RPC split	connection.id=249 request.id=162151 request_id=af8851ea-a5b7-4dc8-a02a-f5b7ad788b00 headers_us=34110 stream_us=4
2026-09-26T22:57:00.792594Z	debug	dynamo_static_selector_rpc	static selector RPC	connection.id=414 request.id=162122 request_id=1a13f5de-5603-4a9b-8478-f113b644b100 elapsed_us=23244
static_stage_us prepare=53226 prefill=40447 select=23258 decode=1794 total=118725
2026-09-26T22:57:00.797441Z	debug	dynamo_static_selector_rpc	static selector RPC	connection.id=249 request.id=162151 request_id=af8851ea-a5b7-4dc8-a02a-f5b7ad788b00 elapsed_us=27709
static_stage_us prepare=54803 prefill=34127 select=27721 decode=2562 total=119213
2026-09-26T22:57:00.829421Z	debug	dynamo_static_buffer_ready	static prefill channel buffer readiness	connection.id=345 request.id=162659 request_id=47b1c0ff-c9f6-4557-be2e-e730ddce2500 ready_us=0 ready_offset_us=2 is_ok=true
2026-09-26T22:57:00.831574Z	debug	dynamo_static_buffer_ready	static prefill channel buffer readiness	connection.id=407 request.id=162687 request_id=7703c400-378f-4e9c-95b0-c2836883e800 ready_us=0 ready_offset_us=5 is_ok=true
2026-09-26T22:57:00.862590Z	debug	dynamo_static_rpc_split	static prefill RPC split	connection.id=345 request.id=162659 request_id=47b1c0ff-c9f6-4557-be2e-e730ddce2500 headers_us=33159 stream_us=12
2026-09-26T22:57:00.863028Z	debug	dynamo_static_rpc_split	static prefill RPC split	connection.id=407 request.id=162687 request_id=7703c400-378f-4e9c-95b0-c2836883e800 headers_us=31440 stream_us=18
2026-09-26T22:57:00.881155Z	debug	dynamo_static_buffer_ready	static prefill channel buffer readiness	connection.id=520 request.id=163010 request_id=ece61b8b-db22-49c5-bbed-b909a7fb7b00 ready_us=0 ready_offset_us=3 is_ok=true
2026-09-26T22:57:00.890985Z	debug	dynamo_static_buffer_ready	static prefill channel buffer readiness	connection.id=537 request.id=163059 request_id=2ac9a823-3d66-4cbf-aa65-ae4d19129e00 ready_us=0 ready_offset_us=3 is_ok=true
2026-09-26T22:57:00.896330Z	debug	dynamo_static_selector_rpc	static selector RPC	connection.id=407 request.id=162687 request_id=7703c400-378f-4e9c-95b0-c2836883e800 elapsed_us=33284
2026-09-26T22:57:00.897254Z	debug	dynamo_static_selector_rpc	static selector RPC	connection.id=345 request.id=162659 request_id=47b1c0ff-c9f6-4557-be2e-e730ddce2500 elapsed_us=34650
static_stage_us prepare=55169 prefill=31478 select=33297 decode=1058 total=121002
static_stage_us prepare=57491 prefill=33185 select=34667 decode=1053 total=126396
2026-09-26T22:57:00.916388Z	debug	dynamo_static_rpc_split	static prefill RPC split	connection.id=520 request.id=163010 request_id=ece61b8b-db22-49c5-bbed-b909a7fb7b00 headers_us=35218 stream_us=18
2026-09-26T22:57:00.928642Z	debug	dynamo_static_rpc_split	static prefill RPC split	connection.id=537 request.id=163059 request_id=2ac9a823-3d66-4cbf-aa65-ae4d19129e00 headers_us=37652 stream_us=5
2026-09-26T22:57:00.949362Z	debug	dynamo_static_buffer_ready	static prefill channel buffer readiness	connection.id=178 request.id=163368 request_id=b2861a6b-5deb-4d2b-b7e3-4066d05bde00 ready_us=1 ready_offset_us=4 is_ok=true
2026-09-26T22:57:00.951103Z	debug	dynamo_static_selector_rpc	static selector RPC	connection.id=520 request.id=163010 request_id=ece61b8b-db22-49c5-bbed-b909a7fb7b00 elapsed_us=34702
static_stage_us prepare=60051 prefill=35249 select=34717 decode=1223 total=131240
2026-09-26T22:57:00.960544Z	debug	dynamo_static_selector_rpc	static selector RPC	connection.id=537 request.id=163059 request_id=2ac9a823-3d66-4cbf-aa65-ae4d19129e00 elapsed_us=31883
static_stage_us prepare=62609 prefill=37680 select=31897 decode=1540 total=133726
2026-09-26T22:57:00.981348Z	debug	dynamo_static_buffer_ready	static prefill channel buffer readiness	connection.id=441 request.id=163582 request_id=66ca7719-468a-4b38-a9f5-df4862270600 ready_us=0 ready_offset_us=5 is_ok=true
2026-09-26T22:57:00.981498Z	debug	dynamo_static_buffer_ready	static prefill channel buffer readiness	connection.id=750 request.id=163596 request_id=2d45633d-104f-44da-b7ca-36a75cf8d600 ready_us=0 ready_offset_us=4 is_ok=true
2026-09-26T22:57:00.986065Z	debug	dynamo_static_rpc_split	static prefill RPC split	connection.id=178 request.id=163368 request_id=b2861a6b-5deb-4d2b-b7e3-4066d05bde00 headers_us=36703 stream_us=4
2026-09-26T22:57:01.007371Z	debug	dynamo_static_rpc_split	static prefill RPC split	connection.id=441 request.id=163582 request_id=66ca7719-468a-4b38-a9f5-df4862270600 headers_us=26025 stream_us=3
2026-09-26T22:57:01.008033Z	debug	dynamo_static_rpc_split	static prefill RPC split	connection.id=750 request.id=163596 request_id=2d45633d-104f-44da-b7ca-36a75cf8d600 headers_us=26534 stream_us=3
2026-09-26T22:57:01.017854Z	debug	dynamo_static_selector_rpc	static selector RPC	connection.id=178 request.id=163368 request_id=b2861a6b-5deb-4d2b-b7e3-4066d05bde00 elapsed_us=31776
static_stage_us prepare=58686 prefill=36721 select=31790 decode=4265 total=131462
2026-09-26T22:57:01.031721Z	debug	dynamo_static_selector_rpc	static selector RPC	connection.id=441 request.id=163582 request_id=66ca7719-468a-4b38-a9f5-df4862270600 elapsed_us=24336
static_stage_us prepare=55233 prefill=26042 select=24354 decode=2733 total=108362
2026-09-26T22:57:01.038629Z	debug	dynamo_static_selector_rpc	static selector RPC	connection.id=750 request.id=163596 request_id=2d45633d-104f-44da-b7ca-36a75cf8d600 elapsed_us=30559
static_stage_us prepare=54624 prefill=26556 select=30592 decode=2004 total=113776
2026-09-26T22:57:01.048241Z	debug	dynamo_static_buffer_ready	static prefill channel buffer readiness	connection.id=316 request.id=163980 request_id=1e877fd6-470b-47c7-bf7d-540062c25a00 ready_us=0 ready_offset_us=2 is_ok=true
2026-09-26T22:57:01.076649Z	debug	dynamo_static_rpc_split	static prefill RPC split	connection.id=316 request.id=163980 request_id=1e877fd6-470b-47c7-bf7d-540062c25a00 headers_us=28405 stream_us=4
2026-09-26T22:57:01.088683Z	debug	dynamo_static_buffer_ready	static prefill channel buffer readiness	connection.id=196 request.id=164230 request_id=b0b8ab67-e534-412b-b83e-797cbe8bd200 ready_us=0 ready_offset_us=2 is_ok=true
2026-09-26T22:57:01.088705Z	debug	dynamo_static_buffer_ready	static prefill channel buffer readiness	connection.id=324 request.id=164224 request_id=ad8b3896-28e2-4a5d-9945-a0bace202200 ready_us=0 ready_offset_us=9 is_ok=true
2026-09-26T22:57:01.094717Z	debug	dynamo_static_buffer_ready	static prefill channel buffer readiness	connection.id=285 request.id=164246 request_id=96576776-067e-4967-81ef-3bdb7e719900 ready_us=1 ready_offset_us=3 is_ok=true
2026-09-26T22:57:01.112115Z	debug	dynamo_static_selector_rpc	static selector RPC	connection.id=316 request.id=163980 request_id=1e877fd6-470b-47c7-bf7d-540062c25a00 elapsed_us=35447
static_stage_us prepare=46906 prefill=28428 select=35462 decode=1680 total=112476
2026-09-26T22:57:01.119678Z	debug	dynamo_static_rpc_split	static prefill RPC split	connection.id=324 request.id=164224 request_id=ad8b3896-28e2-4a5d-9945-a0bace202200 headers_us=30976 stream_us=6
2026-09-26T22:57:01.120068Z	debug	dynamo_static_rpc_split	static prefill RPC split	connection.id=196 request.id=164230 request_id=b0b8ab67-e534-412b-b83e-797cbe8bd200 headers_us=31378 stream_us=8
2026-09-26T22:57:01.130275Z	debug	dynamo_static_rpc_split	static prefill RPC split	connection.id=285 request.id=164246 request_id=96576776-067e-4967-81ef-3bdb7e719900 headers_us=35540 stream_us=21
2026-09-26T22:57:01.148601Z	debug	dynamo_static_selector_rpc	static selector RPC	connection.id=196 request.id=164230 request_id=b0b8ab67-e534-412b-b83e-797cbe8bd200 elapsed_us=28519
static_stage_us prepare=45375 prefill=31400 select=28533 decode=1159 total=106467
2026-09-26T22:57:01.152022Z	debug	dynamo_static_selector_rpc	static selector RPC	connection.id=324 request.id=164224 request_id=ad8b3896-28e2-4a5d-9945-a0bace202200 elapsed_us=32328
static_stage_us prepare=45594 prefill=30999 select=32338 decode=1085 total=110016
2026-09-26T22:57:01.163277Z	debug	dynamo_static_selector_rpc	static selector RPC	connection.id=285 request.id=164246 request_id=96576776-067e-4967-81ef-3bdb7e719900 elapsed_us=32985
static_stage_us prepare=50276 prefill=35579 select=32999 decode=2604 total=121458
2026-09-26T22:57:01.178394Z	debug	dynamo_static_buffer_ready	static prefill channel buffer readiness	connection.id=480 request.id=164828 request_id=320f51f4-610f-4fa4-9d2d-ad68c300e300 ready_us=0 ready_offset_us=2 is_ok=true
2026-09-26T22:57:01.189137Z	debug	dynamo_static_buffer_ready	static prefill channel buffer readiness	connection.id=715 request.id=164889 request_id=a7e5165d-071a-4873-b324-0c2cf20c3700 ready_us=0 ready_offset_us=4 is_ok=true
2026-09-26T22:57:01.204470Z	debug	dynamo_static_rpc_split	static prefill RPC split	connection.id=480 request.id=164828 request_id=320f51f4-610f-4fa4-9d2d-ad68c300e300 headers_us=26075 stream_us=3
2026-09-26T22:57:01.221840Z	debug	dynamo_static_rpc_split	static prefill RPC split	connection.id=715 request.id=164889 request_id=a7e5165d-071a-4873-b324-0c2cf20c3700 headers_us=32697 stream_us=10
2026-09-26T22:57:01.225285Z	debug	dynamo_static_buffer_ready	static prefill channel buffer readiness	connection.id=415 request.id=165071 request_id=71ef5c93-10e0-4f23-a8e8-e14a363c5700 ready_us=0 ready_offset_us=3 is_ok=true
2026-09-26T22:57:01.233865Z	debug	dynamo_static_selector_rpc	static selector RPC	connection.id=480 request.id=164828 request_id=320f51f4-610f-4fa4-9d2d-ad68c300e300 elapsed_us=29381
static_stage_us prepare=50937 prefill=26094 select=29393 decode=3735 total=110159
2026-09-26T22:57:01.246560Z	debug	dynamo_static_selector_rpc	static selector RPC	connection.id=715 request.id=164889 request_id=a7e5165d-071a-4873-b324-0c2cf20c3700 elapsed_us=24667
static_stage_us prepare=51506 prefill=32761 select=24685 decode=1669 total=110621
2026-09-26T22:57:01.254449Z	debug	dynamo_static_rpc_split	static prefill RPC split	connection.id=415 request.id=165071 request_id=71ef5c93-10e0-4f23-a8e8-e14a363c5700 headers_us=29164 stream_us=2
2026-09-26T22:57:01.268797Z	debug	dynamo_static_buffer_ready	static prefill channel buffer readiness	connection.id=680 request.id=165372 request_id=2eb1b331-4067-4637-bce7-0ecaa8a2df00 ready_us=0 ready_offset_us=3 is_ok=true
2026-09-26T22:57:01.280254Z	debug	dynamo_static_selector_rpc	static selector RPC	connection.id=415 request.id=165071 request_id=71ef5c93-10e0-4f23-a8e8-e14a363c5700 elapsed_us=25784
2026-09-26T22:57:01.281871Z	debug	dynamo_static_buffer_ready	static prefill channel buffer readiness	connection.id=298 request.id=165405 request_id=3ed9cdeb-892d-414f-a797-62c817566000 ready_us=0 ready_offset_us=3 is_ok=true
static_stage_us prepare=51775 prefill=29188 select=25797 decode=2080 total=108840
2026-09-26T22:57:01.297851Z	debug	dynamo_static_buffer_ready	static prefill channel buffer readiness	connection.id=126 request.id=165502 request_id=1d70266a-23dd-43eb-ab92-cfcd51a16400 ready_us=0 ready_offset_us=5 is_ok=true
2026-09-26T22:57:01.300853Z	debug	dynamo_static_rpc_split	static prefill RPC split	connection.id=680 request.id=165372 request_id=2eb1b331-4067-4637-bce7-0ecaa8a2df00 headers_us=32054 stream_us=5
2026-09-26T22:57:01.304474Z	debug	dynamo_static_buffer_ready	static prefill channel buffer readiness	connection.id=127 request.id=165606 request_id=58861f23-0533-4bb2-a035-006b8cfd0400 ready_us=0 ready_offset_us=21 is_ok=true
2026-09-26T22:57:01.304846Z	debug	dynamo_static_rpc_split	static prefill RPC split	connection.id=298 request.id=165405 request_id=3ed9cdeb-892d-414f-a797-62c817566000 headers_us=22970 stream_us=7
2026-09-26T22:57:01.317644Z	debug	dynamo_static_buffer_ready	static prefill channel buffer readiness	connection.id=444 request.id=165695 request_id=a568a311-9862-4c75-b651-e447c59b3400 ready_us=0 ready_offset_us=5 is_ok=true
2026-09-26T22:57:01.322400Z	debug	dynamo_static_selector_rpc	static selector RPC	connection.id=680 request.id=165372 request_id=2eb1b331-4067-4637-bce7-0ecaa8a2df00 elapsed_us=21533
static_stage_us prepare=48317 prefill=32074 select=21576 decode=1245 total=103212
2026-09-26T22:57:01.327417Z	debug	dynamo_static_rpc_split	static prefill RPC split	connection.id=127 request.id=165606 request_id=58861f23-0533-4bb2-a035-006b8cfd0400 headers_us=22957 stream_us=6
2026-09-26T22:57:01.327890Z	debug	dynamo_static_rpc_split	static prefill RPC split	connection.id=126 request.id=165502 request_id=1d70266a-23dd-43eb-ab92-cfcd51a16400 headers_us=30037 stream_us=6
2026-09-26T22:57:01.334841Z	debug	dynamo_static_selector_rpc	static selector RPC	connection.id=298 request.id=165405 request_id=3ed9cdeb-892d-414f-a797-62c817566000 elapsed_us=29983
static_stage_us prepare=50938 prefill=22991 select=29997 decode=2029 total=105955
2026-09-26T22:57:01.347956Z	debug	dynamo_static_buffer_ready	static prefill channel buffer readiness	connection.id=496 request.id=165902 request_id=be1998c8-b2a7-4015-9168-31920deae600 ready_us=1 ready_offset_us=7 is_ok=true
2026-09-26T22:57:01.349813Z	debug	dynamo_static_rpc_split	static prefill RPC split	connection.id=444 request.id=165695 request_id=a568a311-9862-4c75-b651-e447c59b3400 headers_us=32170 stream_us=4
2026-09-26T22:57:01.354966Z	debug	dynamo_static_selector_rpc	static selector RPC	connection.id=126 request.id=165502 request_id=1d70266a-23dd-43eb-ab92-cfcd51a16400 elapsed_us=27054
static_stage_us prepare=51128 prefill=30067 select=27066 decode=1217 total=109478
2026-09-26T22:57:01.357201Z	debug	dynamo_static_selector_rpc	static selector RPC	connection.id=127 request.id=165606 request_id=58861f23-0533-4bb2-a035-006b8cfd0400 elapsed_us=29761
static_stage_us prepare=44794 prefill=22988 select=29786 decode=758 total=98326
2026-09-26T22:57:01.374004Z	debug	dynamo_static_selector_rpc	static selector RPC	connection.id=444 request.id=165695 request_id=a568a311-9862-4c75-b651-e447c59b3400 elapsed_us=24177
static_stage_us prepare=45985 prefill=32188 select=24190 decode=1073 total=103436
2026-09-26T22:57:01.376044Z	debug	dynamo_static_rpc_split	static prefill RPC split	connection.id=496 request.id=165902 request_id=be1998c8-b2a7-4015-9168-31920deae600 headers_us=28085 stream_us=9
2026-09-26T22:57:01.388423Z	debug	dynamo_static_buffer_ready	static prefill channel buffer readiness	connection.id=922 request.id=166156 request_id=c0ae2359-32c2-434e-a658-e8ff84ac0c00 ready_us=1 ready_offset_us=9 is_ok=true
2026-09-26T22:57:01.406834Z	debug	dynamo_static_selector_rpc	static selector RPC	connection.id=496 request.id=165902 request_id=be1998c8-b2a7-4015-9168-31920deae600 elapsed_us=30750
static_stage_us prepare=46123 prefill=28135 select=30768 decode=1402 total=106428
2026-09-26T22:57:01.416771Z	debug	dynamo_static_rpc_split	static prefill RPC split	connection.id=922 request.id=166156 request_id=c0ae2359-32c2-434e-a658-e8ff84ac0c00 headers_us=28344 stream_us=13
2026-09-26T22:57:01.443017Z	debug	dynamo_static_selector_rpc	static selector RPC	connection.id=922 request.id=166156 request_id=c0ae2359-32c2-434e-a658-e8ff84ac0c00 elapsed_us=26230
static_stage_us prepare=49589 prefill=28375 select=26246 decode=1310 total=105520
2026-09-26T22:57:01.503315Z	debug	dynamo_static_buffer_ready	static prefill channel buffer readiness	connection.id=420 request.id=166837 request_id=a29984d3-41e3-4fd6-959f-cf2e99fdbf00 ready_us=1 ready_offset_us=49 is_ok=true
2026-09-26T22:57:01.519264Z	debug	dynamo_static_buffer_ready	static prefill channel buffer readiness	connection.id=940 request.id=166979 request_id=b53aa65d-096d-43ca-83c2-091b87ed5300 ready_us=1 ready_offset_us=4 is_ok=true
2026-09-26T22:57:01.519355Z	debug	dynamo_static_buffer_ready	static prefill channel buffer readiness	connection.id=714 request.id=167007 request_id=d1578a7d-d395-4405-ba96-dbe1db004100 ready_us=0 ready_offset_us=2 is_ok=true
2026-09-26T22:57:01.538829Z	debug	dynamo_static_rpc_split	static prefill RPC split	connection.id=420 request.id=166837 request_id=a29984d3-41e3-4fd6-959f-cf2e99fdbf00 headers_us=35558 stream_us=4
2026-09-26T22:57:01.547585Z	debug	dynamo_static_rpc_split	static prefill RPC split	connection.id=940 request.id=166979 request_id=b53aa65d-096d-43ca-83c2-091b87ed5300 headers_us=28312 stream_us=11
2026-09-26T22:57:01.550033Z	debug	dynamo_static_rpc_split	static prefill RPC split	connection.id=714 request.id=167007 request_id=d1578a7d-d395-4405-ba96-dbe1db004100 headers_us=30673 stream_us=5
2026-09-26T22:57:01.550590Z	debug	dynamo_static_buffer_ready	static prefill channel buffer readiness	connection.id=835 request.id=167157 request_id=32b6bba4-2871-4ff6-8333-d840f5344000 ready_us=1 ready_offset_us=3 is_ok=true
2026-09-26T22:57:01.566518Z	debug	dynamo_static_selector_rpc	static selector RPC	connection.id=420 request.id=166837 request_id=a29984d3-41e3-4fd6-959f-cf2e99fdbf00 elapsed_us=27671
static_stage_us prepare=54235 prefill=35581 select=27686 decode=1616 total=119118
2026-09-26T22:57:01.570280Z	debug	dynamo_static_buffer_ready	static prefill channel buffer readiness	connection.id=192 request.id=167296 request_id=5209489b-00a4-453d-bd49-a249c7f84300 ready_us=0 ready_offset_us=3 is_ok=true
2026-09-26T22:57:01.574054Z	debug	dynamo_static_selector_rpc	static selector RPC	connection.id=940 request.id=166979 request_id=b53aa65d-096d-43ca-83c2-091b87ed5300 elapsed_us=26435
static_stage_us prepare=49731 prefill=28359 select=26447 decode=916 total=105453
2026-09-26T22:57:01.574787Z	debug	dynamo_static_selector_rpc	static selector RPC	connection.id=714 request.id=167007 request_id=d1578a7d-d395-4405-ba96-dbe1db004100 elapsed_us=24741
static_stage_us prepare=45676 prefill=30694 select=24753 decode=1817 total=102940
2026-09-26T22:57:01.582424Z	debug	dynamo_static_rpc_split	static prefill RPC split	connection.id=835 request.id=167157 request_id=32b6bba4-2871-4ff6-8333-d840f5344000 headers_us=31832 stream_us=4
2026-09-26T22:57:01.598731Z	debug	dynamo_static_rpc_split	static prefill RPC split	connection.id=192 request.id=167296 request_id=5209489b-00a4-453d-bd49-a249c7f84300 headers_us=28449 stream_us=5
2026-09-26T22:57:01.613378Z	debug	dynamo_static_selector_rpc	static selector RPC	connection.id=835 request.id=167157 request_id=32b6bba4-2871-4ff6-8333-d840f5344000 elapsed_us=30943
static_stage_us prepare=52668 prefill=31848 select=30958 decode=802 total=116276
2026-09-26T22:57:01.625633Z	debug	dynamo_static_selector_rpc	static selector RPC	connection.id=192 request.id=167296 request_id=5209489b-00a4-453d-bd49-a249c7f84300 elapsed_us=26806
static_stage_us prepare=52620 prefill=28551 select=26820 decode=1598 total=109589
2026-09-26T22:57:01.632306Z	debug	dynamo_static_buffer_ready	static prefill channel buffer readiness	connection.id=152 request.id=167669 request_id=b0398da7-41d4-489c-934a-df9b5a4d3a00 ready_us=0 ready_offset_us=4 is_ok=true
2026-09-26T22:57:01.659343Z	debug	dynamo_static_buffer_ready	static prefill channel buffer readiness	connection.id=622 request.id=167763 request_id=7cd37edb-6ea1-42b9-8da8-f6ff0f2c3d00 ready_us=0 ready_offset_us=20 is_ok=true
2026-09-26T22:57:01.667352Z	debug	dynamo_static_rpc_split	static prefill RPC split	connection.id=152 request.id=167669 request_id=b0398da7-41d4-489c-934a-df9b5a4d3a00 headers_us=35043 stream_us=6
2026-09-26T22:57:01.699955Z	debug	dynamo_static_rpc_split	static prefill RPC split	connection.id=622 request.id=167763 request_id=7cd37edb-6ea1-42b9-8da8-f6ff0f2c3d00 headers_us=40624 stream_us=6
2026-09-26T22:57:01.701860Z	debug	dynamo_static_selector_rpc	static selector RPC	connection.id=152 request.id=167669 request_id=b0398da7-41d4-489c-934a-df9b5a4d3a00 elapsed_us=34482
static_stage_us prepare=47440 prefill=35075 select=34496 decode=1618 total=118629
2026-09-26T22:57:01.735307Z	debug	dynamo_static_selector_rpc	static selector RPC	connection.id=622 request.id=167763 request_id=7cd37edb-6ea1-42b9-8da8-f6ff0f2c3d00 elapsed_us=35336
static_stage_us prepare=61163 prefill=40648 select=35348 decode=1684 total=138843
2026-09-26T22:57:01.810139Z	debug	dynamo_static_buffer_ready	static prefill channel buffer readiness	connection.id=322 request.id=168683 request_id=d48affc3-658f-4eea-a763-5c68229ed200 ready_us=0 ready_offset_us=4 is_ok=true
2026-09-26T22:57:01.826551Z	debug	dynamo_static_buffer_ready	static prefill channel buffer readiness	connection.id=846 request.id=168788 request_id=50134fcd-833d-48f2-aca0-75b29bc3f400 ready_us=0 ready_offset_us=2 is_ok=true
2026-09-26T22:57:01.844779Z	debug	dynamo_static_rpc_split	static prefill RPC split	connection.id=322 request.id=168683 request_id=d48affc3-658f-4eea-a763-5c68229ed200 headers_us=34634 stream_us=9
2026-09-26T22:57:01.851949Z	debug	dynamo_static_rpc_split	static prefill RPC split	connection.id=846 request.id=168788 request_id=50134fcd-833d-48f2-aca0-75b29bc3f400 headers_us=25397 stream_us=3
2026-09-26T22:57:01.855642Z	debug	dynamo_static_buffer_ready	static prefill channel buffer readiness	connection.id=438 request.id=168976 request_id=c9c77b42-844d-49b9-8dfe-8c3da1e42300 ready_us=0 ready_offset_us=5 is_ok=true
2026-09-26T22:57:01.879145Z	debug	dynamo_static_selector_rpc	static selector RPC	connection.id=322 request.id=168683 request_id=d48affc3-658f-4eea-a763-5c68229ed200 elapsed_us=34351
static_stage_us prepare=54036 prefill=34659 select=34364 decode=2045 total=125104
2026-09-26T22:57:01.885639Z	debug	dynamo_static_selector_rpc	static selector RPC	connection.id=846 request.id=168788 request_id=50134fcd-833d-48f2-aca0-75b29bc3f400 elapsed_us=33641
static_stage_us prepare=57392 prefill=25450 select=33655 decode=890 total=117387
2026-09-26T22:57:01.890221Z	debug	dynamo_static_rpc_split	static prefill RPC split	connection.id=438 request.id=168976 request_id=c9c77b42-844d-49b9-8dfe-8c3da1e42300 headers_us=34579 stream_us=4
2026-09-26T22:57:01.918200Z	debug	dynamo_static_buffer_ready	static prefill channel buffer readiness	connection.id=380 request.id=169307 request_id=b7ba7073-7156-41d5-a932-5ef95ce8bd00 ready_us=0 ready_offset_us=4 is_ok=true
2026-09-26T22:57:01.924629Z	debug	dynamo_static_selector_rpc	static selector RPC	connection.id=438 request.id=168976 request_id=c9c77b42-844d-49b9-8dfe-8c3da1e42300 elapsed_us=34392
static_stage_us prepare=52618 prefill=34601 select=34411 decode=1118 total=122748
2026-09-26T22:57:01.933386Z	debug	dynamo_static_buffer_ready	static prefill channel buffer readiness	connection.id=401 request.id=169354 request_id=e794347c-69bd-4baf-9e9f-dc809116c400 ready_us=0 ready_offset_us=3 is_ok=true
2026-09-26T22:57:01.953192Z	debug	dynamo_static_rpc_split	static prefill RPC split	connection.id=380 request.id=169307 request_id=b7ba7073-7156-41d5-a932-5ef95ce8bd00 headers_us=34963 stream_us=32
2026-09-26T22:57:01.968955Z	debug	dynamo_static_rpc_split	static prefill RPC split	connection.id=401 request.id=169354 request_id=e794347c-69bd-4baf-9e9f-dc809116c400 headers_us=35563 stream_us=8
2026-09-26T22:57:01.987718Z	debug	dynamo_static_selector_rpc	static selector RPC	connection.id=380 request.id=169307 request_id=b7ba7073-7156-41d5-a932-5ef95ce8bd00 elapsed_us=34510
static_stage_us prepare=56425 prefill=35012 select=34523 decode=3499 total=129459
2026-09-26T22:57:01.997307Z	debug	dynamo_static_selector_rpc	static selector RPC	connection.id=401 request.id=169354 request_id=e794347c-69bd-4baf-9e9f-dc809116c400 elapsed_us=28336
static_stage_us prepare=64691 prefill=35584 select=28354 decode=1644 total=130273
2026-09-26T22:57:02.026921Z	debug	dynamo_static_buffer_ready	static prefill channel buffer readiness	connection.id=652 request.id=169966 request_id=17b8a751-3d8d-486c-aab5-bbb0f8ba1400 ready_us=0 ready_offset_us=4 is_ok=true
2026-09-26T22:57:02.056088Z	debug	dynamo_static_rpc_split	static prefill RPC split	connection.id=652 request.id=169966 request_id=17b8a751-3d8d-486c-aab5-bbb0f8ba1400 headers_us=29161 stream_us=9
2026-09-26T22:57:02.076159Z	debug	dynamo_static_buffer_ready	static prefill channel buffer readiness	connection.id=801 request.id=170241 request_id=dc70c9bb-e089-492d-bc7d-d38a14379100 ready_us=0 ready_offset_us=4 is_ok=true
2026-09-26T22:57:02.083676Z	debug	dynamo_static_buffer_ready	static prefill channel buffer readiness	connection.id=583 request.id=170327 request_id=890a9dd9-fa20-4c33-a7c1-c897b8041200 ready_us=0 ready_offset_us=3 is_ok=true
2026-09-26T22:57:02.088666Z	debug	dynamo_static_selector_rpc	static selector RPC	connection.id=652 request.id=169966 request_id=17b8a751-3d8d-486c-aab5-bbb0f8ba1400 elapsed_us=32562
static_stage_us prepare=57004 prefill=29187 select=32576 decode=758 total=119525
2026-09-26T22:57:02.097585Z	debug	dynamo_static_buffer_ready	static prefill channel buffer readiness	connection.id=843 request.id=170405 request_id=801ab7b3-ce06-4a6e-8b42-c3a8a4bbf900 ready_us=0 ready_offset_us=2 is_ok=true
2026-09-26T22:57:02.105554Z	debug	dynamo_static_rpc_split	static prefill RPC split	connection.id=801 request.id=170241 request_id=dc70c9bb-e089-492d-bc7d-d38a14379100 headers_us=29396 stream_us=3
2026-09-26T22:57:02.105620Z	debug	dynamo_static_rpc_split	static prefill RPC split	connection.id=583 request.id=170327 request_id=890a9dd9-fa20-4c33-a7c1-c897b8041200 headers_us=21937 stream_us=10
2026-09-26T22:57:02.122128Z	debug	dynamo_static_rpc_split	static prefill RPC split	connection.id=843 request.id=170405 request_id=801ab7b3-ce06-4a6e-8b42-c3a8a4bbf900 headers_us=24540 stream_us=4
2026-09-26T22:57:02.122608Z	debug	dynamo_static_buffer_ready	static prefill channel buffer readiness	connection.id=223 request.id=170585 request_id=9ad60dbf-2782-4c29-ad78-031211de3300 ready_us=0 ready_offset_us=5 is_ok=true
2026-09-26T22:57:02.133437Z	debug	dynamo_static_selector_rpc	static selector RPC	connection.id=583 request.id=170327 request_id=890a9dd9-fa20-4c33-a7c1-c897b8041200 elapsed_us=27806
2026-09-26T22:57:02.133475Z	debug	dynamo_static_selector_rpc	static selector RPC	connection.id=801 request.id=170241 request_id=dc70c9bb-e089-492d-bc7d-d38a14379100 elapsed_us=27907
static_stage_us prepare=50005 prefill=29413 select=27917 decode=2434 total=109769
static_stage_us prepare=49313 prefill=21959 select=27818 decode=2786 total=101876
2026-09-26T22:57:02.146816Z	debug	dynamo_static_selector_rpc	static selector RPC	connection.id=843 request.id=170405 request_id=801ab7b3-ce06-4a6e-8b42-c3a8a4bbf900 elapsed_us=24673
static_stage_us prepare=52207 prefill=24559 select=24685 decode=1239 total=102690
2026-09-26T22:57:02.152964Z	debug	dynamo_static_rpc_split	static prefill RPC split	connection.id=223 request.id=170585 request_id=9ad60dbf-2782-4c29-ad78-031211de3300 headers_us=30346 stream_us=14
2026-09-26T22:57:02.157370Z	debug	dynamo_static_buffer_ready	static prefill channel buffer readiness	connection.id=434 request.id=170798 request_id=f1e988da-2838-4c55-acc4-29d35277f100 ready_us=0 ready_offset_us=3 is_ok=true
2026-09-26T22:57:02.178634Z	debug	dynamo_static_rpc_split	static prefill RPC split	connection.id=434 request.id=170798 request_id=f1e988da-2838-4c55-acc4-29d35277f100 headers_us=21260 stream_us=7
2026-09-26T22:57:02.178775Z	debug	dynamo_static_selector_rpc	static selector RPC	connection.id=223 request.id=170585 request_id=9ad60dbf-2782-4c29-ad78-031211de3300 elapsed_us=25797
static_stage_us prepare=49843 prefill=30375 select=25814 decode=974 total=107006
2026-09-26T22:57:02.204193Z	debug	dynamo_static_buffer_ready	static prefill channel buffer readiness	connection.id=175 request.id=171051 request_id=e7af360f-7a1b-4109-a537-ca50a1310800 ready_us=0 ready_offset_us=5 is_ok=true
static_stage_us prepare=50308 prefill=21282 select=28158 decode=1060 total=100808
2026-09-26T22:57:02.206709Z	debug	dynamo_static_selector_rpc	static selector RPC	connection.id=434 request.id=170798 request_id=f1e988da-2838-4c55-acc4-29d35277f100 elapsed_us=28026
2026-09-26T22:57:02.210821Z	debug	dynamo_static_buffer_ready	static prefill channel buffer readiness	connection.id=674 request.id=171195 request_id=478fc5e0-42e9-42bd-8674-5fc3cee3ae00 ready_us=0 ready_offset_us=7 is_ok=true
2026-09-26T22:57:02.229315Z	debug	dynamo_static_rpc_split	static prefill RPC split	connection.id=175 request.id=171051 request_id=e7af360f-7a1b-4109-a537-ca50a1310800 headers_us=25121 stream_us=5
2026-09-26T22:57:02.236227Z	debug	dynamo_static_rpc_split	static prefill RPC split	connection.id=674 request.id=171195 request_id=478fc5e0-42e9-42bd-8674-5fc3cee3ae00 headers_us=25382 stream_us=29
2026-09-26T22:57:02.259522Z	debug	dynamo_static_selector_rpc	static selector RPC	connection.id=175 request.id=171051 request_id=e7af360f-7a1b-4109-a537-ca50a1310800 elapsed_us=30192
static_stage_us prepare=54009 prefill=25141 select=30223 decode=2843 total=112216
2026-09-26T22:57:02.263674Z	debug	dynamo_static_selector_rpc	static selector RPC	connection.id=674 request.id=171195 request_id=478fc5e0-42e9-42bd-8674-5fc3cee3ae00 elapsed_us=27435
static_stage_us prepare=44492 prefill=25425 select=27449 decode=1843 total=99209
2026-09-26T22:57:02.283327Z	debug	dynamo_static_buffer_ready	static prefill channel buffer readiness	connection.id=225 request.id=171629 request_id=2b19aa51-c290-47e6-9ba6-ffb975951300 ready_us=1 ready_offset_us=2 is_ok=true
2026-09-26T22:57:02.315354Z	debug	dynamo_static_rpc_split	static prefill RPC split	connection.id=225 request.id=171629 request_id=2b19aa51-c290-47e6-9ba6-ffb975951300 headers_us=32023 stream_us=5
2026-09-26T22:57:02.328490Z	debug	dynamo_static_buffer_ready	static prefill channel buffer readiness	connection.id=545 request.id=171885 request_id=ed1ba1e8-f5d1-46aa-a87e-34402ac90500 ready_us=0 ready_offset_us=3 is_ok=true
static_stage_us prepare=54324 prefill=32043 select=33822 decode=1001 total=121190
2026-09-26T22:57:02.349175Z	debug	dynamo_static_selector_rpc	static selector RPC	connection.id=225 request.id=171629 request_id=2b19aa51-c290-47e6-9ba6-ffb975951300 elapsed_us=33808
2026-09-26T22:57:02.354077Z	debug	dynamo_static_rpc_split	static prefill RPC split	connection.id=545 request.id=171885 request_id=ed1ba1e8-f5d1-46aa-a87e-34402ac90500 headers_us=25585 stream_us=3
2026-09-26T22:57:02.358035Z	debug	dynamo_static_buffer_ready	static prefill channel buffer readiness	connection.id=300 request.id=172113 request_id=c9006400-c760-452b-914e-dd3dd0243f00 ready_us=0 ready_offset_us=3 is_ok=true
2026-09-26T22:57:02.388183Z	debug	dynamo_static_selector_rpc	static selector RPC	connection.id=545 request.id=171885 request_id=ed1ba1e8-f5d1-46aa-a87e-34402ac90500 elapsed_us=34090
2026-09-26T22:57:02.392575Z	debug	dynamo_static_rpc_split	static prefill RPC split	connection.id=300 request.id=172113 request_id=c9006400-c760-452b-914e-dd3dd0243f00 headers_us=34537 stream_us=5
static_stage_us prepare=52616 prefill=25606 select=34109 decode=5193 total=117524
2026-09-26T22:57:02.410647Z	debug	dynamo_static_buffer_ready	static prefill channel buffer readiness	connection.id=884 request.id=172389 request_id=0eb5837e-036b-413b-ac5f-77f327f8db00 ready_us=0 ready_offset_us=2 is_ok=true
2026-09-26T22:57:02.424263Z	debug	dynamo_static_selector_rpc	static selector RPC	connection.id=300 request.id=172113 request_id=c9006400-c760-452b-914e-dd3dd0243f00 elapsed_us=31659
static_stage_us prepare=47147 prefill=34572 select=31671 decode=1593 total=114983
2026-09-26T22:57:02.438157Z	debug	dynamo_static_rpc_split	static prefill RPC split	connection.id=884 request.id=172389 request_id=0eb5837e-036b-413b-ac5f-77f327f8db00 headers_us=27506 stream_us=6
2026-09-26T22:57:02.447676Z	debug	dynamo_static_buffer_ready	static prefill channel buffer readiness	connection.id=787 request.id=172583 request_id=1335d654-c1cc-492e-adc4-77c622430e00 ready_us=0 ready_offset_us=4 is_ok=true
2026-09-26T22:57:02.468761Z	debug	dynamo_static_selector_rpc	static selector RPC	connection.id=884 request.id=172389 request_id=0eb5837e-036b-413b-ac5f-77f327f8db00 elapsed_us=30590
static_stage_us prepare=54272 prefill=27525 select=30606 decode=1682 total=114085
2026-09-26T22:57:02.474968Z	debug	dynamo_static_rpc_split	static prefill RPC split	connection.id=787 request.id=172583 request_id=1335d654-c1cc-492e-adc4-77c622430e00 headers_us=27285 stream_us=10
static_stage_us prepare=47302 prefill=27309 select=31584 decode=1432 total=107627
2026-09-26T22:57:02.506551Z	debug	dynamo_static_selector_rpc	static selector RPC	connection.id=787 request.id=172583 request_id=1335d654-c1cc-492e-adc4-77c622430e00 elapsed_us=31570
2026-09-26T22:57:02.582142Z	debug	dynamo_static_buffer_ready	static prefill channel buffer readiness	connection.id=668 request.id=173384 request_id=12a983d6-e9f0-4648-b541-123e16472100 ready_us=0 ready_offset_us=6 is_ok=true
2026-09-26T22:57:02.616516Z	debug	dynamo_static_rpc_split	static prefill RPC split	connection.id=668 request.id=173384 request_id=12a983d6-e9f0-4648-b541-123e16472100 headers_us=34376 stream_us=3
2026-09-26T22:57:02.623102Z	debug	dynamo_static_buffer_ready	static prefill channel buffer readiness	connection.id=773 request.id=173618 request_id=d0fd4d7f-40dc-4fbc-aeb7-600cc56edb00 ready_us=0 ready_offset_us=4 is_ok=true
2026-09-26T22:57:02.623107Z	debug	dynamo_static_buffer_ready	static prefill channel buffer readiness	connection.id=454 request.id=173619 request_id=e94073f0-8c79-4498-9047-cf202cac4d00 ready_us=0 ready_offset_us=6 is_ok=true
2026-09-26T22:57:02.640103Z	debug	dynamo_static_buffer_ready	static prefill channel buffer readiness	connection.id=949 request.id=173799 request_id=36e2dcf3-57a8-48e4-8551-4eb526d0ff00 ready_us=1 ready_offset_us=4 is_ok=true
2026-09-26T22:57:02.648864Z	debug	dynamo_static_selector_rpc	static selector RPC	connection.id=668 request.id=173384 request_id=12a983d6-e9f0-4648-b541-123e16472100 elapsed_us=32335
static_stage_us prepare=55263 prefill=34394 select=32346 decode=1566 total=123569
2026-09-26T22:57:02.652912Z	debug	dynamo_static_rpc_split	static prefill RPC split	connection.id=773 request.id=173618 request_id=d0fd4d7f-40dc-4fbc-aeb7-600cc56edb00 headers_us=29796 stream_us=17
2026-09-26T22:57:02.663146Z	debug	dynamo_static_rpc_split	static prefill RPC split	connection.id=454 request.id=173619 request_id=e94073f0-8c79-4498-9047-cf202cac4d00 headers_us=40039 stream_us=6
2026-09-26T22:57:02.668766Z	debug	dynamo_static_rpc_split	static prefill RPC split	connection.id=949 request.id=173799 request_id=36e2dcf3-57a8-48e4-8551-4eb526d0ff00 headers_us=28648 stream_us=19
2026-09-26T22:57:02.683099Z	debug	dynamo_static_selector_rpc	static selector RPC	connection.id=773 request.id=173618 request_id=d0fd4d7f-40dc-4fbc-aeb7-600cc56edb00 elapsed_us=30123
static_stage_us prepare=61132 prefill=29879 select=30137 decode=1800 total=122948
2026-09-26T22:57:02.686741Z	debug	dynamo_static_buffer_ready	static prefill channel buffer readiness	connection.id=198 request.id=173999 request_id=1ae6b851-8487-400f-a57d-cf99219e3900 ready_us=0 ready_offset_us=5 is_ok=true
2026-09-26T22:57:02.698263Z	debug	dynamo_static_selector_rpc	static selector RPC	connection.id=949 request.id=173799 request_id=36e2dcf3-57a8-48e4-8551-4eb526d0ff00 elapsed_us=29483
static_stage_us prepare=50866 prefill=28683 select=29495 decode=937 total=109981
2026-09-26T22:57:02.700470Z	debug	dynamo_static_selector_rpc	static selector RPC	connection.id=454 request.id=173619 request_id=e94073f0-8c79-4498-9047-cf202cac4d00 elapsed_us=37310
static_stage_us prepare=61026 prefill=40059 select=37327 decode=2383 total=140795
2026-09-26T22:57:02.713687Z	debug	dynamo_static_buffer_ready	static prefill channel buffer readiness	connection.id=900 request.id=174134 request_id=0632861f-b1aa-4a30-b8a6-ac53b19f9b00 ready_us=0 ready_offset_us=3 is_ok=true
2026-09-26T22:57:02.718844Z	debug	dynamo_static_rpc_split	static prefill RPC split	connection.id=198 request.id=173999 request_id=1ae6b851-8487-400f-a57d-cf99219e3900 headers_us=32104 stream_us=3
2026-09-26T22:57:02.740237Z	debug	dynamo_static_rpc_split	static prefill RPC split	connection.id=900 request.id=174134 request_id=0632861f-b1aa-4a30-b8a6-ac53b19f9b00 headers_us=26545 stream_us=9
2026-09-26T22:57:02.740499Z	debug	dynamo_static_selector_rpc	static selector RPC	connection.id=198 request.id=173999 request_id=1ae6b851-8487-400f-a57d-cf99219e3900 elapsed_us=21643
static_stage_us prepare=63264 prefill=32121 select=21655 decode=1346 total=118386
2026-09-26T22:57:02.767172Z	debug	dynamo_static_buffer_ready	static prefill channel buffer readiness	connection.id=435 request.id=174474 request_id=9f9d0a88-129f-46ff-b607-f26800329c00 ready_us=0 ready_offset_us=3 is_ok=true
2026-09-26T22:57:02.778530Z	debug	dynamo_static_selector_rpc	static selector RPC	connection.id=900 request.id=174134 request_id=0632861f-b1aa-4a30-b8a6-ac53b19f9b00 elapsed_us=38280
static_stage_us prepare=57492 prefill=26566 select=38296 decode=890 total=123244
2026-09-26T22:57:02.793312Z	debug	dynamo_static_rpc_split	static prefill RPC split	connection.id=435 request.id=174474 request_id=9f9d0a88-129f-46ff-b607-f26800329c00 headers_us=26138 stream_us=4
2026-09-26T22:57:02.823530Z	debug	dynamo_static_selector_rpc	static selector RPC	connection.id=435 request.id=174474 request_id=9f9d0a88-129f-46ff-b607-f26800329c00 elapsed_us=30205
2026-09-26T22:57:02.825409Z	debug	dynamo_static_buffer_ready	static prefill channel buffer readiness	connection.id=667 request.id=174809 request_id=eca69e82-6751-4fdb-bf98-02198802c400 ready_us=0 ready_offset_us=4 is_ok=true
static_stage_us prepare=54467 prefill=26157 select=30221 decode=3494 total=114339
2026-09-26T22:57:02.852522Z	debug	dynamo_static_rpc_split	static prefill RPC split	connection.id=667 request.id=174809 request_id=eca69e82-6751-4fdb-bf98-02198802c400 headers_us=27112 stream_us=5
2026-09-26T22:57:02.881453Z	debug	dynamo_static_selector_rpc	static selector RPC	connection.id=667 request.id=174809 request_id=eca69e82-6751-4fdb-bf98-02198802c400 elapsed_us=28912
static_stage_us prepare=52759 prefill=27136 select=28928 decode=1514 total=110337
2026-09-26T22:57:02.918508Z	debug	dynamo_static_buffer_ready	static prefill channel buffer readiness	connection.id=187 request.id=175347 request_id=e7e6ccb2-1dd8-4fff-a9ab-2184d1e20500 ready_us=0 ready_offset_us=15 is_ok=true
2026-09-26T22:57:02.937029Z	debug	dynamo_static_buffer_ready	static prefill channel buffer readiness	connection.id=683 request.id=175542 request_id=0dba2590-58ba-460b-a8ee-e6ae47091d00 ready_us=0 ready_offset_us=5 is_ok=true
2026-09-26T22:57:02.954200Z	debug	dynamo_static_rpc_split	static prefill RPC split	connection.id=187 request.id=175347 request_id=e7e6ccb2-1dd8-4fff-a9ab-2184d1e20500 headers_us=35695 stream_us=11
2026-09-26T22:57:02.970740Z	debug	dynamo_static_rpc_split	static prefill RPC split	connection.id=683 request.id=175542 request_id=0dba2590-58ba-460b-a8ee-e6ae47091d00 headers_us=33709 stream_us=6
2026-09-26T22:57:02.981787Z	debug	dynamo_static_buffer_ready	static prefill channel buffer readiness	connection.id=479 request.id=175747 request_id=a062c9c6-0228-4695-8147-bfbf6b930300 ready_us=0 ready_offset_us=4 is_ok=true
2026-09-26T22:57:02.988402Z	debug	dynamo_static_buffer_ready	static prefill channel buffer readiness	connection.id=312 request.id=175818 request_id=c2f47676-9e6d-4ab1-9f4c-f974ebc41a00 ready_us=0 ready_offset_us=5 is_ok=true
2026-09-26T22:57:02.989799Z	debug	dynamo_static_selector_rpc	static selector RPC	connection.id=187 request.id=175347 request_id=e7e6ccb2-1dd8-4fff-a9ab-2184d1e20500 elapsed_us=35584
static_stage_us prepare=60715 prefill=35723 select=35596 decode=1087 total=133121
2026-09-26T22:57:03.005870Z	debug	dynamo_static_selector_rpc	static selector RPC	connection.id=683 request.id=175542 request_id=0dba2590-58ba-460b-a8ee-e6ae47091d00 elapsed_us=35092
static_stage_us prepare=44185 prefill=33755 select=35105 decode=706 total=113751
2026-09-26T22:57:03.014059Z	debug	dynamo_static_rpc_split	static prefill RPC split	connection.id=479 request.id=175747 request_id=a062c9c6-0228-4695-8147-bfbf6b930300 headers_us=32267 stream_us=8
2026-09-26T22:57:03.021322Z	debug	dynamo_static_buffer_ready	static prefill channel buffer readiness	connection.id=329 request.id=175924 request_id=ef695e63-c98d-4253-a27a-9efc921ded00 ready_us=0 ready_offset_us=6 is_ok=true
2026-09-26T22:57:03.022211Z	debug	dynamo_static_rpc_split	static prefill RPC split	connection.id=312 request.id=175818 request_id=c2f47676-9e6d-4ab1-9f4c-f974ebc41a00 headers_us=33808 stream_us=5
2026-09-26T22:57:03.046456Z	debug	dynamo_static_selector_rpc	static selector RPC	connection.id=479 request.id=175747 request_id=a062c9c6-0228-4695-8147-bfbf6b930300 elapsed_us=32384
static_stage_us prepare=57832 prefill=32290 select=32399 decode=1771 total=124292
2026-09-26T22:57:03.054099Z	debug	dynamo_static_rpc_split	static prefill RPC split	connection.id=329 request.id=175924 request_id=ef695e63-c98d-4253-a27a-9efc921ded00 headers_us=32777 stream_us=6
2026-09-26T22:57:03.061950Z	debug	dynamo_static_selector_rpc	static selector RPC	connection.id=312 request.id=175818 request_id=c2f47676-9e6d-4ab1-9f4c-f974ebc41a00 elapsed_us=39727
static_stage_us prepare=55033 prefill=33826 select=39739 decode=857 total=129455
2026-09-26T22:57:03.086691Z	debug	dynamo_static_selector_rpc	static selector RPC	connection.id=329 request.id=175924 request_id=ef695e63-c98d-4253-a27a-9efc921ded00 elapsed_us=32578
static_stage_us prepare=58588 prefill=32798 select=32591 decode=1460 total=125437
2026-09-26T22:57:03.093929Z	debug	dynamo_static_buffer_ready	static prefill channel buffer readiness	connection.id=684 request.id=176406 request_id=ee299e15-458d-4bfc-93ed-929356b7e600 ready_us=0 ready_offset_us=4 is_ok=true
2026-09-26T22:57:03.131156Z	debug	dynamo_static_rpc_split	static prefill RPC split	connection.id=684 request.id=176406 request_id=ee299e15-458d-4bfc-93ed-929356b7e600 headers_us=37223 stream_us=7
2026-09-26T22:57:03.148831Z	debug	dynamo_static_buffer_ready	static prefill channel buffer readiness	connection.id=440 request.id=176633 request_id=a0ce05b4-ea9e-4d83-a82b-e2ba6bb3e100 ready_us=0 ready_offset_us=2 is_ok=true
2026-09-26T22:57:03.164109Z	debug	dynamo_static_selector_rpc	static selector RPC	connection.id=684 request.id=176406 request_id=ee299e15-458d-4bfc-93ed-929356b7e600 elapsed_us=32938
static_stage_us prepare=62808 prefill=37246 select=32958 decode=1063 total=134075
2026-09-26T22:57:03.187255Z	debug	dynamo_static_rpc_split	static prefill RPC split	connection.id=440 request.id=176633 request_id=a0ce05b4-ea9e-4d83-a82b-e2ba6bb3e100 headers_us=38422 stream_us=4
2026-09-26T22:57:03.199893Z	debug	dynamo_static_buffer_ready	static prefill channel buffer readiness	connection.id=498 request.id=176971 request_id=a5f26c41-71e6-43cd-a43f-35705a5b1300 ready_us=1 ready_offset_us=4 is_ok=true
2026-09-26T22:57:03.199911Z	debug	dynamo_static_buffer_ready	static prefill channel buffer readiness	connection.id=748 request.id=176982 request_id=9741cb1f-5fda-4cd3-9573-eb1264ef8100 ready_us=0 ready_offset_us=4 is_ok=true
2026-09-26T22:57:03.208640Z	debug	dynamo_static_buffer_ready	static prefill channel buffer readiness	connection.id=937 request.id=177087 request_id=ca2d23a2-9ab3-4884-adfd-8de8ab077100 ready_us=0 ready_offset_us=6 is_ok=true
2026-09-26T22:57:03.233465Z	debug	dynamo_static_selector_rpc	static selector RPC	connection.id=440 request.id=176633 request_id=a0ce05b4-ea9e-4d83-a82b-e2ba6bb3e100 elapsed_us=46192
static_stage_us prepare=66715 prefill=38444 select=46205 decode=925 total=152289
2026-09-26T22:57:03.237475Z	debug	dynamo_static_rpc_split	static prefill RPC split	connection.id=748 request.id=176982 request_id=9741cb1f-5fda-4cd3-9573-eb1264ef8100 headers_us=37548 stream_us=19
2026-09-26T22:57:03.242275Z	debug	dynamo_static_rpc_split	static prefill RPC split	connection.id=498 request.id=176971 request_id=a5f26c41-71e6-43cd-a43f-35705a5b1300 headers_us=42383 stream_us=4
2026-09-26T22:57:03.244913Z	debug	dynamo_static_buffer_ready	static prefill channel buffer readiness	connection.id=210 request.id=177272 request_id=e67ca8ef-d319-4f4c-a139-cf723edcb800 ready_us=0 ready_offset_us=4 is_ok=true
2026-09-26T22:57:03.247535Z	debug	dynamo_static_rpc_split	static prefill RPC split	connection.id=937 request.id=177087 request_id=ca2d23a2-9ab3-4884-adfd-8de8ab077100 headers_us=38892 stream_us=8
2026-09-26T22:57:03.269269Z	debug	dynamo_static_selector_rpc	static selector RPC	connection.id=748 request.id=176982 request_id=9741cb1f-5fda-4cd3-9573-eb1264ef8100 elapsed_us=31778
2026-09-26T22:57:03.269449Z	debug	dynamo_static_rpc_split	static prefill RPC split	connection.id=210 request.id=177272 request_id=e67ca8ef-d319-4f4c-a139-cf723edcb800 headers_us=24527 stream_us=13
static_stage_us prepare=60115 prefill=37584 select=31792 decode=899 total=130390
2026-09-26T22:57:03.271621Z	debug	dynamo_static_selector_rpc	static selector RPC	connection.id=498 request.id=176971 request_id=a5f26c41-71e6-43cd-a43f-35705a5b1300 elapsed_us=29333
2026-09-26T22:57:03.272280Z	debug	dynamo_static_selector_rpc	static selector RPC	connection.id=937 request.id=177087 request_id=ca2d23a2-9ab3-4884-adfd-8de8ab077100 elapsed_us=24683
static_stage_us prepare=62350 prefill=42399 select=29346 decode=940 total=135035
static_stage_us prepare=56949 prefill=38964 select=24698 decode=1150 total=121761
2026-09-26T22:57:03.277059Z	debug	dynamo_static_buffer_ready	static prefill channel buffer readiness	connection.id=459 request.id=177392 request_id=7925e6d5-1cf3-43ef-8159-f6657addf800 ready_us=0 ready_offset_us=5 is_ok=true
2026-09-26T22:57:03.282795Z	debug	dynamo_static_buffer_ready	static prefill channel buffer readiness	connection.id=513 request.id=177436 request_id=72c77f32-df5e-4e52-9dbd-6d5660797700 ready_us=0 ready_offset_us=2 is_ok=true
2026-09-26T22:57:03.299315Z	debug	dynamo_static_selector_rpc	static selector RPC	connection.id=210 request.id=177272 request_id=e67ca8ef-d319-4f4c-a139-cf723edcb800 elapsed_us=29839
static_stage_us prepare=56446 prefill=24566 select=29853 decode=1036 total=111901
2026-09-26T22:57:03.306150Z	debug	dynamo_static_rpc_split	static prefill RPC split	connection.id=459 request.id=177392 request_id=7925e6d5-1cf3-43ef-8159-f6657addf800 headers_us=29091 stream_us=4
2026-09-26T22:57:03.315033Z	debug	dynamo_static_rpc_split	static prefill RPC split	connection.id=513 request.id=177436 request_id=72c77f32-df5e-4e52-9dbd-6d5660797700 headers_us=32233 stream_us=6
2026-09-26T22:57:03.340104Z	debug	dynamo_static_selector_rpc	static selector RPC	connection.id=459 request.id=177392 request_id=7925e6d5-1cf3-43ef-8159-f6657addf800 elapsed_us=33942
static_stage_us prepare=55869 prefill=29108 select=33956 decode=1366 total=120299
2026-09-26T22:57:03.346612Z	debug	dynamo_static_selector_rpc	static selector RPC	connection.id=513 request.id=177436 request_id=72c77f32-df5e-4e52-9dbd-6d5660797700 elapsed_us=31534
static_stage_us prepare=53131 prefill=32284 select=31546 decode=1220 total=118181
2026-09-26T22:57:03.424843Z	debug	dynamo_static_buffer_ready	static prefill channel buffer readiness	connection.id=490 request.id=178398 request_id=3e3ee0a5-d2cc-418c-bd65-c25a9af52f00 ready_us=1 ready_offset_us=3 is_ok=true
2026-09-26T22:57:03.454806Z	debug	dynamo_static_rpc_split	static prefill RPC split	connection.id=490 request.id=178398 request_id=3e3ee0a5-d2cc-418c-bd65-c25a9af52f00 headers_us=29957 stream_us=8
2026-09-26T22:57:03.485234Z	debug	dynamo_static_buffer_ready	static prefill channel buffer readiness	connection.id=447 request.id=178681 request_id=0126a8a7-a472-41c0-bb8b-4497161e5500 ready_us=0 ready_offset_us=15 is_ok=true
2026-09-26T22:57:03.485495Z	debug	dynamo_static_buffer_ready	static prefill channel buffer readiness	connection.id=893 request.id=178707 request_id=ace57c6e-2642-4d32-8a3d-7f2761ceac00 ready_us=0 ready_offset_us=4 is_ok=true
2026-09-26T22:57:03.492489Z	debug	dynamo_static_selector_rpc	static selector RPC	connection.id=490 request.id=178398 request_id=3e3ee0a5-d2cc-418c-bd65-c25a9af52f00 elapsed_us=37665
static_stage_us prepare=44512 prefill=29985 select=37679 decode=2209 total=114385
2026-09-26T22:57:03.513966Z	debug	dynamo_static_rpc_split	static prefill RPC split	connection.id=447 request.id=178681 request_id=0126a8a7-a472-41c0-bb8b-4497161e5500 headers_us=28698 stream_us=48
2026-09-26T22:57:03.517859Z	debug	dynamo_static_rpc_split	static prefill RPC split	connection.id=893 request.id=178707 request_id=ace57c6e-2642-4d32-8a3d-7f2761ceac00 headers_us=32360 stream_us=7
2026-09-26T22:57:03.542278Z	debug	dynamo_static_selector_rpc	static selector RPC	connection.id=447 request.id=178681 request_id=0126a8a7-a472-41c0-bb8b-4497161e5500 elapsed_us=28292
2026-09-26T22:57:03.542801Z	debug	dynamo_static_selector_rpc	static selector RPC	connection.id=893 request.id=178707 request_id=ace57c6e-2642-4d32-8a3d-7f2761ceac00 elapsed_us=24913
static_stage_us prepare=52379 prefill=32397 select=24945 decode=2064 total=111785
static_stage_us prepare=57067 prefill=28767 select=28312 decode=2852 total=116998
2026-09-26T22:57:03.554975Z	debug	dynamo_static_buffer_ready	static prefill channel buffer readiness	connection.id=200 request.id=179088 request_id=8fd23c10-eaa8-4c5e-9823-bf3ede845900 ready_us=0 ready_offset_us=24 is_ok=true
2026-09-26T22:57:03.564574Z	debug	dynamo_static_buffer_ready	static prefill channel buffer readiness	connection.id=318 request.id=179136 request_id=980efb52-10f1-4a40-b789-15d316e37800 ready_us=0 ready_offset_us=3 is_ok=true
2026-09-26T22:57:03.567111Z	debug	dynamo_static_buffer_ready	static prefill channel buffer readiness	connection.id=481 request.id=179105 request_id=062de028-efeb-4ada-a195-3d0d22726c00 ready_us=0 ready_offset_us=3 is_ok=true
2026-09-26T22:57:03.567178Z	debug	dynamo_static_buffer_ready	static prefill channel buffer readiness	connection.id=836 request.id=179116 request_id=ac64f70f-7bbc-4fb7-9d10-2b075981b700 ready_us=0 ready_offset_us=2 is_ok=true
2026-09-26T22:57:03.567229Z	debug	dynamo_static_buffer_ready	static prefill channel buffer readiness	connection.id=750 request.id=179125 request_id=9921ed34-41f6-45d6-82db-9664d8b41b00 ready_us=0 ready_offset_us=2 is_ok=true
2026-09-26T22:57:03.583545Z	debug	dynamo_static_rpc_split	static prefill RPC split	connection.id=200 request.id=179088 request_id=8fd23c10-eaa8-4c5e-9823-bf3ede845900 headers_us=28589 stream_us=4
2026-09-26T22:57:03.586307Z	debug	dynamo_static_buffer_ready	static prefill channel buffer readiness	connection.id=805 request.id=179338 request_id=1a27ae50-e5b9-4574-8848-019be0b11900 ready_us=0 ready_offset_us=4 is_ok=true
2026-09-26T22:57:03.591140Z	debug	dynamo_static_rpc_split	static prefill RPC split	connection.id=481 request.id=179105 request_id=062de028-efeb-4ada-a195-3d0d22726c00 headers_us=24027 stream_us=4
2026-09-26T22:57:03.592234Z	debug	dynamo_static_rpc_split	static prefill RPC split	connection.id=318 request.id=179136 request_id=980efb52-10f1-4a40-b789-15d316e37800 headers_us=27656 stream_us=7
2026-09-26T22:57:03.597177Z	debug	dynamo_static_rpc_split	static prefill RPC split	connection.id=836 request.id=179116 request_id=ac64f70f-7bbc-4fb7-9d10-2b075981b700 headers_us=29984 stream_us=16
2026-09-26T22:57:03.600102Z	debug	dynamo_static_rpc_split	static prefill RPC split	connection.id=750 request.id=179125 request_id=9921ed34-41f6-45d6-82db-9664d8b41b00 headers_us=32867 stream_us=8
2026-09-26T22:57:03.614168Z	debug	dynamo_static_buffer_ready	static prefill channel buffer readiness	connection.id=305 request.id=179493 request_id=1312d467-17d9-4eed-942c-ab0adb709900 ready_us=0 ready_offset_us=2 is_ok=true
2026-09-26T22:57:03.616486Z	debug	dynamo_static_rpc_split	static prefill RPC split	connection.id=805 request.id=179338 request_id=1a27ae50-e5b9-4574-8848-019be0b11900 headers_us=30178 stream_us=3
2026-09-26T22:57:03.621973Z	debug	dynamo_static_selector_rpc	static selector RPC	connection.id=200 request.id=179088 request_id=8fd23c10-eaa8-4c5e-9823-bf3ede845900 elapsed_us=38397
static_stage_us prepare=42514 prefill=28625 select=38407 decode=782 total=110328
2026-09-26T22:57:03.627819Z	debug	dynamo_static_selector_rpc	static selector RPC	connection.id=481 request.id=179105 request_id=062de028-efeb-4ada-a195-3d0d22726c00 elapsed_us=36664
2026-09-26T22:57:03.630520Z	debug	dynamo_static_selector_rpc	static selector RPC	connection.id=318 request.id=179136 request_id=980efb52-10f1-4a40-b789-15d316e37800 elapsed_us=38274
static_stage_us prepare=52663 prefill=24047 select=36677 decode=3014 total=116401
static_stage_us prepare=46645 prefill=27677 select=38287 decode=988 total=113597
2026-09-26T22:57:03.636195Z	debug	dynamo_static_selector_rpc	static selector RPC	connection.id=836 request.id=179116 request_id=ac64f70f-7bbc-4fb7-9d10-2b075981b700 elapsed_us=39000
2026-09-26T22:57:03.636343Z	debug	dynamo_static_selector_rpc	static selector RPC	connection.id=750 request.id=179125 request_id=9921ed34-41f6-45d6-82db-9664d8b41b00 elapsed_us=36210
static_stage_us prepare=50971 prefill=32906 select=36221 decode=2128 total=122226
static_stage_us prepare=51698 prefill=30017 select=39012 decode=2772 total=123499
2026-09-26T22:57:03.643452Z	debug	dynamo_static_rpc_split	static prefill RPC split	connection.id=305 request.id=179493 request_id=1312d467-17d9-4eed-942c-ab0adb709900 headers_us=29282 stream_us=3
2026-09-26T22:57:03.647681Z	debug	dynamo_static_selector_rpc	static selector RPC	connection.id=805 request.id=179338 request_id=1a27ae50-e5b9-4574-8848-019be0b11900 elapsed_us=31185
static_stage_us prepare=44311 prefill=30193 select=31201 decode=734 total=106439
2026-09-26T22:57:03.665042Z	debug	dynamo_static_selector_rpc	static selector RPC	connection.id=305 request.id=179493 request_id=1312d467-17d9-4eed-942c-ab0adb709900 elapsed_us=21558
static_stage_us prepare=54491 prefill=29318 select=21572 decode=923 total=106304
2026-09-26T22:57:03.691501Z	debug	dynamo_static_buffer_ready	static prefill channel buffer readiness	connection.id=679 request.id=179923 request_id=b12d8a67-1beb-468e-a02d-9f13a8db8700 ready_us=0 ready_offset_us=5 is_ok=true
2026-09-26T22:57:03.718883Z	debug	dynamo_static_buffer_ready	static prefill channel buffer readiness	connection.id=621 request.id=180123 request_id=d12c7325-d9b4-4044-bd82-71d74cdc5100 ready_us=0 ready_offset_us=5 is_ok=true
2026-09-26T22:57:03.719745Z	debug	dynamo_static_rpc_split	static prefill RPC split	connection.id=679 request.id=179923 request_id=b12d8a67-1beb-468e-a02d-9f13a8db8700 headers_us=28239 stream_us=9
2026-09-26T22:57:03.753557Z	debug	dynamo_static_rpc_split	static prefill RPC split	connection.id=621 request.id=180123 request_id=d12c7325-d9b4-4044-bd82-71d74cdc5100 headers_us=34666 stream_us=11
2026-09-26T22:57:03.753787Z	debug	dynamo_static_selector_rpc	static selector RPC	connection.id=679 request.id=179923 request_id=b12d8a67-1beb-468e-a02d-9f13a8db8700 elapsed_us=33788
static_stage_us prepare=49499 prefill=28503 select=33800 decode=1603 total=113405
2026-09-26T22:57:03.777877Z	debug	dynamo_static_selector_rpc	static selector RPC	connection.id=621 request.id=180123 request_id=d12c7325-d9b4-4044-bd82-71d74cdc5100 elapsed_us=24303
static_stage_us prepare=54248 prefill=34695 select=24319 decode=1546 total=114808
2026-09-26T22:57:03.784048Z	debug	dynamo_static_buffer_ready	static prefill channel buffer readiness	connection.id=537 request.id=180573 request_id=5ac6e37e-5fff-483b-8adc-f562f4d31600 ready_us=0 ready_offset_us=13 is_ok=true
2026-09-26T22:57:03.813688Z	debug	dynamo_static_rpc_split	static prefill RPC split	connection.id=537 request.id=180573 request_id=5ac6e37e-5fff-483b-8adc-f562f4d31600 headers_us=29639 stream_us=12
2026-09-26T22:57:03.836220Z	debug	dynamo_static_selector_rpc	static selector RPC	connection.id=537 request.id=180573 request_id=5ac6e37e-5fff-483b-8adc-f562f4d31600 elapsed_us=22514
static_stage_us prepare=48423 prefill=29669 select=22532 decode=790 total=101414
2026-09-26T22:57:03.912707Z	debug	dynamo_static_buffer_ready	static prefill channel buffer readiness	connection.id=356 request.id=181315 request_id=a542e8ed-7671-45bc-9927-4ad875ad2c00 ready_us=0 ready_offset_us=5 is_ok=true
2026-09-26T22:57:03.925444Z	debug	dynamo_static_rpc_split	static prefill RPC split	connection.id=356 request.id=181315 request_id=a542e8ed-7671-45bc-9927-4ad875ad2c00 headers_us=12728 stream_us=13
2026-09-26T22:57:03.943273Z	debug	dynamo_static_selector_rpc	static selector RPC	connection.id=356 request.id=181315 request_id=a542e8ed-7671-45bc-9927-4ad875ad2c00 elapsed_us=17806
static_stage_us prepare=28007 prefill=12765 select=17825 decode=1037 total=59634
2026-09-26T22:57:04.011744Z	debug	dynamo_static_buffer_ready	static prefill channel buffer readiness	connection.id=700 request.id=181764 request_id=8cd93603-2d09-44ed-8b9b-37ec480de000 ready_us=0 ready_offset_us=3 is_ok=true
2026-09-26T22:57:04.043645Z	debug	dynamo_static_rpc_split	static prefill RPC split	connection.id=700 request.id=181764 request_id=8cd93603-2d09-44ed-8b9b-37ec480de000 headers_us=31893 stream_us=10
2026-09-26T22:57:04.064482Z	debug	dynamo_static_buffer_ready	static prefill channel buffer readiness	connection.id=427 request.id=181973 request_id=ec6cc302-ddce-4fe0-b6cd-8b2586e18400 ready_us=1 ready_offset_us=2 is_ok=true
2026-09-26T22:57:04.072295Z	debug	dynamo_static_buffer_ready	static prefill channel buffer readiness	connection.id=625 request.id=182013 request_id=67821dcc-f1cc-46a1-b354-b4b524d95f00 ready_us=1 ready_offset_us=6 is_ok=true
2026-09-26T22:57:04.074545Z	debug	dynamo_static_selector_rpc	static selector RPC	connection.id=700 request.id=181764 request_id=8cd93603-2d09-44ed-8b9b-37ec480de000 elapsed_us=30880
static_stage_us prepare=37950 prefill=31924 select=30912 decode=4409 total=105195
2026-09-26T22:57:04.103408Z	debug	dynamo_static_rpc_split	static prefill RPC split	connection.id=625 request.id=182013 request_id=67821dcc-f1cc-46a1-b354-b4b524d95f00 headers_us=31114 stream_us=5
2026-09-26T22:57:04.104594Z	debug	dynamo_static_rpc_split	static prefill RPC split	connection.id=427 request.id=181973 request_id=ec6cc302-ddce-4fe0-b6cd-8b2586e18400 headers_us=40097 stream_us=16
2026-09-26T22:57:04.115840Z	debug	dynamo_static_buffer_ready	static prefill channel buffer readiness	connection.id=254 request.id=182415 request_id=fb0deacb-566f-4683-a6d3-0ef9dbe45400 ready_us=0 ready_offset_us=5 is_ok=true
2026-09-26T22:57:04.144639Z	debug	dynamo_static_buffer_ready	static prefill channel buffer readiness	connection.id=172 request.id=182485 request_id=a69b5860-2926-4cb2-b756-ed96cdaaa000 ready_us=0 ready_offset_us=4 is_ok=true
2026-09-26T22:57:04.147401Z	debug	dynamo_static_selector_rpc	static selector RPC	connection.id=427 request.id=181973 request_id=ec6cc302-ddce-4fe0-b6cd-8b2586e18400 elapsed_us=42781
2026-09-26T22:57:04.147601Z	debug	dynamo_static_selector_rpc	static selector RPC	connection.id=625 request.id=182013 request_id=67821dcc-f1cc-46a1-b354-b4b524d95f00 elapsed_us=44179
static_stage_us prepare=62763 prefill=40141 select=42795 decode=3172 total=148871
static_stage_us prepare=67255 prefill=31134 select=44184 decode=3865 total=146438
2026-09-26T22:57:04.156912Z	debug	dynamo_static_rpc_split	static prefill RPC split	connection.id=254 request.id=182415 request_id=fb0deacb-566f-4683-a6d3-0ef9dbe45400 headers_us=41072 stream_us=5
2026-09-26T22:57:04.159977Z	debug	dynamo_static_buffer_ready	static prefill channel buffer readiness	connection.id=349 request.id=182562 request_id=0b38a94c-4037-4f1b-9dd4-e46abe192800 ready_us=0 ready_offset_us=4 is_ok=true
2026-09-26T22:57:04.173862Z	debug	dynamo_static_rpc_split	static prefill RPC split	connection.id=172 request.id=182485 request_id=a69b5860-2926-4cb2-b756-ed96cdaaa000 headers_us=29187 stream_us=39
2026-09-26T22:57:04.192785Z	debug	dynamo_static_selector_rpc	static selector RPC	connection.id=254 request.id=182415 request_id=fb0deacb-566f-4683-a6d3-0ef9dbe45400 elapsed_us=35857
2026-09-26T22:57:04.193052Z	debug	dynamo_static_rpc_split	static prefill RPC split	connection.id=349 request.id=182562 request_id=0b38a94c-4037-4f1b-9dd4-e46abe192800 headers_us=33061 stream_us=16
static_stage_us prepare=55361 prefill=41094 select=35962 decode=1730 total=134147
2026-09-26T22:57:04.212779Z	debug	dynamo_static_selector_rpc	static selector RPC	connection.id=172 request.id=182485 request_id=a69b5860-2926-4cb2-b756-ed96cdaaa000 elapsed_us=38897
static_stage_us prepare=53162 prefill=29246 select=38912 decode=1472 total=122792
2026-09-26T22:57:04.226831Z	debug	dynamo_static_selector_rpc	static selector RPC	connection.id=349 request.id=182562 request_id=0b38a94c-4037-4f1b-9dd4-e46abe192800 elapsed_us=33759
static_stage_us prepare=61861 prefill=33097 select=33776 decode=2175 total=130909
2026-09-26T22:57:04.231893Z	debug	dynamo_static_buffer_ready	static prefill channel buffer readiness	connection.id=258 request.id=182940 request_id=84d99379-5796-42f1-abbe-9ce2f8858a00 ready_us=0 ready_offset_us=3 is_ok=true
2026-09-26T22:57:04.243456Z	debug	dynamo_static_buffer_ready	static prefill channel buffer readiness	connection.id=305 request.id=182978 request_id=00c27479-3d51-4cc2-9e1a-5cd21bebc800 ready_us=0 ready_offset_us=2 is_ok=true
2026-09-26T22:57:04.266811Z	debug	dynamo_static_buffer_ready	static prefill channel buffer readiness	connection.id=619 request.id=183022 request_id=5e8861c1-bcb6-4013-884a-1a7fd38ffc00 ready_us=0 ready_offset_us=5 is_ok=true
2026-09-26T22:57:04.268631Z	debug	dynamo_static_rpc_split	static prefill RPC split	connection.id=258 request.id=182940 request_id=84d99379-5796-42f1-abbe-9ce2f8858a00 headers_us=36736 stream_us=3
2026-09-26T22:57:04.269587Z	debug	dynamo_static_buffer_ready	static prefill channel buffer readiness	connection.id=843 request.id=183198 request_id=81151477-4a74-4a49-82e2-e6093372a900 ready_us=0 ready_offset_us=3 is_ok=true
2026-09-26T22:57:04.275926Z	debug	dynamo_static_rpc_split	static prefill RPC split	connection.id=305 request.id=182978 request_id=00c27479-3d51-4cc2-9e1a-5cd21bebc800 headers_us=32464 stream_us=6
static_stage_us prepare=59881 prefill=36754 select=35130 decode=2220 total=133985
2026-09-26T22:57:04.303732Z	debug	dynamo_static_selector_rpc	static selector RPC	connection.id=258 request.id=182940 request_id=84d99379-5796-42f1-abbe-9ce2f8858a00 elapsed_us=35088
2026-09-26T22:57:04.306780Z	debug	dynamo_static_rpc_split	static prefill RPC split	connection.id=619 request.id=183022 request_id=5e8861c1-bcb6-4013-884a-1a7fd38ffc00 headers_us=39968 stream_us=5
2026-09-26T22:57:04.307463Z	debug	dynamo_static_rpc_split	static prefill RPC split	connection.id=843 request.id=183198 request_id=81151477-4a74-4a49-82e2-e6093372a900 headers_us=37875 stream_us=3
2026-09-26T22:57:04.308717Z	debug	dynamo_static_selector_rpc	static selector RPC	connection.id=305 request.id=182978 request_id=00c27479-3d51-4cc2-9e1a-5cd21bebc800 elapsed_us=32764
static_stage_us prepare=68009 prefill=32498 select=32772 decode=3528 total=136807
2026-09-26T22:57:04.335139Z	debug	dynamo_static_selector_rpc	static selector RPC	connection.id=843 request.id=183198 request_id=81151477-4a74-4a49-82e2-e6093372a900 elapsed_us=27664
static_stage_us prepare=56610 prefill=37891 select=27677 decode=1264 total=123442
2026-09-26T22:57:04.344467Z	debug	dynamo_static_selector_rpc	static selector RPC	connection.id=619 request.id=183022 request_id=5e8861c1-bcb6-4013-884a-1a7fd38ffc00 elapsed_us=37637
static_stage_us prepare=83763 prefill=40023 select=37651 decode=2243 total=163680
2026-09-26T22:57:04.374439Z	debug	dynamo_static_buffer_ready	static prefill channel buffer readiness	connection.id=332 request.id=183748 request_id=4b183abc-e2fe-4365-92b2-97f3b9f31800 ready_us=1 ready_offset_us=6 is_ok=true
2026-09-26T22:57:04.403135Z	debug	dynamo_static_rpc_split	static prefill RPC split	connection.id=332 request.id=183748 request_id=4b183abc-e2fe-4365-92b2-97f3b9f31800 headers_us=28696 stream_us=4
2026-09-26T22:57:04.415173Z	debug	dynamo_static_buffer_ready	static prefill channel buffer readiness	connection.id=334 request.id=183928 request_id=171b2554-4d60-4f2d-9688-5517922af600 ready_us=0 ready_offset_us=4 is_ok=true
2026-09-26T22:57:04.440742Z	debug	dynamo_static_selector_rpc	static selector RPC	connection.id=332 request.id=183748 request_id=4b183abc-e2fe-4365-92b2-97f3b9f31800 elapsed_us=37590
static_stage_us prepare=44533 prefill=28718 select=37620 decode=2070 total=112941
2026-09-26T22:57:04.443458Z	debug	dynamo_static_rpc_split	static prefill RPC split	connection.id=334 request.id=183928 request_id=171b2554-4d60-4f2d-9688-5517922af600 headers_us=28285 stream_us=4
2026-09-26T22:57:04.446119Z	debug	dynamo_static_buffer_ready	static prefill channel buffer readiness	connection.id=570 request.id=184182 request_id=debbd0a6-b674-4fb0-85d4-c7b9dd1ecb00 ready_us=0 ready_offset_us=2 is_ok=true
2026-09-26T22:57:04.477743Z	debug	dynamo_static_rpc_split	static prefill RPC split	connection.id=570 request.id=184182 request_id=debbd0a6-b674-4fb0-85d4-c7b9dd1ecb00 headers_us=31515 stream_us=110
2026-09-26T22:57:04.478217Z	debug	dynamo_static_selector_rpc	static selector RPC	connection.id=334 request.id=183928 request_id=171b2554-4d60-4f2d-9688-5517922af600 elapsed_us=34744
static_stage_us prepare=52465 prefill=28304 select=34756 decode=1477 total=117002
2026-09-26T22:57:04.506475Z	debug	dynamo_static_buffer_ready	static prefill channel buffer readiness	connection.id=764 request.id=184539 request_id=b30bc0fe-5f73-47e3-a8dd-c15b8d0eeb00 ready_us=1 ready_offset_us=22 is_ok=true
2026-09-26T22:57:04.508929Z	debug	dynamo_static_buffer_ready	static prefill channel buffer readiness	connection.id=760 request.id=184474 request_id=b83250d8-5930-4504-bdc7-7db6b9d6dd00 ready_us=0 ready_offset_us=3 is_ok=true
2026-09-26T22:57:04.514020Z	debug	dynamo_static_selector_rpc	static selector RPC	connection.id=570 request.id=184182 request_id=debbd0a6-b674-4fb0-85d4-c7b9dd1ecb00 elapsed_us=36250
static_stage_us prepare=57003 prefill=31653 select=36265 decode=1222 total=126143
2026-09-26T22:57:04.537815Z	debug	dynamo_static_rpc_split	static prefill RPC split	connection.id=764 request.id=184539 request_id=b30bc0fe-5f73-47e3-a8dd-c15b8d0eeb00 headers_us=31357 stream_us=4
2026-09-26T22:57:04.537833Z	debug	dynamo_static_rpc_split	static prefill RPC split	connection.id=760 request.id=184474 request_id=b83250d8-5930-4504-bdc7-7db6b9d6dd00 headers_us=28804 stream_us=102
2026-09-26T22:57:04.549041Z	debug	dynamo_static_buffer_ready	static prefill channel buffer readiness	connection.id=842 request.id=184777 request_id=e537ae89-500e-40b5-9023-012fdf697500 ready_us=0 ready_offset_us=2 is_ok=true
2026-09-26T22:57:04.567838Z	debug	dynamo_static_buffer_ready	static prefill channel buffer readiness	connection.id=330 request.id=184869 request_id=888f4727-2561-4b8b-a064-286923234200 ready_us=0 ready_offset_us=4 is_ok=true
2026-09-26T22:57:04.575832Z	debug	dynamo_static_selector_rpc	static selector RPC	connection.id=764 request.id=184539 request_id=b30bc0fe-5f73-47e3-a8dd-c15b8d0eeb00 elapsed_us=37991
2026-09-26T22:57:04.576842Z	debug	dynamo_static_selector_rpc	static selector RPC	connection.id=760 request.id=184474 request_id=b83250d8-5930-4504-bdc7-7db6b9d6dd00 elapsed_us=38997
static_stage_us prepare=50872 prefill=31389 select=38006 decode=3247 total=123514
static_stage_us prepare=58610 prefill=28918 select=39022 decode=4856 total=131406
2026-09-26T22:57:04.583435Z	debug	dynamo_static_rpc_split	static prefill RPC split	connection.id=842 request.id=184777 request_id=e537ae89-500e-40b5-9023-012fdf697500 headers_us=34389 stream_us=7
2026-09-26T22:57:04.600281Z	debug	dynamo_static_rpc_split	static prefill RPC split	connection.id=330 request.id=184869 request_id=888f4727-2561-4b8b-a064-286923234200 headers_us=32417 stream_us=10
2026-09-26T22:57:04.613481Z	debug	dynamo_static_selector_rpc	static selector RPC	connection.id=842 request.id=184777 request_id=e537ae89-500e-40b5-9023-012fdf697500 elapsed_us=30033
static_stage_us prepare=48633 prefill=34410 select=30047 decode=2156 total=115246
2026-09-26T22:57:04.627567Z	debug	dynamo_static_selector_rpc	static selector RPC	connection.id=330 request.id=184869 request_id=888f4727-2561-4b8b-a064-286923234200 elapsed_us=27272
static_stage_us prepare=47380 prefill=32462 select=27503 decode=2366 total=109711
2026-09-26T22:57:04.653344Z	debug	dynamo_static_buffer_ready	static prefill channel buffer readiness	connection.id=376 request.id=185348 request_id=03f5baeb-1eb1-42e9-9fd6-f005e7d88100 ready_us=1 ready_offset_us=5 is_ok=true
2026-09-26T22:57:04.668488Z	debug	dynamo_static_buffer_ready	static prefill channel buffer readiness	connection.id=183 request.id=185441 request_id=10422079-3a3b-4564-917c-69c2e0b41100 ready_us=0 ready_offset_us=4 is_ok=true
2026-09-26T22:57:04.676811Z	debug	dynamo_static_rpc_split	static prefill RPC split	connection.id=376 request.id=185348 request_id=03f5baeb-1eb1-42e9-9fd6-f005e7d88100 headers_us=23467 stream_us=4
2026-09-26T22:57:04.693414Z	debug	dynamo_static_buffer_ready	static prefill channel buffer readiness	connection.id=475 request.id=185589 request_id=a1758ee0-3cb1-42ad-a812-0bd428371800 ready_us=0 ready_offset_us=2 is_ok=true
2026-09-26T22:57:04.705095Z	debug	dynamo_static_rpc_split	static prefill RPC split	connection.id=183 request.id=185441 request_id=10422079-3a3b-4564-917c-69c2e0b41100 headers_us=36601 stream_us=9
2026-09-26T22:57:04.718506Z	debug	dynamo_static_selector_rpc	static selector RPC	connection.id=376 request.id=185348 request_id=03f5baeb-1eb1-42e9-9fd6-f005e7d88100 elapsed_us=41677
2026-09-26T22:57:04.720471Z	debug	dynamo_static_rpc_split	static prefill RPC split	connection.id=475 request.id=185589 request_id=a1758ee0-3cb1-42ad-a812-0bd428371800 headers_us=27052 stream_us=8
static_stage_us prepare=54874 prefill=23490 select=41694 decode=2393 total=122451
2026-09-26T22:57:04.735419Z	debug	dynamo_static_selector_rpc	static selector RPC	connection.id=183 request.id=185441 request_id=10422079-3a3b-4564-917c-69c2e0b41100 elapsed_us=30309
static_stage_us prepare=55485 prefill=36626 select=30322 decode=618 total=123051
static_stage_us prepare=57061 prefill=27087 select=34851 decode=789 total=119788
2026-09-26T22:57:04.755332Z	debug	dynamo_static_selector_rpc	static selector RPC	connection.id=475 request.id=185589 request_id=a1758ee0-3cb1-42ad-a812-0bd428371800 elapsed_us=34835
2026-09-26T22:57:04.778042Z	debug	dynamo_static_buffer_ready	static prefill channel buffer readiness	connection.id=515 request.id=186013 request_id=cd1a4d01-e0b6-415a-a747-5af9089eef00 ready_us=0 ready_offset_us=3 is_ok=true
2026-09-26T22:57:04.797220Z	debug	dynamo_static_buffer_ready	static prefill channel buffer readiness	connection.id=223 request.id=186192 request_id=81361853-c1e2-4e4d-86a3-145740156100 ready_us=0 ready_offset_us=3 is_ok=true
2026-09-26T22:57:04.811003Z	debug	dynamo_static_rpc_split	static prefill RPC split	connection.id=515 request.id=186013 request_id=cd1a4d01-e0b6-415a-a747-5af9089eef00 headers_us=32951 stream_us=12
2026-09-26T22:57:04.827645Z	debug	dynamo_static_rpc_split	static prefill RPC split	connection.id=223 request.id=186192 request_id=81361853-c1e2-4e4d-86a3-145740156100 headers_us=30418 stream_us=10
2026-09-26T22:57:04.841945Z	debug	dynamo_static_selector_rpc	static selector RPC	connection.id=515 request.id=186013 request_id=cd1a4d01-e0b6-415a-a747-5af9089eef00 elapsed_us=30925
2026-09-26T22:57:04.844367Z	debug	dynamo_static_buffer_ready	static prefill channel buffer readiness	connection.id=337 request.id=186489 request_id=bc35aa1a-1f7e-4eec-85c6-21d1c3ba8b00 ready_us=0 ready_offset_us=4 is_ok=true
static_stage_us prepare=62612 prefill=32981 select=30939 decode=2829 total=129361
2026-09-26T22:57:04.859123Z	debug	dynamo_static_selector_rpc	static selector RPC	connection.id=223 request.id=186192 request_id=81361853-c1e2-4e4d-86a3-145740156100 elapsed_us=31461
static_stage_us prepare=54249 prefill=30446 select=31476 decode=1567 total=117738
2026-09-26T22:57:04.874089Z	debug	dynamo_static_rpc_split	static prefill RPC split	connection.id=337 request.id=186489 request_id=bc35aa1a-1f7e-4eec-85c6-21d1c3ba8b00 headers_us=29723 stream_us=4
2026-09-26T22:57:04.905288Z	debug	dynamo_static_selector_rpc	static selector RPC	connection.id=337 request.id=186489 request_id=bc35aa1a-1f7e-4eec-85c6-21d1c3ba8b00 elapsed_us=31183
static_stage_us prepare=56733 prefill=29743 select=31196 decode=1597 total=119269
2026-09-26T22:57:04.935552Z	debug	dynamo_static_buffer_ready	static prefill channel buffer readiness	connection.id=865 request.id=187013 request_id=7c7c5a09-db5b-4e31-907f-c78a51235c00 ready_us=0 ready_offset_us=2 is_ok=true
2026-09-26T22:57:04.940285Z	debug	dynamo_static_buffer_ready	static prefill channel buffer readiness	connection.id=366 request.id=187068 request_id=9a69c05b-226d-4e5d-b886-4da14e040700 ready_us=0 ready_offset_us=4 is_ok=true
2026-09-26T22:57:04.960338Z	debug	dynamo_static_buffer_ready	static prefill channel buffer readiness	connection.id=285 request.id=187151 request_id=dbd26ebb-8ed9-4079-ae54-637d1fe8d200 ready_us=0 ready_offset_us=6 is_ok=true
2026-09-26T22:57:04.967108Z	debug	dynamo_static_rpc_split	static prefill RPC split	connection.id=865 request.id=187013 request_id=7c7c5a09-db5b-4e31-907f-c78a51235c00 headers_us=31553 stream_us=4
2026-09-26T22:57:04.971388Z	debug	dynamo_static_rpc_split	static prefill RPC split	connection.id=366 request.id=187068 request_id=9a69c05b-226d-4e5d-b886-4da14e040700 headers_us=31091 stream_us=15
2026-09-26T22:57:04.984424Z	debug	dynamo_static_rpc_split	static prefill RPC split	connection.id=285 request.id=187151 request_id=dbd26ebb-8ed9-4079-ae54-637d1fe8d200 headers_us=24080 stream_us=11
2026-09-26T22:57:04.988854Z	debug	dynamo_static_buffer_ready	static prefill channel buffer readiness	connection.id=125 request.id=187309 request_id=795c8bd8-ae36-4d79-b871-42c8f7a43c00 ready_us=0 ready_offset_us=6 is_ok=true
2026-09-26T22:57:04.997219Z	debug	dynamo_static_selector_rpc	static selector RPC	connection.id=865 request.id=187013 request_id=7c7c5a09-db5b-4e31-907f-c78a51235c00 elapsed_us=30085
static_stage_us prepare=54283 prefill=31585 select=30099 decode=851 total=116818
2026-09-26T22:57:05.003036Z	debug	dynamo_static_selector_rpc	static selector RPC	connection.id=366 request.id=187068 request_id=9a69c05b-226d-4e5d-b886-4da14e040700 elapsed_us=31637
static_stage_us prepare=49955 prefill=31119 select=31651 decode=2716 total=115441
2026-09-26T22:57:05.011308Z	debug	dynamo_static_selector_rpc	static selector RPC	connection.id=285 request.id=187151 request_id=dbd26ebb-8ed9-4079-ae54-637d1fe8d200 elapsed_us=26827
static_stage_us prepare=58794 prefill=24147 select=26842 decode=1952 total=111735
2026-09-26T22:57:05.016974Z	debug	dynamo_static_rpc_split	static prefill RPC split	connection.id=125 request.id=187309 request_id=795c8bd8-ae36-4d79-b871-42c8f7a43c00 headers_us=28113 stream_us=12
2026-09-26T22:57:05.046143Z	debug	dynamo_static_selector_rpc	static selector RPC	connection.id=125 request.id=187309 request_id=795c8bd8-ae36-4d79-b871-42c8f7a43c00 elapsed_us=29150
static_stage_us prepare=59104 prefill=28145 select=29190 decode=1776 total=118215
2026-09-26T22:57:05.071187Z	debug	dynamo_static_buffer_ready	static prefill channel buffer readiness	connection.id=531 request.id=187886 request_id=31a1c97b-4bcd-472b-9a89-a911606b0800 ready_us=0 ready_offset_us=3 is_ok=true
2026-09-26T22:57:05.094791Z	debug	dynamo_static_buffer_ready	static prefill channel buffer readiness	connection.id=775 request.id=188031 request_id=c0e311bd-36cc-4cfb-8dca-6c9075f19600 ready_us=0 ready_offset_us=3 is_ok=true
2026-09-26T22:57:05.094905Z	debug	dynamo_static_rpc_split	static prefill RPC split	connection.id=531 request.id=187886 request_id=31a1c97b-4bcd-472b-9a89-a911606b0800 headers_us=23713 stream_us=7
2026-09-26T22:57:05.106051Z	debug	dynamo_static_buffer_ready	static prefill channel buffer readiness	connection.id=941 request.id=188130 request_id=c5fd3e00-bf7f-49d3-9726-e71383967500 ready_us=0 ready_offset_us=3 is_ok=true
2026-09-26T22:57:05.119871Z	debug	dynamo_static_buffer_ready	static prefill channel buffer readiness	connection.id=185 request.id=188170 request_id=4817bc44-bd66-4fa2-a16f-b533b2b54a00 ready_us=0 ready_offset_us=4 is_ok=true
2026-09-26T22:57:05.122787Z	debug	dynamo_static_selector_rpc	static selector RPC	connection.id=531 request.id=187886 request_id=31a1c97b-4bcd-472b-9a89-a911606b0800 elapsed_us=27865
static_stage_us prepare=46583 prefill=23739 select=27878 decode=2013 total=100213
2026-09-26T22:57:05.127772Z	debug	dynamo_static_rpc_split	static prefill RPC split	connection.id=775 request.id=188031 request_id=c0e311bd-36cc-4cfb-8dca-6c9075f19600 headers_us=32977 stream_us=6
2026-09-26T22:57:05.135690Z	debug	dynamo_static_rpc_split	static prefill RPC split	connection.id=941 request.id=188130 request_id=c5fd3e00-bf7f-49d3-9726-e71383967500 headers_us=29630 stream_us=11
2026-09-26T22:57:05.139692Z	debug	dynamo_static_rpc_split	static prefill RPC split	connection.id=185 request.id=188170 request_id=4817bc44-bd66-4fa2-a16f-b533b2b54a00 headers_us=19816 stream_us=3
2026-09-26T22:57:05.152387Z	debug	dynamo_static_selector_rpc	static selector RPC	connection.id=775 request.id=188031 request_id=c0e311bd-36cc-4cfb-8dca-6c9075f19600 elapsed_us=24602
static_stage_us prepare=49018 prefill=32997 select=24616 decode=908 total=107539
2026-09-26T22:57:05.158917Z	debug	dynamo_static_selector_rpc	static selector RPC	connection.id=941 request.id=188130 request_id=c5fd3e00-bf7f-49d3-9726-e71383967500 elapsed_us=23214
static_stage_us prepare=43024 prefill=29656 select=23225 decode=769 total=96674
2026-09-26T22:57:05.166373Z	debug	dynamo_static_selector_rpc	static selector RPC	connection.id=185 request.id=188170 request_id=4817bc44-bd66-4fa2-a16f-b533b2b54a00 elapsed_us=26666
static_stage_us prepare=48712 prefill=19842 select=26677 decode=1376 total=96607
2026-09-26T22:57:05.197908Z	debug	dynamo_static_buffer_ready	static prefill channel buffer readiness	connection.id=275 request.id=188677 request_id=9b533a57-0632-4672-8e98-04c0063ed900 ready_us=0 ready_offset_us=5 is_ok=true
2026-09-26T22:57:05.223244Z	debug	dynamo_static_rpc_split	static prefill RPC split	connection.id=275 request.id=188677 request_id=9b533a57-0632-4672-8e98-04c0063ed900 headers_us=25328 stream_us=12
2026-09-26T22:57:05.230106Z	debug	dynamo_static_buffer_ready	static prefill channel buffer readiness	connection.id=721 request.id=188890 request_id=2a09a701-f1ad-43ff-8b30-d5233b99b900 ready_us=0 ready_offset_us=3 is_ok=true
2026-09-26T22:57:05.252110Z	debug	dynamo_static_selector_rpc	static selector RPC	connection.id=275 request.id=188677 request_id=9b533a57-0632-4672-8e98-04c0063ed900 elapsed_us=28685
static_stage_us prepare=50794 prefill=25522 select=28703 decode=1292 total=106311
2026-09-26T22:57:05.262372Z	debug	dynamo_static_rpc_split	static prefill RPC split	connection.id=721 request.id=188890 request_id=2a09a701-f1ad-43ff-8b30-d5233b99b900 headers_us=32263 stream_us=5
2026-09-26T22:57:05.287983Z	debug	dynamo_static_selector_rpc	static selector RPC	connection.id=721 request.id=188890 request_id=2a09a701-f1ad-43ff-8b30-d5233b99b900 elapsed_us=25594
static_stage_us prepare=52071 prefill=32285 select=25611 decode=979 total=110946
2026-09-26T22:57:05.296320Z	debug	dynamo_static_buffer_ready	static prefill channel buffer readiness	connection.id=748 request.id=189273 request_id=cc6ff473-9b77-416c-b700-a728c06d7000 ready_us=0 ready_offset_us=4 is_ok=true
2026-09-26T22:57:05.320844Z	debug	dynamo_static_buffer_ready	static prefill channel buffer readiness	connection.id=257 request.id=189423 request_id=e12d4cf0-4737-44cc-b9dc-e275a9f07000 ready_us=0 ready_offset_us=9 is_ok=true
2026-09-26T22:57:05.322721Z	debug	dynamo_static_rpc_split	static prefill RPC split	connection.id=748 request.id=189273 request_id=cc6ff473-9b77-416c-b700-a728c06d7000 headers_us=26387 stream_us=16
2026-09-26T22:57:05.323231Z	debug	dynamo_static_buffer_ready	static prefill channel buffer readiness	connection.id=667 request.id=189462 request_id=22613023-f026-4649-aabd-f6f5d0e8a100 ready_us=0 ready_offset_us=3 is_ok=true
2026-09-26T22:57:05.347846Z	debug	dynamo_static_rpc_split	static prefill RPC split	connection.id=257 request.id=189423 request_id=e12d4cf0-4737-44cc-b9dc-e275a9f07000 headers_us=27006 stream_us=4
2026-09-26T22:57:05.351700Z	debug	dynamo_static_buffer_ready	static prefill channel buffer readiness	connection.id=459 request.id=189573 request_id=a2d3ac20-b7be-40e9-82ef-5fe735276100 ready_us=1 ready_offset_us=3 is_ok=true
2026-09-26T22:57:05.352313Z	debug	dynamo_static_buffer_ready	static prefill channel buffer readiness	connection.id=566 request.id=189604 request_id=1ccfb670-ffa9-406c-9917-09fcec0a3f00 ready_us=0 ready_offset_us=3 is_ok=true
2026-09-26T22:57:05.353034Z	debug	dynamo_static_selector_rpc	static selector RPC	connection.id=748 request.id=189273 request_id=cc6ff473-9b77-416c-b700-a728c06d7000 elapsed_us=30285
static_stage_us prepare=48276 prefill=26429 select=30301 decode=1611 total=106617
2026-09-26T22:57:05.357980Z	debug	dynamo_static_rpc_split	static prefill RPC split	connection.id=667 request.id=189462 request_id=22613023-f026-4649-aabd-f6f5d0e8a100 headers_us=34729 stream_us=21
2026-09-26T22:57:05.358522Z	debug	dynamo_static_buffer_ready	static prefill channel buffer readiness	connection.id=259 request.id=189616 request_id=3632f1d9-ade6-496d-bb88-67bb72cc1000 ready_us=1 ready_offset_us=3 is_ok=true
2026-09-26T22:57:05.358604Z	debug	dynamo_static_buffer_ready	static prefill channel buffer readiness	connection.id=917 request.id=189637 request_id=24b7f805-e0db-4a9e-94ba-39df27d74700 ready_us=0 ready_offset_us=4 is_ok=true
2026-09-26T22:57:05.376521Z	debug	dynamo_static_selector_rpc	static selector RPC	connection.id=257 request.id=189423 request_id=e12d4cf0-4737-44cc-b9dc-e275a9f07000 elapsed_us=28661
2026-09-26T22:57:05.377075Z	debug	dynamo_static_rpc_split	static prefill RPC split	connection.id=459 request.id=189573 request_id=a2d3ac20-b7be-40e9-82ef-5fe735276100 headers_us=25370 stream_us=6
static_stage_us prepare=53848 prefill=27026 select=28680 decode=1115 total=110669
2026-09-26T22:57:05.379404Z	debug	dynamo_static_rpc_split	static prefill RPC split	connection.id=566 request.id=189604 request_id=1ccfb670-ffa9-406c-9917-09fcec0a3f00 headers_us=27090 stream_us=3
2026-09-26T22:57:05.383037Z	debug	dynamo_static_selector_rpc	static selector RPC	connection.id=667 request.id=189462 request_id=22613023-f026-4649-aabd-f6f5d0e8a100 elapsed_us=25044
static_stage_us prepare=47605 prefill=34764 select=25056 decode=1592 total=109017
2026-09-26T22:57:05.386177Z	debug	dynamo_static_rpc_split	static prefill RPC split	connection.id=259 request.id=189616 request_id=3632f1d9-ade6-496d-bb88-67bb72cc1000 headers_us=27646 stream_us=10
2026-09-26T22:57:05.386547Z	debug	dynamo_static_rpc_split	static prefill RPC split	connection.id=917 request.id=189637 request_id=24b7f805-e0db-4a9e-94ba-39df27d74700 headers_us=27942 stream_us=5
2026-09-26T22:57:05.388024Z	debug	dynamo_static_buffer_ready	static prefill channel buffer readiness	connection.id=494 request.id=189840 request_id=787a75a6-a6e1-457b-843f-77c989d09f00 ready_us=0 ready_offset_us=3 is_ok=true
2026-09-26T22:57:05.405658Z	debug	dynamo_static_selector_rpc	static selector RPC	connection.id=566 request.id=189604 request_id=1ccfb670-ffa9-406c-9917-09fcec0a3f00 elapsed_us=26237
2026-09-26T22:57:05.406352Z	debug	dynamo_static_selector_rpc	static selector RPC	connection.id=459 request.id=189573 request_id=a2d3ac20-b7be-40e9-82ef-5fe735276100 elapsed_us=29265
static_stage_us prepare=55498 prefill=27111 select=26250 decode=1523 total=110382
static_stage_us prepare=60523 prefill=25391 select=29278 decode=2235 total=117427
2026-09-26T22:57:05.413402Z	debug	dynamo_static_selector_rpc	static selector RPC	connection.id=259 request.id=189616 request_id=3632f1d9-ade6-496d-bb88-67bb72cc1000 elapsed_us=27207
2026-09-26T22:57:05.413492Z	debug	dynamo_static_selector_rpc	static selector RPC	connection.id=917 request.id=189637 request_id=24b7f805-e0db-4a9e-94ba-39df27d74700 elapsed_us=26929
static_stage_us prepare=60353 prefill=27677 select=27219 decode=651 total=115900
2026-09-26T22:57:05.413643Z	debug	dynamo_static_rpc_split	static prefill RPC split	connection.id=494 request.id=189840 request_id=787a75a6-a6e1-457b-843f-77c989d09f00 headers_us=25606 stream_us=17
static_stage_us prepare=57284 prefill=27965 select=26940 decode=1190 total=113379
2026-09-26T22:57:05.442350Z	debug	dynamo_static_selector_rpc	static selector RPC	connection.id=494 request.id=189840 request_id=787a75a6-a6e1-457b-843f-77c989d09f00 elapsed_us=28697
static_stage_us prepare=51833 prefill=25632 select=28709 decode=896 total=107070
2026-09-26T22:57:05.499997Z	debug	dynamo_static_buffer_ready	static prefill channel buffer readiness	connection.id=864 request.id=190510 request_id=bea2d8e2-fcd8-4735-8025-aef47a443000 ready_us=0 ready_offset_us=3 is_ok=true
2026-09-26T22:57:05.524789Z	debug	dynamo_static_buffer_ready	static prefill channel buffer readiness	connection.id=262 request.id=190727 request_id=8919e633-e0c1-427d-bf78-4c0d72c5a000 ready_us=0 ready_offset_us=6 is_ok=true
2026-09-26T22:57:05.524810Z	debug	dynamo_static_buffer_ready	static prefill channel buffer readiness	connection.id=504 request.id=190692 request_id=b79a0480-422c-4874-8241-c0aebbf8ad00 ready_us=0 ready_offset_us=5 is_ok=true
2026-09-26T22:57:05.531360Z	debug	dynamo_static_rpc_split	static prefill RPC split	connection.id=864 request.id=190510 request_id=bea2d8e2-fcd8-4735-8025-aef47a443000 headers_us=31352 stream_us=13
2026-09-26T22:57:05.549666Z	debug	dynamo_static_rpc_split	static prefill RPC split	connection.id=262 request.id=190727 request_id=8919e633-e0c1-427d-bf78-4c0d72c5a000 headers_us=24873 stream_us=8
2026-09-26T22:57:05.549674Z	debug	dynamo_static_rpc_split	static prefill RPC split	connection.id=504 request.id=190692 request_id=b79a0480-422c-4874-8241-c0aebbf8ad00 headers_us=24863 stream_us=6
2026-09-26T22:57:05.556215Z	debug	dynamo_static_selector_rpc	static selector RPC	connection.id=864 request.id=190510 request_id=bea2d8e2-fcd8-4735-8025-aef47a443000 elapsed_us=24840
static_stage_us prepare=58689 prefill=31380 select=24882 decode=2970 total=117921
2026-09-26T22:57:05.582447Z	debug	dynamo_static_selector_rpc	static selector RPC	connection.id=504 request.id=190692 request_id=b79a0480-422c-4874-8241-c0aebbf8ad00 elapsed_us=32763
2026-09-26T22:57:05.583406Z	debug	dynamo_static_selector_rpc	static selector RPC	connection.id=262 request.id=190727 request_id=8919e633-e0c1-427d-bf78-4c0d72c5a000 elapsed_us=33727
static_stage_us prepare=48638 prefill=24880 select=32778 decode=1529 total=107825
static_stage_us prepare=45862 prefill=24896 select=33738 decode=2052 total=106548
2026-09-26T22:57:05.587086Z	debug	dynamo_static_buffer_ready	static prefill channel buffer readiness	connection.id=352 request.id=191018 request_id=ed498140-8b4c-4ebf-9b0b-0cabb95b5300 ready_us=0 ready_offset_us=6 is_ok=true
2026-09-26T22:57:05.596570Z	debug	dynamo_static_buffer_ready	static prefill channel buffer readiness	connection.id=476 request.id=191164 request_id=b7e6b572-df58-49f6-97df-c51eef5c8200 ready_us=0 ready_offset_us=3 is_ok=true
2026-09-26T22:57:05.597896Z	debug	dynamo_static_buffer_ready	static prefill channel buffer readiness	connection.id=910 request.id=191107 request_id=5bc76bc7-92ef-42af-accb-d06858515200 ready_us=0 ready_offset_us=2 is_ok=true
2026-09-26T22:57:05.621965Z	debug	dynamo_static_rpc_split	static prefill RPC split	connection.id=352 request.id=191018 request_id=ed498140-8b4c-4ebf-9b0b-0cabb95b5300 headers_us=34882 stream_us=2
2026-09-26T22:57:05.630625Z	debug	dynamo_static_rpc_split	static prefill RPC split	connection.id=476 request.id=191164 request_id=b7e6b572-df58-49f6-97df-c51eef5c8200 headers_us=34045 stream_us=12
2026-09-26T22:57:05.631204Z	debug	dynamo_static_rpc_split	static prefill RPC split	connection.id=910 request.id=191107 request_id=5bc76bc7-92ef-42af-accb-d06858515200 headers_us=33298 stream_us=11
2026-09-26T22:57:05.663422Z	debug	dynamo_static_selector_rpc	static selector RPC	connection.id=352 request.id=191018 request_id=ed498140-8b4c-4ebf-9b0b-0cabb95b5300 elapsed_us=41443
static_stage_us prepare=60293 prefill=34899 select=41458 decode=1682 total=138332
2026-09-26T22:57:05.668605Z	debug	dynamo_static_selector_rpc	static selector RPC	connection.id=910 request.id=191107 request_id=5bc76bc7-92ef-42af-accb-d06858515200 elapsed_us=37357
2026-09-26T22:57:05.669771Z	debug	dynamo_static_selector_rpc	static selector RPC	connection.id=476 request.id=191164 request_id=b7e6b572-df58-49f6-97df-c51eef5c8200 elapsed_us=39129
static_stage_us prepare=59490 prefill=33356 select=37368 decode=1282 total=131496
static_stage_us prepare=52260 prefill=34076 select=39141 decode=1896 total=127373
2026-09-26T22:57:05.697809Z	debug	dynamo_static_buffer_ready	static prefill channel buffer readiness	connection.id=515 request.id=191744 request_id=e133a4f3-0552-4930-93c7-c9b704978d00 ready_us=0 ready_offset_us=4 is_ok=true
2026-09-26T22:57:05.712067Z	debug	dynamo_static_buffer_ready	static prefill channel buffer readiness	connection.id=911 request.id=191759 request_id=7dd3c854-9e86-4065-82df-8a7ce938e800 ready_us=0 ready_offset_us=2 is_ok=true
2026-09-26T22:57:05.723133Z	debug	dynamo_static_buffer_ready	static prefill channel buffer readiness	connection.id=235 request.id=191827 request_id=4d0d048f-26cb-41fe-b1f6-647db846ea00 ready_us=0 ready_offset_us=2 is_ok=true
2026-09-26T22:57:05.724811Z	debug	dynamo_static_rpc_split	static prefill RPC split	connection.id=515 request.id=191744 request_id=e133a4f3-0552-4930-93c7-c9b704978d00 headers_us=26973 stream_us=32
2026-09-26T22:57:05.740140Z	debug	dynamo_static_rpc_split	static prefill RPC split	connection.id=911 request.id=191759 request_id=7dd3c854-9e86-4065-82df-8a7ce938e800 headers_us=28059 stream_us=15
static_stage_us prepare=52489 prefill=27025 select=28778 decode=1227 total=109519
2026-09-26T22:57:05.753593Z	debug	dynamo_static_selector_rpc	static selector RPC	connection.id=515 request.id=191744 request_id=e133a4f3-0552-4930-93c7-c9b704978d00 elapsed_us=28763
2026-09-26T22:57:05.762295Z	debug	dynamo_static_rpc_split	static prefill RPC split	connection.id=235 request.id=191827 request_id=4d0d048f-26cb-41fe-b1f6-647db846ea00 headers_us=39154 stream_us=10
2026-09-26T22:57:05.776498Z	debug	dynamo_static_selector_rpc	static selector RPC	connection.id=911 request.id=191759 request_id=7dd3c854-9e86-4065-82df-8a7ce938e800 elapsed_us=36321
static_stage_us prepare=65509 prefill=28112 select=36334 decode=1538 total=131493
2026-09-26T22:57:05.793065Z	debug	dynamo_static_selector_rpc	static selector RPC	connection.id=235 request.id=191827 request_id=4d0d048f-26cb-41fe-b1f6-647db846ea00 elapsed_us=30751
static_stage_us prepare=51832 prefill=39183 select=30767 decode=1072 total=122854
2026-09-26T22:57:05.796794Z	debug	dynamo_static_buffer_ready	static prefill channel buffer readiness	connection.id=323 request.id=192268 request_id=f9838f6e-9ab6-403a-ae91-ecc4438ee800 ready_us=0 ready_offset_us=1 is_ok=true
2026-09-26T22:57:05.824523Z	debug	dynamo_static_rpc_split	static prefill RPC split	connection.id=323 request.id=192268 request_id=f9838f6e-9ab6-403a-ae91-ecc4438ee800 headers_us=27700 stream_us=29
2026-09-26T22:57:05.857109Z	debug	dynamo_static_selector_rpc	static selector RPC	connection.id=323 request.id=192268 request_id=f9838f6e-9ab6-403a-ae91-ecc4438ee800 elapsed_us=32571
static_stage_us prepare=57558 prefill=27744 select=32602 decode=893 total=118797
2026-09-26T22:57:05.924365Z	debug	dynamo_static_buffer_ready	static prefill channel buffer readiness	connection.id=939 request.id=193063 request_id=b1856a69-0d58-46ad-bf94-8c535e2fee00 ready_us=0 ready_offset_us=4 is_ok=true
2026-09-26T22:57:05.955023Z	debug	dynamo_static_rpc_split	static prefill RPC split	connection.id=939 request.id=193063 request_id=b1856a69-0d58-46ad-bf94-8c535e2fee00 headers_us=30651 stream_us=10
2026-09-26T22:57:05.958534Z	debug	dynamo_static_buffer_ready	static prefill channel buffer readiness	connection.id=935 request.id=193229 request_id=33c25a85-d9e4-4189-ab2d-b3351a61be00 ready_us=0 ready_offset_us=5 is_ok=true
2026-09-26T22:57:05.981562Z	debug	dynamo_static_buffer_ready	static prefill channel buffer readiness	connection.id=476 request.id=193435 request_id=52f8e5d8-d2a2-4d34-9b78-b3bbbd33ff00 ready_us=0 ready_offset_us=3 is_ok=true
2026-09-26T22:57:05.981623Z	debug	dynamo_static_buffer_ready	static prefill channel buffer readiness	connection.id=288 request.id=193446 request_id=e78093af-7a0f-4d0f-956c-54f836b34100 ready_us=0 ready_offset_us=2 is_ok=true
2026-09-26T22:57:05.982989Z	debug	dynamo_static_buffer_ready	static prefill channel buffer readiness	connection.id=683 request.id=193423 request_id=503ac8e4-f63a-496d-b6aa-5bd223687800 ready_us=0 ready_offset_us=5 is_ok=true
2026-09-26T22:57:05.983110Z	debug	dynamo_static_buffer_ready	static prefill channel buffer readiness	connection.id=891 request.id=193433 request_id=e9649586-b81a-4c92-9410-0210ccc95800 ready_us=0 ready_offset_us=6 is_ok=true
2026-09-26T22:57:05.985280Z	debug	dynamo_static_selector_rpc	static selector RPC	connection.id=939 request.id=193063 request_id=b1856a69-0d58-46ad-bf94-8c535e2fee00 elapsed_us=30233
static_stage_us prepare=51737 prefill=30685 select=30257 decode=1514 total=114193
2026-09-26T22:57:05.990777Z	debug	dynamo_static_rpc_split	static prefill RPC split	connection.id=935 request.id=193229 request_id=33c25a85-d9e4-4189-ab2d-b3351a61be00 headers_us=32241 stream_us=7
2026-09-26T22:57:05.997986Z	debug	dynamo_static_buffer_ready	static prefill channel buffer readiness	connection.id=533 request.id=193530 request_id=cb5b47b6-62ae-4bd1-8e2b-91da98bbfb00 ready_us=0 ready_offset_us=2 is_ok=true
2026-09-26T22:57:06.011549Z	debug	dynamo_static_rpc_split	static prefill RPC split	connection.id=891 request.id=193433 request_id=e9649586-b81a-4c92-9410-0210ccc95800 headers_us=28438 stream_us=6
2026-09-26T22:57:06.011718Z	debug	dynamo_static_rpc_split	static prefill RPC split	connection.id=288 request.id=193446 request_id=e78093af-7a0f-4d0f-956c-54f836b34100 headers_us=30093 stream_us=3
2026-09-26T22:57:06.012123Z	debug	dynamo_static_rpc_split	static prefill RPC split	connection.id=683 request.id=193423 request_id=503ac8e4-f63a-496d-b6aa-5bd223687800 headers_us=29133 stream_us=5
2026-09-26T22:57:06.012128Z	debug	dynamo_static_rpc_split	static prefill RPC split	connection.id=476 request.id=193435 request_id=52f8e5d8-d2a2-4d34-9b78-b3bbbd33ff00 headers_us=30531 stream_us=37
2026-09-26T22:57:06.016122Z	debug	dynamo_static_selector_rpc	static selector RPC	connection.id=935 request.id=193229 request_id=33c25a85-d9e4-4189-ab2d-b3351a61be00 elapsed_us=25322
static_stage_us prepare=61549 prefill=32273 select=25335 decode=2319 total=121476
2026-09-26T22:57:06.026602Z	debug	dynamo_static_rpc_split	static prefill RPC split	connection.id=533 request.id=193530 request_id=cb5b47b6-62ae-4bd1-8e2b-91da98bbfb00 headers_us=28586 stream_us=32
2026-09-26T22:57:06.035989Z	debug	dynamo_static_selector_rpc	static selector RPC	connection.id=891 request.id=193433 request_id=e9649586-b81a-4c92-9410-0210ccc95800 elapsed_us=24426
static_stage_us prepare=51985 prefill=28458 select=24440 decode=1179 total=106062
2026-09-26T22:57:06.037924Z	debug	dynamo_static_buffer_ready	static prefill channel buffer readiness	connection.id=147 request.id=193808 request_id=39121814-81d7-42c1-b171-ae425da64c00 ready_us=0 ready_offset_us=3 is_ok=true
static_stage_us prepare=50437 prefill=30580 select=30790 decode=1411 total=113218
static_stage_us prepare=49399 prefill=30111 select=31423 decode=1977 total=112910
2026-09-26T22:57:06.042916Z	debug	dynamo_static_selector_rpc	static selector RPC	connection.id=476 request.id=193435 request_id=52f8e5d8-d2a2-4d34-9b78-b3bbbd33ff00 elapsed_us=30778
2026-09-26T22:57:06.043143Z	debug	dynamo_static_selector_rpc	static selector RPC	connection.id=288 request.id=193446 request_id=e78093af-7a0f-4d0f-956c-54f836b34100 elapsed_us=31411
2026-09-26T22:57:06.043565Z	debug	dynamo_static_selector_rpc	static selector RPC	connection.id=683 request.id=193423 request_id=503ac8e4-f63a-496d-b6aa-5bd223687800 elapsed_us=31428
static_stage_us prepare=53093 prefill=29154 select=31438 decode=2451 total=116136
2026-09-26T22:57:06.052046Z	debug	dynamo_static_buffer_ready	static prefill channel buffer readiness	connection.id=749 request.id=193825 request_id=453e6b3e-52d0-4545-9dec-a773577e6e00 ready_us=0 ready_offset_us=10 is_ok=true
2026-09-26T22:57:06.057157Z	debug	dynamo_static_selector_rpc	static selector RPC	connection.id=533 request.id=193530 request_id=cb5b47b6-62ae-4bd1-8e2b-91da98bbfb00 elapsed_us=30476
static_stage_us prepare=49957 prefill=28697 select=30487 decode=1346 total=110487
2026-09-26T22:57:06.061619Z	debug	dynamo_static_buffer_ready	static prefill channel buffer readiness	connection.id=472 request.id=193858 request_id=89420b60-8be5-4165-b679-220a28e33c00 ready_us=0 ready_offset_us=1 is_ok=true
2026-09-26T22:57:06.070610Z	debug	dynamo_static_rpc_split	static prefill RPC split	connection.id=147 request.id=193808 request_id=39121814-81d7-42c1-b171-ae425da64c00 headers_us=32686 stream_us=2
2026-09-26T22:57:06.084726Z	debug	dynamo_static_rpc_split	static prefill RPC split	connection.id=749 request.id=193825 request_id=453e6b3e-52d0-4545-9dec-a773577e6e00 headers_us=32681 stream_us=9
2026-09-26T22:57:06.090372Z	debug	dynamo_static_buffer_ready	static prefill channel buffer readiness	connection.id=157 request.id=193965 request_id=dc35d25a-9686-44ec-b2fb-206153a9e500 ready_us=0 ready_offset_us=3 is_ok=true
2026-09-26T22:57:06.090613Z	debug	dynamo_static_rpc_split	static prefill RPC split	connection.id=472 request.id=193858 request_id=89420b60-8be5-4165-b679-220a28e33c00 headers_us=28989 stream_us=6
2026-09-26T22:57:06.102919Z	debug	dynamo_static_selector_rpc	static selector RPC	connection.id=147 request.id=193808 request_id=39121814-81d7-42c1-b171-ae425da64c00 elapsed_us=32297
static_stage_us prepare=45351 prefill=32703 select=32310 decode=1061 total=111425
2026-09-26T22:57:06.112912Z	debug	dynamo_static_selector_rpc	static selector RPC	connection.id=749 request.id=193825 request_id=453e6b3e-52d0-4545-9dec-a773577e6e00 elapsed_us=28169
static_stage_us prepare=56019 prefill=32704 select=28186 decode=1171 total=118080
2026-09-26T22:57:06.116477Z	debug	dynamo_static_rpc_split	static prefill RPC split	connection.id=157 request.id=193965 request_id=dc35d25a-9686-44ec-b2fb-206153a9e500 headers_us=26104 stream_us=5
2026-09-26T22:57:06.124624Z	debug	dynamo_static_selector_rpc	static selector RPC	connection.id=472 request.id=193858 request_id=89420b60-8be5-4165-b679-220a28e33c00 elapsed_us=33991
static_stage_us prepare=57538 prefill=29015 select=34004 decode=780 total=121337
2026-09-26T22:57:06.146620Z	debug	dynamo_static_selector_rpc	static selector RPC	connection.id=157 request.id=193965 request_id=dc35d25a-9686-44ec-b2fb-206153a9e500 elapsed_us=30127
2026-09-26T22:57:06.148312Z	debug	dynamo_static_buffer_ready	static prefill channel buffer readiness	connection.id=890 request.id=194455 request_id=dd2e8ffe-c87b-4991-a687-7fd09a158f00 ready_us=1 ready_offset_us=3 is_ok=true
static_stage_us prepare=70525 prefill=26125 select=30140 decode=2035 total=128825
2026-09-26T22:57:06.165942Z	debug	dynamo_static_buffer_ready	static prefill channel buffer readiness	connection.id=843 request.id=194597 request_id=008beb94-a966-4aae-a3df-25095cd7e600 ready_us=0 ready_offset_us=11 is_ok=true
2026-09-26T22:57:06.180239Z	debug	dynamo_static_rpc_split	static prefill RPC split	connection.id=890 request.id=194455 request_id=dd2e8ffe-c87b-4991-a687-7fd09a158f00 headers_us=31918 stream_us=12
2026-09-26T22:57:06.193045Z	debug	dynamo_static_rpc_split	static prefill RPC split	connection.id=843 request.id=194597 request_id=008beb94-a966-4aae-a3df-25095cd7e600 headers_us=27103 stream_us=9
2026-09-26T22:57:06.201232Z	debug	dynamo_static_buffer_ready	static prefill channel buffer readiness	connection.id=676 request.id=194699 request_id=c28a2fbd-23c2-43ef-9df6-e2dc65daf600 ready_us=0 ready_offset_us=1 is_ok=true
2026-09-26T22:57:06.209592Z	debug	dynamo_static_selector_rpc	static selector RPC	connection.id=890 request.id=194455 request_id=dd2e8ffe-c87b-4991-a687-7fd09a158f00 elapsed_us=29337
static_stage_us prepare=57412 prefill=31946 select=29350 decode=682 total=119390
2026-09-26T22:57:06.221719Z	debug	dynamo_static_selector_rpc	static selector RPC	connection.id=843 request.id=194597 request_id=008beb94-a966-4aae-a3df-25095cd7e600 elapsed_us=28657
static_stage_us prepare=50144 prefill=27130 select=28670 decode=1108 total=107052
2026-09-26T22:57:06.235522Z	debug	dynamo_static_rpc_split	static prefill RPC split	connection.id=676 request.id=194699 request_id=c28a2fbd-23c2-43ef-9df6-e2dc65daf600 headers_us=34262 stream_us=28
2026-09-26T22:57:06.259111Z	debug	dynamo_static_buffer_ready	static prefill channel buffer readiness	connection.id=158 request.id=195154 request_id=347730be-59fa-498c-8357-cb6cc9a9b700 ready_us=0 ready_offset_us=4 is_ok=true
2026-09-26T22:57:06.261574Z	debug	dynamo_static_selector_rpc	static selector RPC	connection.id=676 request.id=194699 request_id=c28a2fbd-23c2-43ef-9df6-e2dc65daf600 elapsed_us=26038
2026-09-26T22:57:06.266265Z	debug	dynamo_static_buffer_ready	static prefill channel buffer readiness	connection.id=138 request.id=195188 request_id=2232c304-de72-439a-ac95-659b5ed9b800 ready_us=0 ready_offset_us=5 is_ok=true
static_stage_us prepare=60033 prefill=34304 select=26051 decode=4816 total=125204
2026-09-26T22:57:06.288253Z	debug	dynamo_static_rpc_split	static prefill RPC split	connection.id=138 request.id=195188 request_id=2232c304-de72-439a-ac95-659b5ed9b800 headers_us=21964 stream_us=28
2026-09-26T22:57:06.288329Z	debug	dynamo_static_rpc_split	static prefill RPC split	connection.id=158 request.id=195154 request_id=347730be-59fa-498c-8357-cb6cc9a9b700 headers_us=29257 stream_us=30
2026-09-26T22:57:06.294930Z	debug	dynamo_static_buffer_ready	static prefill channel buffer readiness	connection.id=919 request.id=195391 request_id=10eb9f75-53b6-499d-8c75-105d9f47c100 ready_us=0 ready_offset_us=6 is_ok=true
2026-09-26T22:57:06.313094Z	debug	dynamo_static_selector_rpc	static selector RPC	connection.id=138 request.id=195188 request_id=2232c304-de72-439a-ac95-659b5ed9b800 elapsed_us=24825
static_stage_us prepare=59029 prefill=22010 select=24839 decode=655 total=106533
2026-09-26T22:57:06.316929Z	debug	dynamo_static_selector_rpc	static selector RPC	connection.id=158 request.id=195154 request_id=347730be-59fa-498c-8357-cb6cc9a9b700 elapsed_us=28586
static_stage_us prepare=57538 prefill=29300 select=28612 decode=913 total=116363
2026-09-26T22:57:06.323744Z	debug	dynamo_static_rpc_split	static prefill RPC split	connection.id=919 request.id=195391 request_id=10eb9f75-53b6-499d-8c75-105d9f47c100 headers_us=28816 stream_us=3
2026-09-26T22:57:06.325490Z	debug	dynamo_static_buffer_ready	static prefill channel buffer readiness	connection.id=154 request.id=195534 request_id=ff7ec994-82dc-46c2-800c-18edf31fb400 ready_us=0 ready_offset_us=21 is_ok=true
2026-09-26T22:57:06.352543Z	debug	dynamo_static_rpc_split	static prefill RPC split	connection.id=154 request.id=195534 request_id=ff7ec994-82dc-46c2-800c-18edf31fb400 headers_us=27072 stream_us=2
2026-09-26T22:57:06.358579Z	debug	dynamo_static_selector_rpc	static selector RPC	connection.id=919 request.id=195391 request_id=10eb9f75-53b6-499d-8c75-105d9f47c100 elapsed_us=34802
static_stage_us prepare=53803 prefill=28853 select=34816 decode=749 total=118221
2026-09-26T22:57:06.384533Z	debug	dynamo_static_selector_rpc	static selector RPC	connection.id=154 request.id=195534 request_id=ff7ec994-82dc-46c2-800c-18edf31fb400 elapsed_us=31978
static_stage_us prepare=47889 prefill=27088 select=31999 decode=2363 total=109339
2026-09-26T22:57:06.407244Z	debug	dynamo_static_buffer_ready	static prefill channel buffer readiness	connection.id=369 request.id=196070 request_id=6cf228b2-2905-4b1d-9015-8f789d75a200 ready_us=0 ready_offset_us=5 is_ok=true
2026-09-26T22:57:06.438640Z	debug	dynamo_static_rpc_split	static prefill RPC split	connection.id=369 request.id=196070 request_id=6cf228b2-2905-4b1d-9015-8f789d75a200 headers_us=31393 stream_us=7
2026-09-26T22:57:06.465944Z	debug	dynamo_static_selector_rpc	static selector RPC	connection.id=369 request.id=196070 request_id=6cf228b2-2905-4b1d-9015-8f789d75a200 elapsed_us=27261
static_stage_us prepare=60506 prefill=31443 select=27276 decode=1242 total=120467
2026-09-26T22:57:06.475027Z	debug	dynamo_static_buffer_ready	static prefill channel buffer readiness	connection.id=944 request.id=196514 request_id=21c3ddef-30f4-408b-b087-6782a7ad5400 ready_us=0 ready_offset_us=4 is_ok=true
2026-09-26T22:57:06.501289Z	debug	dynamo_static_rpc_split	static prefill RPC split	connection.id=944 request.id=196514 request_id=21c3ddef-30f4-408b-b087-6782a7ad5400 headers_us=26255 stream_us=10
2026-09-26T22:57:06.527067Z	debug	dynamo_static_selector_rpc	static selector RPC	connection.id=944 request.id=196514 request_id=21c3ddef-30f4-408b-b087-6782a7ad5400 elapsed_us=25764
static_stage_us prepare=47895 prefill=26280 select=25778 decode=1088 total=101041
2026-09-26T22:57:06.599268Z	debug	dynamo_static_buffer_ready	static prefill channel buffer readiness	connection.id=430 request.id=197240 request_id=6ee78ff8-a869-40ba-9360-e3c71390f900 ready_us=0 ready_offset_us=27 is_ok=true
2026-09-26T22:57:06.628350Z	debug	dynamo_static_rpc_split	static prefill RPC split	connection.id=430 request.id=197240 request_id=6ee78ff8-a869-40ba-9360-e3c71390f900 headers_us=29105 stream_us=3
2026-09-26T22:57:06.639906Z	debug	dynamo_static_buffer_ready	static prefill channel buffer readiness	connection.id=207 request.id=197523 request_id=68d43faf-4f15-4b7b-a24d-440cd5313400 ready_us=0 ready_offset_us=1 is_ok=true
2026-09-26T22:57:06.660295Z	debug	dynamo_static_selector_rpc	static selector RPC	connection.id=430 request.id=197240 request_id=6ee78ff8-a869-40ba-9360-e3c71390f900 elapsed_us=31928
static_stage_us prepare=52917 prefill=29126 select=31943 decode=786 total=114772
2026-09-26T22:57:06.664286Z	debug	dynamo_static_rpc_split	static prefill RPC split	connection.id=207 request.id=197523 request_id=68d43faf-4f15-4b7b-a24d-440cd5313400 headers_us=24367 stream_us=14
2026-09-26T22:57:06.690766Z	debug	dynamo_static_selector_rpc	static selector RPC	connection.id=207 request.id=197523 request_id=68d43faf-4f15-4b7b-a24d-440cd5313400 elapsed_us=26464
static_stage_us prepare=57915 prefill=24398 select=26479 decode=1117 total=109909
2026-09-26T22:57:06.762616Z	debug	dynamo_static_buffer_ready	static prefill channel buffer readiness	connection.id=818 request.id=198220 request_id=00870e08-2525-4d88-9f6d-91ca0b127a00 ready_us=0 ready_offset_us=2 is_ok=true
2026-09-26T22:57:06.762696Z	debug	dynamo_static_buffer_ready	static prefill channel buffer readiness	connection.id=457 request.id=198235 request_id=5b60996f-0ffb-4b92-8c8e-c1474adcb800 ready_us=0 ready_offset_us=4 is_ok=true
2026-09-26T22:57:06.795139Z	debug	dynamo_static_rpc_split	static prefill RPC split	connection.id=457 request.id=198235 request_id=5b60996f-0ffb-4b92-8c8e-c1474adcb800 headers_us=32410 stream_us=37
2026-09-26T22:57:06.795564Z	debug	dynamo_static_rpc_split	static prefill RPC split	connection.id=818 request.id=198220 request_id=00870e08-2525-4d88-9f6d-91ca0b127a00 headers_us=32890 stream_us=64
2026-09-26T22:57:06.822019Z	debug	dynamo_static_selector_rpc	static selector RPC	connection.id=457 request.id=198235 request_id=5b60996f-0ffb-4b92-8c8e-c1474adcb800 elapsed_us=26860
static_stage_us prepare=60482 prefill=32467 select=26874 decode=1684 total=121507
2026-09-26T22:57:06.825631Z	debug	dynamo_static_selector_rpc	static selector RPC	connection.id=818 request.id=198220 request_id=00870e08-2525-4d88-9f6d-91ca0b127a00 elapsed_us=30040
static_stage_us prepare=61304 prefill=32982 select=30053 decode=1643 total=125982
2026-09-26T22:57:06.927902Z	debug	dynamo_static_buffer_ready	static prefill channel buffer readiness	connection.id=675 request.id=199196 request_id=b354b211-2bcf-4520-b98f-8bcad9743100 ready_us=0 ready_offset_us=3 is_ok=true
2026-09-26T22:57:06.927928Z	debug	dynamo_static_buffer_ready	static prefill channel buffer readiness	connection.id=355 request.id=199206 request_id=c098bc48-346f-4c20-b80a-60f51e048800 ready_us=0 ready_offset_us=4 is_ok=true
2026-09-26T22:57:06.928640Z	debug	dynamo_static_buffer_ready	static prefill channel buffer readiness	connection.id=663 request.id=199269 request_id=31c5e365-b0f1-4c2b-8038-65d10aabaa00 ready_us=0 ready_offset_us=2 is_ok=true
2026-09-26T22:57:06.950274Z	debug	dynamo_static_rpc_split	static prefill RPC split	connection.id=675 request.id=199196 request_id=b354b211-2bcf-4520-b98f-8bcad9743100 headers_us=22368 stream_us=7
2026-09-26T22:57:06.952897Z	debug	dynamo_static_rpc_split	static prefill RPC split	connection.id=663 request.id=199269 request_id=31c5e365-b0f1-4c2b-8038-65d10aabaa00 headers_us=24235 stream_us=24
2026-09-26T22:57:06.956616Z	debug	dynamo_static_rpc_split	static prefill RPC split	connection.id=355 request.id=199206 request_id=c098bc48-346f-4c20-b80a-60f51e048800 headers_us=28682 stream_us=8
static_stage_us prepare=59826 prefill=22401 select=30324 decode=1919 total=114470
2026-09-26T22:57:06.980608Z	debug	dynamo_static_selector_rpc	static selector RPC	connection.id=675 request.id=199196 request_id=b354b211-2bcf-4520-b98f-8bcad9743100 elapsed_us=30308
2026-09-26T22:57:06.984670Z	debug	dynamo_static_selector_rpc	static selector RPC	connection.id=663 request.id=199269 request_id=31c5e365-b0f1-4c2b-8038-65d10aabaa00 elapsed_us=31758
2026-09-26T22:57:06.987052Z	debug	dynamo_static_selector_rpc	static selector RPC	connection.id=355 request.id=199206 request_id=c098bc48-346f-4c20-b80a-60f51e048800 elapsed_us=30419
static_stage_us prepare=51549 prefill=24274 select=31770 decode=2615 total=110208
static_stage_us prepare=58529 prefill=28708 select=30432 decode=1123 total=118792
2026-09-26T22:57:07.041791Z	debug	dynamo_static_buffer_ready	static prefill channel buffer readiness	connection.id=908 request.id=199991 request_id=15d6fb0f-385e-4760-8ee1-153720a09f00 ready_us=0 ready_offset_us=2 is_ok=true
2026-09-26T22:57:07.075405Z	debug	dynamo_static_buffer_ready	static prefill channel buffer readiness	connection.id=856 request.id=200125 request_id=d4c05a9b-dfaa-4aaf-93e8-48336c353f00 ready_us=1 ready_offset_us=9 is_ok=true
2026-09-26T22:57:07.079022Z	debug	dynamo_static_rpc_split	static prefill RPC split	connection.id=908 request.id=199991 request_id=15d6fb0f-385e-4760-8ee1-153720a09f00 headers_us=37220 stream_us=12
2026-09-26T22:57:07.102415Z	debug	dynamo_static_rpc_split	static prefill RPC split	connection.id=856 request.id=200125 request_id=d4c05a9b-dfaa-4aaf-93e8-48336c353f00 headers_us=26996 stream_us=21
static_stage_us prepare=43290 prefill=37254 select=35677 decode=749 total=116970
2026-09-26T22:57:07.114703Z	debug	dynamo_static_selector_rpc	static selector RPC	connection.id=908 request.id=199991 request_id=15d6fb0f-385e-4760-8ee1-153720a09f00 elapsed_us=35660
2026-09-26T22:57:07.121956Z	debug	dynamo_static_buffer_ready	static prefill channel buffer readiness	connection.id=448 request.id=200474 request_id=c872c4bd-4c4d-427b-a41d-c70a6e10fd00 ready_us=0 ready_offset_us=3 is_ok=true
2026-09-26T22:57:07.130694Z	debug	dynamo_static_selector_rpc	static selector RPC	connection.id=856 request.id=200125 request_id=d4c05a9b-dfaa-4aaf-93e8-48336c353f00 elapsed_us=28264
static_stage_us prepare=57652 prefill=27035 select=28277 decode=1136 total=114100
2026-09-26T22:57:07.135610Z	debug	dynamo_static_buffer_ready	static prefill channel buffer readiness	connection.id=392 request.id=200556 request_id=88832a22-5c67-46bc-9486-6ba237b22a00 ready_us=0 ready_offset_us=3 is_ok=true
2026-09-26T22:57:07.155383Z	debug	dynamo_static_rpc_split	static prefill RPC split	connection.id=448 request.id=200474 request_id=c872c4bd-4c4d-427b-a41d-c70a6e10fd00 headers_us=33414 stream_us=15
2026-09-26T22:57:07.168638Z	debug	dynamo_static_rpc_split	static prefill RPC split	connection.id=392 request.id=200556 request_id=88832a22-5c67-46bc-9486-6ba237b22a00 headers_us=33027 stream_us=3
2026-09-26T22:57:07.185669Z	debug	dynamo_static_buffer_ready	static prefill channel buffer readiness	connection.id=203 request.id=200795 request_id=8d93fe2e-d2ef-4421-8eb4-fa775972c200 ready_us=0 ready_offset_us=5 is_ok=true
2026-09-26T22:57:07.186374Z	debug	dynamo_static_selector_rpc	static selector RPC	connection.id=448 request.id=200474 request_id=c872c4bd-4c4d-427b-a41d-c70a6e10fd00 elapsed_us=30960
static_stage_us prepare=48473 prefill=33461 select=30977 decode=1055 total=113966
2026-09-26T22:57:07.195861Z	debug	dynamo_static_selector_rpc	static selector RPC	connection.id=392 request.id=200556 request_id=88832a22-5c67-46bc-9486-6ba237b22a00 elapsed_us=27207
static_stage_us prepare=52172 prefill=33047 select=27221 decode=1811 total=114251
2026-09-26T22:57:07.204118Z	debug	dynamo_static_buffer_ready	static prefill channel buffer readiness	connection.id=688 request.id=200918 request_id=25e5889f-3aab-4cb6-a532-e4a6e90e1500 ready_us=1 ready_offset_us=3 is_ok=true
2026-09-26T22:57:07.213046Z	debug	dynamo_static_rpc_split	static prefill RPC split	connection.id=203 request.id=200795 request_id=8d93fe2e-d2ef-4421-8eb4-fa775972c200 headers_us=27371 stream_us=10
2026-09-26T22:57:07.228446Z	debug	dynamo_static_buffer_ready	static prefill channel buffer readiness	connection.id=734 request.id=201122 request_id=6ae3d3b0-423b-42ff-90ce-3615dd333c00 ready_us=0 ready_offset_us=3 is_ok=true
2026-09-26T22:57:07.229699Z	debug	dynamo_static_buffer_ready	static prefill channel buffer readiness	connection.id=147 request.id=201098 request_id=172555b4-93d4-4c3b-ba87-897584235600 ready_us=0 ready_offset_us=2 is_ok=true
2026-09-26T22:57:07.230128Z	debug	dynamo_static_rpc_split	static prefill RPC split	connection.id=688 request.id=200918 request_id=25e5889f-3aab-4cb6-a532-e4a6e90e1500 headers_us=26006 stream_us=7
2026-09-26T22:57:07.245448Z	debug	dynamo_static_selector_rpc	static selector RPC	connection.id=203 request.id=200795 request_id=8d93fe2e-d2ef-4421-8eb4-fa775972c200 elapsed_us=32388
static_stage_us prepare=55735 prefill=27395 select=32403 decode=1467 total=117000
2026-09-26T22:57:07.252122Z	debug	dynamo_static_rpc_split	static prefill RPC split	connection.id=734 request.id=201122 request_id=6ae3d3b0-423b-42ff-90ce-3615dd333c00 headers_us=23674 stream_us=4
2026-09-26T22:57:07.258281Z	debug	dynamo_static_rpc_split	static prefill RPC split	connection.id=147 request.id=201098 request_id=172555b4-93d4-4c3b-ba87-897584235600 headers_us=28560 stream_us=22
2026-09-26T22:57:07.261188Z	debug	dynamo_static_selector_rpc	static selector RPC	connection.id=688 request.id=200918 request_id=25e5889f-3aab-4cb6-a532-e4a6e90e1500 elapsed_us=31048
static_stage_us prepare=56694 prefill=26024 select=31061 decode=754 total=114533
2026-09-26T22:57:07.274943Z	debug	dynamo_static_buffer_ready	static prefill channel buffer readiness	connection.id=783 request.id=201358 request_id=c9b2e253-eaad-44b8-be81-d8f57a424e00 ready_us=10 ready_offset_us=13 is_ok=true
2026-09-26T22:57:07.282829Z	debug	dynamo_static_selector_rpc	static selector RPC	connection.id=734 request.id=201122 request_id=6ae3d3b0-423b-42ff-90ce-3615dd333c00 elapsed_us=30688
static_stage_us prepare=48684 prefill=23698 select=30699 decode=1157 total=104238
2026-09-26T22:57:07.283877Z	debug	dynamo_static_selector_rpc	static selector RPC	connection.id=147 request.id=201098 request_id=172555b4-93d4-4c3b-ba87-897584235600 elapsed_us=25578
static_stage_us prepare=52668 prefill=28601 select=25589 decode=1468 total=108326
2026-09-26T22:57:07.288326Z	debug	dynamo_static_buffer_ready	static prefill channel buffer readiness	connection.id=240 request.id=201495 request_id=c5bdfe61-7ec2-4b4a-a781-2e5a8e2d9700 ready_us=0 ready_offset_us=3 is_ok=true
2026-09-26T22:57:07.288441Z	debug	dynamo_static_buffer_ready	static prefill channel buffer readiness	connection.id=262 request.id=201512 request_id=51239dde-5d2c-4753-870b-e8f36b85c100 ready_us=0 ready_offset_us=2 is_ok=true
2026-09-26T22:57:07.301162Z	debug	dynamo_static_rpc_split	static prefill RPC split	connection.id=783 request.id=201358 request_id=c9b2e253-eaad-44b8-be81-d8f57a424e00 headers_us=26188 stream_us=43
2026-09-26T22:57:07.306673Z	debug	dynamo_static_buffer_ready	static prefill channel buffer readiness	connection.id=905 request.id=201586 request_id=7e1ea9c3-115b-46a7-8785-2645c8c12900 ready_us=0 ready_offset_us=3 is_ok=true
2026-09-26T22:57:07.318192Z	debug	dynamo_static_rpc_split	static prefill RPC split	connection.id=240 request.id=201495 request_id=c5bdfe61-7ec2-4b4a-a781-2e5a8e2d9700 headers_us=29857 stream_us=11
2026-09-26T22:57:07.320153Z	debug	dynamo_static_rpc_split	static prefill RPC split	connection.id=262 request.id=201512 request_id=51239dde-5d2c-4753-870b-e8f36b85c100 headers_us=31707 stream_us=7
2026-09-26T22:57:07.329429Z	debug	dynamo_static_selector_rpc	static selector RPC	connection.id=783 request.id=201358 request_id=c9b2e253-eaad-44b8-be81-d8f57a424e00 elapsed_us=28256
2026-09-26T22:57:07.329837Z	debug	dynamo_static_rpc_split	static prefill RPC split	connection.id=905 request.id=201586 request_id=7e1ea9c3-115b-46a7-8785-2645c8c12900 headers_us=23163 stream_us=4
2026-09-26T22:57:07.329903Z	debug	dynamo_static_buffer_ready	static prefill channel buffer readiness	connection.id=628 request.id=201748 request_id=c3e89ff0-a531-45bb-a1c5-abbae6e3fc00 ready_us=0 ready_offset_us=3 is_ok=true
2026-09-26T22:57:07.330192Z	debug	dynamo_static_buffer_ready	static prefill channel buffer readiness	connection.id=220 request.id=201718 request_id=3795f19f-843b-4cb0-b620-639263ac5c00 ready_us=0 ready_offset_us=6 is_ok=true
static_stage_us prepare=57366 prefill=26242 select=28268 decode=2663 total=114539
2026-09-26T22:57:07.337677Z	debug	dynamo_static_selector_rpc	static selector RPC	connection.id=262 request.id=201512 request_id=51239dde-5d2c-4753-870b-e8f36b85c100 elapsed_us=17509
2026-09-26T22:57:07.337743Z	debug	dynamo_static_selector_rpc	static selector RPC	connection.id=240 request.id=201495 request_id=c5bdfe61-7ec2-4b4a-a781-2e5a8e2d9700 elapsed_us=19537
2026-09-26T22:57:07.342184Z	debug	dynamo_static_buffer_ready	static prefill channel buffer readiness	connection.id=212 request.id=201835 request_id=a3fa4ee2-46fb-4f71-9731-0832954c6e00 ready_us=0 ready_offset_us=2 is_ok=true
static_stage_us prepare=51128 prefill=31729 select=17519 decode=4620 total=104996
static_stage_us prepare=52692 prefill=29884 select=19553 decode=4576 total=106705
2026-09-26T22:57:07.354197Z	debug	dynamo_static_selector_rpc	static selector RPC	connection.id=905 request.id=201586 request_id=7e1ea9c3-115b-46a7-8785-2645c8c12900 elapsed_us=24349
static_stage_us prepare=56741 prefill=23179 select=24363 decode=848 total=105131
2026-09-26T22:57:07.355632Z	debug	dynamo_static_rpc_split	static prefill RPC split	connection.id=628 request.id=201748 request_id=c3e89ff0-a531-45bb-a1c5-abbae6e3fc00 headers_us=25720 stream_us=11
2026-09-26T22:57:07.357913Z	debug	dynamo_static_rpc_split	static prefill RPC split	connection.id=220 request.id=201718 request_id=3795f19f-843b-4cb0-b620-639263ac5c00 headers_us=27684 stream_us=43
2026-09-26T22:57:07.365425Z	debug	dynamo_static_rpc_split	static prefill RPC split	connection.id=212 request.id=201835 request_id=a3fa4ee2-46fb-4f71-9731-0832954c6e00 headers_us=23223 stream_us=18
2026-09-26T22:57:07.376330Z	debug	dynamo_static_selector_rpc	static selector RPC	connection.id=628 request.id=201748 request_id=c3e89ff0-a531-45bb-a1c5-abbae6e3fc00 elapsed_us=20681
static_stage_us prepare=52889 prefill=25749 select=20694 decode=986 total=100318
2026-09-26T22:57:07.389658Z	debug	dynamo_static_selector_rpc	static selector RPC	connection.id=220 request.id=201718 request_id=3795f19f-843b-4cb0-b620-639263ac5c00 elapsed_us=31611
static_stage_us prepare=57774 prefill=27861 select=31625 decode=3298 total=120558
2026-09-26T22:57:07.396174Z	debug	dynamo_static_selector_rpc	static selector RPC	connection.id=212 request.id=201835 request_id=a3fa4ee2-46fb-4f71-9731-0832954c6e00 elapsed_us=30729
static_stage_us prepare=53252 prefill=23263 select=30743 decode=4726 total=111984
2026-09-26T22:57:07.487876Z	debug	dynamo_static_buffer_ready	static prefill channel buffer readiness	connection.id=834 request.id=202760 request_id=def11296-9079-4364-84a4-4334eeb81a00 ready_us=0 ready_offset_us=4 is_ok=true
2026-09-26T22:57:07.515454Z	debug	dynamo_static_buffer_ready	static prefill channel buffer readiness	connection.id=501 request.id=203018 request_id=57353ce3-9bff-442c-a955-f967fcf98300 ready_us=0 ready_offset_us=2 is_ok=true
2026-09-26T22:57:07.518802Z	debug	dynamo_static_rpc_split	static prefill RPC split	connection.id=834 request.id=202760 request_id=def11296-9079-4364-84a4-4334eeb81a00 headers_us=30918 stream_us=11
2026-09-26T22:57:07.538052Z	debug	dynamo_static_buffer_ready	static prefill channel buffer readiness	connection.id=829 request.id=203053 request_id=61841c29-ffe7-43fb-929b-68d3769fa200 ready_us=0 ready_offset_us=2 is_ok=true
2026-09-26T22:57:07.545985Z	debug	dynamo_static_rpc_split	static prefill RPC split	connection.id=501 request.id=203018 request_id=57353ce3-9bff-442c-a955-f967fcf98300 headers_us=30529 stream_us=4
2026-09-26T22:57:07.546887Z	debug	dynamo_static_selector_rpc	static selector RPC	connection.id=834 request.id=202760 request_id=def11296-9079-4364-84a4-4334eeb81a00 elapsed_us=28048
static_stage_us prepare=54368 prefill=30966 select=28059 decode=930 total=114323
2026-09-26T22:57:07.569130Z	debug	dynamo_static_rpc_split	static prefill RPC split	connection.id=829 request.id=203053 request_id=61841c29-ffe7-43fb-929b-68d3769fa200 headers_us=31068 stream_us=11
2026-09-26T22:57:07.572432Z	debug	dynamo_static_selector_rpc	static selector RPC	connection.id=501 request.id=203018 request_id=57353ce3-9bff-442c-a955-f967fcf98300 elapsed_us=26435
static_stage_us prepare=39690 prefill=30547 select=26444 decode=1083 total=97764
2026-09-26T22:57:07.606301Z	debug	dynamo_static_selector_rpc	static selector RPC	connection.id=829 request.id=203053 request_id=61841c29-ffe7-43fb-929b-68d3769fa200 elapsed_us=37152
static_stage_us prepare=59671 prefill=31099 select=37166 decode=1503 total=129439
2026-09-26T22:57:07.619780Z	debug	dynamo_static_buffer_ready	static prefill channel buffer readiness	connection.id=698 request.id=203583 request_id=55c20b83-daa5-410c-801c-fb3f3c9d1f00 ready_us=0 ready_offset_us=5 is_ok=true
2026-09-26T22:57:07.655436Z	debug	dynamo_static_rpc_split	static prefill RPC split	connection.id=698 request.id=203583 request_id=55c20b83-daa5-410c-801c-fb3f3c9d1f00 headers_us=35655 stream_us=5
2026-09-26T22:57:07.680120Z	debug	dynamo_static_selector_rpc	static selector RPC	connection.id=698 request.id=203583 request_id=55c20b83-daa5-410c-801c-fb3f3c9d1f00 elapsed_us=24660
static_stage_us prepare=56431 prefill=35686 select=24674 decode=1176 total=117967
2026-09-26T22:57:07.689106Z	debug	dynamo_static_buffer_ready	static prefill channel buffer readiness	connection.id=322 request.id=204034 request_id=99fbb120-b5d5-4011-9c75-e4d623956800 ready_us=0 ready_offset_us=6 is_ok=true
2026-09-26T22:57:07.689113Z	debug	dynamo_static_buffer_ready	static prefill channel buffer readiness	connection.id=860 request.id=204037 request_id=435f759a-34cd-4bb1-81b8-53b836a5e600 ready_us=0 ready_offset_us=12 is_ok=true
2026-09-26T22:57:07.724238Z	debug	dynamo_static_rpc_split	static prefill RPC split	connection.id=860 request.id=204037 request_id=435f759a-34cd-4bb1-81b8-53b836a5e600 headers_us=35105 stream_us=31
2026-09-26T22:57:07.724379Z	debug	dynamo_static_rpc_split	static prefill RPC split	connection.id=322 request.id=204034 request_id=99fbb120-b5d5-4011-9c75-e4d623956800 headers_us=35274 stream_us=4
2026-09-26T22:57:07.745956Z	debug	dynamo_static_buffer_ready	static prefill channel buffer readiness	connection.id=798 request.id=204355 request_id=38fedf02-eb17-4efb-b419-26ca11f53900 ready_us=0 ready_offset_us=5 is_ok=true
2026-09-26T22:57:07.746216Z	debug	dynamo_static_selector_rpc	static selector RPC	connection.id=322 request.id=204034 request_id=99fbb120-b5d5-4011-9c75-e4d623956800 elapsed_us=21823
2026-09-26T22:57:07.746281Z	debug	dynamo_static_selector_rpc	static selector RPC	connection.id=860 request.id=204037 request_id=435f759a-34cd-4bb1-81b8-53b836a5e600 elapsed_us=22023
static_stage_us prepare=47272 prefill=35157 select=22034 decode=1554 total=106017
static_stage_us prepare=47993 prefill=35294 select=21843 decode=1831 total=106961
2026-09-26T22:57:07.754204Z	debug	dynamo_static_buffer_ready	static prefill channel buffer readiness	connection.id=821 request.id=204382 request_id=31ab6fb9-452e-4dc3-86cd-c103fa4c4a00 ready_us=0 ready_offset_us=4 is_ok=true
2026-09-26T22:57:07.791547Z	debug	dynamo_static_buffer_ready	static prefill channel buffer readiness	connection.id=520 request.id=204527 request_id=e1d4e844-ce27-4e95-978a-3ac73f815000 ready_us=0 ready_offset_us=4 is_ok=true
2026-09-26T22:57:07.791836Z	debug	dynamo_static_rpc_split	static prefill RPC split	connection.id=798 request.id=204355 request_id=38fedf02-eb17-4efb-b419-26ca11f53900 headers_us=45881 stream_us=3
2026-09-26T22:57:07.791891Z	debug	dynamo_static_rpc_split	static prefill RPC split	connection.id=821 request.id=204382 request_id=31ab6fb9-452e-4dc3-86cd-c103fa4c4a00 headers_us=37684 stream_us=6
2026-09-26T22:57:07.807763Z	debug	dynamo_static_buffer_ready	static prefill channel buffer readiness	connection.id=191 request.id=204803 request_id=104b3bac-e3b0-4bd4-9a27-7cbab8ff5f00 ready_us=0 ready_offset_us=15 is_ok=true
2026-09-26T22:57:07.825144Z	debug	dynamo_static_rpc_split	static prefill RPC split	connection.id=520 request.id=204527 request_id=e1d4e844-ce27-4e95-978a-3ac73f815000 headers_us=33595 stream_us=4
2026-09-26T22:57:07.839522Z	debug	dynamo_static_selector_rpc	static selector RPC	connection.id=821 request.id=204382 request_id=31ab6fb9-452e-4dc3-86cd-c103fa4c4a00 elapsed_us=47623
2026-09-26T22:57:07.846671Z	debug	dynamo_static_buffer_ready	static prefill channel buffer readiness	connection.id=184 request.id=204919 request_id=d2c122fa-4f72-416f-83f1-61693e4a1d00 ready_us=0 ready_offset_us=3 is_ok=true
2026-09-26T22:57:07.846731Z	debug	dynamo_static_selector_rpc	static selector RPC	connection.id=520 request.id=204527 request_id=e1d4e844-ce27-4e95-978a-3ac73f815000 elapsed_us=21570
2026-09-26T22:57:07.846778Z	debug	dynamo_static_rpc_split	static prefill RPC split	connection.id=191 request.id=204803 request_id=104b3bac-e3b0-4bd4-9a27-7cbab8ff5f00 headers_us=39022 stream_us=8
2026-09-26T22:57:07.847507Z	debug	dynamo_static_selector_rpc	static selector RPC	connection.id=798 request.id=204355 request_id=38fedf02-eb17-4efb-b419-26ca11f53900 elapsed_us=55659
static_stage_us prepare=58728 prefill=37700 select=47638 decode=10341 total=154407
static_stage_us prepare=69646 prefill=33618 select=21578 decode=8041 total=132883
static_stage_us prepare=54932 prefill=45896 select=55673 decode=12584 total=169085
2026-09-26T22:57:07.870213Z	debug	dynamo_static_selector_rpc	static selector RPC	connection.id=191 request.id=204803 request_id=104b3bac-e3b0-4bd4-9a27-7cbab8ff5f00 elapsed_us=23426
2026-09-26T22:57:07.872135Z	debug	dynamo_static_rpc_split	static prefill RPC split	connection.id=184 request.id=204919 request_id=d2c122fa-4f72-416f-83f1-61693e4a1d00 headers_us=25458 stream_us=8
static_stage_us prepare=39820 prefill=39040 select=23465 decode=4286 total=106611
2026-09-26T22:57:07.893190Z	debug	dynamo_static_selector_rpc	static selector RPC	connection.id=184 request.id=204919 request_id=d2c122fa-4f72-416f-83f1-61693e4a1d00 elapsed_us=21027
static_stage_us prepare=48608 prefill=25495 select=21040 decode=1485 total=96628
2026-09-26T22:57:07.923547Z	debug	dynamo_static_buffer_ready	static prefill channel buffer readiness	connection.id=236 request.id=205376 request_id=ba7b7b6c-29cc-4733-905f-42d618564e00 ready_us=0 ready_offset_us=7 is_ok=true
2026-09-26T22:57:07.954213Z	debug	dynamo_static_rpc_split	static prefill RPC split	connection.id=236 request.id=205376 request_id=ba7b7b6c-29cc-4733-905f-42d618564e00 headers_us=30628 stream_us=44
2026-09-26T22:57:07.987456Z	debug	dynamo_static_selector_rpc	static selector RPC	connection.id=236 request.id=205376 request_id=ba7b7b6c-29cc-4733-905f-42d618564e00 elapsed_us=33208
static_stage_us prepare=31781 prefill=30708 select=33227 decode=13677 total=109393
2026-09-26T22:57:08.001162Z	debug	dynamo_static_buffer_ready	static prefill channel buffer readiness	connection.id=868 request.id=205958 request_id=effb3956-32db-465d-a47d-684d8adf9c00 ready_us=0 ready_offset_us=7 is_ok=true
2026-09-26T22:57:08.038464Z	debug	dynamo_static_rpc_split	static prefill RPC split	connection.id=868 request.id=205958 request_id=effb3956-32db-465d-a47d-684d8adf9c00 headers_us=37299 stream_us=9
2026-09-26T22:57:08.060171Z	debug	dynamo_static_buffer_ready	static prefill channel buffer readiness	connection.id=574 request.id=206180 request_id=ade6914f-3aed-4c69-ac95-79e8c3eed600 ready_us=0 ready_offset_us=3 is_ok=true
2026-09-26T22:57:08.061692Z	debug	dynamo_static_selector_rpc	static selector RPC	connection.id=868 request.id=205958 request_id=effb3956-32db-465d-a47d-684d8adf9c00 elapsed_us=23206
static_stage_us prepare=54604 prefill=37330 select=23221 decode=1385 total=116540
2026-09-26T22:57:08.086191Z	debug	dynamo_static_rpc_split	static prefill RPC split	connection.id=574 request.id=206180 request_id=ade6914f-3aed-4c69-ac95-79e8c3eed600 headers_us=26009 stream_us=14
2026-09-26T22:57:08.123837Z	debug	dynamo_static_selector_rpc	static selector RPC	connection.id=574 request.id=206180 request_id=ade6914f-3aed-4c69-ac95-79e8c3eed600 elapsed_us=37627
static_stage_us prepare=47576 prefill=26043 select=37643 decode=2220 total=113482
2026-09-26T22:57:08.189428Z	debug	dynamo_static_buffer_ready	static prefill channel buffer readiness	connection.id=775 request.id=206954 request_id=9787ae43-3a70-4541-b4de-4b922f506700 ready_us=0 ready_offset_us=4 is_ok=true
2026-09-26T22:57:08.204930Z	debug	dynamo_static_buffer_ready	static prefill channel buffer readiness	connection.id=627 request.id=207084 request_id=e87bd9b1-5079-4348-b9c5-323e68ab2700 ready_us=0 ready_offset_us=5 is_ok=true
2026-09-26T22:57:08.217644Z	debug	dynamo_static_rpc_split	static prefill RPC split	connection.id=775 request.id=206954 request_id=9787ae43-3a70-4541-b4de-4b922f506700 headers_us=28205 stream_us=14
2026-09-26T22:57:08.237499Z	debug	dynamo_static_rpc_split	static prefill RPC split	connection.id=627 request.id=207084 request_id=e87bd9b1-5079-4348-b9c5-323e68ab2700 headers_us=32566 stream_us=7
2026-09-26T22:57:08.248704Z	debug	dynamo_static_selector_rpc	static selector RPC	connection.id=775 request.id=206954 request_id=9787ae43-3a70-4541-b4de-4b922f506700 elapsed_us=31041
static_stage_us prepare=56018 prefill=28239 select=31054 decode=1678 total=116989
2026-09-26T22:57:08.267701Z	debug	dynamo_static_buffer_ready	static prefill channel buffer readiness	connection.id=858 request.id=207464 request_id=dd5cb2af-4e80-4856-bae6-12db7fc06700 ready_us=0 ready_offset_us=4 is_ok=true
2026-09-26T22:57:08.268110Z	debug	dynamo_static_buffer_ready	static prefill channel buffer readiness	connection.id=187 request.id=207396 request_id=9c4ef47f-7277-437a-9150-6e308fdf8100 ready_us=0 ready_offset_us=4 is_ok=true
2026-09-26T22:57:08.268726Z	debug	dynamo_static_buffer_ready	static prefill channel buffer readiness	connection.id=758 request.id=207438 request_id=4dfca2c5-b56a-423f-8381-473eafa0e100 ready_us=0 ready_offset_us=5 is_ok=true
2026-09-26T22:57:08.268857Z	debug	dynamo_static_selector_rpc	static selector RPC	connection.id=627 request.id=207084 request_id=e87bd9b1-5079-4348-b9c5-323e68ab2700 elapsed_us=31332
static_stage_us prepare=53596 prefill=32601 select=31340 decode=950 total=118487
2026-09-26T22:57:08.296542Z	debug	dynamo_static_rpc_split	static prefill RPC split	connection.id=758 request.id=207438 request_id=4dfca2c5-b56a-423f-8381-473eafa0e100 headers_us=27802 stream_us=17
2026-09-26T22:57:08.298446Z	debug	dynamo_static_rpc_split	static prefill RPC split	connection.id=187 request.id=207396 request_id=9c4ef47f-7277-437a-9150-6e308fdf8100 headers_us=30332 stream_us=8
2026-09-26T22:57:08.298762Z	debug	dynamo_static_rpc_split	static prefill RPC split	connection.id=858 request.id=207464 request_id=dd5cb2af-4e80-4856-bae6-12db7fc06700 headers_us=31060 stream_us=5
2026-09-26T22:57:08.308336Z	debug	dynamo_static_buffer_ready	static prefill channel buffer readiness	connection.id=708 request.id=207672 request_id=95a440af-27e6-4023-a1df-c424ff92d200 ready_us=0 ready_offset_us=6 is_ok=true
2026-09-26T22:57:08.322070Z	debug	dynamo_static_selector_rpc	static selector RPC	connection.id=758 request.id=207438 request_id=4dfca2c5-b56a-423f-8381-473eafa0e100 elapsed_us=25507
static_stage_us prepare=56717 prefill=27843 select=25516 decode=1141 total=111217
2026-09-26T22:57:08.329659Z	debug	dynamo_static_selector_rpc	static selector RPC	connection.id=187 request.id=207396 request_id=9c4ef47f-7277-437a-9150-6e308fdf8100 elapsed_us=31198
static_stage_us prepare=60442 prefill=30355 select=31209 decode=2022 total=124028
2026-09-26T22:57:08.331876Z	debug	dynamo_static_selector_rpc	static selector RPC	connection.id=858 request.id=207464 request_id=dd5cb2af-4e80-4856-bae6-12db7fc06700 elapsed_us=33098
static_stage_us prepare=52648 prefill=31081 select=33122 decode=1177 total=118028
2026-09-26T22:57:08.345078Z	debug	dynamo_static_rpc_split	static prefill RPC split	connection.id=708 request.id=207672 request_id=95a440af-27e6-4023-a1df-c424ff92d200 headers_us=36743 stream_us=4
2026-09-26T22:57:08.351035Z	debug	dynamo_static_buffer_ready	static prefill channel buffer readiness	connection.id=685 request.id=207962 request_id=22f63fd7-9b83-4b62-83b1-7eb1c2d8d100 ready_us=0 ready_offset_us=3 is_ok=true
2026-09-26T22:57:08.378386Z	debug	dynamo_static_selector_rpc	static selector RPC	connection.id=708 request.id=207672 request_id=95a440af-27e6-4023-a1df-c424ff92d200 elapsed_us=33289
2026-09-26T22:57:08.381191Z	debug	dynamo_static_rpc_split	static prefill RPC split	connection.id=685 request.id=207962 request_id=22f63fd7-9b83-4b62-83b1-7eb1c2d8d100 headers_us=30151 stream_us=9
static_stage_us prepare=55827 prefill=36767 select=33316 decode=3968 total=129878
2026-09-26T22:57:08.384505Z	debug	dynamo_static_buffer_ready	static prefill channel buffer readiness	connection.id=237 request.id=208195 request_id=701d3972-562b-442b-8fef-9e1d15abc700 ready_us=0 ready_offset_us=5 is_ok=true
2026-09-26T22:57:08.401768Z	debug	dynamo_static_buffer_ready	static prefill channel buffer readiness	connection.id=345 request.id=208296 request_id=db0c8c16-db42-4078-a89a-85c26a9ccc00 ready_us=0 ready_offset_us=7 is_ok=true
2026-09-26T22:57:08.401774Z	debug	dynamo_static_buffer_ready	static prefill channel buffer readiness	connection.id=538 request.id=208301 request_id=8ebb1857-8fe2-4441-ba50-b326a861e000 ready_us=0 ready_offset_us=3 is_ok=true
2026-09-26T22:57:08.404626Z	debug	dynamo_static_buffer_ready	static prefill channel buffer readiness	connection.id=267 request.id=208251 request_id=71e6e4b9-81da-4ffa-b90b-5d7b6c19b600 ready_us=0 ready_offset_us=4 is_ok=true
2026-09-26T22:57:08.413509Z	debug	dynamo_static_rpc_split	static prefill RPC split	connection.id=237 request.id=208195 request_id=701d3972-562b-442b-8fef-9e1d15abc700 headers_us=28999 stream_us=9
2026-09-26T22:57:08.414341Z	debug	dynamo_static_buffer_ready	static prefill channel buffer readiness	connection.id=950 request.id=208368 request_id=0f4094f5-7ebc-4b52-8d79-9c63dd533300 ready_us=0 ready_offset_us=3 is_ok=true
2026-09-26T22:57:08.414995Z	debug	dynamo_static_selector_rpc	static selector RPC	connection.id=685 request.id=207962 request_id=22f63fd7-9b83-4b62-83b1-7eb1c2d8d100 elapsed_us=33790
static_stage_us prepare=56396 prefill=30174 select=33819 decode=3239 total=123628
2026-09-26T22:57:08.419878Z	debug	dynamo_static_buffer_ready	static prefill channel buffer readiness	connection.id=530 request.id=208360 request_id=614b3cfc-e2a1-4e9d-a806-a2cbb28e2b00 ready_us=0 ready_offset_us=2 is_ok=true
2026-09-26T22:57:08.423778Z	debug	dynamo_static_rpc_split	static prefill RPC split	connection.id=538 request.id=208301 request_id=8ebb1857-8fe2-4441-ba50-b326a861e000 headers_us=22003 stream_us=3
2026-09-26T22:57:08.429210Z	debug	dynamo_static_rpc_split	static prefill RPC split	connection.id=267 request.id=208251 request_id=71e6e4b9-81da-4ffa-b90b-5d7b6c19b600 headers_us=24583 stream_us=4
2026-09-26T22:57:08.431158Z	debug	dynamo_static_rpc_split	static prefill RPC split	connection.id=345 request.id=208296 request_id=db0c8c16-db42-4078-a89a-85c26a9ccc00 headers_us=29393 stream_us=3
2026-09-26T22:57:08.441621Z	debug	dynamo_static_selector_rpc	static selector RPC	connection.id=237 request.id=208195 request_id=701d3972-562b-442b-8fef-9e1d15abc700 elapsed_us=28098
static_stage_us prepare=42839 prefill=29022 select=28110 decode=1432 total=101403
2026-09-26T22:57:08.445805Z	debug	dynamo_static_rpc_split	static prefill RPC split	connection.id=950 request.id=208368 request_id=0f4094f5-7ebc-4b52-8d79-9c63dd533300 headers_us=31462 stream_us=4
2026-09-26T22:57:08.453883Z	debug	dynamo_static_rpc_split	static prefill RPC split	connection.id=530 request.id=208360 request_id=614b3cfc-e2a1-4e9d-a806-a2cbb28e2b00 headers_us=34001 stream_us=6
2026-09-26T22:57:08.458693Z	debug	dynamo_static_selector_rpc	static selector RPC	connection.id=267 request.id=208251 request_id=71e6e4b9-81da-4ffa-b90b-5d7b6c19b600 elapsed_us=29470
2026-09-26T22:57:08.459043Z	debug	dynamo_static_selector_rpc	static selector RPC	connection.id=538 request.id=208301 request_id=8ebb1857-8fe2-4441-ba50-b326a861e000 elapsed_us=35249
static_stage_us prepare=48317 prefill=22023 select=35263 decode=1240 total=106843
static_stage_us prepare=57548 prefill=24601 select=29482 decode=1662 total=113293
2026-09-26T22:57:08.466291Z	debug	dynamo_static_buffer_ready	static prefill channel buffer readiness	connection.id=232 request.id=208690 request_id=d8450c67-5762-4bba-964f-6113eb7b3e00 ready_us=0 ready_offset_us=2 is_ok=true
2026-09-26T22:57:08.470997Z	debug	dynamo_static_selector_rpc	static selector RPC	connection.id=345 request.id=208296 request_id=db0c8c16-db42-4078-a89a-85c26a9ccc00 elapsed_us=39826
static_stage_us prepare=48979 prefill=29409 select=39843 decode=2114 total=120345
2026-09-26T22:57:08.478737Z	debug	dynamo_static_selector_rpc	static selector RPC	connection.id=950 request.id=208368 request_id=0f4094f5-7ebc-4b52-8d79-9c63dd533300 elapsed_us=32920
static_stage_us prepare=48828 prefill=31478 select=32946 decode=1149 total=114401
2026-09-26T22:57:08.485168Z	debug	dynamo_static_selector_rpc	static selector RPC	connection.id=530 request.id=208360 request_id=614b3cfc-e2a1-4e9d-a806-a2cbb28e2b00 elapsed_us=31271
static_stage_us prepare=56335 prefill=34022 select=31283 decode=1513 total=123153
2026-09-26T22:57:08.494586Z	debug	dynamo_static_rpc_split	static prefill RPC split	connection.id=232 request.id=208690 request_id=d8450c67-5762-4bba-964f-6113eb7b3e00 headers_us=28290 stream_us=6
2026-09-26T22:57:08.501614Z	debug	dynamo_static_buffer_ready	static prefill channel buffer readiness	connection.id=858 request.id=208872 request_id=4875ff3f-8c2d-492b-bd24-4aa940c27c00 ready_us=1 ready_offset_us=9 is_ok=true
2026-09-26T22:57:08.513661Z	debug	dynamo_static_buffer_ready	static prefill channel buffer readiness	connection.id=323 request.id=209002 request_id=eaa79d71-822c-41b2-9aa1-31c6ee4a1b00 ready_us=0 ready_offset_us=7 is_ok=true
2026-09-26T22:57:08.518304Z	debug	dynamo_static_buffer_ready	static prefill channel buffer readiness	connection.id=913 request.id=209034 request_id=54ad89d9-8aa8-4861-a484-ca6dd46a1f00 ready_us=0 ready_offset_us=26 is_ok=true
2026-09-26T22:57:08.520811Z	debug	dynamo_static_buffer_ready	static prefill channel buffer readiness	connection.id=162 request.id=209051 request_id=1664bab0-f892-41c6-af0b-0c9a657d1f00 ready_us=0 ready_offset_us=3 is_ok=true
2026-09-26T22:57:08.528451Z	debug	dynamo_static_selector_rpc	static selector RPC	connection.id=232 request.id=208690 request_id=d8450c67-5762-4bba-964f-6113eb7b3e00 elapsed_us=33846
2026-09-26T22:57:08.528819Z	debug	dynamo_static_rpc_split	static prefill RPC split	connection.id=858 request.id=208872 request_id=4875ff3f-8c2d-492b-bd24-4aa940c27c00 headers_us=27169 stream_us=45
static_stage_us prepare=48212 prefill=28316 select=33858 decode=786 total=111172
2026-09-26T22:57:08.533595Z	debug	dynamo_static_buffer_ready	static prefill channel buffer readiness	connection.id=876 request.id=209069 request_id=01f61b80-c0c6-4bad-8a8b-16b6c733d000 ready_us=0 ready_offset_us=6 is_ok=true
2026-09-26T22:57:08.544492Z	debug	dynamo_static_rpc_split	static prefill RPC split	connection.id=323 request.id=209002 request_id=eaa79d71-822c-41b2-9aa1-31c6ee4a1b00 headers_us=30833 stream_us=4
2026-09-26T22:57:08.550897Z	debug	dynamo_static_rpc_split	static prefill RPC split	connection.id=913 request.id=209034 request_id=54ad89d9-8aa8-4861-a484-ca6dd46a1f00 headers_us=32615 stream_us=4
2026-09-26T22:57:08.550907Z	debug	dynamo_static_rpc_split	static prefill RPC split	connection.id=162 request.id=209051 request_id=1664bab0-f892-41c6-af0b-0c9a657d1f00 headers_us=30093 stream_us=5
2026-09-26T22:57:08.552202Z	debug	dynamo_static_selector_rpc	static selector RPC	connection.id=858 request.id=208872 request_id=4875ff3f-8c2d-492b-bd24-4aa940c27c00 elapsed_us=23373
static_stage_us prepare=52028 prefill=27224 select=23384 decode=1215 total=103851
2026-09-26T22:57:08.564500Z	debug	dynamo_static_rpc_split	static prefill RPC split	connection.id=876 request.id=209069 request_id=01f61b80-c0c6-4bad-8a8b-16b6c733d000 headers_us=30906 stream_us=6
2026-09-26T22:57:08.576904Z	debug	dynamo_static_selector_rpc	static selector RPC	connection.id=323 request.id=209002 request_id=eaa79d71-822c-41b2-9aa1-31c6ee4a1b00 elapsed_us=32392
static_stage_us prepare=47307 prefill=30857 select=32404 decode=1928 total=112496
2026-09-26T22:57:08.578866Z	debug	dynamo_static_selector_rpc	static selector RPC	connection.id=913 request.id=209034 request_id=54ad89d9-8aa8-4861-a484-ca6dd46a1f00 elapsed_us=27956
2026-09-26T22:57:08.578970Z	debug	dynamo_static_selector_rpc	static selector RPC	connection.id=162 request.id=209051 request_id=1664bab0-f892-41c6-af0b-0c9a657d1f00 elapsed_us=28053
static_stage_us prepare=47940 prefill=32633 select=27990 decode=1327 total=109890
static_stage_us prepare=48073 prefill=30109 select=28068 decode=1508 total=107758
2026-09-26T22:57:08.596360Z	debug	dynamo_static_selector_rpc	static selector RPC	connection.id=876 request.id=209069 request_id=01f61b80-c0c6-4bad-8a8b-16b6c733d000 elapsed_us=31848
static_stage_us prepare=57196 prefill=30925 select=31860 decode=2103 total=122084
2026-09-26T22:57:08.632549Z	debug	dynamo_static_buffer_ready	static prefill channel buffer readiness	connection.id=932 request.id=209704 request_id=b1e9ea5d-616c-4ae1-bd78-9bbfdd1a3f00 ready_us=0 ready_offset_us=3 is_ok=true
2026-09-26T22:57:08.633653Z	debug	dynamo_static_buffer_ready	static prefill channel buffer readiness	connection.id=553 request.id=209752 request_id=eab09f6c-83b0-4ed5-9c70-1998001ffe00 ready_us=0 ready_offset_us=3 is_ok=true
2026-09-26T22:57:08.634666Z	debug	dynamo_static_buffer_ready	static prefill channel buffer readiness	connection.id=448 request.id=209730 request_id=05ab13e5-5cdb-43f7-9884-c266dad6c400 ready_us=0 ready_offset_us=3 is_ok=true
2026-09-26T22:57:08.660618Z	debug	dynamo_static_rpc_split	static prefill RPC split	connection.id=932 request.id=209704 request_id=b1e9ea5d-616c-4ae1-bd78-9bbfdd1a3f00 headers_us=28066 stream_us=4
2026-09-26T22:57:08.662390Z	debug	dynamo_static_rpc_split	static prefill RPC split	connection.id=448 request.id=209730 request_id=05ab13e5-5cdb-43f7-9884-c266dad6c400 headers_us=27711 stream_us=15
2026-09-26T22:57:08.662657Z	debug	dynamo_static_rpc_split	static prefill RPC split	connection.id=553 request.id=209752 request_id=eab09f6c-83b0-4ed5-9c70-1998001ffe00 headers_us=29002 stream_us=3
2026-09-26T22:57:08.688257Z	debug	dynamo_static_selector_rpc	static selector RPC	connection.id=932 request.id=209704 request_id=b1e9ea5d-616c-4ae1-bd78-9bbfdd1a3f00 elapsed_us=27624
2026-09-26T22:57:08.689857Z	debug	dynamo_static_selector_rpc	static selector RPC	connection.id=448 request.id=209730 request_id=05ab13e5-5cdb-43f7-9884-c266dad6c400 elapsed_us=27427
static_stage_us prepare=55843 prefill=28088 select=27638 decode=2064 total=113633
2026-09-26T22:57:08.690378Z	debug	dynamo_static_selector_rpc	static selector RPC	connection.id=553 request.id=209752 request_id=eab09f6c-83b0-4ed5-9c70-1998001ffe00 elapsed_us=27709
static_stage_us prepare=49435 prefill=29018 select=27724 decode=3386 total=109563
static_stage_us prepare=53826 prefill=27738 select=27470 decode=4578 total=113612
2026-09-26T22:57:08.725229Z	debug	dynamo_static_buffer_ready	static prefill channel buffer readiness	connection.id=320 request.id=210312 request_id=60a5bb53-168c-48b5-b173-c6c5bdd86d00 ready_us=0 ready_offset_us=3 is_ok=true
2026-09-26T22:57:08.757294Z	debug	dynamo_static_rpc_split	static prefill RPC split	connection.id=320 request.id=210312 request_id=60a5bb53-168c-48b5-b173-c6c5bdd86d00 headers_us=32065 stream_us=3
2026-09-26T22:57:08.760100Z	debug	dynamo_static_buffer_ready	static prefill channel buffer readiness	connection.id=404 request.id=210529 request_id=61057fb3-7b19-40da-a793-17135137e000 ready_us=0 ready_offset_us=7 is_ok=true
2026-09-26T22:57:08.764785Z	debug	dynamo_static_buffer_ready	static prefill channel buffer readiness	connection.id=138 request.id=210594 request_id=6b55ee00-901b-47d6-823a-2325bab5fa00 ready_us=0 ready_offset_us=3 is_ok=true
2026-09-26T22:57:08.764834Z	debug	dynamo_static_buffer_ready	static prefill channel buffer readiness	connection.id=278 request.id=210611 request_id=24bc2c65-2997-41a2-887c-28fabc663500 ready_us=0 ready_offset_us=6 is_ok=true
2026-09-26T22:57:08.784004Z	debug	dynamo_static_selector_rpc	static selector RPC	connection.id=320 request.id=210312 request_id=60a5bb53-168c-48b5-b173-c6c5bdd86d00 elapsed_us=26692
static_stage_us prepare=44105 prefill=32087 select=26707 decode=914 total=103813
2026-09-26T22:57:08.788859Z	debug	dynamo_static_rpc_split	static prefill RPC split	connection.id=404 request.id=210529 request_id=61057fb3-7b19-40da-a793-17135137e000 headers_us=28754 stream_us=11
2026-09-26T22:57:08.795306Z	debug	dynamo_static_rpc_split	static prefill RPC split	connection.id=278 request.id=210611 request_id=24bc2c65-2997-41a2-887c-28fabc663500 headers_us=30474 stream_us=3
2026-09-26T22:57:08.797689Z	debug	dynamo_static_rpc_split	static prefill RPC split	connection.id=138 request.id=210594 request_id=6b55ee00-901b-47d6-823a-2325bab5fa00 headers_us=32902 stream_us=4
2026-09-26T22:57:08.817628Z	debug	dynamo_static_selector_rpc	static selector RPC	connection.id=404 request.id=210529 request_id=61057fb3-7b19-40da-a793-17135137e000 elapsed_us=28742
static_stage_us prepare=53117 prefill=28792 select=28756 decode=1763 total=112428
2026-09-26T22:57:08.824311Z	debug	dynamo_static_selector_rpc	static selector RPC	connection.id=278 request.id=210611 request_id=24bc2c65-2997-41a2-887c-28fabc663500 elapsed_us=28994
static_stage_us prepare=45437 prefill=30489 select=29007 decode=897 total=105830
2026-09-26T22:57:08.829115Z	debug	dynamo_static_selector_rpc	static selector RPC	connection.id=138 request.id=210594 request_id=6b55ee00-901b-47d6-823a-2325bab5fa00 elapsed_us=31412
static_stage_us prepare=48901 prefill=32921 select=31427 decode=1246 total=114495
2026-09-26T22:57:08.832132Z	debug	dynamo_static_buffer_ready	static prefill channel buffer readiness	connection.id=168 request.id=210940 request_id=255fc545-4093-4f83-9e45-6d1c61740e00 ready_us=0 ready_offset_us=4 is_ok=true
2026-09-26T22:57:08.861218Z	debug	dynamo_static_rpc_split	static prefill RPC split	connection.id=168 request.id=210940 request_id=255fc545-4093-4f83-9e45-6d1c61740e00 headers_us=29086 stream_us=3
2026-09-26T22:57:08.864079Z	debug	dynamo_static_buffer_ready	static prefill channel buffer readiness	connection.id=565 request.id=211129 request_id=a1d00cf5-275a-4331-8a00-0ff0751cd000 ready_us=0 ready_offset_us=4 is_ok=true
2026-09-26T22:57:08.891154Z	debug	dynamo_static_rpc_split	static prefill RPC split	connection.id=565 request.id=211129 request_id=a1d00cf5-275a-4331-8a00-0ff0751cd000 headers_us=27058 stream_us=19
2026-09-26T22:57:08.897355Z	debug	dynamo_static_selector_rpc	static selector RPC	connection.id=168 request.id=210940 request_id=255fc545-4093-4f83-9e45-6d1c61740e00 elapsed_us=36120
static_stage_us prepare=51020 prefill=29107 select=36132 decode=1484 total=117743
2026-09-26T22:57:08.923910Z	debug	dynamo_static_selector_rpc	static selector RPC	connection.id=565 request.id=211129 request_id=a1d00cf5-275a-4331-8a00-0ff0751cd000 elapsed_us=32738
2026-09-26T22:57:08.926245Z	debug	dynamo_static_buffer_ready	static prefill channel buffer readiness	connection.id=722 request.id=211548 request_id=e859db9f-dbf0-4214-9195-95eb6cf5d600 ready_us=0 ready_offset_us=3 is_ok=true
static_stage_us prepare=54108 prefill=27097 select=32751 decode=2847 total=116803
2026-09-26T22:57:08.953306Z	debug	dynamo_static_buffer_ready	static prefill channel buffer readiness	connection.id=734 request.id=211661 request_id=3848955b-d04c-44f4-828b-df087ab49800 ready_us=0 ready_offset_us=3 is_ok=true
2026-09-26T22:57:08.958277Z	debug	dynamo_static_rpc_split	static prefill RPC split	connection.id=722 request.id=211548 request_id=e859db9f-dbf0-4214-9195-95eb6cf5d600 headers_us=32024 stream_us=12
2026-09-26T22:57:08.961915Z	debug	dynamo_static_buffer_ready	static prefill channel buffer readiness	connection.id=653 request.id=211794 request_id=2db4719e-1a6f-4a97-ab7b-4d24695bf700 ready_us=0 ready_offset_us=3 is_ok=true
2026-09-26T22:57:08.978228Z	debug	dynamo_static_buffer_ready	static prefill channel buffer readiness	connection.id=682 request.id=211826 request_id=7d9bfdce-2479-49cb-b3e8-c93b2a025800 ready_us=0 ready_offset_us=4 is_ok=true
2026-09-26T22:57:08.993562Z	debug	dynamo_static_rpc_split	static prefill RPC split	connection.id=734 request.id=211661 request_id=3848955b-d04c-44f4-828b-df087ab49800 headers_us=40254 stream_us=3
2026-09-26T22:57:08.998266Z	debug	dynamo_static_selector_rpc	static selector RPC	connection.id=722 request.id=211548 request_id=e859db9f-dbf0-4214-9195-95eb6cf5d600 elapsed_us=39975
static_stage_us prepare=50240 prefill=32050 select=39992 decode=2175 total=124457
2026-09-26T22:57:09.000918Z	debug	dynamo_static_rpc_split	static prefill RPC split	connection.id=653 request.id=211794 request_id=2db4719e-1a6f-4a97-ab7b-4d24695bf700 headers_us=38996 stream_us=10
2026-09-26T22:57:09.010886Z	debug	dynamo_static_rpc_split	static prefill RPC split	connection.id=682 request.id=211826 request_id=7d9bfdce-2479-49cb-b3e8-c93b2a025800 headers_us=32655 stream_us=5
2026-09-26T22:57:09.018243Z	debug	dynamo_static_buffer_ready	static prefill channel buffer readiness	connection.id=292 request.id=212115 request_id=f1ed5efe-79c6-48ae-bc6b-4ab5b2f87200 ready_us=0 ready_offset_us=3 is_ok=true
2026-09-26T22:57:09.023574Z	debug	dynamo_static_selector_rpc	static selector RPC	connection.id=734 request.id=211661 request_id=3848955b-d04c-44f4-828b-df087ab49800 elapsed_us=29997
static_stage_us prepare=54207 prefill=40273 select=30009 decode=4035 total=128524
2026-09-26T22:57:09.030593Z	debug	dynamo_static_selector_rpc	static selector RPC	connection.id=653 request.id=211794 request_id=2db4719e-1a6f-4a97-ab7b-4d24695bf700 elapsed_us=29661
static_stage_us prepare=47241 prefill=39020 select=29675 decode=3640 total=119576
2026-09-26T22:57:09.033819Z	debug	dynamo_static_buffer_ready	static prefill channel buffer readiness	connection.id=707 request.id=212179 request_id=81ea1b18-f690-4c11-a2b9-015acf18af00 ready_us=0 ready_offset_us=3 is_ok=true
2026-09-26T22:57:09.034258Z	debug	dynamo_static_selector_rpc	static selector RPC	connection.id=682 request.id=211826 request_id=7d9bfdce-2479-49cb-b3e8-c93b2a025800 elapsed_us=23360
static_stage_us prepare=59742 prefill=32675 select=23368 decode=3392 total=119177
2026-09-26T22:57:09.049025Z	debug	dynamo_static_rpc_split	static prefill RPC split	connection.id=292 request.id=212115 request_id=f1ed5efe-79c6-48ae-bc6b-4ab5b2f87200 headers_us=30782 stream_us=3
2026-09-26T22:57:09.063314Z	debug	dynamo_static_rpc_split	static prefill RPC split	connection.id=707 request.id=212179 request_id=81ea1b18-f690-4c11-a2b9-015acf18af00 headers_us=29488 stream_us=9
2026-09-26T22:57:09.073732Z	debug	dynamo_static_selector_rpc	static selector RPC	connection.id=292 request.id=212115 request_id=f1ed5efe-79c6-48ae-bc6b-4ab5b2f87200 elapsed_us=24695
static_stage_us prepare=56101 prefill=30797 select=24708 decode=2150 total=113756
2026-09-26T22:57:09.089015Z	debug	dynamo_static_buffer_ready	static prefill channel buffer readiness	connection.id=335 request.id=212481 request_id=f6820164-4760-4910-a5c6-abce321a2900 ready_us=0 ready_offset_us=3 is_ok=true
2026-09-26T22:57:09.089633Z	debug	dynamo_static_selector_rpc	static selector RPC	connection.id=707 request.id=212179 request_id=81ea1b18-f690-4c11-a2b9-015acf18af00 elapsed_us=26306
static_stage_us prepare=61351 prefill=29511 select=26316 decode=1363 total=118541
2026-09-26T22:57:09.121211Z	debug	dynamo_static_rpc_split	static prefill RPC split	connection.id=335 request.id=212481 request_id=f6820164-4760-4910-a5c6-abce321a2900 headers_us=32193 stream_us=5
2026-09-26T22:57:09.137978Z	debug	dynamo_static_buffer_ready	static prefill channel buffer readiness	connection.id=883 request.id=212856 request_id=26fd9e4d-af3f-40cd-bba1-e3e0757d6f00 ready_us=0 ready_offset_us=2 is_ok=true
2026-09-26T22:57:09.152643Z	debug	dynamo_static_selector_rpc	static selector RPC	connection.id=335 request.id=212481 request_id=f6820164-4760-4910-a5c6-abce321a2900 elapsed_us=31418
static_stage_us prepare=45244 prefill=32213 select=31433 decode=1259 total=110149
2026-09-26T22:57:09.166889Z	debug	dynamo_static_rpc_split	static prefill RPC split	connection.id=883 request.id=212856 request_id=26fd9e4d-af3f-40cd-bba1-e3e0757d6f00 headers_us=28906 stream_us=6
2026-09-26T22:57:09.195471Z	debug	dynamo_static_selector_rpc	static selector RPC	connection.id=883 request.id=212856 request_id=26fd9e4d-af3f-40cd-bba1-e3e0757d6f00 elapsed_us=28567
static_stage_us prepare=51231 prefill=28927 select=28584 decode=1299 total=110041
2026-09-26T22:57:09.202702Z	debug	dynamo_static_buffer_ready	static prefill channel buffer readiness	connection.id=307 request.id=213240 request_id=0d330c10-1f73-4a93-b4e6-5a6c5b1b9900 ready_us=0 ready_offset_us=3 is_ok=true
2026-09-26T22:57:09.231533Z	debug	dynamo_static_rpc_split	static prefill RPC split	connection.id=307 request.id=213240 request_id=0d330c10-1f73-4a93-b4e6-5a6c5b1b9900 headers_us=28831 stream_us=3
2026-09-26T22:57:09.265259Z	debug	dynamo_static_selector_rpc	static selector RPC	connection.id=307 request.id=213240 request_id=0d330c10-1f73-4a93-b4e6-5a6c5b1b9900 elapsed_us=33713
static_stage_us prepare=49847 prefill=28848 select=33729 decode=1966 total=114390
2026-09-26T22:57:09.304149Z	debug	dynamo_static_buffer_ready	static prefill channel buffer readiness	connection.id=636 request.id=213937 request_id=4f6d3f77-ed1b-40e4-a243-eda949141f00 ready_us=0 ready_offset_us=3 is_ok=true
2026-09-26T22:57:09.321118Z	debug	dynamo_static_buffer_ready	static prefill channel buffer readiness	connection.id=307 request.id=214014 request_id=3fff019c-1a35-4b75-b0b7-e86133340800 ready_us=0 ready_offset_us=63 is_ok=true
2026-09-26T22:57:09.325849Z	debug	dynamo_static_rpc_split	static prefill RPC split	connection.id=636 request.id=213937 request_id=4f6d3f77-ed1b-40e4-a243-eda949141f00 headers_us=21699 stream_us=4
2026-09-26T22:57:09.347201Z	debug	dynamo_static_rpc_split	static prefill RPC split	connection.id=307 request.id=214014 request_id=3fff019c-1a35-4b75-b0b7-e86133340800 headers_us=26133 stream_us=12
2026-09-26T22:57:09.355764Z	debug	dynamo_static_selector_rpc	static selector RPC	connection.id=636 request.id=213937 request_id=4f6d3f77-ed1b-40e4-a243-eda949141f00 elapsed_us=29900
static_stage_us prepare=43961 prefill=21719 select=29916 decode=828 total=96424
2026-09-26T22:57:09.378142Z	debug	dynamo_static_selector_rpc	static selector RPC	connection.id=307 request.id=214014 request_id=3fff019c-1a35-4b75-b0b7-e86133340800 elapsed_us=30915
static_stage_us prepare=44090 prefill=26173 select=30928 decode=1113 total=102304
2026-09-26T22:57:09.477531Z	debug	dynamo_static_buffer_ready	static prefill channel buffer readiness	connection.id=312 request.id=215070 request_id=b3f02961-f31f-415c-990e-163b4567bd00 ready_us=0 ready_offset_us=4 is_ok=true
2026-09-26T22:57:09.511242Z	debug	dynamo_static_buffer_ready	static prefill channel buffer readiness	connection.id=621 request.id=215249 request_id=242c9246-4bed-4d60-bd60-9855de0b5400 ready_us=0 ready_offset_us=3 is_ok=true
2026-09-26T22:57:09.511251Z	debug	dynamo_static_buffer_ready	static prefill channel buffer readiness	connection.id=318 request.id=215230 request_id=a54a1b91-bed6-4ce6-9260-7190186ec900 ready_us=1 ready_offset_us=4 is_ok=true
2026-09-26T22:57:09.513361Z	debug	dynamo_static_rpc_split	static prefill RPC split	connection.id=312 request.id=215070 request_id=b3f02961-f31f-415c-990e-163b4567bd00 headers_us=35792 stream_us=24
2026-09-26T22:57:09.530202Z	debug	dynamo_static_buffer_ready	static prefill channel buffer readiness	connection.id=645 request.id=215405 request_id=df3ac95e-2e6e-46d6-a04e-631e73799700 ready_us=0 ready_offset_us=3 is_ok=true
2026-09-26T22:57:09.536766Z	debug	dynamo_static_buffer_ready	static prefill channel buffer readiness	connection.id=450 request.id=215438 request_id=17513a1b-739d-45b0-b24e-2b0066cfb300 ready_us=0 ready_offset_us=3 is_ok=true
2026-09-26T22:57:09.539605Z	debug	dynamo_static_rpc_split	static prefill RPC split	connection.id=621 request.id=215249 request_id=242c9246-4bed-4d60-bd60-9855de0b5400 headers_us=28362 stream_us=3
2026-09-26T22:57:09.539607Z	debug	dynamo_static_rpc_split	static prefill RPC split	connection.id=318 request.id=215230 request_id=a54a1b91-bed6-4ce6-9260-7190186ec900 headers_us=28353 stream_us=6
2026-09-26T22:57:09.542551Z	debug	dynamo_static_selector_rpc	static selector RPC	connection.id=312 request.id=215070 request_id=b3f02961-f31f-415c-990e-163b4567bd00 elapsed_us=29174
static_stage_us prepare=48353 prefill=35851 select=29186 decode=8642 total=122032
2026-09-26T22:57:09.561336Z	debug	dynamo_static_rpc_split	static prefill RPC split	connection.id=645 request.id=215405 request_id=df3ac95e-2e6e-46d6-a04e-631e73799700 headers_us=31124 stream_us=11
2026-09-26T22:57:09.561769Z	debug	dynamo_static_rpc_split	static prefill RPC split	connection.id=450 request.id=215438 request_id=17513a1b-739d-45b0-b24e-2b0066cfb300 headers_us=25001 stream_us=5
2026-09-26T22:57:09.567722Z	debug	dynamo_static_selector_rpc	static selector RPC	connection.id=318 request.id=215230 request_id=a54a1b91-bed6-4ce6-9260-7190186ec900 elapsed_us=28096
static_stage_us prepare=55067 prefill=28380 select=28133 decode=1129 total=112709
2026-09-26T22:57:09.569436Z	debug	dynamo_static_selector_rpc	static selector RPC	connection.id=621 request.id=215249 request_id=242c9246-4bed-4d60-bd60-9855de0b5400 elapsed_us=29811
static_stage_us prepare=52498 prefill=28386 select=29822 decode=1155 total=111861
2026-09-26T22:57:09.584697Z	debug	dynamo_static_selector_rpc	static selector RPC	connection.id=450 request.id=215438 request_id=17513a1b-739d-45b0-b24e-2b0066cfb300 elapsed_us=22917
static_stage_us prepare=45124 prefill=25018 select=22930 decode=925 total=93997
2026-09-26T22:57:09.589199Z	debug	dynamo_static_selector_rpc	static selector RPC	connection.id=645 request.id=215405 request_id=df3ac95e-2e6e-46d6-a04e-631e73799700 elapsed_us=27625
static_stage_us prepare=49938 prefill=31375 select=27639 decode=935 total=109887
2026-09-26T22:57:09.616177Z	debug	dynamo_static_buffer_ready	static prefill channel buffer readiness	connection.id=888 request.id=215986 request_id=dad6938a-1d21-417a-87c7-8b303ffb6900 ready_us=0 ready_offset_us=3 is_ok=true
2026-09-26T22:57:09.645138Z	debug	dynamo_static_rpc_split	static prefill RPC split	connection.id=888 request.id=215986 request_id=dad6938a-1d21-417a-87c7-8b303ffb6900 headers_us=28957 stream_us=6
2026-09-26T22:57:09.649263Z	debug	dynamo_static_buffer_ready	static prefill channel buffer readiness	connection.id=909 request.id=216228 request_id=64004e76-ef47-461c-b6b4-5c2fa333e800 ready_us=0 ready_offset_us=3 is_ok=true
2026-09-26T22:57:09.676915Z	debug	dynamo_static_selector_rpc	static selector RPC	connection.id=888 request.id=215986 request_id=dad6938a-1d21-417a-87c7-8b303ffb6900 elapsed_us=31747
2026-09-26T22:57:09.677782Z	debug	dynamo_static_rpc_split	static prefill RPC split	connection.id=909 request.id=216228 request_id=64004e76-ef47-461c-b6b4-5c2fa333e800 headers_us=28484 stream_us=37
static_stage_us prepare=40401 prefill=28994 select=31761 decode=2186 total=103342
2026-09-26T22:57:09.707015Z	debug	dynamo_static_selector_rpc	static selector RPC	connection.id=909 request.id=216228 request_id=64004e76-ef47-461c-b6b4-5c2fa333e800 elapsed_us=29212
static_stage_us prepare=46541 prefill=28543 select=29224 decode=816 total=105124
2026-09-26T22:57:09.726536Z	debug	dynamo_static_buffer_ready	static prefill channel buffer readiness	connection.id=876 request.id=216558 request_id=a8eec381-9a4b-41fb-83de-932084edf700 ready_us=0 ready_offset_us=6 is_ok=true
2026-09-26T22:57:09.727871Z	debug	dynamo_static_buffer_ready	static prefill channel buffer readiness	connection.id=710 request.id=216605 request_id=ce8a05b6-0a49-491c-b7a6-706d9f64ba00 ready_us=0 ready_offset_us=3 is_ok=true
2026-09-26T22:57:09.754518Z	debug	dynamo_static_rpc_split	static prefill RPC split	connection.id=710 request.id=216605 request_id=ce8a05b6-0a49-491c-b7a6-706d9f64ba00 headers_us=26641 stream_us=9
2026-09-26T22:57:09.760207Z	debug	dynamo_static_rpc_split	static prefill RPC split	connection.id=876 request.id=216558 request_id=a8eec381-9a4b-41fb-83de-932084edf700 headers_us=33651 stream_us=25
2026-09-26T22:57:09.774890Z	debug	dynamo_static_selector_rpc	static selector RPC	connection.id=710 request.id=216605 request_id=ce8a05b6-0a49-491c-b7a6-706d9f64ba00 elapsed_us=20353
static_stage_us prepare=40130 prefill=26669 select=20367 decode=1340 total=88506
2026-09-26T22:57:09.798430Z	debug	dynamo_static_selector_rpc	static selector RPC	connection.id=876 request.id=216558 request_id=a8eec381-9a4b-41fb-83de-932084edf700 elapsed_us=38209
static_stage_us prepare=48021 prefill=33692 select=38221 decode=899 total=120833
2026-09-26T22:57:09.830787Z	debug	dynamo_static_buffer_ready	static prefill channel buffer readiness	connection.id=624 request.id=217297 request_id=69fe813c-07e7-404f-87d3-245b1f50c900 ready_us=0 ready_offset_us=5 is_ok=true
2026-09-26T22:57:09.847270Z	debug	dynamo_static_buffer_ready	static prefill channel buffer readiness	connection.id=323 request.id=217348 request_id=1fe550da-1769-4a26-8a14-f20989291b00 ready_us=0 ready_offset_us=5 is_ok=true
2026-09-26T22:57:09.858153Z	debug	dynamo_static_buffer_ready	static prefill channel buffer readiness	connection.id=465 request.id=217383 request_id=8ee2676c-56bf-4968-8ef3-5fa76779c700 ready_us=0 ready_offset_us=4 is_ok=true
2026-09-26T22:57:09.864675Z	debug	dynamo_static_rpc_split	static prefill RPC split	connection.id=624 request.id=217297 request_id=69fe813c-07e7-404f-87d3-245b1f50c900 headers_us=33888 stream_us=4
2026-09-26T22:57:09.875901Z	debug	dynamo_static_rpc_split	static prefill RPC split	connection.id=323 request.id=217348 request_id=1fe550da-1769-4a26-8a14-f20989291b00 headers_us=28631 stream_us=4
2026-09-26T22:57:09.891450Z	debug	dynamo_static_rpc_split	static prefill RPC split	connection.id=465 request.id=217383 request_id=8ee2676c-56bf-4968-8ef3-5fa76779c700 headers_us=33297 stream_us=3
2026-09-26T22:57:09.892503Z	debug	dynamo_static_selector_rpc	static selector RPC	connection.id=624 request.id=217297 request_id=69fe813c-07e7-404f-87d3-245b1f50c900 elapsed_us=27814
static_stage_us prepare=58366 prefill=33906 select=27825 decode=809 total=120906
2026-09-26T22:57:09.908409Z	debug	dynamo_static_buffer_ready	static prefill channel buffer readiness	connection.id=916 request.id=217764 request_id=e2413d50-e0ed-4e87-a811-0c45d2da9700 ready_us=0 ready_offset_us=3 is_ok=true
2026-09-26T22:57:09.909278Z	debug	dynamo_static_selector_rpc	static selector RPC	connection.id=323 request.id=217348 request_id=1fe550da-1769-4a26-8a14-f20989291b00 elapsed_us=33360
static_stage_us prepare=61404 prefill=28653 select=33372 decode=1370 total=124799
2026-09-26T22:57:09.919616Z	debug	dynamo_static_selector_rpc	static selector RPC	connection.id=465 request.id=217383 request_id=8ee2676c-56bf-4968-8ef3-5fa76779c700 elapsed_us=28155
static_stage_us prepare=60229 prefill=33312 select=28172 decode=1444 total=123157
2026-09-26T22:57:09.939475Z	debug	dynamo_static_rpc_split	static prefill RPC split	connection.id=916 request.id=217764 request_id=e2413d50-e0ed-4e87-a811-0c45d2da9700 headers_us=31058 stream_us=11
2026-09-26T22:57:09.965090Z	debug	dynamo_static_buffer_ready	static prefill channel buffer readiness	connection.id=351 request.id=218068 request_id=b016fd5c-df09-4fd1-a042-76a94962ac00 ready_us=0 ready_offset_us=4 is_ok=true
2026-09-26T22:57:09.969070Z	debug	dynamo_static_selector_rpc	static selector RPC	connection.id=916 request.id=217764 request_id=e2413d50-e0ed-4e87-a811-0c45d2da9700 elapsed_us=29576
static_stage_us prepare=48245 prefill=31089 select=29587 decode=1331 total=110252
2026-09-26T22:57:09.993958Z	debug	dynamo_static_rpc_split	static prefill RPC split	connection.id=351 request.id=218068 request_id=b016fd5c-df09-4fd1-a042-76a94962ac00 headers_us=28867 stream_us=4
2026-09-26T22:57:09.997219Z	debug	dynamo_static_buffer_ready	static prefill channel buffer readiness	connection.id=242 request.id=218300 request_id=eee6ff39-8e56-4ea6-b8b7-4b2748246100 ready_us=0 ready_offset_us=4 is_ok=true
2026-09-26T22:57:10.003542Z	debug	dynamo_static_buffer_ready	static prefill channel buffer readiness	connection.id=425 request.id=218324 request_id=33d550f6-f444-4a1d-96ba-1b3263015400 ready_us=0 ready_offset_us=4 is_ok=true
2026-09-26T22:57:10.021057Z	debug	dynamo_static_selector_rpc	static selector RPC	connection.id=351 request.id=218068 request_id=b016fd5c-df09-4fd1-a042-76a94962ac00 elapsed_us=27084
static_stage_us prepare=56314 prefill=28887 select=27101 decode=1080 total=113382
2026-09-26T22:57:10.027663Z	debug	dynamo_static_rpc_split	static prefill RPC split	connection.id=242 request.id=218300 request_id=eee6ff39-8e56-4ea6-b8b7-4b2748246100 headers_us=30425 stream_us=21
2026-09-26T22:57:10.032959Z	debug	dynamo_static_rpc_split	static prefill RPC split	connection.id=425 request.id=218324 request_id=33d550f6-f444-4a1d-96ba-1b3263015400 headers_us=29409 stream_us=12
2026-09-26T22:57:10.058722Z	debug	dynamo_static_selector_rpc	static selector RPC	connection.id=425 request.id=218324 request_id=33d550f6-f444-4a1d-96ba-1b3263015400 elapsed_us=25748
static_stage_us prepare=51615 prefill=29437 select=25763 decode=999 total=107814
2026-09-26T22:57:10.062291Z	debug	dynamo_static_selector_rpc	static selector RPC	connection.id=242 request.id=218300 request_id=eee6ff39-8e56-4ea6-b8b7-4b2748246100 elapsed_us=34499
static_stage_us prepare=47748 prefill=30577 select=34512 decode=774 total=113611
2026-09-26T22:57:10.084211Z	debug	dynamo_static_buffer_ready	static prefill channel buffer readiness	connection.id=637 request.id=218790 request_id=b8a6fe74-65cf-40d9-9a97-a4f7254e4e00 ready_us=1 ready_offset_us=6 is_ok=true
2026-09-26T22:57:10.089774Z	debug	dynamo_static_buffer_ready	static prefill channel buffer readiness	connection.id=572 request.id=218853 request_id=99eb3dee-a144-4872-9a38-5eee27ff8200 ready_us=0 ready_offset_us=2 is_ok=true
2026-09-26T22:57:10.121368Z	debug	dynamo_static_rpc_split	static prefill RPC split	connection.id=637 request.id=218790 request_id=b8a6fe74-65cf-40d9-9a97-a4f7254e4e00 headers_us=37149 stream_us=13
2026-09-26T22:57:10.121464Z	debug	dynamo_static_rpc_split	static prefill RPC split	connection.id=572 request.id=218853 request_id=99eb3dee-a144-4872-9a38-5eee27ff8200 headers_us=31687 stream_us=5
2026-09-26T22:57:10.148282Z	debug	dynamo_static_selector_rpc	static selector RPC	connection.id=572 request.id=218853 request_id=99eb3dee-a144-4872-9a38-5eee27ff8200 elapsed_us=26808
2026-09-26T22:57:10.148322Z	debug	dynamo_static_selector_rpc	static selector RPC	connection.id=637 request.id=218790 request_id=b8a6fe74-65cf-40d9-9a97-a4f7254e4e00 elapsed_us=26935
static_stage_us prepare=62301 prefill=37183 select=26945 decode=2910 total=129339
static_stage_us prepare=56683 prefill=31702 select=26822 decode=3148 total=118355
2026-09-26T22:57:10.152309Z	debug	dynamo_static_buffer_ready	static prefill channel buffer readiness	connection.id=485 request.id=219151 request_id=2b8155d4-55b3-42a3-93f9-5fc77b3c4600 ready_us=0 ready_offset_us=4 is_ok=true
2026-09-26T22:57:10.152902Z	debug	dynamo_static_buffer_ready	static prefill channel buffer readiness	connection.id=426 request.id=219289 request_id=0edcfba8-9301-4ded-80c9-eecb98f98b00 ready_us=0 ready_offset_us=5 is_ok=true
2026-09-26T22:57:10.169904Z	debug	dynamo_static_buffer_ready	static prefill channel buffer readiness	connection.id=553 request.id=219388 request_id=048776bb-9e41-4ecd-b563-665a529fb000 ready_us=0 ready_offset_us=3 is_ok=true
2026-09-26T22:57:10.178883Z	debug	dynamo_static_rpc_split	static prefill RPC split	connection.id=426 request.id=219289 request_id=0edcfba8-9301-4ded-80c9-eecb98f98b00 headers_us=25972 stream_us=14
2026-09-26T22:57:10.179633Z	debug	dynamo_static_rpc_split	static prefill RPC split	connection.id=485 request.id=219151 request_id=2b8155d4-55b3-42a3-93f9-5fc77b3c4600 headers_us=27293 stream_us=35
2026-09-26T22:57:10.203901Z	debug	dynamo_static_rpc_split	static prefill RPC split	connection.id=553 request.id=219388 request_id=048776bb-9e41-4ecd-b563-665a529fb000 headers_us=33994 stream_us=6
2026-09-26T22:57:10.204702Z	debug	dynamo_static_buffer_ready	static prefill channel buffer readiness	connection.id=588 request.id=219564 request_id=9315400c-676b-48fe-8cd4-ed3e720f4e00 ready_us=0 ready_offset_us=7 is_ok=true
2026-09-26T22:57:10.210588Z	debug	dynamo_static_selector_rpc	static selector RPC	connection.id=485 request.id=219151 request_id=2b8155d4-55b3-42a3-93f9-5fc77b3c4600 elapsed_us=30941
2026-09-26T22:57:10.210674Z	debug	dynamo_static_selector_rpc	static selector RPC	connection.id=426 request.id=219289 request_id=0edcfba8-9301-4ded-80c9-eecb98f98b00 elapsed_us=31778
static_stage_us prepare=69959 prefill=27342 select=30957 decode=1358 total=129616
static_stage_us prepare=50927 prefill=26000 select=31786 decode=1336 total=110049
2026-09-26T22:57:10.235337Z	debug	dynamo_static_selector_rpc	static selector RPC	connection.id=553 request.id=219388 request_id=048776bb-9e41-4ecd-b563-665a529fb000 elapsed_us=31423
2026-09-26T22:57:10.236704Z	debug	dynamo_static_rpc_split	static prefill RPC split	connection.id=588 request.id=219564 request_id=9315400c-676b-48fe-8cd4-ed3e720f4e00 headers_us=31933 stream_us=75
static_stage_us prepare=49822 prefill=34013 select=31491 decode=2693 total=118019
2026-09-26T22:57:10.264637Z	debug	dynamo_static_selector_rpc	static selector RPC	connection.id=588 request.id=219564 request_id=9315400c-676b-48fe-8cd4-ed3e720f4e00 elapsed_us=27899
static_stage_us prepare=58736 prefill=32043 select=27910 decode=979 total=119668
2026-09-26T22:57:10.267996Z	debug	dynamo_static_buffer_ready	static prefill channel buffer readiness	connection.id=316 request.id=219938 request_id=e60a9717-5a78-45df-96bf-5343bb7a1800 ready_us=0 ready_offset_us=7 is_ok=true
2026-09-26T22:57:10.297159Z	debug	dynamo_static_rpc_split	static prefill RPC split	connection.id=316 request.id=219938 request_id=e60a9717-5a78-45df-96bf-5343bb7a1800 headers_us=29160 stream_us=10
2026-09-26T22:57:10.331569Z	debug	dynamo_static_selector_rpc	static selector RPC	connection.id=316 request.id=219938 request_id=e60a9717-5a78-45df-96bf-5343bb7a1800 elapsed_us=34393
static_stage_us prepare=57901 prefill=29188 select=34408 decode=960 total=122457
2026-09-26T22:57:10.333483Z	debug	dynamo_static_buffer_ready	static prefill channel buffer readiness	connection.id=455 request.id=220344 request_id=725759c8-e6fb-427f-8f05-945328904300 ready_us=0 ready_offset_us=2 is_ok=true
2026-09-26T22:57:10.358228Z	debug	dynamo_static_buffer_ready	static prefill channel buffer readiness	connection.id=613 request.id=220509 request_id=1d92dd66-93e3-4ced-8ebd-35ed5eba0300 ready_us=0 ready_offset_us=8 is_ok=true
2026-09-26T22:57:10.367201Z	debug	dynamo_static_rpc_split	static prefill RPC split	connection.id=455 request.id=220344 request_id=725759c8-e6fb-427f-8f05-945328904300 headers_us=33716 stream_us=3
2026-09-26T22:57:10.381687Z	debug	dynamo_static_buffer_ready	static prefill channel buffer readiness	connection.id=134 request.id=220631 request_id=f49bf945-7f57-4150-a6ca-39b6e9e37700 ready_us=1 ready_offset_us=3 is_ok=true
2026-09-26T22:57:10.382280Z	debug	dynamo_static_buffer_ready	static prefill channel buffer readiness	connection.id=145 request.id=220655 request_id=f6de3f58-edec-444b-8c68-4b76125d2300 ready_us=0 ready_offset_us=34 is_ok=true
2026-09-26T22:57:10.390158Z	debug	dynamo_static_rpc_split	static prefill RPC split	connection.id=613 request.id=220509 request_id=1d92dd66-93e3-4ced-8ebd-35ed5eba0300 headers_us=31923 stream_us=12
2026-09-26T22:57:10.404944Z	debug	dynamo_static_selector_rpc	static selector RPC	connection.id=455 request.id=220344 request_id=725759c8-e6fb-427f-8f05-945328904300 elapsed_us=37729
static_stage_us prepare=51700 prefill=33733 select=37745 decode=1562 total=124740
2026-09-26T22:57:10.413042Z	debug	dynamo_static_rpc_split	static prefill RPC split	connection.id=134 request.id=220631 request_id=f49bf945-7f57-4150-a6ca-39b6e9e37700 headers_us=31344 stream_us=13
2026-09-26T22:57:10.413365Z	debug	dynamo_static_rpc_split	static prefill RPC split	connection.id=145 request.id=220655 request_id=f6de3f58-edec-444b-8c68-4b76125d2300 headers_us=31108 stream_us=10
2026-09-26T22:57:10.418626Z	debug	dynamo_static_selector_rpc	static selector RPC	connection.id=613 request.id=220509 request_id=1d92dd66-93e3-4ced-8ebd-35ed5eba0300 elapsed_us=28453
static_stage_us prepare=49583 prefill=31951 select=28468 decode=985 total=110987
2026-09-26T22:57:10.445426Z	debug	dynamo_static_selector_rpc	static selector RPC	connection.id=145 request.id=220655 request_id=f6de3f58-edec-444b-8c68-4b76125d2300 elapsed_us=32011
static_stage_us prepare=54749 prefill=31169 select=32025 decode=1243 total=119186
2026-09-26T22:57:10.447255Z	debug	dynamo_static_selector_rpc	static selector RPC	connection.id=134 request.id=220631 request_id=f49bf945-7f57-4150-a6ca-39b6e9e37700 elapsed_us=34176
static_stage_us prepare=56268 prefill=31393 select=34191 decode=1396 total=123248
2026-09-26T22:57:10.624881Z	debug	dynamo_static_buffer_ready	static prefill channel buffer readiness	connection.id=763 request.id=222212 request_id=f5c58d26-c190-4a83-883b-d59721921f00 ready_us=1 ready_offset_us=4 is_ok=true
2026-09-26T22:57:10.629698Z	debug	dynamo_static_buffer_ready	static prefill channel buffer readiness	connection.id=517 request.id=222169 request_id=72ed0daf-ea79-4769-95e4-9267828ea000 ready_us=0 ready_offset_us=3 is_ok=true
2026-09-26T22:57:10.650859Z	debug	dynamo_static_rpc_split	static prefill RPC split	connection.id=517 request.id=222169 request_id=72ed0daf-ea79-4769-95e4-9267828ea000 headers_us=21160 stream_us=3
2026-09-26T22:57:10.652582Z	debug	dynamo_static_rpc_split	static prefill RPC split	connection.id=763 request.id=222212 request_id=f5c58d26-c190-4a83-883b-d59721921f00 headers_us=27672 stream_us=33
2026-09-26T22:57:10.658300Z	debug	dynamo_static_buffer_ready	static prefill channel buffer readiness	connection.id=479 request.id=222405 request_id=a923d812-8f64-43ce-919d-b15c8eace100 ready_us=1 ready_offset_us=2 is_ok=true
2026-09-26T22:57:10.675771Z	debug	dynamo_static_selector_rpc	static selector RPC	connection.id=517 request.id=222169 request_id=72ed0daf-ea79-4769-95e4-9267828ea000 elapsed_us=24888
static_stage_us prepare=57797 prefill=21188 select=24903 decode=1749 total=105637
2026-09-26T22:57:10.681100Z	debug	dynamo_static_rpc_split	static prefill RPC split	connection.id=479 request.id=222405 request_id=a923d812-8f64-43ce-919d-b15c8eace100 headers_us=22796 stream_us=5
2026-09-26T22:57:10.683196Z	debug	dynamo_static_selector_rpc	static selector RPC	connection.id=763 request.id=222212 request_id=f5c58d26-c190-4a83-883b-d59721921f00 elapsed_us=30598
static_stage_us prepare=47357 prefill=27722 select=30609 decode=1432 total=107120
2026-09-26T22:57:10.702238Z	debug	dynamo_static_buffer_ready	static prefill channel buffer readiness	connection.id=711 request.id=222651 request_id=4e48dc6e-3eb8-4380-b471-f9f93ce1a300 ready_us=0 ready_offset_us=3 is_ok=true
2026-09-26T22:57:10.702273Z	debug	dynamo_static_buffer_ready	static prefill channel buffer readiness	connection.id=832 request.id=222666 request_id=4a3b36e2-3536-4074-b9b1-0b262abfbc00 ready_us=0 ready_offset_us=23 is_ok=true
2026-09-26T22:57:10.706178Z	debug	dynamo_static_selector_rpc	static selector RPC	connection.id=479 request.id=222405 request_id=a923d812-8f64-43ce-919d-b15c8eace100 elapsed_us=25065
static_stage_us prepare=42275 prefill=22816 select=25076 decode=1091 total=91258
2026-09-26T22:57:10.728658Z	debug	dynamo_static_rpc_split	static prefill RPC split	connection.id=832 request.id=222666 request_id=4a3b36e2-3536-4074-b9b1-0b262abfbc00 headers_us=26377 stream_us=30
2026-09-26T22:57:10.730263Z	debug	dynamo_static_rpc_split	static prefill RPC split	connection.id=711 request.id=222651 request_id=4e48dc6e-3eb8-4380-b471-f9f93ce1a300 headers_us=28021 stream_us=6
2026-09-26T22:57:10.754191Z	debug	dynamo_static_buffer_ready	static prefill channel buffer readiness	connection.id=919 request.id=223022 request_id=2c1ef158-be98-4217-ac65-283bcae09f00 ready_us=0 ready_offset_us=4 is_ok=true
2026-09-26T22:57:10.759173Z	debug	dynamo_static_selector_rpc	static selector RPC	connection.id=832 request.id=222666 request_id=4a3b36e2-3536-4074-b9b1-0b262abfbc00 elapsed_us=30490
2026-09-26T22:57:10.759447Z	debug	dynamo_static_buffer_ready	static prefill channel buffer readiness	connection.id=709 request.id=223006 request_id=ca07d7ed-906b-4eca-8f2c-d68a64f33300 ready_us=0 ready_offset_us=2 is_ok=true
static_stage_us prepare=41900 prefill=26431 select=30504 decode=1285 total=100120
2026-09-26T22:57:10.765680Z	debug	dynamo_static_selector_rpc	static selector RPC	connection.id=711 request.id=222651 request_id=4e48dc6e-3eb8-4380-b471-f9f93ce1a300 elapsed_us=35402
static_stage_us prepare=44988 prefill=28043 select=35414 decode=1463 total=109908
2026-09-26T22:57:10.780227Z	debug	dynamo_static_rpc_split	static prefill RPC split	connection.id=919 request.id=223022 request_id=2c1ef158-be98-4217-ac65-283bcae09f00 headers_us=25982 stream_us=57
2026-09-26T22:57:10.789843Z	debug	dynamo_static_rpc_split	static prefill RPC split	connection.id=709 request.id=223006 request_id=ca07d7ed-906b-4eca-8f2c-d68a64f33300 headers_us=30387 stream_us=10
2026-09-26T22:57:10.810188Z	debug	dynamo_static_selector_rpc	static selector RPC	connection.id=919 request.id=223022 request_id=2c1ef158-be98-4217-ac65-283bcae09f00 elapsed_us=29949
static_stage_us prepare=46472 prefill=26052 select=29962 decode=1226 total=103712
2026-09-26T22:57:10.822316Z	debug	dynamo_static_buffer_ready	static prefill channel buffer readiness	connection.id=243 request.id=223405 request_id=196f57c4-4120-475d-8830-5fa99df3c300 ready_us=0 ready_offset_us=5 is_ok=true
2026-09-26T22:57:10.824334Z	debug	dynamo_static_selector_rpc	static selector RPC	connection.id=709 request.id=223006 request_id=ca07d7ed-906b-4eca-8f2c-d68a64f33300 elapsed_us=34472
static_stage_us prepare=53976 prefill=30417 select=34489 decode=688 total=119570
2026-09-26T22:57:10.850917Z	debug	dynamo_static_rpc_split	static prefill RPC split	connection.id=243 request.id=223405 request_id=196f57c4-4120-475d-8830-5fa99df3c300 headers_us=28599 stream_us=5
2026-09-26T22:57:10.877884Z	debug	dynamo_static_selector_rpc	static selector RPC	connection.id=243 request.id=223405 request_id=196f57c4-4120-475d-8830-5fa99df3c300 elapsed_us=26900
static_stage_us prepare=53386 prefill=28672 select=26912 decode=2175 total=111145
2026-09-26T22:57:10.904818Z	debug	dynamo_static_buffer_ready	static prefill channel buffer readiness	connection.id=722 request.id=223972 request_id=fc9e5d08-c09d-421c-ba3d-4a1d63b74100 ready_us=0 ready_offset_us=3 is_ok=true
2026-09-26T22:57:10.933123Z	debug	dynamo_static_rpc_split	static prefill RPC split	connection.id=722 request.id=223972 request_id=fc9e5d08-c09d-421c-ba3d-4a1d63b74100 headers_us=28296 stream_us=11
2026-09-26T22:57:10.937671Z	debug	dynamo_static_buffer_ready	static prefill channel buffer readiness	connection.id=267 request.id=224183 request_id=29306fc5-ffb2-466c-8404-b7d4f5264700 ready_us=0 ready_offset_us=4 is_ok=true
2026-09-26T22:57:10.960121Z	debug	dynamo_static_selector_rpc	static selector RPC	connection.id=722 request.id=223972 request_id=fc9e5d08-c09d-421c-ba3d-4a1d63b74100 elapsed_us=26950
static_stage_us prepare=48496 prefill=28325 select=27056 decode=1730 total=105607
2026-09-26T22:57:10.967722Z	debug	dynamo_static_rpc_split	static prefill RPC split	connection.id=267 request.id=224183 request_id=29306fc5-ffb2-466c-8404-b7d4f5264700 headers_us=30045 stream_us=9
2026-09-26T22:57:10.998521Z	debug	dynamo_static_selector_rpc	static selector RPC	connection.id=267 request.id=224183 request_id=29306fc5-ffb2-466c-8404-b7d4f5264700 elapsed_us=30786
static_stage_us prepare=51051 prefill=30068 select=30802 decode=646 total=112567
2026-09-26T22:57:11.003145Z	debug	dynamo_static_buffer_ready	static prefill channel buffer readiness	connection.id=804 request.id=224526 request_id=4f7b454c-d17c-4281-9b75-3d0a2a5f0e00 ready_us=0 ready_offset_us=3 is_ok=true
2026-09-26T22:57:11.032132Z	debug	dynamo_static_rpc_split	static prefill RPC split	connection.id=804 request.id=224526 request_id=4f7b454c-d17c-4281-9b75-3d0a2a5f0e00 headers_us=28985 stream_us=5
2026-09-26T22:57:11.058298Z	debug	dynamo_static_selector_rpc	static selector RPC	connection.id=804 request.id=224526 request_id=4f7b454c-d17c-4281-9b75-3d0a2a5f0e00 elapsed_us=26152
static_stage_us prepare=56546 prefill=29004 select=26165 decode=3064 total=114779
2026-09-26T22:57:11.134373Z	debug	dynamo_static_buffer_ready	static prefill channel buffer readiness	connection.id=874 request.id=225359 request_id=25ee56b6-45c5-46f0-8fde-dcac4e624800 ready_us=0 ready_offset_us=3 is_ok=true
2026-09-26T22:57:11.167311Z	debug	dynamo_static_buffer_ready	static prefill channel buffer readiness	connection.id=437 request.id=225549 request_id=d76f4305-6484-45d2-9c95-36ad5ebef000 ready_us=0 ready_offset_us=3 is_ok=true
2026-09-26T22:57:11.172723Z	debug	dynamo_static_rpc_split	static prefill RPC split	connection.id=874 request.id=225359 request_id=25ee56b6-45c5-46f0-8fde-dcac4e624800 headers_us=38341 stream_us=11
2026-09-26T22:57:11.194769Z	debug	dynamo_static_buffer_ready	static prefill channel buffer readiness	connection.id=210 request.id=225755 request_id=e65aaa36-cd8c-44c8-9887-41793d842600 ready_us=0 ready_offset_us=7 is_ok=true
2026-09-26T22:57:11.196121Z	debug	dynamo_static_rpc_split	static prefill RPC split	connection.id=437 request.id=225549 request_id=d76f4305-6484-45d2-9c95-36ad5ebef000 headers_us=28808 stream_us=5
2026-09-26T22:57:11.203540Z	debug	dynamo_static_selector_rpc	static selector RPC	connection.id=874 request.id=225359 request_id=25ee56b6-45c5-46f0-8fde-dcac4e624800 elapsed_us=30777
static_stage_us prepare=55163 prefill=38393 select=30792 decode=878 total=125226
2026-09-26T22:57:11.221806Z	debug	dynamo_static_rpc_split	static prefill RPC split	connection.id=210 request.id=225755 request_id=e65aaa36-cd8c-44c8-9887-41793d842600 headers_us=26993 stream_us=50
2026-09-26T22:57:11.232078Z	debug	dynamo_static_selector_rpc	static selector RPC	connection.id=437 request.id=225549 request_id=d76f4305-6484-45d2-9c95-36ad5ebef000 elapsed_us=35941
static_stage_us prepare=57429 prefill=28829 select=35955 decode=2014 total=124227
2026-09-26T22:57:11.255643Z	debug	dynamo_static_selector_rpc	static selector RPC	connection.id=210 request.id=225755 request_id=e65aaa36-cd8c-44c8-9887-41793d842600 elapsed_us=33816
static_stage_us prepare=55561 prefill=27065 select=33829 decode=1439 total=117894
2026-09-26T22:57:11.341179Z	debug	dynamo_static_buffer_ready	static prefill channel buffer readiness	connection.id=656 request.id=226589 request_id=b5d43a6e-e0ea-4ff6-a320-f6a6dab7be00 ready_us=0 ready_offset_us=7 is_ok=true
2026-09-26T22:57:11.376764Z	debug	dynamo_static_rpc_split	static prefill RPC split	connection.id=656 request.id=226589 request_id=b5d43a6e-e0ea-4ff6-a320-f6a6dab7be00 headers_us=35561 stream_us=31
2026-09-26T22:57:11.406272Z	debug	dynamo_static_selector_rpc	static selector RPC	connection.id=656 request.id=226589 request_id=b5d43a6e-e0ea-4ff6-a320-f6a6dab7be00 elapsed_us=29478
static_stage_us prepare=56604 prefill=35623 select=29499 decode=1050 total=122776
2026-09-26T22:57:11.460314Z	debug	dynamo_static_buffer_ready	static prefill channel buffer readiness	connection.id=219 request.id=227343 request_id=e128addd-ac45-4c1a-b3b9-843fd6407100 ready_us=0 ready_offset_us=4 is_ok=true
2026-09-26T22:57:11.496088Z	debug	dynamo_static_rpc_split	static prefill RPC split	connection.id=219 request.id=227343 request_id=e128addd-ac45-4c1a-b3b9-843fd6407100 headers_us=35740 stream_us=39
2026-09-26T22:57:11.529622Z	debug	dynamo_static_selector_rpc	static selector RPC	connection.id=219 request.id=227343 request_id=e128addd-ac45-4c1a-b3b9-843fd6407100 elapsed_us=33505
static_stage_us prepare=56831 prefill=35809 select=33525 decode=1413 total=127578
2026-09-26T22:57:11.574597Z	debug	dynamo_static_buffer_ready	static prefill channel buffer readiness	connection.id=880 request.id=228022 request_id=511f1706-49c4-4d26-a3b6-5ab75c33fe00 ready_us=0 ready_offset_us=3 is_ok=true
2026-09-26T22:57:11.607638Z	debug	dynamo_static_rpc_split	static prefill RPC split	connection.id=880 request.id=228022 request_id=511f1706-49c4-4d26-a3b6-5ab75c33fe00 headers_us=33039 stream_us=5
2026-09-26T22:57:11.617243Z	debug	dynamo_static_buffer_ready	static prefill channel buffer readiness	connection.id=309 request.id=228269 request_id=3640dab0-e34d-41c6-bb54-9eb9db775100 ready_us=0 ready_offset_us=5 is_ok=true
2026-09-26T22:57:11.627456Z	debug	dynamo_static_buffer_ready	static prefill channel buffer readiness	connection.id=831 request.id=228317 request_id=28eff3a7-13e2-4bed-a56c-40d03dcf2900 ready_us=0 ready_offset_us=3 is_ok=true
2026-09-26T22:57:11.631740Z	debug	dynamo_static_buffer_ready	static prefill channel buffer readiness	connection.id=946 request.id=228411 request_id=e572d9df-d3b1-4815-8991-cd5f7cd55700 ready_us=0 ready_offset_us=3 is_ok=true
2026-09-26T22:57:11.635723Z	debug	dynamo_static_selector_rpc	static selector RPC	connection.id=880 request.id=228022 request_id=511f1706-49c4-4d26-a3b6-5ab75c33fe00 elapsed_us=28066
static_stage_us prepare=55559 prefill=33064 select=28081 decode=872 total=117576
2026-09-26T22:57:11.647292Z	debug	dynamo_static_rpc_split	static prefill RPC split	connection.id=309 request.id=228269 request_id=3640dab0-e34d-41c6-bb54-9eb9db775100 headers_us=30048 stream_us=6
2026-09-26T22:57:11.650816Z	debug	dynamo_static_buffer_ready	static prefill channel buffer readiness	connection.id=844 request.id=228465 request_id=73ac4dcb-3dd2-4a4f-86db-05548badf100 ready_us=1 ready_offset_us=5 is_ok=true
2026-09-26T22:57:11.658819Z	debug	dynamo_static_rpc_split	static prefill RPC split	connection.id=831 request.id=228317 request_id=28eff3a7-13e2-4bed-a56c-40d03dcf2900 headers_us=31357 stream_us=8
2026-09-26T22:57:11.665906Z	debug	dynamo_static_rpc_split	static prefill RPC split	connection.id=946 request.id=228411 request_id=e572d9df-d3b1-4815-8991-cd5f7cd55700 headers_us=34162 stream_us=5
2026-09-26T22:57:11.668256Z	debug	dynamo_static_buffer_ready	static prefill channel buffer readiness	connection.id=266 request.id=228552 request_id=83347c20-797e-48e7-b292-fb5b5f1d3e00 ready_us=0 ready_offset_us=2 is_ok=true
2026-09-26T22:57:11.673614Z	debug	dynamo_static_selector_rpc	static selector RPC	connection.id=309 request.id=228269 request_id=3640dab0-e34d-41c6-bb54-9eb9db775100 elapsed_us=26308
static_stage_us prepare=55836 prefill=30069 select=26321 decode=1659 total=113885
2026-09-26T22:57:11.683974Z	debug	dynamo_static_rpc_split	static prefill RPC split	connection.id=844 request.id=228465 request_id=73ac4dcb-3dd2-4a4f-86db-05548badf100 headers_us=33152 stream_us=11
2026-09-26T22:57:11.690530Z	debug	dynamo_static_selector_rpc	static selector RPC	connection.id=831 request.id=228317 request_id=28eff3a7-13e2-4bed-a56c-40d03dcf2900 elapsed_us=31700
static_stage_us prepare=59325 prefill=31378 select=31712 decode=1231 total=123646
2026-09-26T22:57:11.694042Z	debug	dynamo_static_buffer_ready	static prefill channel buffer readiness	connection.id=681 request.id=228672 request_id=758b31d8-fa43-4261-841e-676ce9af6300 ready_us=0 ready_offset_us=3 is_ok=true
2026-09-26T22:57:11.699289Z	debug	dynamo_static_selector_rpc	static selector RPC	connection.id=946 request.id=228411 request_id=e572d9df-d3b1-4815-8991-cd5f7cd55700 elapsed_us=33286
2026-09-26T22:57:11.700178Z	debug	dynamo_static_rpc_split	static prefill RPC split	connection.id=266 request.id=228552 request_id=83347c20-797e-48e7-b292-fb5b5f1d3e00 headers_us=31919 stream_us=4
static_stage_us prepare=49786 prefill=34265 select=33300 decode=1089 total=118440
2026-09-26T22:57:11.708607Z	debug	dynamo_static_buffer_ready	static prefill channel buffer readiness	connection.id=353 request.id=228815 request_id=c8bae67e-6f40-4609-a871-dad5ef140d00 ready_us=0 ready_offset_us=4 is_ok=true
2026-09-26T22:57:11.708812Z	debug	dynamo_static_selector_rpc	static selector RPC	connection.id=844 request.id=228465 request_id=73ac4dcb-3dd2-4a4f-86db-05548badf100 elapsed_us=24801
static_stage_us prepare=55242 prefill=33201 select=24812 decode=1189 total=114444
2026-09-26T22:57:11.719923Z	debug	dynamo_static_rpc_split	static prefill RPC split	connection.id=681 request.id=228672 request_id=758b31d8-fa43-4261-841e-676ce9af6300 headers_us=25877 stream_us=6
2026-09-26T22:57:11.730139Z	debug	dynamo_static_buffer_ready	static prefill channel buffer readiness	connection.id=558 request.id=228934 request_id=5440e206-ae84-4113-a91b-de8c1be86600 ready_us=0 ready_offset_us=2 is_ok=true
2026-09-26T22:57:11.732203Z	debug	dynamo_static_selector_rpc	static selector RPC	connection.id=266 request.id=228552 request_id=83347c20-797e-48e7-b292-fb5b5f1d3e00 elapsed_us=32012
static_stage_us prepare=60604 prefill=31938 select=32023 decode=1274 total=125839
2026-09-26T22:57:11.743737Z	debug	dynamo_static_rpc_split	static prefill RPC split	connection.id=353 request.id=228815 request_id=c8bae67e-6f40-4609-a871-dad5ef140d00 headers_us=35128 stream_us=6
2026-09-26T22:57:11.746468Z	debug	dynamo_static_buffer_ready	static prefill channel buffer readiness	connection.id=205 request.id=229075 request_id=73f00943-becb-4ff7-9390-8db338d40b00 ready_us=0 ready_offset_us=4 is_ok=true
2026-09-26T22:57:11.748787Z	debug	dynamo_static_selector_rpc	static selector RPC	connection.id=681 request.id=228672 request_id=758b31d8-fa43-4261-841e-676ce9af6300 elapsed_us=28843
static_stage_us prepare=63695 prefill=25905 select=28855 decode=1099 total=119554
2026-09-26T22:57:11.756881Z	debug	dynamo_static_buffer_ready	static prefill channel buffer readiness	connection.id=301 request.id=229163 request_id=152f44d4-93b3-4f9e-8b2c-b8384cf57100 ready_us=0 ready_offset_us=5 is_ok=true
2026-09-26T22:57:11.762878Z	debug	dynamo_static_buffer_ready	static prefill channel buffer readiness	connection.id=634 request.id=229178 request_id=baf9db28-412b-42ed-b18e-2aaf8fa42b00 ready_us=0 ready_offset_us=4 is_ok=true
2026-09-26T22:57:11.763367Z	debug	dynamo_static_buffer_ready	static prefill channel buffer readiness	connection.id=193 request.id=229222 request_id=dbe257d4-aed2-4447-a2a7-83dd51850100 ready_us=0 ready_offset_us=5 is_ok=true
2026-09-26T22:57:11.766698Z	debug	dynamo_static_rpc_split	static prefill RPC split	connection.id=558 request.id=228934 request_id=5440e206-ae84-4113-a91b-de8c1be86600 headers_us=36553 stream_us=7
2026-09-26T22:57:11.771589Z	debug	dynamo_static_selector_rpc	static selector RPC	connection.id=353 request.id=228815 request_id=c8bae67e-6f40-4609-a871-dad5ef140d00 elapsed_us=27822
static_stage_us prepare=56793 prefill=35163 select=27838 decode=1350 total=121144
2026-09-26T22:57:11.782812Z	debug	dynamo_static_rpc_split	static prefill RPC split	connection.id=205 request.id=229075 request_id=73f00943-becb-4ff7-9390-8db338d40b00 headers_us=36341 stream_us=7
2026-09-26T22:57:11.790326Z	debug	dynamo_static_rpc_split	static prefill RPC split	connection.id=301 request.id=229163 request_id=152f44d4-93b3-4f9e-8b2c-b8384cf57100 headers_us=33445 stream_us=4
2026-09-26T22:57:11.795233Z	debug	dynamo_static_rpc_split	static prefill RPC split	connection.id=634 request.id=229178 request_id=baf9db28-412b-42ed-b18e-2aaf8fa42b00 headers_us=32346 stream_us=12
2026-09-26T22:57:11.795281Z	debug	dynamo_static_rpc_split	static prefill RPC split	connection.id=193 request.id=229222 request_id=dbe257d4-aed2-4447-a2a7-83dd51850100 headers_us=31915 stream_us=2
2026-09-26T22:57:11.795350Z	debug	dynamo_static_selector_rpc	static selector RPC	connection.id=558 request.id=228934 request_id=5440e206-ae84-4113-a91b-de8c1be86600 elapsed_us=28637
static_stage_us prepare=59646 prefill=36576 select=28652 decode=1099 total=125973
2026-09-26T22:57:11.812424Z	debug	dynamo_static_selector_rpc	static selector RPC	connection.id=205 request.id=229075 request_id=73f00943-becb-4ff7-9390-8db338d40b00 elapsed_us=29579
static_stage_us prepare=52453 prefill=36380 select=29594 decode=841 total=119268
2026-09-26T22:57:11.820036Z	debug	dynamo_static_selector_rpc	static selector RPC	connection.id=301 request.id=229163 request_id=152f44d4-93b3-4f9e-8b2c-b8384cf57100 elapsed_us=29697
static_stage_us prepare=52334 prefill=33462 select=29710 decode=1395 total=116901
2026-09-26T22:57:11.827654Z	debug	dynamo_static_selector_rpc	static selector RPC	connection.id=634 request.id=229178 request_id=baf9db28-412b-42ed-b18e-2aaf8fa42b00 elapsed_us=32406
static_stage_us prepare=54346 prefill=32374 select=32422 decode=1359 total=120501
2026-09-26T22:57:11.830710Z	debug	dynamo_static_selector_rpc	static selector RPC	connection.id=193 request.id=229222 request_id=dbe257d4-aed2-4447-a2a7-83dd51850100 elapsed_us=35412
static_stage_us prepare=48955 prefill=31936 select=35424 decode=1181 total=117496
2026-09-26T22:57:11.884674Z	debug	dynamo_static_buffer_ready	static prefill channel buffer readiness	connection.id=889 request.id=229944 request_id=e46e4531-15bb-48ca-9b86-0212d833a000 ready_us=0 ready_offset_us=4 is_ok=true
2026-09-26T22:57:11.916242Z	debug	dynamo_static_rpc_split	static prefill RPC split	connection.id=889 request.id=229944 request_id=e46e4531-15bb-48ca-9b86-0212d833a000 headers_us=31517 stream_us=54
2026-09-26T22:57:11.922992Z	debug	dynamo_static_buffer_ready	static prefill channel buffer readiness	connection.id=643 request.id=230107 request_id=60fc63a5-95ba-4c1e-8f7c-c5f2fae8b900 ready_us=1 ready_offset_us=6 is_ok=true
2026-09-26T22:57:11.937844Z	debug	dynamo_static_buffer_ready	static prefill channel buffer readiness	connection.id=940 request.id=230171 request_id=75c9deb3-5932-4b52-a933-10823bb3c600 ready_us=0 ready_offset_us=3 is_ok=true
2026-09-26T22:57:11.947320Z	debug	dynamo_static_selector_rpc	static selector RPC	connection.id=889 request.id=229944 request_id=e46e4531-15bb-48ca-9b86-0212d833a000 elapsed_us=31053
static_stage_us prepare=51711 prefill=31597 select=31068 decode=853 total=115229
2026-09-26T22:57:11.955434Z	debug	dynamo_static_rpc_split	static prefill RPC split	connection.id=643 request.id=230107 request_id=60fc63a5-95ba-4c1e-8f7c-c5f2fae8b900 headers_us=32444 stream_us=3
2026-09-26T22:57:11.956579Z	debug	dynamo_static_buffer_ready	static prefill channel buffer readiness	connection.id=481 request.id=230296 request_id=dfe2161b-9264-4d91-8b0e-49d37147fc00 ready_us=0 ready_offset_us=4 is_ok=true
2026-09-26T22:57:11.970400Z	debug	dynamo_static_rpc_split	static prefill RPC split	connection.id=940 request.id=230171 request_id=75c9deb3-5932-4b52-a933-10823bb3c600 headers_us=32546 stream_us=12
2026-09-26T22:57:11.971128Z	debug	dynamo_static_buffer_ready	static prefill channel buffer readiness	connection.id=409 request.id=230399 request_id=00ac5a6f-b4e6-454b-a298-f79309caa100 ready_us=0 ready_offset_us=6 is_ok=true
2026-09-26T22:57:11.987333Z	debug	dynamo_static_selector_rpc	static selector RPC	connection.id=643 request.id=230107 request_id=60fc63a5-95ba-4c1e-8f7c-c5f2fae8b900 elapsed_us=31884
static_stage_us prepare=60494 prefill=32464 select=31899 decode=949 total=125806
2026-09-26T22:57:11.995058Z	debug	dynamo_static_rpc_split	static prefill RPC split	connection.id=481 request.id=230296 request_id=dfe2161b-9264-4d91-8b0e-49d37147fc00 headers_us=38478 stream_us=10
2026-09-26T22:57:11.999293Z	debug	dynamo_static_selector_rpc	static selector RPC	connection.id=940 request.id=230171 request_id=75c9deb3-5932-4b52-a933-10823bb3c600 elapsed_us=28879
static_stage_us prepare=59945 prefill=32573 select=28891 decode=1036 total=122445
2026-09-26T22:57:12.008331Z	debug	dynamo_static_rpc_split	static prefill RPC split	connection.id=409 request.id=230399 request_id=00ac5a6f-b4e6-454b-a298-f79309caa100 headers_us=37205 stream_us=4
2026-09-26T22:57:12.021274Z	debug	dynamo_static_selector_rpc	static selector RPC	connection.id=481 request.id=230296 request_id=dfe2161b-9264-4d91-8b0e-49d37147fc00 elapsed_us=26186
static_stage_us prepare=59781 prefill=38520 select=26199 decode=783 total=125283
2026-09-26T22:57:12.034246Z	debug	dynamo_static_buffer_ready	static prefill channel buffer readiness	connection.id=331 request.id=230795 request_id=861900c1-8b06-4bbd-8829-4f64f78e2400 ready_us=0 ready_offset_us=14 is_ok=true
2026-09-26T22:57:12.036031Z	debug	dynamo_static_buffer_ready	static prefill channel buffer readiness	connection.id=772 request.id=230785 request_id=305d3806-a942-47a8-a628-108f09380200 ready_us=0 ready_offset_us=4 is_ok=true
2026-09-26T22:57:12.042019Z	debug	dynamo_static_selector_rpc	static selector RPC	connection.id=409 request.id=230399 request_id=00ac5a6f-b4e6-454b-a298-f79309caa100 elapsed_us=33665
static_stage_us prepare=55266 prefill=37233 select=33686 decode=1388 total=127573
2026-09-26T22:57:12.065975Z	debug	dynamo_static_rpc_split	static prefill RPC split	connection.id=331 request.id=230795 request_id=861900c1-8b06-4bbd-8829-4f64f78e2400 headers_us=31711 stream_us=31
2026-09-26T22:57:12.068426Z	debug	dynamo_static_rpc_split	static prefill RPC split	connection.id=772 request.id=230785 request_id=305d3806-a942-47a8-a628-108f09380200 headers_us=32389 stream_us=10
2026-09-26T22:57:12.084714Z	debug	dynamo_static_buffer_ready	static prefill channel buffer readiness	connection.id=481 request.id=231097 request_id=985df196-f983-4b0d-bd9a-ec49ade92b00 ready_us=0 ready_offset_us=4 is_ok=true
2026-09-26T22:57:12.099382Z	debug	dynamo_static_selector_rpc	static selector RPC	connection.id=331 request.id=230795 request_id=861900c1-8b06-4bbd-8829-4f64f78e2400 elapsed_us=33389
2026-09-26T22:57:12.100292Z	debug	dynamo_static_selector_rpc	static selector RPC	connection.id=772 request.id=230785 request_id=305d3806-a942-47a8-a628-108f09380200 elapsed_us=31815
static_stage_us prepare=54721 prefill=31761 select=33404 decode=1032 total=120918
static_stage_us prepare=58658 prefill=32451 select=31828 decode=1282 total=124219
2026-09-26T22:57:12.111118Z	debug	dynamo_static_buffer_ready	static prefill channel buffer readiness	connection.id=551 request.id=231303 request_id=b6650eb5-8e00-4e51-b9c0-fd1c3868ae00 ready_us=0 ready_offset_us=4 is_ok=true
2026-09-26T22:57:12.119704Z	debug	dynamo_static_rpc_split	static prefill RPC split	connection.id=481 request.id=231097 request_id=985df196-f983-4b0d-bd9a-ec49ade92b00 headers_us=34991 stream_us=3
2026-09-26T22:57:12.124449Z	debug	dynamo_static_buffer_ready	static prefill channel buffer readiness	connection.id=563 request.id=231358 request_id=b29b5669-cf39-464b-8ad5-20a1e4288c00 ready_us=1 ready_offset_us=8 is_ok=true
2026-09-26T22:57:12.136921Z	debug	dynamo_static_rpc_split	static prefill RPC split	connection.id=551 request.id=231303 request_id=b6650eb5-8e00-4e51-b9c0-fd1c3868ae00 headers_us=25802 stream_us=4
2026-09-26T22:57:12.140114Z	debug	dynamo_static_selector_rpc	static selector RPC	connection.id=481 request.id=231097 request_id=985df196-f983-4b0d-bd9a-ec49ade92b00 elapsed_us=20395
static_stage_us prepare=52349 prefill=35008 select=20409 decode=741 total=108507
2026-09-26T22:57:12.147682Z	debug	dynamo_static_buffer_ready	static prefill channel buffer readiness	connection.id=680 request.id=231482 request_id=9feb82d5-1387-46e0-bd7b-4634f8131f00 ready_us=0 ready_offset_us=3 is_ok=true
2026-09-26T22:57:12.153501Z	debug	dynamo_static_rpc_split	static prefill RPC split	connection.id=563 request.id=231358 request_id=b29b5669-cf39-464b-8ad5-20a1e4288c00 headers_us=29045 stream_us=15
2026-09-26T22:57:12.162908Z	debug	dynamo_static_selector_rpc	static selector RPC	connection.id=551 request.id=231303 request_id=b6650eb5-8e00-4e51-b9c0-fd1c3868ae00 elapsed_us=25950
static_stage_us prepare=45669 prefill=25844 select=25965 decode=1464 total=98942
2026-09-26T22:57:12.177994Z	debug	dynamo_static_selector_rpc	static selector RPC	connection.id=563 request.id=231358 request_id=b29b5669-cf39-464b-8ad5-20a1e4288c00 elapsed_us=24479
static_stage_us prepare=52681 prefill=29076 select=24493 decode=1219 total=107469
2026-09-26T22:57:12.179529Z	debug	dynamo_static_rpc_split	static prefill RPC split	connection.id=680 request.id=231482 request_id=9feb82d5-1387-46e0-bd7b-4634f8131f00 headers_us=31837 stream_us=13
2026-09-26T22:57:12.205670Z	debug	dynamo_static_buffer_ready	static prefill channel buffer readiness	connection.id=314 request.id=231904 request_id=0ad9ad57-47a9-4e9a-9173-af429ffcbc00 ready_us=1 ready_offset_us=9 is_ok=true
2026-09-26T22:57:12.206615Z	debug	dynamo_static_selector_rpc	static selector RPC	connection.id=680 request.id=231482 request_id=9feb82d5-1387-46e0-bd7b-4634f8131f00 elapsed_us=27008
static_stage_us prepare=57473 prefill=31927 select=27022 decode=1888 total=118310
2026-09-26T22:57:12.211437Z	debug	dynamo_static_buffer_ready	static prefill channel buffer readiness	connection.id=360 request.id=231900 request_id=553b56f6-8058-4003-b008-1b55529ade00 ready_us=0 ready_offset_us=5 is_ok=true
2026-09-26T22:57:12.231614Z	debug	dynamo_static_buffer_ready	static prefill channel buffer readiness	connection.id=565 request.id=232025 request_id=e88369f4-0864-4a57-92f0-057fa3b62100 ready_us=0 ready_offset_us=4 is_ok=true
2026-09-26T22:57:12.232159Z	debug	dynamo_static_rpc_split	static prefill RPC split	connection.id=314 request.id=231904 request_id=0ad9ad57-47a9-4e9a-9173-af429ffcbc00 headers_us=26487 stream_us=11
2026-09-26T22:57:12.238355Z	debug	dynamo_static_rpc_split	static prefill RPC split	connection.id=360 request.id=231900 request_id=553b56f6-8058-4003-b008-1b55529ade00 headers_us=26912 stream_us=10
2026-09-26T22:57:12.238576Z	debug	dynamo_static_buffer_ready	static prefill channel buffer readiness	connection.id=645 request.id=232087 request_id=219fee8d-b658-4f73-ae56-f13cb12d5b00 ready_us=0 ready_offset_us=4 is_ok=true
2026-09-26T22:57:12.257684Z	debug	dynamo_static_rpc_split	static prefill RPC split	connection.id=565 request.id=232025 request_id=e88369f4-0864-4a57-92f0-057fa3b62100 headers_us=26045 stream_us=27
2026-09-26T22:57:12.258713Z	debug	dynamo_static_selector_rpc	static selector RPC	connection.id=314 request.id=231904 request_id=0ad9ad57-47a9-4e9a-9173-af429ffcbc00 elapsed_us=26540
static_stage_us prepare=43392 prefill=26513 select=26553 decode=818 total=97276
2026-09-26T22:57:12.264694Z	debug	dynamo_static_rpc_split	static prefill RPC split	connection.id=645 request.id=232087 request_id=219fee8d-b658-4f73-ae56-f13cb12d5b00 headers_us=26115 stream_us=8
2026-09-26T22:57:12.268353Z	debug	dynamo_static_selector_rpc	static selector RPC	connection.id=360 request.id=231900 request_id=553b56f6-8058-4003-b008-1b55529ade00 elapsed_us=29968
static_stage_us prepare=49637 prefill=26953 select=29980 decode=1463 total=108033
2026-09-26T22:57:12.283039Z	debug	dynamo_static_selector_rpc	static selector RPC	connection.id=565 request.id=232025 request_id=e88369f4-0864-4a57-92f0-057fa3b62100 elapsed_us=25338
static_stage_us prepare=52010 prefill=26091 select=25351 decode=863 total=104315
2026-09-26T22:57:12.290840Z	debug	dynamo_static_selector_rpc	static selector RPC	connection.id=645 request.id=232087 request_id=219fee8d-b658-4f73-ae56-f13cb12d5b00 elapsed_us=26130
static_stage_us prepare=49504 prefill=26139 select=26144 decode=2300 total=104087
2026-09-26T22:57:12.354481Z	debug	dynamo_static_buffer_ready	static prefill channel buffer readiness	connection.id=349 request.id=232838 request_id=381e3002-0aff-4e87-a233-2b28981e2d00 ready_us=1 ready_offset_us=8 is_ok=true
2026-09-26T22:57:12.389712Z	debug	dynamo_static_rpc_split	static prefill RPC split	connection.id=349 request.id=232838 request_id=381e3002-0aff-4e87-a233-2b28981e2d00 headers_us=35231 stream_us=8
2026-09-26T22:57:12.396341Z	debug	dynamo_static_buffer_ready	static prefill channel buffer readiness	connection.id=495 request.id=233068 request_id=1acfddc8-a76d-4d2e-b175-a4bc328bd200 ready_us=0 ready_offset_us=5 is_ok=true
2026-09-26T22:57:12.423299Z	debug	dynamo_static_rpc_split	static prefill RPC split	connection.id=495 request.id=233068 request_id=1acfddc8-a76d-4d2e-b175-a4bc328bd200 headers_us=26941 stream_us=22
2026-09-26T22:57:12.427580Z	debug	dynamo_static_selector_rpc	static selector RPC	connection.id=349 request.id=232838 request_id=381e3002-0aff-4e87-a233-2b28981e2d00 elapsed_us=37854
static_stage_us prepare=51325 prefill=35262 select=37867 decode=1084 total=125538
2026-09-26T22:57:12.452665Z	debug	dynamo_static_selector_rpc	static selector RPC	connection.id=495 request.id=233068 request_id=1acfddc8-a76d-4d2e-b175-a4bc328bd200 elapsed_us=29288
static_stage_us prepare=57090 prefill=26979 select=29364 decode=1168 total=114601
2026-09-26T22:57:12.520651Z	debug	dynamo_static_buffer_ready	static prefill channel buffer readiness	connection.id=840 request.id=233801 request_id=5ab249ed-f4da-4a30-bbf5-ffef502a2100 ready_us=0 ready_offset_us=4 is_ok=true
2026-09-26T22:57:12.547346Z	debug	dynamo_static_rpc_split	static prefill RPC split	connection.id=840 request.id=233801 request_id=5ab249ed-f4da-4a30-bbf5-ffef502a2100 headers_us=26681 stream_us=17
2026-09-26T22:57:12.572801Z	debug	dynamo_static_selector_rpc	static selector RPC	connection.id=840 request.id=233801 request_id=5ab249ed-f4da-4a30-bbf5-ffef502a2100 elapsed_us=25357
static_stage_us prepare=59467 prefill=26796 select=25373 decode=2009 total=113645
2026-09-26T22:57:12.593006Z	debug	dynamo_static_buffer_ready	static prefill channel buffer readiness	connection.id=270 request.id=234157 request_id=27aca25f-3616-441e-9a4e-44d007d16900 ready_us=0 ready_offset_us=7 is_ok=true
2026-09-26T22:57:12.616154Z	debug	dynamo_static_buffer_ready	static prefill channel buffer readiness	connection.id=605 request.id=234320 request_id=342966fb-db46-4542-9512-9f88fde3e100 ready_us=0 ready_offset_us=4 is_ok=true
2026-09-26T22:57:12.617060Z	debug	dynamo_static_rpc_split	static prefill RPC split	connection.id=270 request.id=234157 request_id=27aca25f-3616-441e-9a4e-44d007d16900 headers_us=24048 stream_us=12
2026-09-26T22:57:12.642489Z	debug	dynamo_static_rpc_split	static prefill RPC split	connection.id=605 request.id=234320 request_id=342966fb-db46-4542-9512-9f88fde3e100 headers_us=26323 stream_us=15
2026-09-26T22:57:12.645652Z	debug	dynamo_static_selector_rpc	static selector RPC	connection.id=270 request.id=234157 request_id=27aca25f-3616-441e-9a4e-44d007d16900 elapsed_us=28573
static_stage_us prepare=57515 prefill=24081 select=28594 decode=1978 total=112168
2026-09-26T22:57:12.661408Z	debug	dynamo_static_buffer_ready	static prefill channel buffer readiness	connection.id=809 request.id=234622 request_id=ffcf598e-fbda-4152-b496-9c08988c1300 ready_us=0 ready_offset_us=3 is_ok=true
2026-09-26T22:57:12.667876Z	debug	dynamo_static_selector_rpc	static selector RPC	connection.id=605 request.id=234320 request_id=342966fb-db46-4542-9512-9f88fde3e100 elapsed_us=25367
static_stage_us prepare=55555 prefill=26358 select=25381 decode=847 total=108141
2026-09-26T22:57:12.688028Z	debug	dynamo_static_rpc_split	static prefill RPC split	connection.id=809 request.id=234622 request_id=ffcf598e-fbda-4152-b496-9c08988c1300 headers_us=26606 stream_us=15
2026-09-26T22:57:12.716440Z	debug	dynamo_static_selector_rpc	static selector RPC	connection.id=809 request.id=234622 request_id=ffcf598e-fbda-4152-b496-9c08988c1300 elapsed_us=28394
static_stage_us prepare=54707 prefill=26641 select=28411 decode=1101 total=110860
2026-09-26T22:57:12.726741Z	debug	dynamo_static_buffer_ready	static prefill channel buffer readiness	connection.id=545 request.id=235073 request_id=0ff592f9-2649-493d-9bec-8111705b4d00 ready_us=0 ready_offset_us=4 is_ok=true
2026-09-26T22:57:12.738704Z	debug	dynamo_static_buffer_ready	static prefill channel buffer readiness	connection.id=610 request.id=235103 request_id=ce9d66bb-6f85-4637-8b96-71a70410b300 ready_us=0 ready_offset_us=3 is_ok=true
2026-09-26T22:57:12.739586Z	debug	dynamo_static_buffer_ready	static prefill channel buffer readiness	connection.id=235 request.id=235092 request_id=32bac09b-0c68-452b-88bc-8e7bb73bdc00 ready_us=0 ready_offset_us=4 is_ok=true
2026-09-26T22:57:12.760405Z	debug	dynamo_static_rpc_split	static prefill RPC split	connection.id=545 request.id=235073 request_id=0ff592f9-2649-493d-9bec-8111705b4d00 headers_us=33661 stream_us=6
2026-09-26T22:57:12.766880Z	debug	dynamo_static_rpc_split	static prefill RPC split	connection.id=610 request.id=235103 request_id=ce9d66bb-6f85-4637-8b96-71a70410b300 headers_us=28171 stream_us=8
2026-09-26T22:57:12.767997Z	debug	dynamo_static_rpc_split	static prefill RPC split	connection.id=235 request.id=235092 request_id=32bac09b-0c68-452b-88bc-8e7bb73bdc00 headers_us=28395 stream_us=20
2026-09-26T22:57:12.783493Z	debug	dynamo_static_selector_rpc	static selector RPC	connection.id=545 request.id=235073 request_id=0ff592f9-2649-493d-9bec-8111705b4d00 elapsed_us=23069
static_stage_us prepare=49561 prefill=33687 select=23086 decode=1882 total=108216
static_stage_us prepare=52487 prefill=28196 select=24873 decode=947 total=106503
2026-09-26T22:57:12.791744Z	debug	dynamo_static_selector_rpc	static selector RPC	connection.id=610 request.id=235103 request_id=ce9d66bb-6f85-4637-8b96-71a70410b300 elapsed_us=24848
2026-09-26T22:57:12.804194Z	debug	dynamo_static_selector_rpc	static selector RPC	connection.id=235 request.id=235092 request_id=32bac09b-0c68-452b-88bc-8e7bb73bdc00 elapsed_us=36180
static_stage_us prepare=56128 prefill=28432 select=36194 decode=2114 total=122868
2026-09-26T22:57:12.875179Z	debug	dynamo_static_buffer_ready	static prefill channel buffer readiness	connection.id=149 request.id=235914 request_id=3d844fa6-1ba5-48f6-8b57-86b059903200 ready_us=0 ready_offset_us=3 is_ok=true
2026-09-26T22:57:12.903866Z	debug	dynamo_static_rpc_split	static prefill RPC split	connection.id=149 request.id=235914 request_id=3d844fa6-1ba5-48f6-8b57-86b059903200 headers_us=28665 stream_us=23
2026-09-26T22:57:12.933193Z	debug	dynamo_static_selector_rpc	static selector RPC	connection.id=149 request.id=235914 request_id=3d844fa6-1ba5-48f6-8b57-86b059903200 elapsed_us=29310
2026-09-26T22:57:12.934853Z	debug	dynamo_static_buffer_ready	static prefill channel buffer readiness	connection.id=600 request.id=236284 request_id=39bfd601-f503-4339-b55e-70622c782e00 ready_us=1 ready_offset_us=3 is_ok=true
static_stage_us prepare=53308 prefill=28707 select=29327 decode=4438 total=115780
2026-09-26T22:57:12.952647Z	debug	dynamo_static_buffer_ready	static prefill channel buffer readiness	connection.id=702 request.id=236448 request_id=fce41491-7f67-420f-8540-af31fc058f00 ready_us=0 ready_offset_us=4 is_ok=true
2026-09-26T22:57:12.969201Z	debug	dynamo_static_rpc_split	static prefill RPC split	connection.id=600 request.id=236284 request_id=39bfd601-f503-4339-b55e-70622c782e00 headers_us=34342 stream_us=8
2026-09-26T22:57:12.978290Z	debug	dynamo_static_rpc_split	static prefill RPC split	connection.id=702 request.id=236448 request_id=fce41491-7f67-420f-8540-af31fc058f00 headers_us=25643 stream_us=4
2026-09-26T22:57:12.985775Z	debug	dynamo_static_buffer_ready	static prefill channel buffer readiness	connection.id=772 request.id=236658 request_id=d3a8a5f9-16ee-45a8-b1c7-56ca7d803f00 ready_us=0 ready_offset_us=5 is_ok=true
2026-09-26T22:57:12.997583Z	debug	dynamo_static_selector_rpc	static selector RPC	connection.id=600 request.id=236284 request_id=39bfd601-f503-4339-b55e-70622c782e00 elapsed_us=28350
static_stage_us prepare=56490 prefill=34383 select=28364 decode=2575 total=121812
2026-09-26T22:57:13.005992Z	debug	dynamo_static_selector_rpc	static selector RPC	connection.id=702 request.id=236448 request_id=fce41491-7f67-420f-8540-af31fc058f00 elapsed_us=27688
static_stage_us prepare=51798 prefill=25662 select=27702 decode=3363 total=108525
2026-09-26T22:57:13.020063Z	debug	dynamo_static_rpc_split	static prefill RPC split	connection.id=772 request.id=236658 request_id=d3a8a5f9-16ee-45a8-b1c7-56ca7d803f00 headers_us=34289 stream_us=4
2026-09-26T22:57:13.047823Z	debug	dynamo_static_selector_rpc	static selector RPC	connection.id=772 request.id=236658 request_id=d3a8a5f9-16ee-45a8-b1c7-56ca7d803f00 elapsed_us=27748
static_stage_us prepare=50761 prefill=34306 select=27761 decode=1880 total=114708
2026-09-26T22:57:13.054190Z	debug	dynamo_static_buffer_ready	static prefill channel buffer readiness	connection.id=465 request.id=237071 request_id=f91ffef7-f314-466b-89e6-75b3d9652f00 ready_us=0 ready_offset_us=2 is_ok=true
2026-09-26T22:57:13.078790Z	debug	dynamo_static_rpc_split	static prefill RPC split	connection.id=465 request.id=237071 request_id=f91ffef7-f314-466b-89e6-75b3d9652f00 headers_us=24588 stream_us=14
2026-09-26T22:57:13.105891Z	debug	dynamo_static_buffer_ready	static prefill channel buffer readiness	connection.id=301 request.id=237332 request_id=6a3455ea-81bd-4dd1-ba7a-8aff03d10900 ready_us=0 ready_offset_us=4 is_ok=true
2026-09-26T22:57:13.107081Z	debug	dynamo_static_selector_rpc	static selector RPC	connection.id=465 request.id=237071 request_id=f91ffef7-f314-466b-89e6-75b3d9652f00 elapsed_us=28273
static_stage_us prepare=51368 prefill=24620 select=28288 decode=1350 total=105626
2026-09-26T22:57:13.136275Z	debug	dynamo_static_rpc_split	static prefill RPC split	connection.id=301 request.id=237332 request_id=6a3455ea-81bd-4dd1-ba7a-8aff03d10900 headers_us=30386 stream_us=3
2026-09-26T22:57:13.161408Z	debug	dynamo_static_selector_rpc	static selector RPC	connection.id=301 request.id=237332 request_id=6a3455ea-81bd-4dd1-ba7a-8aff03d10900 elapsed_us=25118
static_stage_us prepare=53909 prefill=30404 select=25133 decode=1537 total=110983
2026-09-26T22:57:13.265223Z	debug	dynamo_static_buffer_ready	static prefill channel buffer readiness	connection.id=274 request.id=238340 request_id=c6351a5b-bef0-4970-8b49-354a85a40e00 ready_us=0 ready_offset_us=4 is_ok=true
2026-09-26T22:57:13.265282Z	debug	dynamo_static_buffer_ready	static prefill channel buffer readiness	connection.id=276 request.id=238350 request_id=b67337f2-736f-4858-85b5-44412ce7e000 ready_us=0 ready_offset_us=2 is_ok=true
2026-09-26T22:57:13.273731Z	debug	dynamo_static_buffer_ready	static prefill channel buffer readiness	connection.id=519 request.id=238402 request_id=51566e2f-c5a6-4354-9fd0-3bc5c9e1bf00 ready_us=1 ready_offset_us=5 is_ok=true
2026-09-26T22:57:13.300652Z	debug	dynamo_static_rpc_split	static prefill RPC split	connection.id=519 request.id=238402 request_id=51566e2f-c5a6-4354-9fd0-3bc5c9e1bf00 headers_us=26919 stream_us=5
2026-09-26T22:57:13.301086Z	debug	dynamo_static_rpc_split	static prefill RPC split	connection.id=276 request.id=238350 request_id=b67337f2-736f-4858-85b5-44412ce7e000 headers_us=35799 stream_us=7
2026-09-26T22:57:13.301105Z	debug	dynamo_static_rpc_split	static prefill RPC split	connection.id=274 request.id=238340 request_id=c6351a5b-bef0-4970-8b49-354a85a40e00 headers_us=35865 stream_us=20
2026-09-26T22:57:13.331155Z	debug	dynamo_static_selector_rpc	static selector RPC	connection.id=274 request.id=238340 request_id=c6351a5b-bef0-4970-8b49-354a85a40e00 elapsed_us=30038
2026-09-26T22:57:13.331196Z	debug	dynamo_static_selector_rpc	static selector RPC	connection.id=519 request.id=238402 request_id=51566e2f-c5a6-4354-9fd0-3bc5c9e1bf00 elapsed_us=30526
2026-09-26T22:57:13.334495Z	debug	dynamo_static_selector_rpc	static selector RPC	connection.id=276 request.id=238350 request_id=b67337f2-736f-4858-85b5-44412ce7e000 elapsed_us=33392
static_stage_us prepare=56952 prefill=26944 select=30535 decode=3560 total=117991
static_stage_us prepare=57898 prefill=35898 select=30056 decode=4436 total=128288
static_stage_us prepare=57224 prefill=35824 select=33406 decode=4517 total=130971
2026-09-26T22:57:13.342532Z	debug	dynamo_static_buffer_ready	static prefill channel buffer readiness	connection.id=728 request.id=238756 request_id=9db6d369-786a-4cd7-bf24-abe11abd4200 ready_us=0 ready_offset_us=6 is_ok=true
2026-09-26T22:57:13.370004Z	debug	dynamo_static_rpc_split	static prefill RPC split	connection.id=728 request.id=238756 request_id=9db6d369-786a-4cd7-bf24-abe11abd4200 headers_us=27467 stream_us=10
2026-09-26T22:57:13.373470Z	debug	dynamo_static_buffer_ready	static prefill channel buffer readiness	connection.id=157 request.id=239019 request_id=791cf6f8-b9a0-4530-9e38-11a642b6b000 ready_us=0 ready_offset_us=5 is_ok=true
2026-09-26T22:57:13.405306Z	debug	dynamo_static_rpc_split	static prefill RPC split	connection.id=157 request.id=239019 request_id=791cf6f8-b9a0-4530-9e38-11a642b6b000 headers_us=31806 stream_us=33
2026-09-26T22:57:13.406144Z	debug	dynamo_static_selector_rpc	static selector RPC	connection.id=728 request.id=238756 request_id=9db6d369-786a-4cd7-bf24-abe11abd4200 elapsed_us=36121
static_stage_us prepare=57896 prefill=27497 select=36135 decode=3697 total=125225
2026-09-26T22:57:13.437736Z	debug	dynamo_static_selector_rpc	static selector RPC	connection.id=157 request.id=239019 request_id=791cf6f8-b9a0-4530-9e38-11a642b6b000 elapsed_us=32403
static_stage_us prepare=50243 prefill=31867 select=32436 decode=5359 total=119905
2026-09-26T22:57:13.490312Z	debug	dynamo_static_buffer_ready	static prefill channel buffer readiness	connection.id=394 request.id=239628 request_id=93c818f0-1817-43f4-9b9a-5665b7510f00 ready_us=0 ready_offset_us=4 is_ok=true
2026-09-26T22:57:13.492656Z	debug	dynamo_static_buffer_ready	static prefill channel buffer readiness	connection.id=464 request.id=239648 request_id=c17afb75-bdc9-446a-b682-2e6346dfeb00 ready_us=0 ready_offset_us=4 is_ok=true
2026-09-26T22:57:13.519600Z	debug	dynamo_static_rpc_split	static prefill RPC split	connection.id=394 request.id=239628 request_id=93c818f0-1817-43f4-9b9a-5665b7510f00 headers_us=29285 stream_us=6
2026-09-26T22:57:13.524840Z	debug	dynamo_static_rpc_split	static prefill RPC split	connection.id=464 request.id=239648 request_id=c17afb75-bdc9-446a-b682-2e6346dfeb00 headers_us=32183 stream_us=5
2026-09-26T22:57:13.540109Z	debug	dynamo_static_selector_rpc	static selector RPC	connection.id=394 request.id=239628 request_id=93c818f0-1817-43f4-9b9a-5665b7510f00 elapsed_us=20489
static_stage_us prepare=57677 prefill=29312 select=20510 decode=1469 total=108968
2026-09-26T22:57:13.554943Z	debug	dynamo_static_selector_rpc	static selector RPC	connection.id=464 request.id=239648 request_id=c17afb75-bdc9-446a-b682-2e6346dfeb00 elapsed_us=30073
static_stage_us prepare=54337 prefill=32208 select=30103 decode=814 total=117462
2026-09-26T22:57:13.600888Z	debug	dynamo_static_buffer_ready	static prefill channel buffer readiness	connection.id=622 request.id=240378 request_id=338d8100-1f86-4dbb-b875-c062babfeb00 ready_us=0 ready_offset_us=2 is_ok=true
2026-09-26T22:57:13.635199Z	debug	dynamo_static_buffer_ready	static prefill channel buffer readiness	connection.id=752 request.id=240540 request_id=3e3b2b15-ea24-44c3-a96f-c75d4827e900 ready_us=0 ready_offset_us=3 is_ok=true
2026-09-26T22:57:13.640990Z	debug	dynamo_static_rpc_split	static prefill RPC split	connection.id=622 request.id=240378 request_id=338d8100-1f86-4dbb-b875-c062babfeb00 headers_us=40099 stream_us=4
2026-09-26T22:57:13.645957Z	debug	dynamo_static_buffer_ready	static prefill channel buffer readiness	connection.id=265 request.id=240573 request_id=260e51ac-c208-4a63-b435-eb8594704f00 ready_us=0 ready_offset_us=6 is_ok=true
2026-09-26T22:57:13.667730Z	debug	dynamo_static_rpc_split	static prefill RPC split	connection.id=752 request.id=240540 request_id=3e3b2b15-ea24-44c3-a96f-c75d4827e900 headers_us=32517 stream_us=16
2026-09-26T22:57:13.673071Z	debug	dynamo_static_selector_rpc	static selector RPC	connection.id=622 request.id=240378 request_id=338d8100-1f86-4dbb-b875-c062babfeb00 elapsed_us=32067
static_stage_us prepare=49171 prefill=40118 select=32078 decode=1888 total=123255
2026-09-26T22:57:13.678173Z	debug	dynamo_static_rpc_split	static prefill RPC split	connection.id=265 request.id=240573 request_id=260e51ac-c208-4a63-b435-eb8594704f00 headers_us=32218 stream_us=2
2026-09-26T22:57:13.700251Z	debug	dynamo_static_selector_rpc	static selector RPC	connection.id=752 request.id=240540 request_id=3e3b2b15-ea24-44c3-a96f-c75d4827e900 elapsed_us=32491
static_stage_us prepare=52820 prefill=32564 select=32504 decode=5165 total=123053
2026-09-26T22:57:13.712913Z	debug	dynamo_static_selector_rpc	static selector RPC	connection.id=265 request.id=240573 request_id=260e51ac-c208-4a63-b435-eb8594704f00 elapsed_us=34692
2026-09-26T22:57:13.714255Z	debug	dynamo_static_buffer_ready	static prefill channel buffer readiness	connection.id=690 request.id=241041 request_id=c0b8a2f6-ffcc-441c-957e-48a182048000 ready_us=0 ready_offset_us=5 is_ok=true
static_stage_us prepare=59265 prefill=32269 select=34708 decode=1643 total=127885
2026-09-26T22:57:13.748270Z	debug	dynamo_static_rpc_split	static prefill RPC split	connection.id=690 request.id=241041 request_id=c0b8a2f6-ffcc-441c-957e-48a182048000 headers_us=34013 stream_us=7
2026-09-26T22:57:13.780814Z	debug	dynamo_static_selector_rpc	static selector RPC	connection.id=690 request.id=241041 request_id=c0b8a2f6-ffcc-441c-957e-48a182048000 elapsed_us=32529
static_stage_us prepare=56991 prefill=34034 select=32546 decode=1299 total=124870
2026-09-26T22:57:13.799771Z	debug	dynamo_static_buffer_ready	static prefill channel buffer readiness	connection.id=262 request.id=241434 request_id=bb9ee22d-577b-4c4f-870f-e00635082300 ready_us=1 ready_offset_us=4 is_ok=true
2026-09-26T22:57:13.826229Z	debug	dynamo_static_rpc_split	static prefill RPC split	connection.id=262 request.id=241434 request_id=bb9ee22d-577b-4c4f-870f-e00635082300 headers_us=26458 stream_us=3
2026-09-26T22:57:13.852198Z	debug	dynamo_static_buffer_ready	static prefill channel buffer readiness	connection.id=774 request.id=241697 request_id=701f219d-9cf2-4583-b6d3-1dd9004ae700 ready_us=0 ready_offset_us=3 is_ok=true
2026-09-26T22:57:13.852220Z	debug	dynamo_static_buffer_ready	static prefill channel buffer readiness	connection.id=599 request.id=241702 request_id=a56928d2-6374-459b-927d-e1fcb481fd00 ready_us=0 ready_offset_us=3 is_ok=true
2026-09-26T22:57:13.854621Z	debug	dynamo_static_selector_rpc	static selector RPC	connection.id=262 request.id=241434 request_id=bb9ee22d-577b-4c4f-870f-e00635082300 elapsed_us=28378
static_stage_us prepare=64629 prefill=26477 select=28392 decode=1235 total=120733
2026-09-26T22:57:13.855650Z	debug	dynamo_static_buffer_ready	static prefill channel buffer readiness	connection.id=831 request.id=241757 request_id=f11a432b-0447-460f-9d7b-badea72c0400 ready_us=0 ready_offset_us=5 is_ok=true
2026-09-26T22:57:13.856137Z	debug	dynamo_static_buffer_ready	static prefill channel buffer readiness	connection.id=872 request.id=241815 request_id=7cdfea2b-1004-465d-aa5f-a0c32bd07d00 ready_us=0 ready_offset_us=4 is_ok=true
2026-09-26T22:57:13.891855Z	debug	dynamo_static_rpc_split	static prefill RPC split	connection.id=872 request.id=241815 request_id=7cdfea2b-1004-465d-aa5f-a0c32bd07d00 headers_us=35717 stream_us=4
2026-09-26T22:57:13.891866Z	debug	dynamo_static_rpc_split	static prefill RPC split	connection.id=599 request.id=241702 request_id=a56928d2-6374-459b-927d-e1fcb481fd00 headers_us=39633 stream_us=16
2026-09-26T22:57:13.892093Z	debug	dynamo_static_rpc_split	static prefill RPC split	connection.id=774 request.id=241697 request_id=701f219d-9cf2-4583-b6d3-1dd9004ae700 headers_us=39896 stream_us=3
2026-09-26T22:57:13.895762Z	debug	dynamo_static_buffer_ready	static prefill channel buffer readiness	connection.id=676 request.id=242008 request_id=5bf97a2e-2f04-4107-9f04-6203f7d25b00 ready_us=1 ready_offset_us=6 is_ok=true
2026-09-26T22:57:13.897614Z	debug	dynamo_static_rpc_split	static prefill RPC split	connection.id=831 request.id=241757 request_id=f11a432b-0447-460f-9d7b-badea72c0400 headers_us=41964 stream_us=4
2026-09-26T22:57:13.899184Z	debug	dynamo_static_buffer_ready	static prefill channel buffer readiness	connection.id=389 request.id=242067 request_id=1b3c7d9a-6d04-42b7-98e0-fd65727c4f00 ready_us=0 ready_offset_us=5 is_ok=true
2026-09-26T22:57:13.925362Z	debug	dynamo_static_selector_rpc	static selector RPC	connection.id=872 request.id=241815 request_id=7cdfea2b-1004-465d-aa5f-a0c32bd07d00 elapsed_us=33494
static_stage_us prepare=50311 prefill=35736 select=33506 decode=977 total=120530
2026-09-26T22:57:13.927980Z	debug	dynamo_static_buffer_ready	static prefill channel buffer readiness	connection.id=206 request.id=242245 request_id=fda3ed49-4ea4-4e28-b144-2bd483ab6c00 ready_us=1 ready_offset_us=4 is_ok=true
2026-09-26T22:57:13.931064Z	debug	dynamo_static_selector_rpc	static selector RPC	connection.id=774 request.id=241697 request_id=701f219d-9cf2-4583-b6d3-1dd9004ae700 elapsed_us=38947
2026-09-26T22:57:13.931063Z	debug	dynamo_static_selector_rpc	static selector RPC	connection.id=599 request.id=241702 request_id=a56928d2-6374-459b-927d-e1fcb481fd00 elapsed_us=39187
2026-09-26T22:57:13.932861Z	debug	dynamo_static_rpc_split	static prefill RPC split	connection.id=389 request.id=242067 request_id=1b3c7d9a-6d04-42b7-98e0-fd65727c4f00 headers_us=33670 stream_us=11
2026-09-26T22:57:13.932992Z	debug	dynamo_static_rpc_split	static prefill RPC split	connection.id=676 request.id=242008 request_id=5bf97a2e-2f04-4107-9f04-6203f7d25b00 headers_us=37188 stream_us=48
static_stage_us prepare=60433 prefill=39924 select=38962 decode=2167 total=141486
static_stage_us prepare=59532 prefill=39659 select=39214 decode=2677 total=141082
2026-09-26T22:57:13.935715Z	debug	dynamo_static_selector_rpc	static selector RPC	connection.id=831 request.id=241757 request_id=f11a432b-0447-460f-9d7b-badea72c0400 elapsed_us=38089
static_stage_us prepare=57519 prefill=41983 select=38099 decode=891 total=138492
2026-09-26T22:57:13.954211Z	debug	dynamo_static_rpc_split	static prefill RPC split	connection.id=206 request.id=242245 request_id=fda3ed49-4ea4-4e28-b144-2bd483ab6c00 headers_us=26194 stream_us=40
2026-09-26T22:57:13.964388Z	debug	dynamo_static_selector_rpc	static selector RPC	connection.id=389 request.id=242067 request_id=1b3c7d9a-6d04-42b7-98e0-fd65727c4f00 elapsed_us=31510
static_stage_us prepare=54668 prefill=33699 select=31523 decode=888 total=120778
2026-09-26T22:57:13.967133Z	debug	dynamo_static_selector_rpc	static selector RPC	connection.id=676 request.id=242008 request_id=5bf97a2e-2f04-4107-9f04-6203f7d25b00 elapsed_us=33996
static_stage_us prepare=63913 prefill=37382 select=34008 decode=1020 total=136323
2026-09-26T22:57:13.986316Z	debug	dynamo_static_selector_rpc	static selector RPC	connection.id=206 request.id=242245 request_id=fda3ed49-4ea4-4e28-b144-2bd483ab6c00 elapsed_us=32088
static_stage_us prepare=57517 prefill=26252 select=32102 decode=5663 total=121534
2026-09-26T22:57:13.991377Z	debug	dynamo_static_buffer_ready	static prefill channel buffer readiness	connection.id=381 request.id=242530 request_id=6e5d9312-ae5a-4022-8239-a5b36c727c00 ready_us=19 ready_offset_us=21 is_ok=true
2026-09-26T22:57:13.991395Z	debug	dynamo_static_buffer_ready	static prefill channel buffer readiness	connection.id=922 request.id=242533 request_id=da3004f1-4122-45ba-a9f9-4ae63e832000 ready_us=0 ready_offset_us=3 is_ok=true
2026-09-26T22:57:14.015405Z	debug	dynamo_static_rpc_split	static prefill RPC split	connection.id=381 request.id=242530 request_id=6e5d9312-ae5a-4022-8239-a5b36c727c00 headers_us=24044 stream_us=4
2026-09-26T22:57:14.018567Z	debug	dynamo_static_buffer_ready	static prefill channel buffer readiness	connection.id=783 request.id=242718 request_id=16e2719e-b5a9-421d-9011-41b22c706000 ready_us=0 ready_offset_us=5 is_ok=true
2026-09-26T22:57:14.025239Z	debug	dynamo_static_buffer_ready	static prefill channel buffer readiness	connection.id=288 request.id=242755 request_id=8694ffdd-3ba1-49b3-b829-e5ad4607e300 ready_us=0 ready_offset_us=4 is_ok=true
2026-09-26T22:57:14.025703Z	debug	dynamo_static_rpc_split	static prefill RPC split	connection.id=922 request.id=242533 request_id=da3004f1-4122-45ba-a9f9-4ae63e832000 headers_us=34306 stream_us=5
2026-09-26T22:57:14.051612Z	debug	dynamo_static_selector_rpc	static selector RPC	connection.id=381 request.id=242530 request_id=6e5d9312-ae5a-4022-8239-a5b36c727c00 elapsed_us=36176
static_stage_us prepare=57133 prefill=24079 select=36193 decode=1521 total=118926
2026-09-26T22:57:14.059467Z	debug	dynamo_static_rpc_split	static prefill RPC split	connection.id=783 request.id=242718 request_id=16e2719e-b5a9-421d-9011-41b22c706000 headers_us=40874 stream_us=31
2026-09-26T22:57:14.061116Z	debug	dynamo_static_selector_rpc	static selector RPC	connection.id=922 request.id=242533 request_id=da3004f1-4122-45ba-a9f9-4ae63e832000 elapsed_us=35400
2026-09-26T22:57:14.062695Z	debug	dynamo_static_rpc_split	static prefill RPC split	connection.id=288 request.id=242755 request_id=8694ffdd-3ba1-49b3-b829-e5ad4607e300 headers_us=37453 stream_us=7
static_stage_us prepare=55817 prefill=34324 select=35415 decode=3019 total=128575
static_stage_us prepare=57151 prefill=40920 select=34663 decode=1250 total=133984
2026-09-26T22:57:14.094131Z	debug	dynamo_static_selector_rpc	static selector RPC	connection.id=783 request.id=242718 request_id=16e2719e-b5a9-421d-9011-41b22c706000 elapsed_us=34630
2026-09-26T22:57:14.094838Z	debug	dynamo_static_selector_rpc	static selector RPC	connection.id=288 request.id=242755 request_id=8694ffdd-3ba1-49b3-b829-e5ad4607e300 elapsed_us=32102
static_stage_us prepare=56926 prefill=37502 select=32115 decode=1012 total=127555
2026-09-26T22:57:14.114884Z	debug	dynamo_static_buffer_ready	static prefill channel buffer readiness	connection.id=671 request.id=243242 request_id=904d4e07-9525-4aaf-bc2d-3f56b3f0c700 ready_us=0 ready_offset_us=3 is_ok=true
2026-09-26T22:57:14.147100Z	debug	dynamo_static_rpc_split	static prefill RPC split	connection.id=671 request.id=243242 request_id=904d4e07-9525-4aaf-bc2d-3f56b3f0c700 headers_us=32209 stream_us=9
2026-09-26T22:57:14.172265Z	debug	dynamo_static_selector_rpc	static selector RPC	connection.id=671 request.id=243242 request_id=904d4e07-9525-4aaf-bc2d-3f56b3f0c700 elapsed_us=25147
static_stage_us prepare=62025 prefill=32238 select=25159 decode=1452 total=120874
2026-09-26T22:57:14.205329Z	debug	dynamo_static_buffer_ready	static prefill channel buffer readiness	connection.id=250 request.id=243764 request_id=1c9b0b21-6f98-4ba0-8e99-00d3eb24c000 ready_us=1 ready_offset_us=38 is_ok=true
2026-09-26T22:57:14.230406Z	debug	dynamo_static_rpc_split	static prefill RPC split	connection.id=250 request.id=243764 request_id=1c9b0b21-6f98-4ba0-8e99-00d3eb24c000 headers_us=25105 stream_us=10
2026-09-26T22:57:14.250518Z	debug	dynamo_static_selector_rpc	static selector RPC	connection.id=250 request.id=243764 request_id=1c9b0b21-6f98-4ba0-8e99-00d3eb24c000 elapsed_us=20082
static_stage_us prepare=51191 prefill=25145 select=20099 decode=1001 total=97436
2026-09-26T22:57:14.298086Z	debug	dynamo_static_buffer_ready	static prefill channel buffer readiness	connection.id=461 request.id=244412 request_id=873261e9-1497-448c-9d82-b5e73249a900 ready_us=0 ready_offset_us=7 is_ok=true
2026-09-26T22:57:14.339871Z	debug	dynamo_static_rpc_split	static prefill RPC split	connection.id=461 request.id=244412 request_id=873261e9-1497-448c-9d82-b5e73249a900 headers_us=41785 stream_us=8
2026-09-26T22:57:14.345896Z	debug	dynamo_static_buffer_ready	static prefill channel buffer readiness	connection.id=516 request.id=244668 request_id=911a2d99-c343-4e29-9e54-51cfc776b100 ready_us=0 ready_offset_us=5 is_ok=true
2026-09-26T22:57:14.365907Z	debug	dynamo_static_rpc_split	static prefill RPC split	connection.id=516 request.id=244668 request_id=911a2d99-c343-4e29-9e54-51cfc776b100 headers_us=20001 stream_us=14
2026-09-26T22:57:14.366551Z	debug	dynamo_static_selector_rpc	static selector RPC	connection.id=461 request.id=244412 request_id=873261e9-1497-448c-9d82-b5e73249a900 elapsed_us=26607
static_stage_us prepare=55278 prefill=41866 select=26621 decode=740 total=124505
2026-09-26T22:57:14.370693Z	debug	dynamo_static_buffer_ready	static prefill channel buffer readiness	connection.id=502 request.id=244773 request_id=5b4f7105-ef8d-4813-914a-675387eb2900 ready_us=0 ready_offset_us=2 is_ok=true
2026-09-26T22:57:14.388745Z	debug	dynamo_static_selector_rpc	static selector RPC	connection.id=516 request.id=244668 request_id=911a2d99-c343-4e29-9e54-51cfc776b100 elapsed_us=22817
static_stage_us prepare=57394 prefill=20038 select=22857 decode=1320 total=101609
2026-09-26T22:57:14.396233Z	debug	dynamo_static_rpc_split	static prefill RPC split	connection.id=502 request.id=244773 request_id=5b4f7105-ef8d-4813-914a-675387eb2900 headers_us=25537 stream_us=4
2026-09-26T22:57:14.423030Z	debug	dynamo_static_selector_rpc	static selector RPC	connection.id=502 request.id=244773 request_id=5b4f7105-ef8d-4813-914a-675387eb2900 elapsed_us=26785
static_stage_us prepare=49327 prefill=25554 select=26798 decode=815 total=102494
2026-09-26T22:57:14.441446Z	debug	dynamo_static_buffer_ready	static prefill channel buffer readiness	connection.id=318 request.id=245188 request_id=9a333789-f60f-4e89-8b76-296078722500 ready_us=0 ready_offset_us=3 is_ok=true
2026-09-26T22:57:14.443662Z	debug	dynamo_static_buffer_ready	static prefill channel buffer readiness	connection.id=512 request.id=245212 request_id=23b4542d-cbc2-4d01-93e0-499a2f15fa00 ready_us=0 ready_offset_us=3 is_ok=true
2026-09-26T22:57:14.467520Z	debug	dynamo_static_rpc_split	static prefill RPC split	connection.id=512 request.id=245212 request_id=23b4542d-cbc2-4d01-93e0-499a2f15fa00 headers_us=23844 stream_us=16
2026-09-26T22:57:14.469178Z	debug	dynamo_static_rpc_split	static prefill RPC split	connection.id=318 request.id=245188 request_id=9a333789-f60f-4e89-8b76-296078722500 headers_us=27725 stream_us=9
2026-09-26T22:57:14.491777Z	debug	dynamo_static_selector_rpc	static selector RPC	connection.id=318 request.id=245188 request_id=9a333789-f60f-4e89-8b76-296078722500 elapsed_us=22586
2026-09-26T22:57:14.491884Z	debug	dynamo_static_selector_rpc	static selector RPC	connection.id=512 request.id=245212 request_id=23b4542d-cbc2-4d01-93e0-499a2f15fa00 elapsed_us=24345
static_stage_us prepare=44619 prefill=27748 select=22599 decode=1701 total=96667
static_stage_us prepare=43077 prefill=23879 select=24353 decode=1662 total=92971
2026-09-26T22:57:14.506541Z	debug	dynamo_static_buffer_ready	static prefill channel buffer readiness	connection.id=288 request.id=245616 request_id=2ae702dd-7201-4485-8215-1ae4f1644400 ready_us=0 ready_offset_us=3 is_ok=true
2026-09-26T22:57:14.533569Z	debug	dynamo_static_rpc_split	static prefill RPC split	connection.id=288 request.id=245616 request_id=2ae702dd-7201-4485-8215-1ae4f1644400 headers_us=27026 stream_us=4
2026-09-26T22:57:14.550341Z	debug	dynamo_static_buffer_ready	static prefill channel buffer readiness	connection.id=268 request.id=245876 request_id=b368319b-be3d-4d1c-87e4-299531481e00 ready_us=0 ready_offset_us=2 is_ok=true
2026-09-26T22:57:14.559785Z	debug	dynamo_static_selector_rpc	static selector RPC	connection.id=288 request.id=245616 request_id=2ae702dd-7201-4485-8215-1ae4f1644400 elapsed_us=26202
static_stage_us prepare=39646 prefill=27046 select=26218 decode=2633 total=95543
2026-09-26T22:57:14.575563Z	debug	dynamo_static_rpc_split	static prefill RPC split	connection.id=268 request.id=245876 request_id=b368319b-be3d-4d1c-87e4-299531481e00 headers_us=25220 stream_us=3
2026-09-26T22:57:14.599314Z	debug	dynamo_static_selector_rpc	static selector RPC	connection.id=268 request.id=245876 request_id=b368319b-be3d-4d1c-87e4-299531481e00 elapsed_us=23736
static_stage_us prepare=44921 prefill=25239 select=23751 decode=1463 total=95374
2026-09-26T22:57:14.672783Z	debug	dynamo_static_buffer_ready	static prefill channel buffer readiness	connection.id=701 request.id=246610 request_id=cb8e4e5a-0542-4af1-b4f3-599e42561800 ready_us=0 ready_offset_us=36 is_ok=true
2026-09-26T22:57:14.675927Z	debug	dynamo_static_buffer_ready	static prefill channel buffer readiness	connection.id=756 request.id=246554 request_id=be2623a6-5b86-4457-88c0-23444f870b00 ready_us=0 ready_offset_us=3 is_ok=true
2026-09-26T22:57:14.702385Z	debug	dynamo_static_rpc_split	static prefill RPC split	connection.id=701 request.id=246610 request_id=cb8e4e5a-0542-4af1-b4f3-599e42561800 headers_us=29620 stream_us=17
2026-09-26T22:57:14.709229Z	debug	dynamo_static_rpc_split	static prefill RPC split	connection.id=756 request.id=246554 request_id=be2623a6-5b86-4457-88c0-23444f870b00 headers_us=33303 stream_us=2
2026-09-26T22:57:14.716711Z	debug	dynamo_static_buffer_ready	static prefill channel buffer readiness	connection.id=740 request.id=246858 request_id=ab8906fa-6bd1-41da-81d1-334971214500 ready_us=0 ready_offset_us=4 is_ok=true
2026-09-26T22:57:14.733930Z	debug	dynamo_static_selector_rpc	static selector RPC	connection.id=756 request.id=246554 request_id=be2623a6-5b86-4457-88c0-23444f870b00 elapsed_us=24691
static_stage_us prepare=53176 prefill=33316 select=24713 decode=1536 total=112741
2026-09-26T22:57:14.737965Z	debug	dynamo_static_selector_rpc	static selector RPC	connection.id=701 request.id=246610 request_id=cb8e4e5a-0542-4af1-b4f3-599e42561800 elapsed_us=35562
static_stage_us prepare=44011 prefill=29656 select=35574 decode=1280 total=110521
2026-09-26T22:57:14.757302Z	debug	dynamo_static_rpc_split	static prefill RPC split	connection.id=740 request.id=246858 request_id=ab8906fa-6bd1-41da-81d1-334971214500 headers_us=40586 stream_us=9
2026-09-26T22:57:14.780210Z	debug	dynamo_static_buffer_ready	static prefill channel buffer readiness	connection.id=515 request.id=247200 request_id=e9e0de7b-4dd2-4cda-9ee4-7f6d6a282f00 ready_us=0 ready_offset_us=3 is_ok=true
2026-09-26T22:57:14.787810Z	debug	dynamo_static_selector_rpc	static selector RPC	connection.id=740 request.id=246858 request_id=ab8906fa-6bd1-41da-81d1-334971214500 elapsed_us=30496
static_stage_us prepare=50131 prefill=40608 select=30510 decode=1262 total=122511
2026-09-26T22:57:14.807309Z	debug	dynamo_static_rpc_split	static prefill RPC split	connection.id=515 request.id=247200 request_id=e9e0de7b-4dd2-4cda-9ee4-7f6d6a282f00 headers_us=27086 stream_us=15
2026-09-26T22:57:14.815899Z	debug	dynamo_static_buffer_ready	static prefill channel buffer readiness	connection.id=419 request.id=247383 request_id=e36ed2ec-5c73-4e40-8c54-f288c0928e00 ready_us=0 ready_offset_us=7 is_ok=true
2026-09-26T22:57:14.841402Z	debug	dynamo_static_buffer_ready	static prefill channel buffer readiness	connection.id=925 request.id=247562 request_id=4d5b1ecf-1a61-44ca-887c-bff46407f400 ready_us=0 ready_offset_us=3 is_ok=true
2026-09-26T22:57:14.841853Z	debug	dynamo_static_selector_rpc	static selector RPC	connection.id=515 request.id=247200 request_id=e9e0de7b-4dd2-4cda-9ee4-7f6d6a282f00 elapsed_us=34529
static_stage_us prepare=62670 prefill=27119 select=34545 decode=1679 total=126013
2026-09-26T22:57:14.854284Z	debug	dynamo_static_rpc_split	static prefill RPC split	connection.id=419 request.id=247383 request_id=e36ed2ec-5c73-4e40-8c54-f288c0928e00 headers_us=38388 stream_us=4
2026-09-26T22:57:14.870479Z	debug	dynamo_static_buffer_ready	static prefill channel buffer readiness	connection.id=858 request.id=247625 request_id=8c0659db-1239-48ab-b146-d4b512c0c700 ready_us=0 ready_offset_us=4 is_ok=true
2026-09-26T22:57:14.870512Z	debug	dynamo_static_rpc_split	static prefill RPC split	connection.id=925 request.id=247562 request_id=4d5b1ecf-1a61-44ca-887c-bff46407f400 headers_us=29107 stream_us=5
2026-09-26T22:57:14.870581Z	debug	dynamo_static_selector_rpc	static selector RPC	connection.id=419 request.id=247383 request_id=e36ed2ec-5c73-4e40-8c54-f288c0928e00 elapsed_us=16283
static_stage_us prepare=61831 prefill=38407 select=16296 decode=4076 total=120610
2026-09-26T22:57:14.894205Z	debug	dynamo_static_buffer_ready	static prefill channel buffer readiness	connection.id=259 request.id=247935 request_id=c2c76bfc-a4a5-4030-a510-68b1c7c21800 ready_us=0 ready_offset_us=8 is_ok=true
2026-09-26T22:57:14.900971Z	debug	dynamo_static_rpc_split	static prefill RPC split	connection.id=858 request.id=247625 request_id=8c0659db-1239-48ab-b146-d4b512c0c700 headers_us=30491 stream_us=3
2026-09-26T22:57:14.910062Z	debug	dynamo_static_selector_rpc	static selector RPC	connection.id=925 request.id=247562 request_id=4d5b1ecf-1a61-44ca-887c-bff46407f400 elapsed_us=39539
static_stage_us prepare=49215 prefill=29124 select=39550 decode=6178 total=124067
2026-09-26T22:57:14.921319Z	debug	dynamo_static_rpc_split	static prefill RPC split	connection.id=259 request.id=247935 request_id=c2c76bfc-a4a5-4030-a510-68b1c7c21800 headers_us=27116 stream_us=6
2026-09-26T22:57:14.932968Z	debug	dynamo_static_selector_rpc	static selector RPC	connection.id=858 request.id=247625 request_id=8c0659db-1239-48ab-b146-d4b512c0c700 elapsed_us=31982
static_stage_us prepare=69048 prefill=30511 select=31994 decode=4856 total=136409
2026-09-26T22:57:14.949817Z	debug	dynamo_static_selector_rpc	static selector RPC	connection.id=259 request.id=247935 request_id=c2c76bfc-a4a5-4030-a510-68b1c7c21800 elapsed_us=28475
static_stage_us prepare=43503 prefill=27137 select=28502 decode=5739 total=104881
2026-09-26T22:57:14.965789Z	debug	dynamo_static_buffer_ready	static prefill channel buffer readiness	connection.id=321 request.id=248389 request_id=4edde49b-f62b-49b2-8e3d-1fe7b4a8d500 ready_us=0 ready_offset_us=2 is_ok=true
2026-09-26T22:57:14.997914Z	debug	dynamo_static_rpc_split	static prefill RPC split	connection.id=321 request.id=248389 request_id=4edde49b-f62b-49b2-8e3d-1fe7b4a8d500 headers_us=32125 stream_us=3
2026-09-26T22:57:15.023166Z	debug	dynamo_static_buffer_ready	static prefill channel buffer readiness	connection.id=275 request.id=248623 request_id=78db025e-b7b1-4922-98c2-ce6bd9e9a000 ready_us=0 ready_offset_us=3 is_ok=true
2026-09-26T22:57:15.030930Z	debug	dynamo_static_buffer_ready	static prefill channel buffer readiness	connection.id=548 request.id=248759 request_id=1b2c8c39-6d92-40cf-8c40-8a22acd52b00 ready_us=1 ready_offset_us=2 is_ok=true
2026-09-26T22:57:15.031378Z	debug	dynamo_static_selector_rpc	static selector RPC	connection.id=321 request.id=248389 request_id=4edde49b-f62b-49b2-8e3d-1fe7b4a8d500 elapsed_us=33447
static_stage_us prepare=26609 prefill=32145 select=33459 decode=2174 total=94387
2026-09-26T22:57:15.055984Z	debug	dynamo_static_rpc_split	static prefill RPC split	connection.id=275 request.id=248623 request_id=78db025e-b7b1-4922-98c2-ce6bd9e9a000 headers_us=32813 stream_us=7
2026-09-26T22:57:15.057031Z	debug	dynamo_static_rpc_split	static prefill RPC split	connection.id=548 request.id=248759 request_id=1b2c8c39-6d92-40cf-8c40-8a22acd52b00 headers_us=26098 stream_us=5
2026-09-26T22:57:15.088947Z	debug	dynamo_static_selector_rpc	static selector RPC	connection.id=548 request.id=248759 request_id=1b2c8c39-6d92-40cf-8c40-8a22acd52b00 elapsed_us=31900
2026-09-26T22:57:15.092063Z	debug	dynamo_static_selector_rpc	static selector RPC	connection.id=275 request.id=248623 request_id=78db025e-b7b1-4922-98c2-ce6bd9e9a000 elapsed_us=36060
static_stage_us prepare=49845 prefill=26121 select=31915 decode=3997 total=111878
static_stage_us prepare=53278 prefill=32839 select=36078 decode=2877 total=125072
2026-09-26T22:57:15.109419Z	debug	dynamo_static_buffer_ready	static prefill channel buffer readiness	connection.id=905 request.id=249218 request_id=09ecc645-b9ac-4dfd-91c8-bd20f81a5700 ready_us=0 ready_offset_us=3 is_ok=true
2026-09-26T22:57:15.140181Z	debug	dynamo_static_rpc_split	static prefill RPC split	connection.id=905 request.id=249218 request_id=09ecc645-b9ac-4dfd-91c8-bd20f81a5700 headers_us=30760 stream_us=4
2026-09-26T22:57:15.152446Z	debug	dynamo_static_buffer_ready	static prefill channel buffer readiness	connection.id=406 request.id=249556 request_id=4964fa72-c2f6-4c4b-ab47-de7e597ca700 ready_us=0 ready_offset_us=2 is_ok=true
2026-09-26T22:57:15.168776Z	debug	dynamo_static_selector_rpc	static selector RPC	connection.id=905 request.id=249218 request_id=09ecc645-b9ac-4dfd-91c8-bd20f81a5700 elapsed_us=27729
static_stage_us prepare=56390 prefill=31632 select=27748 decode=5372 total=121142
2026-09-26T22:57:15.182327Z	debug	dynamo_static_rpc_split	static prefill RPC split	connection.id=406 request.id=249556 request_id=4964fa72-c2f6-4c4b-ab47-de7e597ca700 headers_us=29862 stream_us=22
2026-09-26T22:57:15.203385Z	debug	dynamo_static_buffer_ready	static prefill channel buffer readiness	connection.id=152 request.id=249928 request_id=45feb19b-540a-42d3-938f-08adf7de5900 ready_us=0 ready_offset_us=4 is_ok=true
2026-09-26T22:57:15.211332Z	debug	dynamo_static_selector_rpc	static selector RPC	connection.id=406 request.id=249556 request_id=4964fa72-c2f6-4c4b-ab47-de7e597ca700 elapsed_us=28987
static_stage_us prepare=43360 prefill=29903 select=29002 decode=1726 total=103991
2026-09-26T22:57:15.232718Z	debug	dynamo_static_rpc_split	static prefill RPC split	connection.id=152 request.id=249928 request_id=45feb19b-540a-42d3-938f-08adf7de5900 headers_us=29319 stream_us=17
2026-09-26T22:57:15.261063Z	debug	dynamo_static_buffer_ready	static prefill channel buffer readiness	connection.id=605 request.id=250329 request_id=13842c86-4228-4695-902d-c37d6bcebc00 ready_us=0 ready_offset_us=2 is_ok=true
2026-09-26T22:57:15.261857Z	debug	dynamo_static_selector_rpc	static selector RPC	connection.id=152 request.id=249928 request_id=45feb19b-540a-42d3-938f-08adf7de5900 elapsed_us=29125
static_stage_us prepare=41908 prefill=29352 select=29154 decode=2780 total=103194
2026-09-26T22:57:15.289332Z	debug	dynamo_static_rpc_split	static prefill RPC split	connection.id=605 request.id=250329 request_id=13842c86-4228-4695-902d-c37d6bcebc00 headers_us=28245 stream_us=25
2026-09-26T22:57:15.317272Z	debug	dynamo_static_buffer_ready	static prefill channel buffer readiness	connection.id=669 request.id=250634 request_id=a746085d-ba8e-49e6-bd12-59023e94c900 ready_us=0 ready_offset_us=2 is_ok=true
2026-09-26T22:57:15.322391Z	debug	dynamo_static_selector_rpc	static selector RPC	connection.id=605 request.id=250329 request_id=13842c86-4228-4695-902d-c37d6bcebc00 elapsed_us=33041
static_stage_us prepare=42378 prefill=28289 select=33053 decode=2252 total=105972
2026-09-26T22:57:15.341557Z	debug	dynamo_static_rpc_split	static prefill RPC split	connection.id=669 request.id=250634 request_id=a746085d-ba8e-49e6-bd12-59023e94c900 headers_us=24284 stream_us=2
2026-09-26T22:57:15.344990Z	debug	dynamo_static_buffer_ready	static prefill channel buffer readiness	connection.id=763 request.id=250820 request_id=9e005488-ca91-48a7-b058-adc10786a100 ready_us=0 ready_offset_us=5 is_ok=true
2026-09-26T22:57:15.367131Z	debug	dynamo_static_buffer_ready	static prefill channel buffer readiness	connection.id=331 request.id=250966 request_id=42b9367e-5fd9-429f-8da7-a241c9b2f700 ready_us=0 ready_offset_us=4 is_ok=true
2026-09-26T22:57:15.369085Z	debug	dynamo_static_selector_rpc	static selector RPC	connection.id=669 request.id=250634 request_id=a746085d-ba8e-49e6-bd12-59023e94c900 elapsed_us=27513
static_stage_us prepare=52668 prefill=24302 select=27527 decode=1342 total=105839
2026-09-26T22:57:15.379866Z	debug	dynamo_static_rpc_split	static prefill RPC split	connection.id=763 request.id=250820 request_id=9e005488-ca91-48a7-b058-adc10786a100 headers_us=34853 stream_us=28
2026-09-26T22:57:15.380217Z	debug	dynamo_static_buffer_ready	static prefill channel buffer readiness	connection.id=272 request.id=250968 request_id=906b1053-abb0-440b-a963-7dee1af9c600 ready_us=0 ready_offset_us=4 is_ok=true
2026-09-26T22:57:15.395128Z	debug	dynamo_static_rpc_split	static prefill RPC split	connection.id=331 request.id=250966 request_id=42b9367e-5fd9-429f-8da7-a241c9b2f700 headers_us=27998 stream_us=3
2026-09-26T22:57:15.406821Z	debug	dynamo_static_selector_rpc	static selector RPC	connection.id=763 request.id=250820 request_id=9e005488-ca91-48a7-b058-adc10786a100 elapsed_us=26939
static_stage_us prepare=52636 prefill=34898 select=26952 decode=1146 total=115632
2026-09-26T22:57:15.409286Z	debug	dynamo_static_rpc_split	static prefill RPC split	connection.id=272 request.id=250968 request_id=906b1053-abb0-440b-a963-7dee1af9c600 headers_us=29060 stream_us=10
2026-09-26T22:57:15.419364Z	debug	dynamo_static_selector_rpc	static selector RPC	connection.id=331 request.id=250966 request_id=42b9367e-5fd9-429f-8da7-a241c9b2f700 elapsed_us=24222
static_stage_us prepare=53153 prefill=28016 select=24234 decode=1527 total=106930
2026-09-26T22:57:15.437627Z	debug	dynamo_static_selector_rpc	static selector RPC	connection.id=272 request.id=250968 request_id=906b1053-abb0-440b-a963-7dee1af9c600 elapsed_us=28327
static_stage_us prepare=65349 prefill=29087 select=28341 decode=1367 total=124144
2026-09-26T22:57:15.447961Z	debug	dynamo_static_buffer_ready	static prefill channel buffer readiness	connection.id=817 request.id=251507 request_id=29b65cc9-3796-41da-982c-fa90f029c900 ready_us=0 ready_offset_us=5 is_ok=true
2026-09-26T22:57:15.478438Z	debug	dynamo_static_rpc_split	static prefill RPC split	connection.id=817 request.id=251507 request_id=29b65cc9-3796-41da-982c-fa90f029c900 headers_us=30461 stream_us=23
2026-09-26T22:57:15.501482Z	debug	dynamo_static_selector_rpc	static selector RPC	connection.id=817 request.id=251507 request_id=29b65cc9-3796-41da-982c-fa90f029c900 elapsed_us=23028
static_stage_us prepare=45737 prefill=30501 select=23044 decode=2406 total=101688
2026-09-26T22:57:15.505445Z	debug	dynamo_static_buffer_ready	static prefill channel buffer readiness	connection.id=192 request.id=251921 request_id=b2391c38-7cb3-4a4f-99b3-0fb8b3c39f00 ready_us=0 ready_offset_us=4 is_ok=true
2026-09-26T22:57:15.527764Z	debug	dynamo_static_rpc_split	static prefill RPC split	connection.id=192 request.id=251921 request_id=b2391c38-7cb3-4a4f-99b3-0fb8b3c39f00 headers_us=22288 stream_us=34
2026-09-26T22:57:15.551930Z	debug	dynamo_static_selector_rpc	static selector RPC	connection.id=192 request.id=251921 request_id=b2391c38-7cb3-4a4f-99b3-0fb8b3c39f00 elapsed_us=24149
static_stage_us prepare=45653 prefill=22340 select=24175 decode=1273 total=93441
2026-09-26T22:57:15.582163Z	debug	dynamo_static_buffer_ready	static prefill channel buffer readiness	connection.id=485 request.id=252417 request_id=df7dcbdc-3c76-4e31-ac2e-fdbc731d6a00 ready_us=0 ready_offset_us=4 is_ok=true
2026-09-26T22:57:15.611610Z	debug	dynamo_static_rpc_split	static prefill RPC split	connection.id=485 request.id=252417 request_id=df7dcbdc-3c76-4e31-ac2e-fdbc731d6a00 headers_us=29439 stream_us=11
2026-09-26T22:57:15.644108Z	debug	dynamo_static_selector_rpc	static selector RPC	connection.id=485 request.id=252417 request_id=df7dcbdc-3c76-4e31-ac2e-fdbc731d6a00 elapsed_us=32482
static_stage_us prepare=43339 prefill=29467 select=32498 decode=853 total=106157
2026-09-26T22:57:15.661068Z	debug	dynamo_static_buffer_ready	static prefill channel buffer readiness	connection.id=140 request.id=252931 request_id=cb1f9e4c-4245-44af-b711-b20f1c1fcd00 ready_us=0 ready_offset_us=4 is_ok=true
2026-09-26T22:57:15.673622Z	debug	dynamo_static_buffer_ready	static prefill channel buffer readiness	connection.id=897 request.id=253043 request_id=0319c3bb-c8f5-4588-a81c-76b497694900 ready_us=0 ready_offset_us=3 is_ok=true
2026-09-26T22:57:15.683117Z	debug	dynamo_static_buffer_ready	static prefill channel buffer readiness	connection.id=497 request.id=253065 request_id=7d30d497-a351-43af-ac62-bbc6782d9d00 ready_us=1 ready_offset_us=3 is_ok=true
2026-09-26T22:57:15.688104Z	debug	dynamo_static_buffer_ready	static prefill channel buffer readiness	connection.id=465 request.id=253163 request_id=34302a4c-2425-477a-9ba7-1fb9f41c4200 ready_us=1 ready_offset_us=4 is_ok=true
2026-09-26T22:57:15.688791Z	debug	dynamo_static_rpc_split	static prefill RPC split	connection.id=140 request.id=252931 request_id=cb1f9e4c-4245-44af-b711-b20f1c1fcd00 headers_us=27720 stream_us=6
2026-09-26T22:57:15.699674Z	debug	dynamo_static_rpc_split	static prefill RPC split	connection.id=897 request.id=253043 request_id=0319c3bb-c8f5-4588-a81c-76b497694900 headers_us=26041 stream_us=12
2026-09-26T22:57:15.713468Z	debug	dynamo_static_selector_rpc	static selector RPC	connection.id=140 request.id=252931 request_id=cb1f9e4c-4245-44af-b711-b20f1c1fcd00 elapsed_us=24664
2026-09-26T22:57:15.713497Z	debug	dynamo_static_rpc_split	static prefill RPC split	connection.id=497 request.id=253065 request_id=7d30d497-a351-43af-ac62-bbc6782d9d00 headers_us=30379 stream_us=3
static_stage_us prepare=51212 prefill=27739 select=24679 decode=1925 total=105555
2026-09-26T22:57:15.719725Z	debug	dynamo_static_rpc_split	static prefill RPC split	connection.id=465 request.id=253163 request_id=34302a4c-2425-477a-9ba7-1fb9f41c4200 headers_us=31620 stream_us=4
2026-09-26T22:57:15.734612Z	debug	dynamo_static_selector_rpc	static selector RPC	connection.id=897 request.id=253043 request_id=0319c3bb-c8f5-4588-a81c-76b497694900 elapsed_us=34923
static_stage_us prepare=45131 prefill=26070 select=34937 decode=1045 total=107183
2026-09-26T22:57:15.746726Z	debug	dynamo_static_selector_rpc	static selector RPC	connection.id=497 request.id=253065 request_id=7d30d497-a351-43af-ac62-bbc6782d9d00 elapsed_us=33218
2026-09-26T22:57:15.746773Z	debug	dynamo_static_selector_rpc	static selector RPC	connection.id=465 request.id=253163 request_id=34302a4c-2425-477a-9ba7-1fb9f41c4200 elapsed_us=27034
static_stage_us prepare=50897 prefill=30395 select=33231 decode=1288 total=115811
static_stage_us prepare=41563 prefill=31640 select=27042 decode=1330 total=101575
2026-09-26T22:57:15.873100Z	debug	dynamo_static_buffer_ready	static prefill channel buffer readiness	connection.id=407 request.id=254353 request_id=2647f797-379d-4bec-af30-4ee985e6cf00 ready_us=0 ready_offset_us=2 is_ok=true
2026-09-26T22:57:15.884961Z	debug	dynamo_static_buffer_ready	static prefill channel buffer readiness	connection.id=559 request.id=254419 request_id=6e9e7884-36a4-4e3d-8fc7-a95e94aa0900 ready_us=1 ready_offset_us=3 is_ok=true
2026-09-26T22:57:15.895172Z	debug	dynamo_static_rpc_split	static prefill RPC split	connection.id=407 request.id=254353 request_id=2647f797-379d-4bec-af30-4ee985e6cf00 headers_us=22068 stream_us=6
2026-09-26T22:57:15.913849Z	debug	dynamo_static_rpc_split	static prefill RPC split	connection.id=559 request.id=254419 request_id=6e9e7884-36a4-4e3d-8fc7-a95e94aa0900 headers_us=28886 stream_us=5
2026-09-26T22:57:15.925274Z	debug	dynamo_static_selector_rpc	static selector RPC	connection.id=407 request.id=254353 request_id=2647f797-379d-4bec-af30-4ee985e6cf00 elapsed_us=29975
static_stage_us prepare=47066 prefill=22201 select=29993 decode=3079 total=102339
2026-09-26T22:57:15.942267Z	debug	dynamo_static_buffer_ready	static prefill channel buffer readiness	connection.id=939 request.id=254730 request_id=83b14c51-5237-4bb5-9258-5285b4f7c000 ready_us=0 ready_offset_us=6 is_ok=true
2026-09-26T22:57:15.949522Z	debug	dynamo_static_selector_rpc	static selector RPC	connection.id=559 request.id=254419 request_id=6e9e7884-36a4-4e3d-8fc7-a95e94aa0900 elapsed_us=35659
static_stage_us prepare=52148 prefill=28931 select=35670 decode=2010 total=118759
2026-09-26T22:57:15.965351Z	debug	dynamo_static_buffer_ready	static prefill channel buffer readiness	connection.id=568 request.id=254900 request_id=812473f6-f461-4478-aeca-27e3723ee900 ready_us=1 ready_offset_us=10 is_ok=true
2026-09-26T22:57:15.973406Z	debug	dynamo_static_rpc_split	static prefill RPC split	connection.id=939 request.id=254730 request_id=83b14c51-5237-4bb5-9258-5285b4f7c000 headers_us=31135 stream_us=9
2026-09-26T22:57:15.993132Z	debug	dynamo_static_rpc_split	static prefill RPC split	connection.id=568 request.id=254900 request_id=812473f6-f461-4478-aeca-27e3723ee900 headers_us=27784 stream_us=6
2026-09-26T22:57:16.001658Z	debug	dynamo_static_selector_rpc	static selector RPC	connection.id=939 request.id=254730 request_id=83b14c51-5237-4bb5-9258-5285b4f7c000 elapsed_us=28239
static_stage_us prepare=51551 prefill=31157 select=28257 decode=779 total=111744
2026-09-26T22:57:16.021297Z	debug	dynamo_static_selector_rpc	static selector RPC	connection.id=568 request.id=254900 request_id=812473f6-f461-4478-aeca-27e3723ee900 elapsed_us=28139
static_stage_us prepare=54624 prefill=27817 select=28156 decode=1866 total=112463
2026-09-26T22:57:16.075420Z	debug	dynamo_static_buffer_ready	static prefill channel buffer readiness	connection.id=311 request.id=255534 request_id=df1b8731-aba4-4bbf-a1ea-51d05b01ae00 ready_us=0 ready_offset_us=4 is_ok=true
2026-09-26T22:57:16.075492Z	debug	dynamo_static_buffer_ready	static prefill channel buffer readiness	connection.id=453 request.id=255538 request_id=b1c845fa-e8ad-49c4-a3b9-76931c9e0700 ready_us=0 ready_offset_us=17 is_ok=true
2026-09-26T22:57:16.079392Z	debug	dynamo_static_buffer_ready	static prefill channel buffer readiness	connection.id=830 request.id=255819 request_id=7ed8cd0b-6d88-463f-8c17-d586425d2e00 ready_us=1 ready_offset_us=3 is_ok=true
2026-09-26T22:57:16.114664Z	debug	dynamo_static_rpc_split	static prefill RPC split	connection.id=453 request.id=255538 request_id=b1c845fa-e8ad-49c4-a3b9-76931c9e0700 headers_us=39164 stream_us=18
2026-09-26T22:57:16.114683Z	debug	dynamo_static_rpc_split	static prefill RPC split	connection.id=311 request.id=255534 request_id=df1b8731-aba4-4bbf-a1ea-51d05b01ae00 headers_us=39256 stream_us=10
2026-09-26T22:57:16.114701Z	debug	dynamo_static_rpc_split	static prefill RPC split	connection.id=830 request.id=255819 request_id=7ed8cd0b-6d88-463f-8c17-d586425d2e00 headers_us=35305 stream_us=7
2026-09-26T22:57:16.140550Z	debug	dynamo_static_selector_rpc	static selector RPC	connection.id=311 request.id=255534 request_id=df1b8731-aba4-4bbf-a1ea-51d05b01ae00 elapsed_us=25781
2026-09-26T22:57:16.140583Z	debug	dynamo_static_selector_rpc	static selector RPC	connection.id=453 request.id=255538 request_id=b1c845fa-e8ad-49c4-a3b9-76931c9e0700 elapsed_us=25894
static_stage_us prepare=60994 prefill=39212 select=25906 decode=2556 total=128668
static_stage_us prepare=61154 prefill=39354 select=25799 decode=2932 total=129239
2026-09-26T22:57:16.146705Z	debug	dynamo_static_selector_rpc	static selector RPC	connection.id=830 request.id=255819 request_id=7ed8cd0b-6d88-463f-8c17-d586425d2e00 elapsed_us=31881
static_stage_us prepare=23758 prefill=35435 select=31894 decode=15506 total=106593
2026-09-26T22:57:16.182186Z	debug	dynamo_static_buffer_ready	static prefill channel buffer readiness	connection.id=230 request.id=256277 request_id=622a21cd-6b11-4f5e-93c4-edbd5374d900 ready_us=0 ready_offset_us=4 is_ok=true
2026-09-26T22:57:16.197414Z	debug	dynamo_static_rpc_split	static prefill RPC split	connection.id=230 request.id=256277 request_id=622a21cd-6b11-4f5e-93c4-edbd5374d900 headers_us=15215 stream_us=16
2026-09-26T22:57:16.214119Z	debug	dynamo_static_selector_rpc	static selector RPC	connection.id=230 request.id=256277 request_id=622a21cd-6b11-4f5e-93c4-edbd5374d900 elapsed_us=16685
static_stage_us prepare=26523 prefill=15252 select=16702 decode=1258 total=59735
2026-09-26T22:57:16.234844Z	debug	dynamo_static_buffer_ready	static prefill channel buffer readiness	connection.id=220 request.id=256714 request_id=8363bf1e-92ac-4338-9067-61d9d67b2c00 ready_us=1 ready_offset_us=5 is_ok=true
2026-09-26T22:57:16.264796Z	debug	dynamo_static_rpc_split	static prefill RPC split	connection.id=220 request.id=256714 request_id=8363bf1e-92ac-4338-9067-61d9d67b2c00 headers_us=29948 stream_us=9
2026-09-26T22:57:16.302859Z	debug	dynamo_static_selector_rpc	static selector RPC	connection.id=220 request.id=256714 request_id=8363bf1e-92ac-4338-9067-61d9d67b2c00 elapsed_us=38047
static_stage_us prepare=28826 prefill=29974 select=38949 decode=654 total=98403
2026-09-26T22:57:16.381528Z	debug	dynamo_static_buffer_ready	static prefill channel buffer readiness	connection.id=724 request.id=257485 request_id=a9db9bb6-f4b1-4d79-981c-b25f34d7d500 ready_us=0 ready_offset_us=25 is_ok=true
2026-09-26T22:57:16.404578Z	debug	dynamo_static_rpc_split	static prefill RPC split	connection.id=724 request.id=257485 request_id=a9db9bb6-f4b1-4d79-981c-b25f34d7d500 headers_us=23069 stream_us=5
2026-09-26T22:57:16.426167Z	debug	dynamo_static_selector_rpc	static selector RPC	connection.id=724 request.id=257485 request_id=a9db9bb6-f4b1-4d79-981c-b25f34d7d500 elapsed_us=21538
static_stage_us prepare=52322 prefill=23125 select=21563 decode=3454 total=100464
2026-09-26T22:57:16.451510Z	debug	dynamo_static_buffer_ready	static prefill channel buffer readiness	connection.id=311 request.id=257921 request_id=c0591302-509f-408e-ae55-4baf35c0fc00 ready_us=0 ready_offset_us=2 is_ok=true
2026-09-26T22:57:16.477976Z	debug	dynamo_static_rpc_split	static prefill RPC split	connection.id=311 request.id=257921 request_id=c0591302-509f-408e-ae55-4baf35c0fc00 headers_us=26459 stream_us=9
2026-09-26T22:57:16.491191Z	debug	dynamo_static_buffer_ready	static prefill channel buffer readiness	connection.id=760 request.id=258181 request_id=7a8300d6-23da-4d80-bd2c-b60c9e866900 ready_us=0 ready_offset_us=21 is_ok=true
2026-09-26T22:57:16.506538Z	debug	dynamo_static_selector_rpc	static selector RPC	connection.id=311 request.id=257921 request_id=c0591302-509f-408e-ae55-4baf35c0fc00 elapsed_us=28544
static_stage_us prepare=37629 prefill=26486 select=28558 decode=2526 total=95199
2026-09-26T22:57:16.525866Z	debug	dynamo_static_rpc_split	static prefill RPC split	connection.id=760 request.id=258181 request_id=7a8300d6-23da-4d80-bd2c-b60c9e866900 headers_us=34627 stream_us=67
2026-09-26T22:57:16.532185Z	debug	dynamo_static_buffer_ready	static prefill channel buffer readiness	connection.id=497 request.id=258468 request_id=ae96f9bd-09b1-4d5a-861c-01d855934900 ready_us=0 ready_offset_us=2 is_ok=true
2026-09-26T22:57:16.546512Z	debug	dynamo_static_buffer_ready	static prefill channel buffer readiness	connection.id=143 request.id=258588 request_id=84e4ec83-19bb-444f-9446-b9d6049cbf00 ready_us=0 ready_offset_us=4 is_ok=true
2026-09-26T22:57:16.558480Z	debug	dynamo_static_selector_rpc	static selector RPC	connection.id=760 request.id=258181 request_id=7a8300d6-23da-4d80-bd2c-b60c9e866900 elapsed_us=32595
static_stage_us prepare=44837 prefill=34715 select=32710 decode=1145 total=113407
2026-09-26T22:57:16.563512Z	debug	dynamo_static_rpc_split	static prefill RPC split	connection.id=497 request.id=258468 request_id=ae96f9bd-09b1-4d5a-861c-01d855934900 headers_us=31316 stream_us=12
2026-09-26T22:57:16.577411Z	debug	dynamo_static_rpc_split	static prefill RPC split	connection.id=143 request.id=258588 request_id=84e4ec83-19bb-444f-9446-b9d6049cbf00 headers_us=30883 stream_us=19
2026-09-26T22:57:16.588249Z	debug	dynamo_static_selector_rpc	static selector RPC	connection.id=497 request.id=258468 request_id=ae96f9bd-09b1-4d5a-861c-01d855934900 elapsed_us=24718
static_stage_us prepare=47702 prefill=31347 select=24733 decode=1829 total=105611
2026-09-26T22:57:16.601093Z	debug	dynamo_static_selector_rpc	static selector RPC	connection.id=143 request.id=258588 request_id=84e4ec83-19bb-444f-9446-b9d6049cbf00 elapsed_us=23649
static_stage_us prepare=46245 prefill=30922 select=23676 decode=1169 total=102012
2026-09-26T22:57:16.626145Z	debug	dynamo_static_buffer_ready	static prefill channel buffer readiness	connection.id=334 request.id=259074 request_id=6b63c56c-683c-4e8e-bc1a-284068c33c00 ready_us=0 ready_offset_us=4 is_ok=true
2026-09-26T22:57:16.636841Z	debug	dynamo_static_buffer_ready	static prefill channel buffer readiness	connection.id=401 request.id=259152 request_id=0ea9b076-4f35-4c0b-a29f-ee46ea455300 ready_us=1 ready_offset_us=5 is_ok=true
2026-09-26T22:57:16.643235Z	debug	dynamo_static_buffer_ready	static prefill channel buffer readiness	connection.id=216 request.id=259198 request_id=db49429b-14c9-40a4-b89f-4b797560c500 ready_us=0 ready_offset_us=3 is_ok=true
2026-09-26T22:57:16.652510Z	debug	dynamo_static_rpc_split	static prefill RPC split	connection.id=334 request.id=259074 request_id=6b63c56c-683c-4e8e-bc1a-284068c33c00 headers_us=26272 stream_us=97
2026-09-26T22:57:16.664396Z	debug	dynamo_static_rpc_split	static prefill RPC split	connection.id=216 request.id=259198 request_id=db49429b-14c9-40a4-b89f-4b797560c500 headers_us=21159 stream_us=4
2026-09-26T22:57:16.664546Z	debug	dynamo_static_rpc_split	static prefill RPC split	connection.id=401 request.id=259152 request_id=0ea9b076-4f35-4c0b-a29f-ee46ea455300 headers_us=27688 stream_us=21
2026-09-26T22:57:16.680657Z	debug	dynamo_static_selector_rpc	static selector RPC	connection.id=334 request.id=259074 request_id=6b63c56c-683c-4e8e-bc1a-284068c33c00 elapsed_us=28116
static_stage_us prepare=45950 prefill=26400 select=28129 decode=1038 total=101517
2026-09-26T22:57:16.694714Z	debug	dynamo_static_selector_rpc	static selector RPC	connection.id=401 request.id=259152 request_id=0ea9b076-4f35-4c0b-a29f-ee46ea455300 elapsed_us=30144
2026-09-26T22:57:16.694736Z	debug	dynamo_static_selector_rpc	static selector RPC	connection.id=216 request.id=259198 request_id=db49429b-14c9-40a4-b89f-4b797560c500 elapsed_us=30323
static_stage_us prepare=48013 prefill=21181 select=30332 decode=1486 total=101012
static_stage_us prepare=46126 prefill=27735 select=30160 decode=1575 total=105596
2026-09-26T22:57:16.713734Z	debug	dynamo_static_buffer_ready	static prefill channel buffer readiness	connection.id=759 request.id=259691 request_id=a76ab0ec-040b-48f4-a891-367cb1989a00 ready_us=0 ready_offset_us=4 is_ok=true
2026-09-26T22:57:16.723148Z	debug	dynamo_static_buffer_ready	static prefill channel buffer readiness	connection.id=799 request.id=259719 request_id=81bfa5d0-b017-4dae-80fa-8ee9249bf100 ready_us=0 ready_offset_us=2 is_ok=true
2026-09-26T22:57:16.740271Z	debug	dynamo_static_buffer_ready	static prefill channel buffer readiness	connection.id=699 request.id=259850 request_id=e77f8656-291d-4806-8244-be9aa6536600 ready_us=0 ready_offset_us=39 is_ok=true
2026-09-26T22:57:16.740604Z	debug	dynamo_static_rpc_split	static prefill RPC split	connection.id=759 request.id=259691 request_id=a76ab0ec-040b-48f4-a891-367cb1989a00 headers_us=26864 stream_us=9
2026-09-26T22:57:16.749218Z	debug	dynamo_static_rpc_split	static prefill RPC split	connection.id=799 request.id=259719 request_id=81bfa5d0-b017-4dae-80fa-8ee9249bf100 headers_us=26068 stream_us=3
2026-09-26T22:57:16.754230Z	debug	dynamo_static_buffer_ready	static prefill channel buffer readiness	connection.id=518 request.id=259927 request_id=e156e237-3227-4959-b990-c3a3db9a8500 ready_us=1 ready_offset_us=5 is_ok=true
2026-09-26T22:57:16.764317Z	debug	dynamo_static_buffer_ready	static prefill channel buffer readiness	connection.id=236 request.id=259984 request_id=b0f8d048-9864-4861-9103-8aecc2da0800 ready_us=0 ready_offset_us=5 is_ok=true
2026-09-26T22:57:16.770725Z	debug	dynamo_static_rpc_split	static prefill RPC split	connection.id=699 request.id=259850 request_id=e77f8656-291d-4806-8244-be9aa6536600 headers_us=30490 stream_us=2
2026-09-26T22:57:16.771203Z	debug	dynamo_static_selector_rpc	static selector RPC	connection.id=759 request.id=259691 request_id=a76ab0ec-040b-48f4-a891-367cb1989a00 elapsed_us=30576
static_stage_us prepare=46405 prefill=26897 select=30589 decode=1491 total=105382
2026-09-26T22:57:16.782468Z	debug	dynamo_static_selector_rpc	static selector RPC	connection.id=799 request.id=259719 request_id=81bfa5d0-b017-4dae-80fa-8ee9249bf100 elapsed_us=33231
static_stage_us prepare=52605 prefill=26092 select=33273 decode=1330 total=113300
2026-09-26T22:57:16.786412Z	debug	dynamo_static_rpc_split	static prefill RPC split	connection.id=518 request.id=259927 request_id=e156e237-3227-4959-b990-c3a3db9a8500 headers_us=32179 stream_us=8
2026-09-26T22:57:16.787242Z	debug	dynamo_static_buffer_ready	static prefill channel buffer readiness	connection.id=772 request.id=260069 request_id=3088f285-7837-4841-9f49-df95f2ce6000 ready_us=0 ready_offset_us=3 is_ok=true
2026-09-26T22:57:16.787330Z	debug	dynamo_static_buffer_ready	static prefill channel buffer readiness	connection.id=629 request.id=260095 request_id=ef9e1da0-0be4-446b-bba6-80e239781b00 ready_us=0 ready_offset_us=4 is_ok=true
2026-09-26T22:57:16.791824Z	debug	dynamo_static_rpc_split	static prefill RPC split	connection.id=236 request.id=259984 request_id=b0f8d048-9864-4861-9103-8aecc2da0800 headers_us=27502 stream_us=10
2026-09-26T22:57:16.797568Z	debug	dynamo_static_buffer_ready	static prefill channel buffer readiness	connection.id=492 request.id=260218 request_id=0d5611ee-0a48-4634-bc40-92dcf8942200 ready_us=0 ready_offset_us=5 is_ok=true
2026-09-26T22:57:16.797633Z	debug	dynamo_static_selector_rpc	static selector RPC	connection.id=699 request.id=259850 request_id=e77f8656-291d-4806-8244-be9aa6536600 elapsed_us=26892
static_stage_us prepare=47614 prefill=30509 select=26901 decode=920 total=105944
2026-09-26T22:57:16.804381Z	debug	dynamo_static_buffer_ready	static prefill channel buffer readiness	connection.id=570 request.id=260250 request_id=f48c051c-9b2a-422c-93d0-c24e0cb1bf00 ready_us=0 ready_offset_us=4 is_ok=true
2026-09-26T22:57:16.815321Z	debug	dynamo_static_rpc_split	static prefill RPC split	connection.id=772 request.id=260069 request_id=3088f285-7837-4841-9f49-df95f2ce6000 headers_us=28077 stream_us=4
2026-09-26T22:57:16.815425Z	debug	dynamo_static_rpc_split	static prefill RPC split	connection.id=629 request.id=260095 request_id=ef9e1da0-0be4-446b-bba6-80e239781b00 headers_us=28095 stream_us=3
2026-09-26T22:57:16.816653Z	debug	dynamo_static_selector_rpc	static selector RPC	connection.id=518 request.id=259927 request_id=e156e237-3227-4959-b990-c3a3db9a8500 elapsed_us=30139
static_stage_us prepare=45298 prefill=32289 select=30151 decode=2790 total=110528
2026-09-26T22:57:16.820539Z	debug	dynamo_static_selector_rpc	static selector RPC	connection.id=236 request.id=259984 request_id=b0f8d048-9864-4861-9103-8aecc2da0800 elapsed_us=28665
static_stage_us prepare=51134 prefill=27563 select=28677 decode=3339 total=110713
2026-09-26T22:57:16.826674Z	debug	dynamo_static_buffer_ready	static prefill channel buffer readiness	connection.id=923 request.id=260439 request_id=7144cf6d-c1f4-46e9-ae82-853ec9520200 ready_us=0 ready_offset_us=5 is_ok=true
2026-09-26T22:57:16.829868Z	debug	dynamo_static_buffer_ready	static prefill channel buffer readiness	connection.id=254 request.id=260394 request_id=26a886dc-6b6f-4223-b117-ec3969019d00 ready_us=0 ready_offset_us=3 is_ok=true
2026-09-26T22:57:16.829899Z	debug	dynamo_static_buffer_ready	static prefill channel buffer readiness	connection.id=805 request.id=260410 request_id=666522d1-7f98-442a-9d0e-70ad61f52300 ready_us=0 ready_offset_us=5 is_ok=true
2026-09-26T22:57:16.830091Z	debug	dynamo_static_rpc_split	static prefill RPC split	connection.id=492 request.id=260218 request_id=0d5611ee-0a48-4634-bc40-92dcf8942200 headers_us=32513 stream_us=14
2026-09-26T22:57:16.834734Z	debug	dynamo_static_rpc_split	static prefill RPC split	connection.id=570 request.id=260250 request_id=f48c051c-9b2a-422c-93d0-c24e0cb1bf00 headers_us=30333 stream_us=24
2026-09-26T22:57:16.842103Z	debug	dynamo_static_selector_rpc	static selector RPC	connection.id=772 request.id=260069 request_id=3088f285-7837-4841-9f49-df95f2ce6000 elapsed_us=26769
static_stage_us prepare=60075 prefill=28096 select=26786 decode=1278 total=116235
2026-09-26T22:57:16.847998Z	debug	dynamo_static_selector_rpc	static selector RPC	connection.id=629 request.id=260095 request_id=ef9e1da0-0be4-446b-bba6-80e239781b00 elapsed_us=32563
static_stage_us prepare=57499 prefill=28108 select=32583 decode=960 total=119150
2026-09-26T22:57:16.855866Z	debug	dynamo_static_selector_rpc	static selector RPC	connection.id=492 request.id=260218 request_id=0d5611ee-0a48-4634-bc40-92dcf8942200 elapsed_us=25734
2026-09-26T22:57:16.857009Z	debug	dynamo_static_rpc_split	static prefill RPC split	connection.id=805 request.id=260410 request_id=666522d1-7f98-442a-9d0e-70ad61f52300 headers_us=27104 stream_us=10
static_stage_us prepare=48907 prefill=32568 select=25767 decode=1245 total=108487
2026-09-26T22:57:16.857774Z	debug	dynamo_static_rpc_split	static prefill RPC split	connection.id=923 request.id=260439 request_id=7144cf6d-c1f4-46e9-ae82-853ec9520200 headers_us=31101 stream_us=4
2026-09-26T22:57:16.857863Z	debug	dynamo_static_rpc_split	static prefill RPC split	connection.id=254 request.id=260394 request_id=26a886dc-6b6f-4223-b117-ec3969019d00 headers_us=27912 stream_us=5
2026-09-26T22:57:16.864923Z	debug	dynamo_static_selector_rpc	static selector RPC	connection.id=570 request.id=260250 request_id=f48c051c-9b2a-422c-93d0-c24e0cb1bf00 elapsed_us=30153
static_stage_us prepare=53076 prefill=30394 select=30178 decode=740 total=114388
2026-09-26T22:57:16.875567Z	debug	dynamo_static_buffer_ready	static prefill channel buffer readiness	connection.id=615 request.id=260636 request_id=7f8022bf-c682-4456-b3e9-8f50aee77b00 ready_us=0 ready_offset_us=3 is_ok=true
2026-09-26T22:57:16.885635Z	debug	dynamo_static_selector_rpc	static selector RPC	connection.id=923 request.id=260439 request_id=7144cf6d-c1f4-46e9-ae82-853ec9520200 elapsed_us=27849
2026-09-26T22:57:16.885646Z	debug	dynamo_static_selector_rpc	static selector RPC	connection.id=254 request.id=260394 request_id=26a886dc-6b6f-4223-b117-ec3969019d00 elapsed_us=27771
static_stage_us prepare=43086 prefill=31117 select=27864 decode=1154 total=103221
static_stage_us prepare=51872 prefill=28009 select=27782 decode=1268 total=108931
2026-09-26T22:57:16.889093Z	debug	dynamo_static_selector_rpc	static selector RPC	connection.id=805 request.id=260410 request_id=666522d1-7f98-442a-9d0e-70ad61f52300 elapsed_us=32070
static_stage_us prepare=50489 prefill=27129 select=32081 decode=1796 total=111495
2026-09-26T22:57:16.905133Z	debug	dynamo_static_rpc_split	static prefill RPC split	connection.id=615 request.id=260636 request_id=7f8022bf-c682-4456-b3e9-8f50aee77b00 headers_us=29525 stream_us=44
2026-09-26T22:57:16.909155Z	debug	dynamo_static_buffer_ready	static prefill channel buffer readiness	connection.id=732 request.id=260911 request_id=f33031ae-4419-4e95-9461-1d55533a5100 ready_us=0 ready_offset_us=5 is_ok=true
2026-09-26T22:57:16.936410Z	debug	dynamo_static_selector_rpc	static selector RPC	connection.id=615 request.id=260636 request_id=7f8022bf-c682-4456-b3e9-8f50aee77b00 elapsed_us=31260
2026-09-26T22:57:16.937331Z	debug	dynamo_static_rpc_split	static prefill RPC split	connection.id=732 request.id=260911 request_id=f33031ae-4419-4e95-9461-1d55533a5100 headers_us=28169 stream_us=10
static_stage_us prepare=59715 prefill=29587 select=31314 decode=2120 total=122736
2026-09-26T22:57:16.967260Z	debug	dynamo_static_selector_rpc	static selector RPC	connection.id=732 request.id=260911 request_id=f33031ae-4419-4e95-9461-1d55533a5100 elapsed_us=29909
static_stage_us prepare=50958 prefill=28200 select=29923 decode=930 total=110011
2026-09-26T22:57:16.978231Z	debug	dynamo_static_buffer_ready	static prefill channel buffer readiness	connection.id=776 request.id=261359 request_id=2de65315-3e24-4fb6-b815-5216cb80df00 ready_us=1 ready_offset_us=5 is_ok=true
2026-09-26T22:57:16.993068Z	debug	dynamo_static_buffer_ready	static prefill channel buffer readiness	connection.id=616 request.id=261434 request_id=687df368-629d-4527-9c16-2c7eecb4d300 ready_us=0 ready_offset_us=3 is_ok=true
2026-09-26T22:57:16.995974Z	debug	dynamo_static_buffer_ready	static prefill channel buffer readiness	connection.id=777 request.id=261455 request_id=792a01f0-844c-480f-a7eb-070a7889a500 ready_us=0 ready_offset_us=4 is_ok=true
2026-09-26T22:57:17.007675Z	debug	dynamo_static_rpc_split	static prefill RPC split	connection.id=776 request.id=261359 request_id=2de65315-3e24-4fb6-b815-5216cb80df00 headers_us=29441 stream_us=7
2026-09-26T22:57:17.020393Z	debug	dynamo_static_rpc_split	static prefill RPC split	connection.id=616 request.id=261434 request_id=687df368-629d-4527-9c16-2c7eecb4d300 headers_us=27322 stream_us=5
2026-09-26T22:57:17.020451Z	debug	dynamo_static_rpc_split	static prefill RPC split	connection.id=777 request.id=261455 request_id=792a01f0-844c-480f-a7eb-070a7889a500 headers_us=24476 stream_us=5
2026-09-26T22:57:17.035303Z	debug	dynamo_static_buffer_ready	static prefill channel buffer readiness	connection.id=872 request.id=261736 request_id=0c3438eb-3473-4427-b58b-65edbe122c00 ready_us=0 ready_offset_us=4 is_ok=true
2026-09-26T22:57:17.036186Z	debug	dynamo_static_selector_rpc	static selector RPC	connection.id=776 request.id=261359 request_id=2de65315-3e24-4fb6-b815-5216cb80df00 elapsed_us=28497
static_stage_us prepare=55152 prefill=29463 select=28511 decode=844 total=113970
2026-09-26T22:57:17.045474Z	debug	dynamo_static_selector_rpc	static selector RPC	connection.id=777 request.id=261455 request_id=792a01f0-844c-480f-a7eb-070a7889a500 elapsed_us=25009
static_stage_us prepare=43916 prefill=24496 select=25021 decode=1485 total=94918
2026-09-26T22:57:17.047671Z	debug	dynamo_static_selector_rpc	static selector RPC	connection.id=616 request.id=261434 request_id=687df368-629d-4527-9c16-2c7eecb4d300 elapsed_us=27266
static_stage_us prepare=48379 prefill=27341 select=27278 decode=1087 total=104085
2026-09-26T22:57:17.062790Z	debug	dynamo_static_rpc_split	static prefill RPC split	connection.id=872 request.id=261736 request_id=0c3438eb-3473-4427-b58b-65edbe122c00 headers_us=27476 stream_us=14
2026-09-26T22:57:17.089627Z	debug	dynamo_static_buffer_ready	static prefill channel buffer readiness	connection.id=295 request.id=262071 request_id=ba9fa072-d2c3-4560-9f5d-007aca58c600 ready_us=0 ready_offset_us=5 is_ok=true
2026-09-26T22:57:17.095900Z	debug	dynamo_static_selector_rpc	static selector RPC	connection.id=872 request.id=261736 request_id=0c3438eb-3473-4427-b58b-65edbe122c00 elapsed_us=33088
static_stage_us prepare=51758 prefill=27512 select=33103 decode=1347 total=113720
2026-09-26T22:57:17.116677Z	debug	dynamo_static_rpc_split	static prefill RPC split	connection.id=295 request.id=262071 request_id=ba9fa072-d2c3-4560-9f5d-007aca58c600 headers_us=27052 stream_us=3
2026-09-26T22:57:17.140174Z	debug	dynamo_static_buffer_ready	static prefill channel buffer readiness	connection.id=675 request.id=262397 request_id=95b54038-17e0-4a47-9fad-a9c3a6dd1c00 ready_us=0 ready_offset_us=5 is_ok=true
2026-09-26T22:57:17.147568Z	debug	dynamo_static_selector_rpc	static selector RPC	connection.id=295 request.id=262071 request_id=ba9fa072-d2c3-4560-9f5d-007aca58c600 elapsed_us=30875
static_stage_us prepare=55025 prefill=27071 select=30888 decode=747 total=113731
2026-09-26T22:57:17.151569Z	debug	dynamo_static_buffer_ready	static prefill channel buffer readiness	connection.id=498 request.id=262465 request_id=d0b14743-85d4-4b62-8ab6-2b971eba6200 ready_us=1 ready_offset_us=3 is_ok=true
2026-09-26T22:57:17.168390Z	debug	dynamo_static_rpc_split	static prefill RPC split	connection.id=675 request.id=262397 request_id=95b54038-17e0-4a47-9fad-a9c3a6dd1c00 headers_us=28209 stream_us=11
2026-09-26T22:57:17.176815Z	debug	dynamo_static_rpc_split	static prefill RPC split	connection.id=498 request.id=262465 request_id=d0b14743-85d4-4b62-8ab6-2b971eba6200 headers_us=25236 stream_us=12
2026-09-26T22:57:17.182149Z	debug	dynamo_static_buffer_ready	static prefill channel buffer readiness	connection.id=244 request.id=262643 request_id=d9e8f987-412a-4a85-b3f4-a8fe4cdc3c00 ready_us=0 ready_offset_us=5 is_ok=true
2026-09-26T22:57:17.193636Z	debug	dynamo_static_selector_rpc	static selector RPC	connection.id=675 request.id=262397 request_id=95b54038-17e0-4a47-9fad-a9c3a6dd1c00 elapsed_us=25233
static_stage_us prepare=49131 prefill=28234 select=25249 decode=1385 total=103999
2026-09-26T22:57:17.203336Z	debug	dynamo_static_selector_rpc	static selector RPC	connection.id=498 request.id=262465 request_id=d0b14743-85d4-4b62-8ab6-2b971eba6200 elapsed_us=26497
static_stage_us prepare=51097 prefill=25272 select=26511 decode=828 total=103708
2026-09-26T22:57:17.209190Z	debug	dynamo_static_rpc_split	static prefill RPC split	connection.id=244 request.id=262643 request_id=d9e8f987-412a-4a85-b3f4-a8fe4cdc3c00 headers_us=27042 stream_us=4
2026-09-26T22:57:17.215538Z	debug	dynamo_static_buffer_ready	static prefill channel buffer readiness	connection.id=754 request.id=262879 request_id=ea8b8c55-7920-4396-8ab3-610b7862ba00 ready_us=0 ready_offset_us=3 is_ok=true
2026-09-26T22:57:17.243468Z	debug	dynamo_static_selector_rpc	static selector RPC	connection.id=244 request.id=262643 request_id=d9e8f987-412a-4a85-b3f4-a8fe4cdc3c00 elapsed_us=34263
2026-09-26T22:57:17.244716Z	debug	dynamo_static_rpc_split	static prefill RPC split	connection.id=754 request.id=262879 request_id=ea8b8c55-7920-4396-8ab3-610b7862ba00 headers_us=29176 stream_us=4
static_stage_us prepare=54465 prefill=27061 select=34277 decode=1368 total=117171
2026-09-26T22:57:17.248803Z	debug	dynamo_static_buffer_ready	static prefill channel buffer readiness	connection.id=542 request.id=263086 request_id=8f821b06-2d7b-4b5b-9a3c-f1815267d800 ready_us=0 ready_offset_us=4 is_ok=true
2026-09-26T22:57:17.284164Z	debug	dynamo_static_selector_rpc	static selector RPC	connection.id=754 request.id=262879 request_id=ea8b8c55-7920-4396-8ab3-610b7862ba00 elapsed_us=39434
2026-09-26T22:57:17.284410Z	debug	dynamo_static_buffer_ready	static prefill channel buffer readiness	connection.id=474 request.id=263244 request_id=9196033b-9e18-4d32-8f55-a96d4771ab00 ready_us=0 ready_offset_us=4 is_ok=true
2026-09-26T22:57:17.284437Z	debug	dynamo_static_buffer_ready	static prefill channel buffer readiness	connection.id=575 request.id=263267 request_id=7c6c6c6e-7930-4694-89cf-9606f4d5b000 ready_us=0 ready_offset_us=3 is_ok=true
2026-09-26T22:57:17.284438Z	debug	dynamo_static_buffer_ready	static prefill channel buffer readiness	connection.id=279 request.id=263265 request_id=756229a1-2f6b-4186-9c6e-620351b47a00 ready_us=0 ready_offset_us=6 is_ok=true
2026-09-26T22:57:17.285651Z	debug	dynamo_static_rpc_split	static prefill RPC split	connection.id=542 request.id=263086 request_id=8f821b06-2d7b-4b5b-9a3c-f1815267d800 headers_us=36842 stream_us=9
static_stage_us prepare=51840 prefill=29194 select=39452 decode=2173 total=122659
2026-09-26T22:57:17.315311Z	debug	dynamo_static_rpc_split	static prefill RPC split	connection.id=575 request.id=263267 request_id=7c6c6c6e-7930-4694-89cf-9606f4d5b000 headers_us=30861 stream_us=14
2026-09-26T22:57:17.315399Z	debug	dynamo_static_selector_rpc	static selector RPC	connection.id=542 request.id=263086 request_id=8f821b06-2d7b-4b5b-9a3c-f1815267d800 elapsed_us=29714
2026-09-26T22:57:17.316152Z	debug	dynamo_static_rpc_split	static prefill RPC split	connection.id=474 request.id=263244 request_id=9196033b-9e18-4d32-8f55-a96d4771ab00 headers_us=31737 stream_us=9
2026-09-26T22:57:17.316180Z	debug	dynamo_static_rpc_split	static prefill RPC split	connection.id=279 request.id=263265 request_id=756229a1-2f6b-4186-9c6e-620351b47a00 headers_us=31714 stream_us=33
static_stage_us prepare=53551 prefill=36885 select=29728 decode=3851 total=124015
2026-09-26T22:57:17.343792Z	debug	dynamo_static_selector_rpc	static selector RPC	connection.id=279 request.id=263265 request_id=756229a1-2f6b-4186-9c6e-620351b47a00 elapsed_us=27602
2026-09-26T22:57:17.344483Z	debug	dynamo_static_selector_rpc	static selector RPC	connection.id=575 request.id=263267 request_id=7c6c6c6e-7930-4694-89cf-9606f4d5b000 elapsed_us=29157
static_stage_us prepare=61363 prefill=31757 select=27614 decode=1489 total=122223
2026-09-26T22:57:17.344704Z	debug	dynamo_static_selector_rpc	static selector RPC	connection.id=474 request.id=263244 request_id=9196033b-9e18-4d32-8f55-a96d4771ab00 elapsed_us=28525
static_stage_us prepare=61132 prefill=30892 select=29169 decode=2818 total=124011
static_stage_us prepare=65432 prefill=31774 select=28540 decode=3343 total=129089
2026-09-26T22:57:17.358142Z	debug	dynamo_static_buffer_ready	static prefill channel buffer readiness	connection.id=142 request.id=263746 request_id=96b92c6f-711f-4d88-a377-45c61c7c5100 ready_us=0 ready_offset_us=5 is_ok=true
2026-09-26T22:57:17.382401Z	debug	dynamo_static_rpc_split	static prefill RPC split	connection.id=142 request.id=263746 request_id=96b92c6f-711f-4d88-a377-45c61c7c5100 headers_us=24253 stream_us=10
2026-09-26T22:57:17.413951Z	debug	dynamo_static_selector_rpc	static selector RPC	connection.id=142 request.id=263746 request_id=96b92c6f-711f-4d88-a377-45c61c7c5100 elapsed_us=31533
static_stage_us prepare=53653 prefill=24281 select=31548 decode=1249 total=110731
2026-09-26T22:57:17.435428Z	debug	dynamo_static_buffer_ready	static prefill channel buffer readiness	connection.id=325 request.id=264212 request_id=83bc9dc9-c55c-495e-8052-6ad12ccd7500 ready_us=0 ready_offset_us=122 is_ok=true
2026-09-26T22:57:17.436047Z	debug	dynamo_static_buffer_ready	static prefill channel buffer readiness	connection.id=898 request.id=264235 request_id=26e1f0a1-1edd-4f43-89e3-594102fde200 ready_us=0 ready_offset_us=10 is_ok=true
2026-09-26T22:57:17.462200Z	debug	dynamo_static_rpc_split	static prefill RPC split	connection.id=898 request.id=264235 request_id=26e1f0a1-1edd-4f43-89e3-594102fde200 headers_us=26124 stream_us=40
2026-09-26T22:57:17.464563Z	debug	dynamo_static_rpc_split	static prefill RPC split	connection.id=325 request.id=264212 request_id=83bc9dc9-c55c-495e-8052-6ad12ccd7500 headers_us=29212 stream_us=45
2026-09-26T22:57:17.468518Z	debug	dynamo_static_buffer_ready	static prefill channel buffer readiness	connection.id=331 request.id=264497 request_id=c5d22940-f32c-4326-bbcd-f555a0ef2400 ready_us=0 ready_offset_us=3 is_ok=true
2026-09-26T22:57:17.482493Z	debug	dynamo_static_selector_rpc	static selector RPC	connection.id=898 request.id=264235 request_id=26e1f0a1-1edd-4f43-89e3-594102fde200 elapsed_us=20275
static_stage_us prepare=44911 prefill=26183 select=20288 decode=1777 total=93159
2026-09-26T22:57:17.487023Z	debug	dynamo_static_selector_rpc	static selector RPC	connection.id=325 request.id=264212 request_id=83bc9dc9-c55c-495e-8052-6ad12ccd7500 elapsed_us=22445
static_stage_us prepare=48236 prefill=29273 select=22458 decode=1066 total=101033
2026-09-26T22:57:17.489538Z	debug	dynamo_static_rpc_split	static prefill RPC split	connection.id=331 request.id=264497 request_id=c5d22940-f32c-4326-bbcd-f555a0ef2400 headers_us=21014 stream_us=9
2026-09-26T22:57:17.519009Z	debug	dynamo_static_selector_rpc	static selector RPC	connection.id=331 request.id=264497 request_id=c5d22940-f32c-4326-bbcd-f555a0ef2400 elapsed_us=29443
static_stage_us prepare=36871 prefill=21052 select=29458 decode=1013 total=88394
2026-09-26T22:57:17.613903Z	debug	dynamo_static_buffer_ready	static prefill channel buffer readiness	connection.id=748 request.id=265429 request_id=9f3149bc-cc1b-45ec-99ba-c8612f338f00 ready_us=1 ready_offset_us=3 is_ok=true
2026-09-26T22:57:17.646232Z	debug	dynamo_static_rpc_split	static prefill RPC split	connection.id=748 request.id=265429 request_id=9f3149bc-cc1b-45ec-99ba-c8612f338f00 headers_us=32325 stream_us=8
2026-09-26T22:57:17.671829Z	debug	dynamo_static_buffer_ready	static prefill channel buffer readiness	connection.id=272 request.id=265757 request_id=2e1a406f-ca30-43ee-a0f2-078f1bb9fb00 ready_us=0 ready_offset_us=4 is_ok=true
2026-09-26T22:57:17.673118Z	debug	dynamo_static_selector_rpc	static selector RPC	connection.id=748 request.id=265429 request_id=9f3149bc-cc1b-45ec-99ba-c8612f338f00 elapsed_us=26860
static_stage_us prepare=46211 prefill=32360 select=26875 decode=881 total=106327
2026-09-26T22:57:17.683544Z	debug	dynamo_static_buffer_ready	static prefill channel buffer readiness	connection.id=257 request.id=265813 request_id=8a183bcc-ed88-45cc-98ad-7369e74cbe00 ready_us=0 ready_offset_us=26 is_ok=true
2026-09-26T22:57:17.699483Z	debug	dynamo_static_rpc_split	static prefill RPC split	connection.id=272 request.id=265757 request_id=2e1a406f-ca30-43ee-a0f2-078f1bb9fb00 headers_us=27653 stream_us=6
2026-09-26T22:57:17.703766Z	debug	dynamo_static_rpc_split	static prefill RPC split	connection.id=257 request.id=265813 request_id=8a183bcc-ed88-45cc-98ad-7369e74cbe00 headers_us=20239 stream_us=9
2026-09-26T22:57:17.726492Z	debug	dynamo_static_selector_rpc	static selector RPC	connection.id=272 request.id=265757 request_id=2e1a406f-ca30-43ee-a0f2-078f1bb9fb00 elapsed_us=26995
2026-09-26T22:57:17.726503Z	debug	dynamo_static_selector_rpc	static selector RPC	connection.id=257 request.id=265813 request_id=8a183bcc-ed88-45cc-98ad-7369e74cbe00 elapsed_us=22719
static_stage_us prepare=47557 prefill=20265 select=22731 decode=1881 total=92434
static_stage_us prepare=46096 prefill=27673 select=27011 decode=2567 total=103347
2026-09-26T22:57:17.808017Z	debug	dynamo_static_buffer_ready	static prefill channel buffer readiness	connection.id=208 request.id=266612 request_id=42350e41-5b1e-4476-91c4-f3bc6f8ed500 ready_us=0 ready_offset_us=2 is_ok=true
2026-09-26T22:57:17.840222Z	debug	dynamo_static_rpc_split	static prefill RPC split	connection.id=208 request.id=266612 request_id=42350e41-5b1e-4476-91c4-f3bc6f8ed500 headers_us=32115 stream_us=91
2026-09-26T22:57:17.855488Z	debug	dynamo_static_buffer_ready	static prefill channel buffer readiness	connection.id=622 request.id=266962 request_id=224ef9a0-5e86-4d89-88ee-9fdf21095100 ready_us=0 ready_offset_us=3 is_ok=true
2026-09-26T22:57:17.870981Z	debug	dynamo_static_selector_rpc	static selector RPC	connection.id=208 request.id=266612 request_id=42350e41-5b1e-4476-91c4-f3bc6f8ed500 elapsed_us=30736
static_stage_us prepare=59141 prefill=32230 select=30758 decode=1019 total=123148
2026-09-26T22:57:17.882853Z	debug	dynamo_static_rpc_split	static prefill RPC split	connection.id=622 request.id=266962 request_id=224ef9a0-5e86-4d89-88ee-9fdf21095100 headers_us=27292 stream_us=75
2026-09-26T22:57:17.898923Z	debug	dynamo_static_buffer_ready	static prefill channel buffer readiness	connection.id=201 request.id=267304 request_id=f2f13f23-1fa4-49ec-b530-8c1dcfd20f00 ready_us=0 ready_offset_us=3 is_ok=true
2026-09-26T22:57:17.918270Z	debug	dynamo_static_selector_rpc	static selector RPC	connection.id=622 request.id=266962 request_id=224ef9a0-5e86-4d89-88ee-9fdf21095100 elapsed_us=35382
static_stage_us prepare=50674 prefill=27403 select=35398 decode=2532 total=116007
2026-09-26T22:57:17.930621Z	debug	dynamo_static_rpc_split	static prefill RPC split	connection.id=201 request.id=267304 request_id=f2f13f23-1fa4-49ec-b530-8c1dcfd20f00 headers_us=31696 stream_us=5
2026-09-26T22:57:17.948676Z	debug	dynamo_static_buffer_ready	static prefill channel buffer readiness	connection.id=641 request.id=267514 request_id=ab423763-d2ee-4995-bca9-d59f26a06900 ready_us=0 ready_offset_us=2 is_ok=true
2026-09-26T22:57:17.957380Z	debug	dynamo_static_selector_rpc	static selector RPC	connection.id=201 request.id=267304 request_id=f2f13f23-1fa4-49ec-b530-8c1dcfd20f00 elapsed_us=26745
static_stage_us prepare=40311 prefill=31715 select=26758 decode=1960 total=100744
2026-09-26T22:57:17.973711Z	debug	dynamo_static_rpc_split	static prefill RPC split	connection.id=641 request.id=267514 request_id=ab423763-d2ee-4995-bca9-d59f26a06900 headers_us=25026 stream_us=10
2026-09-26T22:57:17.994661Z	debug	dynamo_static_selector_rpc	static selector RPC	connection.id=641 request.id=267514 request_id=ab423763-d2ee-4995-bca9-d59f26a06900 elapsed_us=20924
static_stage_us prepare=51691 prefill=25063 select=20936 decode=1815 total=99505
2026-09-26T22:57:18.015206Z	debug	dynamo_static_buffer_ready	static prefill channel buffer readiness	connection.id=498 request.id=267907 request_id=4fe8b302-932f-4226-b065-22cb4c0bf200 ready_us=0 ready_offset_us=4 is_ok=true
2026-09-26T22:57:18.020247Z	debug	dynamo_static_buffer_ready	static prefill channel buffer readiness	connection.id=136 request.id=267962 request_id=333fc602-4c5f-4c3c-9d4e-644564728000 ready_us=0 ready_offset_us=6 is_ok=true
2026-09-26T22:57:18.040156Z	debug	dynamo_static_buffer_ready	static prefill channel buffer readiness	connection.id=944 request.id=268056 request_id=3543a06a-6d97-4a72-9984-b67605cba200 ready_us=0 ready_offset_us=4 is_ok=true
2026-09-26T22:57:18.048076Z	debug	dynamo_static_buffer_ready	static prefill channel buffer readiness	connection.id=924 request.id=268112 request_id=967e145f-7d7e-49e3-8db4-63b9a5c13400 ready_us=1 ready_offset_us=7 is_ok=true
2026-09-26T22:57:18.051729Z	debug	dynamo_static_rpc_split	static prefill RPC split	connection.id=136 request.id=267962 request_id=333fc602-4c5f-4c3c-9d4e-644564728000 headers_us=31479 stream_us=9
2026-09-26T22:57:18.055204Z	debug	dynamo_static_rpc_split	static prefill RPC split	connection.id=498 request.id=267907 request_id=4fe8b302-932f-4226-b065-22cb4c0bf200 headers_us=39940 stream_us=62
2026-09-26T22:57:18.057234Z	debug	dynamo_static_buffer_ready	static prefill channel buffer readiness	connection.id=776 request.id=268157 request_id=c58e97e5-258a-41aa-b216-3d38858fec00 ready_us=1 ready_offset_us=3 is_ok=true
2026-09-26T22:57:18.063798Z	debug	dynamo_static_rpc_split	static prefill RPC split	connection.id=944 request.id=268056 request_id=3543a06a-6d97-4a72-9984-b67605cba200 headers_us=23638 stream_us=7
2026-09-26T22:57:18.072707Z	debug	dynamo_static_rpc_split	static prefill RPC split	connection.id=924 request.id=268112 request_id=967e145f-7d7e-49e3-8db4-63b9a5c13400 headers_us=24630 stream_us=6
2026-09-26T22:57:18.074842Z	debug	dynamo_static_buffer_ready	static prefill channel buffer readiness	connection.id=283 request.id=268277 request_id=c9c95923-bf3b-41d1-b514-b426e7fb0e00 ready_us=0 ready_offset_us=15 is_ok=true
2026-09-26T22:57:18.081640Z	debug	dynamo_static_selector_rpc	static selector RPC	connection.id=136 request.id=267962 request_id=333fc602-4c5f-4c3c-9d4e-644564728000 elapsed_us=29898
static_stage_us prepare=51050 prefill=31503 select=29912 decode=1449 total=113914
2026-09-26T22:57:18.085484Z	debug	dynamo_static_rpc_split	static prefill RPC split	connection.id=776 request.id=268157 request_id=c58e97e5-258a-41aa-b216-3d38858fec00 headers_us=28247 stream_us=6
2026-09-26T22:57:18.086213Z	debug	dynamo_static_selector_rpc	static selector RPC	connection.id=498 request.id=267907 request_id=4fe8b302-932f-4226-b065-22cb4c0bf200 elapsed_us=30991
static_stage_us prepare=53675 prefill=40020 select=31026 decode=1252 total=125973
2026-09-26T22:57:18.089245Z	debug	dynamo_static_selector_rpc	static selector RPC	connection.id=944 request.id=268056 request_id=3543a06a-6d97-4a72-9984-b67605cba200 elapsed_us=25431
static_stage_us prepare=62132 prefill=23661 select=25445 decode=2930 total=114168
2026-09-26T22:57:18.100233Z	debug	dynamo_static_selector_rpc	static selector RPC	connection.id=924 request.id=268112 request_id=967e145f-7d7e-49e3-8db4-63b9a5c13400 elapsed_us=27512
static_stage_us prepare=65028 prefill=24652 select=27526 decode=1719 total=118925
2026-09-26T22:57:18.104638Z	debug	dynamo_static_rpc_split	static prefill RPC split	connection.id=283 request.id=268277 request_id=c9c95923-bf3b-41d1-b514-b426e7fb0e00 headers_us=29174 stream_us=636
2026-09-26T22:57:18.110902Z	debug	dynamo_static_buffer_ready	static prefill channel buffer readiness	connection.id=595 request.id=268532 request_id=486312f6-4e01-4dbf-a86f-003939bed800 ready_us=0 ready_offset_us=3 is_ok=true
2026-09-26T22:57:18.118201Z	debug	dynamo_static_selector_rpc	static selector RPC	connection.id=776 request.id=268157 request_id=c58e97e5-258a-41aa-b216-3d38858fec00 elapsed_us=32702
static_stage_us prepare=60723 prefill=28268 select=32714 decode=1131 total=122836
2026-09-26T22:57:18.127180Z	debug	dynamo_static_buffer_ready	static prefill channel buffer readiness	connection.id=184 request.id=268592 request_id=abbf630a-25a6-4042-99fd-e4fbd5127f00 ready_us=1 ready_offset_us=5 is_ok=true
2026-09-26T22:57:18.135786Z	debug	dynamo_static_selector_rpc	static selector RPC	connection.id=283 request.id=268277 request_id=c9c95923-bf3b-41d1-b514-b426e7fb0e00 elapsed_us=31134
static_stage_us prepare=62836 prefill=29825 select=31146 decode=1229 total=125036
2026-09-26T22:57:18.151468Z	debug	dynamo_static_rpc_split	static prefill RPC split	connection.id=595 request.id=268532 request_id=486312f6-4e01-4dbf-a86f-003939bed800 headers_us=40565 stream_us=4
2026-09-26T22:57:18.157392Z	debug	dynamo_static_rpc_split	static prefill RPC split	connection.id=184 request.id=268592 request_id=abbf630a-25a6-4042-99fd-e4fbd5127f00 headers_us=30212 stream_us=4
2026-09-26T22:57:18.157627Z	debug	dynamo_static_buffer_ready	static prefill channel buffer readiness	connection.id=224 request.id=268761 request_id=857ffe14-3322-43ce-8c45-ff24317f9b00 ready_us=2 ready_offset_us=11 is_ok=true
2026-09-26T22:57:18.178867Z	debug	dynamo_static_selector_rpc	static selector RPC	connection.id=184 request.id=268592 request_id=abbf630a-25a6-4042-99fd-e4fbd5127f00 elapsed_us=21454
static_stage_us prepare=57169 prefill=30237 select=21470 decode=1385 total=110261
2026-09-26T22:57:18.180695Z	debug	dynamo_static_selector_rpc	static selector RPC	connection.id=595 request.id=268532 request_id=486312f6-4e01-4dbf-a86f-003939bed800 elapsed_us=29214
static_stage_us prepare=46877 prefill=40583 select=29227 decode=793 total=117480
2026-09-26T22:57:18.186386Z	debug	dynamo_static_rpc_split	static prefill RPC split	connection.id=224 request.id=268761 request_id=857ffe14-3322-43ce-8c45-ff24317f9b00 headers_us=28761 stream_us=7
2026-09-26T22:57:18.215244Z	debug	dynamo_static_buffer_ready	static prefill channel buffer readiness	connection.id=803 request.id=269161 request_id=5a0e2d9b-2dcb-43c9-9b07-3e6235a22400 ready_us=0 ready_offset_us=4 is_ok=true
2026-09-26T22:57:18.217026Z	debug	dynamo_static_selector_rpc	static selector RPC	connection.id=224 request.id=268761 request_id=857ffe14-3322-43ce-8c45-ff24317f9b00 elapsed_us=30624
static_stage_us prepare=54555 prefill=28786 select=30638 decode=2158 total=116137
2026-09-26T22:57:18.239423Z	debug	dynamo_static_rpc_split	static prefill RPC split	connection.id=803 request.id=269161 request_id=5a0e2d9b-2dcb-43c9-9b07-3e6235a22400 headers_us=24169 stream_us=13
2026-09-26T22:57:18.251089Z	debug	dynamo_static_buffer_ready	static prefill channel buffer readiness	connection.id=864 request.id=269384 request_id=5b066886-5940-41e8-84e3-86ba2001b800 ready_us=0 ready_offset_us=4 is_ok=true
static_stage_us prepare=54733 prefill=24232 select=25955 decode=1475 total=106395
2026-09-26T22:57:18.265411Z	debug	dynamo_static_selector_rpc	static selector RPC	connection.id=803 request.id=269161 request_id=5a0e2d9b-2dcb-43c9-9b07-3e6235a22400 elapsed_us=25939
2026-09-26T22:57:18.276802Z	debug	dynamo_static_buffer_ready	static prefill channel buffer readiness	connection.id=810 request.id=269547 request_id=f7c358f3-6a8f-4e03-9186-f79b54403400 ready_us=1 ready_offset_us=3 is_ok=true
2026-09-26T22:57:18.276853Z	debug	dynamo_static_buffer_ready	static prefill channel buffer readiness	connection.id=470 request.id=269563 request_id=3fea7706-e556-4f3c-90b9-4489ca76d400 ready_us=0 ready_offset_us=3 is_ok=true
2026-09-26T22:57:18.288081Z	debug	dynamo_static_rpc_split	static prefill RPC split	connection.id=864 request.id=269384 request_id=5b066886-5940-41e8-84e3-86ba2001b800 headers_us=36985 stream_us=10
2026-09-26T22:57:18.301980Z	debug	dynamo_static_rpc_split	static prefill RPC split	connection.id=470 request.id=269563 request_id=3fea7706-e556-4f3c-90b9-4489ca76d400 headers_us=25119 stream_us=9
2026-09-26T22:57:18.302117Z	debug	dynamo_static_rpc_split	static prefill RPC split	connection.id=810 request.id=269547 request_id=f7c358f3-6a8f-4e03-9186-f79b54403400 headers_us=25313 stream_us=3
2026-09-26T22:57:18.315264Z	debug	dynamo_static_selector_rpc	static selector RPC	connection.id=864 request.id=269384 request_id=5b066886-5940-41e8-84e3-86ba2001b800 elapsed_us=27122
static_stage_us prepare=53923 prefill=37057 select=27137 decode=1557 total=119674
2026-09-26T22:57:18.325182Z	debug	dynamo_static_selector_rpc	static selector RPC	connection.id=810 request.id=269547 request_id=f7c358f3-6a8f-4e03-9186-f79b54403400 elapsed_us=23053
2026-09-26T22:57:18.325215Z	debug	dynamo_static_selector_rpc	static selector RPC	connection.id=470 request.id=269563 request_id=3fea7706-e556-4f3c-90b9-4489ca76d400 elapsed_us=23217
static_stage_us prepare=49968 prefill=25330 select=23067 decode=2216 total=100581
static_stage_us prepare=47372 prefill=25147 select=23226 decode=2569 total=98314
2026-09-26T22:57:18.349147Z	debug	dynamo_static_buffer_ready	static prefill channel buffer readiness	connection.id=556 request.id=270034 request_id=2e217504-8b56-496d-949f-0a48b3b51100 ready_us=0 ready_offset_us=4 is_ok=true
2026-09-26T22:57:18.376243Z	debug	dynamo_static_buffer_ready	static prefill channel buffer readiness	connection.id=129 request.id=270259 request_id=a74a7577-28ed-47fa-a614-2c73e5568a00 ready_us=0 ready_offset_us=6 is_ok=true
2026-09-26T22:57:18.381895Z	debug	dynamo_static_rpc_split	static prefill RPC split	connection.id=556 request.id=270034 request_id=2e217504-8b56-496d-949f-0a48b3b51100 headers_us=32749 stream_us=3
2026-09-26T22:57:18.389807Z	debug	dynamo_static_buffer_ready	static prefill channel buffer readiness	connection.id=338 request.id=270316 request_id=1afe0366-0cb4-4640-aebe-e1cd52cd7900 ready_us=0 ready_offset_us=3 is_ok=true
2026-09-26T22:57:18.405033Z	debug	dynamo_static_rpc_split	static prefill RPC split	connection.id=129 request.id=270259 request_id=a74a7577-28ed-47fa-a614-2c73e5568a00 headers_us=28786 stream_us=10
2026-09-26T22:57:18.410421Z	debug	dynamo_static_selector_rpc	static selector RPC	connection.id=556 request.id=270034 request_id=2e217504-8b56-496d-949f-0a48b3b51100 elapsed_us=28513
static_stage_us prepare=50641 prefill=32767 select=28527 decode=1090 total=113025
2026-09-26T22:57:18.417772Z	debug	dynamo_static_rpc_split	static prefill RPC split	connection.id=338 request.id=270316 request_id=1afe0366-0cb4-4640-aebe-e1cd52cd7900 headers_us=27963 stream_us=4
2026-09-26T22:57:18.434273Z	debug	dynamo_static_selector_rpc	static selector RPC	connection.id=129 request.id=270259 request_id=a74a7577-28ed-47fa-a614-2c73e5568a00 elapsed_us=29222
static_stage_us prepare=46057 prefill=28815 select=29233 decode=1125 total=105230
2026-09-26T22:57:18.450689Z	debug	dynamo_static_selector_rpc	static selector RPC	connection.id=338 request.id=270316 request_id=1afe0366-0cb4-4640-aebe-e1cd52cd7900 elapsed_us=32901
static_stage_us prepare=52186 prefill=27984 select=32917 decode=1441 total=114528
2026-09-26T22:57:18.477879Z	debug	dynamo_static_buffer_ready	static prefill channel buffer readiness	connection.id=130 request.id=270879 request_id=56b4486a-f0dd-4bcc-8d83-8a4c1b15ee00 ready_us=1 ready_offset_us=5 is_ok=true
2026-09-26T22:57:18.492556Z	debug	dynamo_static_buffer_ready	static prefill channel buffer readiness	connection.id=616 request.id=270945 request_id=bd612685-9f15-4882-a648-3c495900ff00 ready_us=0 ready_offset_us=4 is_ok=true
2026-09-26T22:57:18.509175Z	debug	dynamo_static_rpc_split	static prefill RPC split	connection.id=130 request.id=270879 request_id=56b4486a-f0dd-4bcc-8d83-8a4c1b15ee00 headers_us=31294 stream_us=7
2026-09-26T22:57:18.516016Z	debug	dynamo_static_buffer_ready	static prefill channel buffer readiness	connection.id=850 request.id=271109 request_id=eb3c6b9c-af1a-4105-9958-7fa8ea6af600 ready_us=0 ready_offset_us=6 is_ok=true
2026-09-26T22:57:18.516528Z	debug	dynamo_static_rpc_split	static prefill RPC split	connection.id=616 request.id=270945 request_id=bd612685-9f15-4882-a648-3c495900ff00 headers_us=23958 stream_us=5
2026-09-26T22:57:18.541786Z	debug	dynamo_static_selector_rpc	static selector RPC	connection.id=130 request.id=270879 request_id=56b4486a-f0dd-4bcc-8d83-8a4c1b15ee00 elapsed_us=32594
2026-09-26T22:57:18.542257Z	debug	dynamo_static_selector_rpc	static selector RPC	connection.id=616 request.id=270945 request_id=bd612685-9f15-4882-a648-3c495900ff00 elapsed_us=25715
static_stage_us prepare=50112 prefill=31318 select=32610 decode=1199 total=115239
static_stage_us prepare=55320 prefill=23990 select=25727 decode=1115 total=106152
2026-09-26T22:57:18.544478Z	debug	dynamo_static_rpc_split	static prefill RPC split	connection.id=850 request.id=271109 request_id=eb3c6b9c-af1a-4105-9958-7fa8ea6af600 headers_us=28444 stream_us=24
2026-09-26T22:57:18.573741Z	debug	dynamo_static_buffer_ready	static prefill channel buffer readiness	connection.id=851 request.id=271513 request_id=f7654927-592b-4e1b-a168-446130e5ae00 ready_us=0 ready_offset_us=4 is_ok=true
2026-09-26T22:57:18.574291Z	debug	dynamo_static_selector_rpc	static selector RPC	connection.id=850 request.id=271109 request_id=eb3c6b9c-af1a-4105-9958-7fa8ea6af600 elapsed_us=29794
static_stage_us prepare=57353 prefill=28487 select=29806 decode=614 total=116260
2026-09-26T22:57:18.594720Z	debug	dynamo_static_buffer_ready	static prefill channel buffer readiness	connection.id=232 request.id=271576 request_id=7546c9aa-506b-4c11-ad9b-7973bc0c9000 ready_us=0 ready_offset_us=4 is_ok=true
2026-09-26T22:57:18.599978Z	debug	dynamo_static_rpc_split	static prefill RPC split	connection.id=851 request.id=271513 request_id=f7654927-592b-4e1b-a168-446130e5ae00 headers_us=26217 stream_us=23
2026-09-26T22:57:18.621616Z	debug	dynamo_static_rpc_split	static prefill RPC split	connection.id=232 request.id=271576 request_id=7546c9aa-506b-4c11-ad9b-7973bc0c9000 headers_us=26891 stream_us=8
2026-09-26T22:57:18.627771Z	debug	dynamo_static_selector_rpc	static selector RPC	connection.id=851 request.id=271513 request_id=f7654927-592b-4e1b-a168-446130e5ae00 elapsed_us=27779
static_stage_us prepare=45540 prefill=26255 select=27793 decode=1421 total=101009
2026-09-26T22:57:18.650385Z	debug	dynamo_static_selector_rpc	static selector RPC	connection.id=232 request.id=271576 request_id=7546c9aa-506b-4c11-ad9b-7973bc0c9000 elapsed_us=28745
static_stage_us prepare=52125 prefill=26917 select=28768 decode=1066 total=108876
2026-09-26T22:57:18.661044Z	debug	dynamo_static_buffer_ready	static prefill channel buffer readiness	connection.id=682 request.id=272034 request_id=2b663705-1fc6-4052-9b1e-9ab2e1064b00 ready_us=0 ready_offset_us=3 is_ok=true
2026-09-26T22:57:18.677950Z	debug	dynamo_static_buffer_ready	static prefill channel buffer readiness	connection.id=522 request.id=272094 request_id=a6e01136-9a0e-4682-b044-2802f78f8f00 ready_us=1 ready_offset_us=3 is_ok=true
2026-09-26T22:57:18.688649Z	debug	dynamo_static_rpc_split	static prefill RPC split	connection.id=682 request.id=272034 request_id=2b663705-1fc6-4052-9b1e-9ab2e1064b00 headers_us=27603 stream_us=4
2026-09-26T22:57:18.711265Z	debug	dynamo_static_rpc_split	static prefill RPC split	connection.id=522 request.id=272094 request_id=a6e01136-9a0e-4682-b044-2802f78f8f00 headers_us=33297 stream_us=20
2026-09-26T22:57:18.722428Z	debug	dynamo_static_selector_rpc	static selector RPC	connection.id=682 request.id=272034 request_id=2b663705-1fc6-4052-9b1e-9ab2e1064b00 elapsed_us=33761
static_stage_us prepare=48157 prefill=27625 select=33778 decode=1220 total=110780
2026-09-26T22:57:18.740058Z	debug	dynamo_static_buffer_ready	static prefill channel buffer readiness	connection.id=934 request.id=272493 request_id=cadaa0e5-abe2-483f-95ec-67964bfabb00 ready_us=0 ready_offset_us=6 is_ok=true
2026-09-26T22:57:18.740090Z	debug	dynamo_static_buffer_ready	static prefill channel buffer readiness	connection.id=285 request.id=272491 request_id=b3054518-6a1e-4020-9bd9-9b7841888200 ready_us=0 ready_offset_us=3 is_ok=true
2026-09-26T22:57:18.746682Z	debug	dynamo_static_selector_rpc	static selector RPC	connection.id=522 request.id=272094 request_id=a6e01136-9a0e-4682-b044-2802f78f8f00 elapsed_us=35399
static_stage_us prepare=57463 prefill=33336 select=35413 decode=1047 total=127259
2026-09-26T22:57:18.772069Z	debug	dynamo_static_rpc_split	static prefill RPC split	connection.id=934 request.id=272493 request_id=cadaa0e5-abe2-483f-95ec-67964bfabb00 headers_us=32013 stream_us=4
2026-09-26T22:57:18.773085Z	debug	dynamo_static_rpc_split	static prefill RPC split	connection.id=285 request.id=272491 request_id=b3054518-6a1e-4020-9bd9-9b7841888200 headers_us=33001 stream_us=34
2026-09-26T22:57:18.805145Z	debug	dynamo_static_selector_rpc	static selector RPC	connection.id=934 request.id=272493 request_id=cadaa0e5-abe2-483f-95ec-67964bfabb00 elapsed_us=33042
2026-09-26T22:57:18.805463Z	debug	dynamo_static_selector_rpc	static selector RPC	connection.id=285 request.id=272491 request_id=b3054518-6a1e-4020-9bd9-9b7841888200 elapsed_us=32329
static_stage_us prepare=51061 prefill=32051 select=33055 decode=1859 total=118026
static_stage_us prepare=51153 prefill=33085 select=32347 decode=3414 total=119999
2026-09-26T22:57:18.879871Z	debug	dynamo_static_buffer_ready	static prefill channel buffer readiness	connection.id=792 request.id=273312 request_id=aa40bd1c-1bc0-4d92-95b4-d6ccd544fd00 ready_us=0 ready_offset_us=8 is_ok=true
2026-09-26T22:57:18.904112Z	debug	dynamo_static_rpc_split	static prefill RPC split	connection.id=792 request.id=273312 request_id=aa40bd1c-1bc0-4d92-95b4-d6ccd544fd00 headers_us=24236 stream_us=13
2026-09-26T22:57:18.907514Z	debug	dynamo_static_buffer_ready	static prefill channel buffer readiness	connection.id=133 request.id=273522 request_id=ac0b2304-22b5-4659-82e1-96b81af7aa00 ready_us=0 ready_offset_us=3 is_ok=true
2026-09-26T22:57:18.934972Z	debug	dynamo_static_selector_rpc	static selector RPC	connection.id=792 request.id=273312 request_id=aa40bd1c-1bc0-4d92-95b4-d6ccd544fd00 elapsed_us=30837
2026-09-26T22:57:18.935183Z	debug	dynamo_static_rpc_split	static prefill RPC split	connection.id=133 request.id=273522 request_id=ac0b2304-22b5-4659-82e1-96b81af7aa00 headers_us=27667 stream_us=4
static_stage_us prepare=49596 prefill=24273 select=30859 decode=2838 total=107566
2026-09-26T22:57:18.943124Z	debug	dynamo_static_buffer_ready	static prefill channel buffer readiness	connection.id=604 request.id=273678 request_id=515e0d57-c426-4b93-a1c8-12e5da37f900 ready_us=0 ready_offset_us=4 is_ok=true
2026-09-26T22:57:18.960516Z	debug	dynamo_static_selector_rpc	static selector RPC	connection.id=133 request.id=273522 request_id=ac0b2304-22b5-4659-82e1-96b81af7aa00 elapsed_us=25299
static_stage_us prepare=47880 prefill=27706 select=25311 decode=1547 total=102444
2026-09-26T22:57:18.966267Z	debug	dynamo_static_rpc_split	static prefill RPC split	connection.id=604 request.id=273678 request_id=515e0d57-c426-4b93-a1c8-12e5da37f900 headers_us=23135 stream_us=11
2026-09-26T22:57:18.996644Z	debug	dynamo_static_selector_rpc	static selector RPC	connection.id=604 request.id=273678 request_id=515e0d57-c426-4b93-a1c8-12e5da37f900 elapsed_us=30359
static_stage_us prepare=55767 prefill=23165 select=30372 decode=1819 total=111123
2026-09-26T22:57:19.000477Z	debug	dynamo_static_buffer_ready	static prefill channel buffer readiness	connection.id=428 request.id=274018 request_id=2ea98832-f7f8-4a40-b3c9-52c7aabb9000 ready_us=0 ready_offset_us=3 is_ok=true
2026-09-26T22:57:19.010994Z	debug	dynamo_static_buffer_ready	static prefill channel buffer readiness	connection.id=562 request.id=274121 request_id=6f58ab6d-d567-4c86-a907-79f03cc00e00 ready_us=0 ready_offset_us=3 is_ok=true
2026-09-26T22:57:19.035731Z	debug	dynamo_static_rpc_split	static prefill RPC split	connection.id=428 request.id=274018 request_id=2ea98832-f7f8-4a40-b3c9-52c7aabb9000 headers_us=35250 stream_us=7
2026-09-26T22:57:19.042197Z	debug	dynamo_static_rpc_split	static prefill RPC split	connection.id=562 request.id=274121 request_id=6f58ab6d-d567-4c86-a907-79f03cc00e00 headers_us=31194 stream_us=11
2026-09-26T22:57:19.046136Z	debug	dynamo_static_buffer_ready	static prefill channel buffer readiness	connection.id=588 request.id=274316 request_id=b45c5527-2b02-4c4b-8662-979e737f1600 ready_us=0 ready_offset_us=4 is_ok=true
2026-09-26T22:57:19.061280Z	debug	dynamo_static_selector_rpc	static selector RPC	connection.id=428 request.id=274018 request_id=2ea98832-f7f8-4a40-b3c9-52c7aabb9000 elapsed_us=25534
static_stage_us prepare=54396 prefill=35274 select=25547 decode=805 total=116022
2026-09-26T22:57:19.066866Z	debug	dynamo_static_selector_rpc	static selector RPC	connection.id=562 request.id=274121 request_id=6f58ab6d-d567-4c86-a907-79f03cc00e00 elapsed_us=24657
static_stage_us prepare=53703 prefill=31232 select=24670 decode=777 total=110382
2026-09-26T22:57:19.072611Z	debug	dynamo_static_rpc_split	static prefill RPC split	connection.id=588 request.id=274316 request_id=b45c5527-2b02-4c4b-8662-979e737f1600 headers_us=26465 stream_us=13
2026-09-26T22:57:19.084168Z	debug	dynamo_static_buffer_ready	static prefill channel buffer readiness	connection.id=240 request.id=274527 request_id=9485dafa-f67d-448d-9647-769d0553d200 ready_us=0 ready_offset_us=9 is_ok=true
static_stage_us prepare=62241 prefill=26496 select=25208 decode=1945 total=115890
2026-09-26T22:57:19.097821Z	debug	dynamo_static_selector_rpc	static selector RPC	connection.id=588 request.id=274316 request_id=b45c5527-2b02-4c4b-8662-979e737f1600 elapsed_us=25192
2026-09-26T22:57:19.100010Z	debug	dynamo_static_buffer_ready	static prefill channel buffer readiness	connection.id=892 request.id=274656 request_id=5b8a77d3-e695-4f23-9d33-cad73e0e7100 ready_us=0 ready_offset_us=7 is_ok=true
2026-09-26T22:57:19.125304Z	debug	dynamo_static_rpc_split	static prefill RPC split	connection.id=240 request.id=274527 request_id=9485dafa-f67d-448d-9647-769d0553d200 headers_us=41138 stream_us=5
2026-09-26T22:57:19.135308Z	debug	dynamo_static_rpc_split	static prefill RPC split	connection.id=892 request.id=274656 request_id=5b8a77d3-e695-4f23-9d33-cad73e0e7100 headers_us=35293 stream_us=12
2026-09-26T22:57:19.158537Z	debug	dynamo_static_selector_rpc	static selector RPC	connection.id=240 request.id=274527 request_id=9485dafa-f67d-448d-9647-769d0553d200 elapsed_us=33218
static_stage_us prepare=55835 prefill=41159 select=33233 decode=719 total=130946
2026-09-26T22:57:19.170049Z	debug	dynamo_static_selector_rpc	static selector RPC	connection.id=892 request.id=274656 request_id=5b8a77d3-e695-4f23-9d33-cad73e0e7100 elapsed_us=34687
static_stage_us prepare=52666 prefill=35360 select=34702 decode=1070 total=123798
2026-09-26T22:57:19.192137Z	debug	dynamo_static_buffer_ready	static prefill channel buffer readiness	connection.id=627 request.id=275197 request_id=add19d44-b5ad-416e-9b71-0805a0c49600 ready_us=0 ready_offset_us=3 is_ok=true
2026-09-26T22:57:19.193609Z	debug	dynamo_static_buffer_ready	static prefill channel buffer readiness	connection.id=610 request.id=275211 request_id=afded588-d114-4198-b831-884bb8ca7b00 ready_us=0 ready_offset_us=4 is_ok=true
2026-09-26T22:57:19.221156Z	debug	dynamo_static_rpc_split	static prefill RPC split	connection.id=627 request.id=275197 request_id=add19d44-b5ad-416e-9b71-0805a0c49600 headers_us=29018 stream_us=3
2026-09-26T22:57:19.225358Z	debug	dynamo_static_rpc_split	static prefill RPC split	connection.id=610 request.id=275211 request_id=afded588-d114-4198-b831-884bb8ca7b00 headers_us=31744 stream_us=9
2026-09-26T22:57:19.249538Z	debug	dynamo_static_selector_rpc	static selector RPC	connection.id=627 request.id=275197 request_id=add19d44-b5ad-416e-9b71-0805a0c49600 elapsed_us=28367
static_stage_us prepare=60122 prefill=29037 select=28382 decode=771 total=118312
2026-09-26T22:57:19.260229Z	debug	dynamo_static_selector_rpc	static selector RPC	connection.id=610 request.id=275211 request_id=afded588-d114-4198-b831-884bb8ca7b00 elapsed_us=34853
static_stage_us prepare=58336 prefill=31771 select=34869 decode=1100 total=126076
2026-09-26T22:57:19.261777Z	debug	dynamo_static_buffer_ready	static prefill channel buffer readiness	connection.id=517 request.id=275645 request_id=1a19da0d-7b44-4c08-b24d-7f71d4b9a300 ready_us=0 ready_offset_us=4 is_ok=true
2026-09-26T22:57:19.285555Z	debug	dynamo_static_buffer_ready	static prefill channel buffer readiness	connection.id=234 request.id=275780 request_id=a280597f-1473-4c20-83f2-38e878c71b00 ready_us=0 ready_offset_us=5 is_ok=true
2026-09-26T22:57:19.292759Z	debug	dynamo_static_rpc_split	static prefill RPC split	connection.id=517 request.id=275645 request_id=1a19da0d-7b44-4c08-b24d-7f71d4b9a300 headers_us=30973 stream_us=12
2026-09-26T22:57:19.315471Z	debug	dynamo_static_rpc_split	static prefill RPC split	connection.id=234 request.id=275780 request_id=a280597f-1473-4c20-83f2-38e878c71b00 headers_us=29903 stream_us=17
2026-09-26T22:57:19.320085Z	debug	dynamo_static_selector_rpc	static selector RPC	connection.id=517 request.id=275645 request_id=1a19da0d-7b44-4c08-b24d-7f71d4b9a300 elapsed_us=27308
static_stage_us prepare=53848 prefill=31004 select=27322 decode=1694 total=113868
2026-09-26T22:57:19.342584Z	debug	dynamo_static_buffer_ready	static prefill channel buffer readiness	connection.id=330 request.id=276181 request_id=87868258-747d-4136-b47d-42ac8a9a0b00 ready_us=0 ready_offset_us=18 is_ok=true
2026-09-26T22:57:19.345567Z	debug	dynamo_static_selector_rpc	static selector RPC	connection.id=234 request.id=275780 request_id=a280597f-1473-4c20-83f2-38e878c71b00 elapsed_us=30084
static_stage_us prepare=57763 prefill=29933 select=30100 decode=1025 total=118821
2026-09-26T22:57:19.374044Z	debug	dynamo_static_rpc_split	static prefill RPC split	connection.id=330 request.id=276181 request_id=87868258-747d-4136-b47d-42ac8a9a0b00 headers_us=31470 stream_us=6
2026-09-26T22:57:19.386392Z	debug	dynamo_static_buffer_ready	static prefill channel buffer readiness	connection.id=377 request.id=276371 request_id=5c5257c3-dd49-4005-97bd-695ac2a1f500 ready_us=0 ready_offset_us=3 is_ok=true
2026-09-26T22:57:19.403814Z	debug	dynamo_static_selector_rpc	static selector RPC	connection.id=330 request.id=276181 request_id=87868258-747d-4136-b47d-42ac8a9a0b00 elapsed_us=29755
static_stage_us prepare=49114 prefill=31494 select=29770 decode=2191 total=112569
2026-09-26T22:57:19.414451Z	debug	dynamo_static_rpc_split	static prefill RPC split	connection.id=377 request.id=276371 request_id=5c5257c3-dd49-4005-97bd-695ac2a1f500 headers_us=28055 stream_us=7
2026-09-26T22:57:19.445719Z	debug	dynamo_static_buffer_ready	static prefill channel buffer readiness	connection.id=590 request.id=276767 request_id=df26a4aa-4033-405d-986d-91a037546b00 ready_us=0 ready_offset_us=5 is_ok=true
2026-09-26T22:57:19.454208Z	debug	dynamo_static_selector_rpc	static selector RPC	connection.id=377 request.id=276371 request_id=5c5257c3-dd49-4005-97bd-695ac2a1f500 elapsed_us=39742
static_stage_us prepare=60899 prefill=28078 select=39757 decode=962 total=129696
2026-09-26T22:57:19.469016Z	debug	dynamo_static_buffer_ready	static prefill channel buffer readiness	connection.id=696 request.id=276927 request_id=d0eec290-4ae8-4935-b275-148df00a3f00 ready_us=1 ready_offset_us=5 is_ok=true
2026-09-26T22:57:19.475010Z	debug	dynamo_static_rpc_split	static prefill RPC split	connection.id=590 request.id=276767 request_id=df26a4aa-4033-405d-986d-91a037546b00 headers_us=29285 stream_us=11
2026-09-26T22:57:19.498333Z	debug	dynamo_static_rpc_split	static prefill RPC split	connection.id=696 request.id=276927 request_id=d0eec290-4ae8-4935-b275-148df00a3f00 headers_us=29316 stream_us=4
2026-09-26T22:57:19.498769Z	debug	dynamo_static_selector_rpc	static selector RPC	connection.id=590 request.id=276767 request_id=df26a4aa-4033-405d-986d-91a037546b00 elapsed_us=23736
static_stage_us prepare=56531 prefill=29320 select=23747 decode=694 total=110292
2026-09-26T22:57:19.509596Z	debug	dynamo_static_buffer_ready	static prefill channel buffer readiness	connection.id=663 request.id=277160 request_id=53d32cd2-d50a-45de-bc14-eb7daa041200 ready_us=0 ready_offset_us=14 is_ok=true
2026-09-26T22:57:19.523699Z	debug	dynamo_static_buffer_ready	static prefill channel buffer readiness	connection.id=452 request.id=277262 request_id=352f02d4-9694-4789-aee6-1412bdd96900 ready_us=0 ready_offset_us=3 is_ok=true
2026-09-26T22:57:19.528515Z	debug	dynamo_static_selector_rpc	static selector RPC	connection.id=696 request.id=276927 request_id=d0eec290-4ae8-4935-b275-148df00a3f00 elapsed_us=30168
static_stage_us prepare=54031 prefill=29336 select=30180 decode=838 total=114385
2026-09-26T22:57:19.535214Z	debug	dynamo_static_rpc_split	static prefill RPC split	connection.id=663 request.id=277160 request_id=53d32cd2-d50a-45de-bc14-eb7daa041200 headers_us=25619 stream_us=12
2026-09-26T22:57:19.547384Z	debug	dynamo_static_rpc_split	static prefill RPC split	connection.id=452 request.id=277262 request_id=352f02d4-9694-4789-aee6-1412bdd96900 headers_us=23682 stream_us=5
2026-09-26T22:57:19.548127Z	debug	dynamo_static_buffer_ready	static prefill channel buffer readiness	connection.id=147 request.id=277440 request_id=f869debf-07b5-4f79-b3b8-f1ed107f3100 ready_us=0 ready_offset_us=4 is_ok=true
2026-09-26T22:57:19.558496Z	debug	dynamo_static_buffer_ready	static prefill channel buffer readiness	connection.id=193 request.id=277507 request_id=86899232-52ba-4cc6-bc3b-f7105bb35200 ready_us=0 ready_offset_us=4 is_ok=true
2026-09-26T22:57:19.560241Z	debug	dynamo_static_selector_rpc	static selector RPC	connection.id=663 request.id=277160 request_id=53d32cd2-d50a-45de-bc14-eb7daa041200 elapsed_us=25007
static_stage_us prepare=47982 prefill=25653 select=25017 decode=829 total=99481
2026-09-26T22:57:19.566462Z	debug	dynamo_static_buffer_ready	static prefill channel buffer readiness	connection.id=395 request.id=277542 request_id=4ff0d292-67d6-407c-9bc2-38781b097700 ready_us=0 ready_offset_us=7 is_ok=true
2026-09-26T22:57:19.574219Z	debug	dynamo_static_buffer_ready	static prefill channel buffer readiness	connection.id=420 request.id=277622 request_id=616dc29a-72dd-4472-8c09-e7bbfc9ba400 ready_us=1 ready_offset_us=3 is_ok=true
2026-09-26T22:57:19.574358Z	debug	dynamo_static_rpc_split	static prefill RPC split	connection.id=147 request.id=277440 request_id=f869debf-07b5-4f79-b3b8-f1ed107f3100 headers_us=26230 stream_us=5
2026-09-26T22:57:19.581097Z	debug	dynamo_static_buffer_ready	static prefill channel buffer readiness	connection.id=639 request.id=277689 request_id=468149ea-8a68-48bf-bdf1-797a9a78c200 ready_us=0 ready_offset_us=3 is_ok=true
2026-09-26T22:57:19.581577Z	debug	dynamo_static_selector_rpc	static selector RPC	connection.id=452 request.id=277262 request_id=352f02d4-9694-4789-aee6-1412bdd96900 elapsed_us=34179
static_stage_us prepare=42864 prefill=23701 select=34191 decode=1019 total=101775
2026-09-26T22:57:19.586212Z	debug	dynamo_static_buffer_ready	static prefill channel buffer readiness	connection.id=290 request.id=277673 request_id=2dfb476a-4aea-4398-a05f-ffbd20b4ef00 ready_us=0 ready_offset_us=3 is_ok=true
2026-09-26T22:57:19.592125Z	debug	dynamo_static_rpc_split	static prefill RPC split	connection.id=193 request.id=277507 request_id=86899232-52ba-4cc6-bc3b-f7105bb35200 headers_us=33282 stream_us=349
2026-09-26T22:57:19.596539Z	debug	dynamo_static_rpc_split	static prefill RPC split	connection.id=395 request.id=277542 request_id=4ff0d292-67d6-407c-9bc2-38781b097700 headers_us=30055 stream_us=28
2026-09-26T22:57:19.602259Z	debug	dynamo_static_rpc_split	static prefill RPC split	connection.id=420 request.id=277622 request_id=616dc29a-72dd-4472-8c09-e7bbfc9ba400 headers_us=28023 stream_us=19
2026-09-26T22:57:19.602425Z	debug	dynamo_static_selector_rpc	static selector RPC	connection.id=147 request.id=277440 request_id=f869debf-07b5-4f79-b3b8-f1ed107f3100 elapsed_us=28056
static_stage_us prepare=41818 prefill=26247 select=28062 decode=1015 total=97142
2026-09-26T22:57:19.606323Z	debug	dynamo_static_rpc_split	static prefill RPC split	connection.id=639 request.id=277689 request_id=468149ea-8a68-48bf-bdf1-797a9a78c200 headers_us=25211 stream_us=17
2026-09-26T22:57:19.613011Z	debug	dynamo_static_rpc_split	static prefill RPC split	connection.id=290 request.id=277673 request_id=2dfb476a-4aea-4398-a05f-ffbd20b4ef00 headers_us=25791 stream_us=1010
2026-09-26T22:57:19.620226Z	debug	dynamo_static_buffer_ready	static prefill channel buffer readiness	connection.id=309 request.id=277890 request_id=239d1885-0dd6-4f6f-9dd4-e479e05ffe00 ready_us=0 ready_offset_us=2 is_ok=true
2026-09-26T22:57:19.620269Z	debug	dynamo_static_buffer_ready	static prefill channel buffer readiness	connection.id=606 request.id=277909 request_id=0ed143d3-03b7-4268-843d-0926dc31af00 ready_us=0 ready_offset_us=5 is_ok=true
2026-09-26T22:57:19.621024Z	debug	dynamo_static_selector_rpc	static selector RPC	connection.id=193 request.id=277507 request_id=86899232-52ba-4cc6-bc3b-f7105bb35200 elapsed_us=28884
static_stage_us prepare=44873 prefill=33647 select=28895 decode=1095 total=108510
2026-09-26T22:57:19.623668Z	debug	dynamo_static_selector_rpc	static selector RPC	connection.id=395 request.id=277542 request_id=4ff0d292-67d6-407c-9bc2-38781b097700 elapsed_us=27069
static_stage_us prepare=49176 prefill=30145 select=27078 decode=1278 total=107677
2026-09-26T22:57:19.628049Z	debug	dynamo_static_selector_rpc	static selector RPC	connection.id=420 request.id=277622 request_id=616dc29a-72dd-4472-8c09-e7bbfc9ba400 elapsed_us=25778
static_stage_us prepare=45891 prefill=28054 select=25790 decode=1182 total=100917
2026-09-26T22:57:19.633113Z	debug	dynamo_static_selector_rpc	static selector RPC	connection.id=639 request.id=277689 request_id=468149ea-8a68-48bf-bdf1-797a9a78c200 elapsed_us=26737
static_stage_us prepare=45335 prefill=25283 select=26748 decode=806 total=98172
2026-09-26T22:57:19.634517Z	debug	dynamo_static_selector_rpc	static selector RPC	connection.id=290 request.id=277673 request_id=2dfb476a-4aea-4398-a05f-ffbd20b4ef00 elapsed_us=20983
static_stage_us prepare=52055 prefill=27326 select=20999 decode=1343 total=101723
2026-09-26T22:57:19.646156Z	debug	dynamo_static_rpc_split	static prefill RPC split	connection.id=606 request.id=277909 request_id=0ed143d3-03b7-4268-843d-0926dc31af00 headers_us=25871 stream_us=19
2026-09-26T22:57:19.649217Z	debug	dynamo_static_rpc_split	static prefill RPC split	connection.id=309 request.id=277890 request_id=239d1885-0dd6-4f6f-9dd4-e479e05ffe00 headers_us=28984 stream_us=9
2026-09-26T22:57:19.664363Z	debug	dynamo_static_selector_rpc	static selector RPC	connection.id=606 request.id=277909 request_id=0ed143d3-03b7-4268-843d-0926dc31af00 elapsed_us=18193
2026-09-26T22:57:19.664467Z	debug	dynamo_static_selector_rpc	static selector RPC	connection.id=309 request.id=277890 request_id=239d1885-0dd6-4f6f-9dd4-e479e05ffe00 elapsed_us=15239
static_stage_us prepare=55460 prefill=29005 select=15262 decode=1162 total=100889
static_stage_us prepare=51341 prefill=25905 select=18206 decode=1805 total=97257
2026-09-26T22:57:19.685643Z	debug	dynamo_static_buffer_ready	static prefill channel buffer readiness	connection.id=785 request.id=278316 request_id=ad9d1a8c-c5f8-4bb0-abf7-73ed015e7c00 ready_us=0 ready_offset_us=1 is_ok=true
2026-09-26T22:57:19.703896Z	debug	dynamo_static_rpc_split	static prefill RPC split	connection.id=785 request.id=278316 request_id=ad9d1a8c-c5f8-4bb0-abf7-73ed015e7c00 headers_us=18251 stream_us=2
2026-09-26T22:57:19.723371Z	debug	dynamo_static_selector_rpc	static selector RPC	connection.id=785 request.id=278316 request_id=ad9d1a8c-c5f8-4bb0-abf7-73ed015e7c00 elapsed_us=19463
static_stage_us prepare=33055 prefill=18267 select=19496 decode=5213 total=76031
2026-09-26T22:57:19.770252Z	debug	dynamo_static_buffer_ready	static prefill channel buffer readiness	connection.id=741 request.id=278764 request_id=763007ca-978a-4a21-bac2-743587e24800 ready_us=1 ready_offset_us=3 is_ok=true
2026-09-26T22:57:19.779920Z	debug	dynamo_static_rpc_split	static prefill RPC split	connection.id=741 request.id=278764 request_id=763007ca-978a-4a21-bac2-743587e24800 headers_us=9657 stream_us=14
2026-09-26T22:57:19.796382Z	debug	dynamo_static_selector_rpc	static selector RPC	connection.id=741 request.id=278764 request_id=763007ca-978a-4a21-bac2-743587e24800 elapsed_us=16439
static_stage_us prepare=25015 prefill=9686 select=16465 decode=892 total=52058
2026-09-26T22:57:19.911322Z	debug	dynamo_static_buffer_ready	static prefill channel buffer readiness	connection.id=887 request.id=279524 request_id=b0f88899-180e-4a17-ba53-6a6a8bb56300 ready_us=0 ready_offset_us=3 is_ok=true
2026-09-26T22:57:19.922225Z	debug	dynamo_static_rpc_split	static prefill RPC split	connection.id=887 request.id=279524 request_id=b0f88899-180e-4a17-ba53-6a6a8bb56300 headers_us=10902 stream_us=3
2026-09-26T22:57:19.930064Z	debug	dynamo_static_selector_rpc	static selector RPC	connection.id=887 request.id=279524 request_id=b0f88899-180e-4a17-ba53-6a6a8bb56300 elapsed_us=7825
static_stage_us prepare=9005 prefill=10921 select=7836 decode=1174 total=28936
2026-09-26T22:57:19.932882Z	debug	dynamo_static_buffer_ready	static prefill channel buffer readiness	connection.id=875 request.id=279686 request_id=d6851621-e87a-469b-8f8e-a702cfef1800 ready_us=0 ready_offset_us=3 is_ok=true
2026-09-26T22:57:19.940198Z	debug	dynamo_static_rpc_split	static prefill RPC split	connection.id=875 request.id=279686 request_id=d6851621-e87a-469b-8f8e-a702cfef1800 headers_us=7316 stream_us=3
2026-09-26T22:57:19.956989Z	debug	dynamo_static_selector_rpc	static selector RPC	connection.id=875 request.id=279686 request_id=d6851621-e87a-469b-8f8e-a702cfef1800 elapsed_us=16775
static_stage_us prepare=8578 prefill=7336 select=16786 decode=998 total=33698
2026-09-26T22:57:20.015600Z	debug	dynamo_static_buffer_ready	static prefill channel buffer readiness	connection.id=719 request.id=280077 request_id=a8129cd7-8c52-4fbd-95b7-52edaed5c500 ready_us=0 ready_offset_us=4 is_ok=true
2026-09-26T22:57:20.021100Z	debug	dynamo_static_rpc_split	static prefill RPC split	connection.id=719 request.id=280077 request_id=a8129cd7-8c52-4fbd-95b7-52edaed5c500 headers_us=5499 stream_us=4
2026-09-26T22:57:20.027691Z	debug	dynamo_static_selector_rpc	static selector RPC	connection.id=719 request.id=280077 request_id=a8129cd7-8c52-4fbd-95b7-52edaed5c500 elapsed_us=6572
static_stage_us prepare=8570 prefill=5522 select=6589 decode=973 total=21654
2026-09-26T22:57:20.051041Z	debug	dynamo_static_buffer_ready	static prefill channel buffer readiness	connection.id=746 request.id=280289 request_id=6e1bf655-32d3-4e7d-9b7f-6fb6e0f73200 ready_us=0 ready_offset_us=5 is_ok=true
2026-09-26T22:57:20.054637Z	debug	dynamo_static_rpc_split	static prefill RPC split	connection.id=746 request.id=280289 request_id=6e1bf655-32d3-4e7d-9b7f-6fb6e0f73200 headers_us=3593 stream_us=7
2026-09-26T22:57:20.058980Z	debug	dynamo_static_selector_rpc	static selector RPC	connection.id=746 request.id=280289 request_id=6e1bf655-32d3-4e7d-9b7f-6fb6e0f73200 elapsed_us=4330
static_stage_us prepare=10148 prefill=3615 select=4357 decode=861 total=18981
2026-09-26T22:57:20.098407Z	debug	dynamo_static_buffer_ready	static prefill channel buffer readiness	connection.id=811 request.id=280531 request_id=88ae2e03-c498-48dd-a96e-0b204fa38100 ready_us=0 ready_offset_us=4 is_ok=true
2026-09-26T22:57:20.106219Z	debug	dynamo_static_rpc_split	static prefill RPC split	connection.id=811 request.id=280531 request_id=88ae2e03-c498-48dd-a96e-0b204fa38100 headers_us=7805 stream_us=11
2026-09-26T22:57:20.113604Z	debug	dynamo_static_selector_rpc	static selector RPC	connection.id=811 request.id=280531 request_id=88ae2e03-c498-48dd-a96e-0b204fa38100 elapsed_us=7367
static_stage_us prepare=12843 prefill=7835 select=7379 decode=1812 total=29869
2026-09-26T22:57:20.119073Z	debug	dynamo_static_buffer_ready	static prefill channel buffer readiness	connection.id=709 request.id=280653 request_id=6ec1e44e-b99c-43bb-ba82-de4f1a726100 ready_us=0 ready_offset_us=3 is_ok=true
2026-09-26T22:57:20.123235Z	debug	dynamo_static_buffer_ready	static prefill channel buffer readiness	connection.id=831 request.id=280669 request_id=be8922ae-b122-4362-a0d0-8ff6e9d64f00 ready_us=0 ready_offset_us=4 is_ok=true
2026-09-26T22:57:20.123353Z	debug	dynamo_static_rpc_split	static prefill RPC split	connection.id=709 request.id=280653 request_id=6ec1e44e-b99c-43bb-ba82-de4f1a726100 headers_us=4280 stream_us=3
2026-09-26T22:57:20.127181Z	debug	dynamo_static_rpc_split	static prefill RPC split	connection.id=831 request.id=280669 request_id=be8922ae-b122-4362-a0d0-8ff6e9d64f00 headers_us=3946 stream_us=4
2026-09-26T22:57:20.128383Z	debug	dynamo_static_buffer_ready	static prefill channel buffer readiness	connection.id=903 request.id=280698 request_id=41f9afb3-8e2d-47e9-b18d-73bb5a3dbd00 ready_us=0 ready_offset_us=4 is_ok=true
2026-09-26T22:57:20.128530Z	debug	dynamo_static_selector_rpc	static selector RPC	connection.id=709 request.id=280653 request_id=6ec1e44e-b99c-43bb-ba82-de4f1a726100 elapsed_us=5167
static_stage_us prepare=8644 prefill=4294 select=5171 decode=1307 total=19416
2026-09-26T22:57:20.133541Z	debug	dynamo_static_selector_rpc	static selector RPC	connection.id=831 request.id=280669 request_id=be8922ae-b122-4362-a0d0-8ff6e9d64f00 elapsed_us=6299
2026-09-26T22:57:20.133618Z	debug	dynamo_static_rpc_split	static prefill RPC split	connection.id=903 request.id=280698 request_id=41f9afb3-8e2d-47e9-b18d-73bb5a3dbd00 headers_us=5229 stream_us=9
static_stage_us prepare=11551 prefill=4011 select=6363 decode=995 total=22920
2026-09-26T22:57:20.139451Z	debug	dynamo_static_selector_rpc	static selector RPC	connection.id=903 request.id=280698 request_id=41f9afb3-8e2d-47e9-b18d-73bb5a3dbd00 elapsed_us=5821
static_stage_us prepare=12117 prefill=5250 select=5836 decode=866 total=24069
2026-09-26T22:57:20.168477Z	debug	dynamo_static_buffer_ready	static prefill channel buffer readiness	connection.id=750 request.id=280947 request_id=04f7f61f-ace0-4a70-9218-ac678505c300 ready_us=0 ready_offset_us=3 is_ok=true
2026-09-26T22:57:20.176672Z	debug	dynamo_static_rpc_split	static prefill RPC split	connection.id=750 request.id=280947 request_id=04f7f61f-ace0-4a70-9218-ac678505c300 headers_us=8195 stream_us=3
2026-09-26T22:57:20.178194Z	debug	dynamo_static_buffer_ready	static prefill channel buffer readiness	connection.id=920 request.id=281001 request_id=cd254148-b3b7-41a2-a53c-224beb99f800 ready_us=0 ready_offset_us=4 is_ok=true
2026-09-26T22:57:20.179870Z	debug	dynamo_static_selector_rpc	static selector RPC	connection.id=750 request.id=280947 request_id=04f7f61f-ace0-4a70-9218-ac678505c300 elapsed_us=3186
static_stage_us prepare=9661 prefill=8212 select=3203 decode=949 total=22025
2026-09-26T22:57:20.182651Z	debug	dynamo_static_rpc_split	static prefill RPC split	connection.id=920 request.id=281001 request_id=cd254148-b3b7-41a2-a53c-224beb99f800 headers_us=4456 stream_us=4
2026-09-26T22:57:20.189182Z	debug	dynamo_static_selector_rpc	static selector RPC	connection.id=920 request.id=281001 request_id=cd254148-b3b7-41a2-a53c-224beb99f800 elapsed_us=6521
static_stage_us prepare=11412 prefill=4472 select=6531 decode=1076 total=23491
2026-09-26T22:57:20.213525Z	debug	dynamo_static_buffer_ready	static prefill channel buffer readiness	connection.id=932 request.id=281207 request_id=2b9fea98-0508-445c-9fcc-de2b65962c00 ready_us=0 ready_offset_us=3 is_ok=true
2026-09-26T22:57:20.220304Z	debug	dynamo_static_rpc_split	static prefill RPC split	connection.id=932 request.id=281207 request_id=2b9fea98-0508-445c-9fcc-de2b65962c00 headers_us=6771 stream_us=11
2026-09-26T22:57:20.228164Z	debug	dynamo_static_selector_rpc	static selector RPC	connection.id=932 request.id=281207 request_id=2b9fea98-0508-445c-9fcc-de2b65962c00 elapsed_us=7838
static_stage_us prepare=12156 prefill=6804 select=7872 decode=1326 total=28158
2026-09-26T22:57:20.257176Z	debug	dynamo_static_buffer_ready	static prefill channel buffer readiness	connection.id=933 request.id=281434 request_id=a9429ea1-a9e4-4efe-a314-350c31c5a100 ready_us=0 ready_offset_us=3 is_ok=true
2026-09-26T22:57:20.259657Z	debug	dynamo_static_rpc_split	static prefill RPC split	connection.id=933 request.id=281434 request_id=a9429ea1-a9e4-4efe-a314-350c31c5a100 headers_us=2480 stream_us=3
2026-09-26T22:57:20.262632Z	debug	dynamo_static_selector_rpc	static selector RPC	connection.id=933 request.id=281434 request_id=a9429ea1-a9e4-4efe-a314-350c31c5a100 elapsed_us=2960
static_stage_us prepare=5071 prefill=2499 select=2973 decode=1173 total=11716
2026-09-26T22:57:20.328874Z	debug	dynamo_static_buffer_ready	static prefill channel buffer readiness	connection.id=928 request.id=281812 request_id=2f773650-bc45-4c32-b383-b05f311cc900 ready_us=0 ready_offset_us=2 is_ok=true
2026-09-26T22:57:20.332571Z	debug	dynamo_static_rpc_split	static prefill RPC split	connection.id=928 request.id=281812 request_id=2f773650-bc45-4c32-b383-b05f311cc900 headers_us=3689 stream_us=9
2026-09-26T22:57:20.334636Z	debug	dynamo_static_selector_rpc	static selector RPC	connection.id=928 request.id=281812 request_id=2f773650-bc45-4c32-b383-b05f311cc900 elapsed_us=2051
static_stage_us prepare=4681 prefill=3713 select=2064 decode=1609 total=12067
2026-09-26T22:57:20.367741Z	debug	dynamo_static_buffer_ready	static prefill channel buffer readiness	connection.id=943 request.id=281993 request_id=2a7bc32b-97bd-4696-8768-71413dde5300 ready_us=0 ready_offset_us=9 is_ok=true
2026-09-26T22:57:20.370832Z	debug	dynamo_static_rpc_split	static prefill RPC split	connection.id=943 request.id=281993 request_id=2a7bc32b-97bd-4696-8768-71413dde5300 headers_us=3085 stream_us=14
2026-09-26T22:57:20.375867Z	debug	dynamo_static_selector_rpc	static selector RPC	connection.id=943 request.id=281993 request_id=2a7bc32b-97bd-4696-8768-71413dde5300 elapsed_us=5018
static_stage_us prepare=7454 prefill=3116 select=5032 decode=936 total=16538
2026-09-26T22:57:20.457446Z	debug	dynamo_static_buffer_ready	static prefill channel buffer readiness	connection.id=865 request.id=282420 request_id=67f2553d-10df-4424-8b1f-6cc581a14600 ready_us=1 ready_offset_us=4 is_ok=true
2026-09-26T22:57:20.462596Z	debug	dynamo_static_rpc_split	static prefill RPC split	connection.id=865 request.id=282420 request_id=67f2553d-10df-4424-8b1f-6cc581a14600 headers_us=5150 stream_us=4
static_stage_us prepare=5037 prefill=5166 select=2700 decode=870 total=13773
2026-09-26T22:57:20.465294Z	debug	dynamo_static_selector_rpc	static selector RPC	connection.id=865 request.id=282420 request_id=67f2553d-10df-4424-8b1f-6cc581a14600 elapsed_us=2686
2026-09-26T22:57:20.483913Z	debug	dynamo_static_buffer_ready	static prefill channel buffer readiness	connection.id=949 request.id=282567 request_id=d07c033a-b8b6-4412-abbe-1e4ec3f9f100 ready_us=0 ready_offset_us=5 is_ok=true
2026-09-26T22:57:20.487545Z	debug	dynamo_static_rpc_split	static prefill RPC split	connection.id=949 request.id=282567 request_id=d07c033a-b8b6-4412-abbe-1e4ec3f9f100 headers_us=3625 stream_us=11
2026-09-26T22:57:20.490570Z	debug	dynamo_static_selector_rpc	static selector RPC	connection.id=949 request.id=282567 request_id=d07c033a-b8b6-4412-abbe-1e4ec3f9f100 elapsed_us=3002
2026-09-26T22:57:20.491001Z	debug	dynamo_static_buffer_ready	static prefill channel buffer readiness	connection.id=857 request.id=282613 request_id=4f62488a-4a0f-4a7f-99f9-b32a7e59be00 ready_us=0 ready_offset_us=3 is_ok=true
static_stage_us prepare=3861 prefill=3661 select=3015 decode=656 total=11193
2026-09-26T22:57:20.495244Z	debug	dynamo_static_rpc_split	static prefill RPC split	connection.id=857 request.id=282613 request_id=4f62488a-4a0f-4a7f-99f9-b32a7e59be00 headers_us=4244 stream_us=2
2026-09-26T22:57:20.497229Z	debug	dynamo_static_selector_rpc	static selector RPC	connection.id=857 request.id=282613 request_id=4f62488a-4a0f-4a7f-99f9-b32a7e59be00 elapsed_us=1973
static_stage_us prepare=6209 prefill=4259 select=1985 decode=825 total=13278
2026-09-26T22:57:20.604327Z	debug	dynamo_static_buffer_ready	static prefill channel buffer readiness	connection.id=889 request.id=283201 request_id=a6ffb2da-c09c-477e-8051-0cf7cfc78e00 ready_us=1 ready_offset_us=4 is_ok=true
2026-09-26T22:57:20.604434Z	debug	dynamo_static_buffer_ready	static prefill channel buffer readiness	connection.id=945 request.id=283209 request_id=6fcff3cc-8b18-4a5f-9ec6-202b63f65400 ready_us=0 ready_offset_us=1 is_ok=true
2026-09-26T22:57:20.610302Z	debug	dynamo_static_rpc_split	static prefill RPC split	connection.id=945 request.id=283209 request_id=6fcff3cc-8b18-4a5f-9ec6-202b63f65400 headers_us=5864 stream_us=4
2026-09-26T22:57:20.610607Z	debug	dynamo_static_rpc_split	static prefill RPC split	connection.id=889 request.id=283201 request_id=a6ffb2da-c09c-477e-8051-0cf7cfc78e00 headers_us=6272 stream_us=13
2026-09-26T22:57:20.614604Z	debug	dynamo_static_selector_rpc	static selector RPC	connection.id=889 request.id=283201 request_id=a6ffb2da-c09c-477e-8051-0cf7cfc78e00 elapsed_us=3980
2026-09-26T22:57:20.615052Z	debug	dynamo_static_selector_rpc	static selector RPC	connection.id=945 request.id=283209 request_id=6fcff3cc-8b18-4a5f-9ec6-202b63f65400 elapsed_us=4737
static_stage_us prepare=9575 prefill=6301 select=3993 decode=1104 total=20973
static_stage_us prepare=9483 prefill=5882 select=4749 decode=788 total=20902
2026-09-26T22:57:20.835239Z	debug	dynamo_static_buffer_ready	static prefill channel buffer readiness	connection.id=923 request.id=284494 request_id=f66a48ab-cff2-44bf-9be4-0ead228ac500 ready_us=0 ready_offset_us=3 is_ok=true
2026-09-26T22:57:20.837489Z	debug	dynamo_static_rpc_split	static prefill RPC split	connection.id=923 request.id=284494 request_id=f66a48ab-cff2-44bf-9be4-0ead228ac500 headers_us=2248 stream_us=4
2026-09-26T22:57:20.840768Z	debug	dynamo_static_selector_rpc	static selector RPC	connection.id=923 request.id=284494 request_id=f66a48ab-cff2-44bf-9be4-0ead228ac500 elapsed_us=3267
static_stage_us prepare=5540 prefill=2266 select=3287 decode=648 total=11741
2026-09-26T22:57:20.847110Z	debug	dynamo_static_buffer_ready	static prefill channel buffer readiness	connection.id=893 request.id=284559 request_id=dd6d171c-4fec-4e76-a75a-9f6c76034500 ready_us=0 ready_offset_us=2 is_ok=true
2026-09-26T22:57:20.849273Z	debug	dynamo_static_rpc_split	static prefill RPC split	connection.id=893 request.id=284559 request_id=dd6d171c-4fec-4e76-a75a-9f6c76034500 headers_us=2153 stream_us=12
2026-09-26T22:57:20.852848Z	debug	dynamo_static_selector_rpc	static selector RPC	connection.id=893 request.id=284559 request_id=dd6d171c-4fec-4e76-a75a-9f6c76034500 elapsed_us=3203
static_stage_us prepare=5256 prefill=2533 select=3224 decode=783 total=11796
2026-09-26T22:57:20.880984Z	debug	dynamo_static_buffer_ready	static prefill channel buffer readiness	connection.id=937 request.id=284713 request_id=ac8a3cbe-4807-4a9d-9113-f0e34d546400 ready_us=0 ready_offset_us=4 is_ok=true
2026-09-26T22:57:20.886888Z	debug	dynamo_static_rpc_split	static prefill RPC split	connection.id=937 request.id=284713 request_id=ac8a3cbe-4807-4a9d-9113-f0e34d546400 headers_us=3629 stream_us=2279
2026-09-26T22:57:20.890163Z	debug	dynamo_static_selector_rpc	static selector RPC	connection.id=937 request.id=284713 request_id=ac8a3cbe-4807-4a9d-9113-f0e34d546400 elapsed_us=3259
static_stage_us prepare=7850 prefill=5925 select=3272 decode=853 total=17900
2026-09-26T22:57:20.934553Z	debug	dynamo_static_buffer_ready	static prefill channel buffer readiness	connection.id=887 request.id=285045 request_id=42d57195-c0ea-4763-8f59-48a9cfb13500 ready_us=0 ready_offset_us=4 is_ok=true
2026-09-26T22:57:20.938864Z	debug	dynamo_static_rpc_split	static prefill RPC split	connection.id=887 request.id=285045 request_id=42d57195-c0ea-4763-8f59-48a9cfb13500 headers_us=4308 stream_us=6
2026-09-26T22:57:20.942434Z	debug	dynamo_static_selector_rpc	static selector RPC	connection.id=887 request.id=285045 request_id=42d57195-c0ea-4763-8f59-48a9cfb13500 elapsed_us=3243
static_stage_us prepare=5183 prefill=4644 select=3252 decode=975 total=14054
2026-09-26T22:57:20.945298Z	debug	dynamo_static_buffer_ready	static prefill channel buffer readiness	connection.id=876 request.id=285089 request_id=b5530afd-fbb0-410a-9688-0b1ebf72f900 ready_us=0 ready_offset_us=3 is_ok=true
2026-09-26T22:57:20.947842Z	debug	dynamo_static_rpc_split	static prefill RPC split	connection.id=876 request.id=285089 request_id=b5530afd-fbb0-410a-9688-0b1ebf72f900 headers_us=2540 stream_us=7
static_stage_us prepare=4897 prefill=2561 select=2349 decode=675 total=10482
2026-09-26T22:57:20.950188Z	debug	dynamo_static_selector_rpc	static selector RPC	connection.id=876 request.id=285089 request_id=b5530afd-fbb0-410a-9688-0b1ebf72f900 elapsed_us=2333
2026-09-26T22:57:20.960852Z	debug	dynamo_static_buffer_ready	static prefill channel buffer readiness	connection.id=945 request.id=285174 request_id=d1c76a9b-016b-4fcb-94f6-43c4f12c4900 ready_us=0 ready_offset_us=3 is_ok=true
2026-09-26T22:57:20.964444Z	debug	dynamo_static_rpc_split	static prefill RPC split	connection.id=945 request.id=285174 request_id=d1c76a9b-016b-4fcb-94f6-43c4f12c4900 headers_us=3591 stream_us=4
2026-09-26T22:57:20.965434Z	debug	dynamo_static_buffer_ready	static prefill channel buffer readiness	connection.id=907 request.id=285202 request_id=134088cc-c05d-4e98-8389-43397140e700 ready_us=5 ready_offset_us=35 is_ok=true
2026-09-26T22:57:20.967556Z	debug	dynamo_static_selector_rpc	static selector RPC	connection.id=945 request.id=285174 request_id=d1c76a9b-016b-4fcb-94f6-43c4f12c4900 elapsed_us=2958
static_stage_us prepare=6141 prefill=3754 select=2971 decode=913 total=13779
2026-09-26T22:57:20.971197Z	debug	dynamo_static_rpc_split	static prefill RPC split	connection.id=907 request.id=285202 request_id=134088cc-c05d-4e98-8389-43397140e700 headers_us=5784 stream_us=13
2026-09-26T22:57:20.975255Z	debug	dynamo_static_selector_rpc	static selector RPC	connection.id=907 request.id=285202 request_id=134088cc-c05d-4e98-8389-43397140e700 elapsed_us=4044
2026-09-26T22:57:20.975736Z	debug	dynamo_static_buffer_ready	static prefill channel buffer readiness	connection.id=833 request.id=285250 request_id=c40ec4c9-7ece-41a8-bb0d-a188dabce300 ready_us=0 ready_offset_us=3 is_ok=true
static_stage_us prepare=5612 prefill=5812 select=4055 decode=911 total=16390
2026-09-26T22:57:20.981208Z	debug	dynamo_static_rpc_split	static prefill RPC split	connection.id=833 request.id=285250 request_id=c40ec4c9-7ece-41a8-bb0d-a188dabce300 headers_us=5472 stream_us=3
2026-09-26T22:57:20.985391Z	debug	dynamo_static_selector_rpc	static selector RPC	connection.id=833 request.id=285250 request_id=c40ec4c9-7ece-41a8-bb0d-a188dabce300 elapsed_us=4171
static_stage_us prepare=6699 prefill=5487 select=4183 decode=1457 total=17826
2026-09-26T22:57:21.014000Z	debug	dynamo_static_buffer_ready	static prefill channel buffer readiness	connection.id=835 request.id=285463 request_id=a781b923-3d3f-40c1-ba94-debdb1e47000 ready_us=1 ready_offset_us=5 is_ok=true
2026-09-26T22:57:21.018114Z	debug	dynamo_static_rpc_split	static prefill RPC split	connection.id=835 request.id=285463 request_id=a781b923-3d3f-40c1-ba94-debdb1e47000 headers_us=4116 stream_us=3
2026-09-26T22:57:21.023037Z	debug	dynamo_static_selector_rpc	static selector RPC	connection.id=835 request.id=285463 request_id=a781b923-3d3f-40c1-ba94-debdb1e47000 elapsed_us=4911
static_stage_us prepare=3113 prefill=4131 select=4922 decode=819 total=12985
2026-09-26T22:57:21.120541Z	debug	dynamo_static_buffer_ready	static prefill channel buffer readiness	connection.id=857 request.id=286022 request_id=b1c8672b-8a4a-4bb0-b5f4-10f31e25ec00 ready_us=1 ready_offset_us=4 is_ok=true
2026-09-26T22:57:21.120550Z	debug	dynamo_static_buffer_ready	static prefill channel buffer readiness	connection.id=901 request.id=286019 request_id=d8425bca-fa12-4c29-9b8d-d93ac3a66a00 ready_us=1 ready_offset_us=5 is_ok=true
2026-09-26T22:57:21.123063Z	debug	dynamo_static_rpc_split	static prefill RPC split	connection.id=857 request.id=286022 request_id=b1c8672b-8a4a-4bb0-b5f4-10f31e25ec00 headers_us=2523 stream_us=3
2026-09-26T22:57:21.123978Z	debug	dynamo_static_rpc_split	static prefill RPC split	connection.id=901 request.id=286019 request_id=d8425bca-fa12-4c29-9b8d-d93ac3a66a00 headers_us=3427 stream_us=6
2026-09-26T22:57:21.128226Z	debug	dynamo_static_selector_rpc	static selector RPC	connection.id=857 request.id=286022 request_id=b1c8672b-8a4a-4bb0-b5f4-10f31e25ec00 elapsed_us=5151
static_stage_us prepare=6863 prefill=2538 select=5177 decode=1066 total=15644
2026-09-26T22:57:21.129834Z	debug	dynamo_static_selector_rpc	static selector RPC	connection.id=901 request.id=286019 request_id=d8425bca-fa12-4c29-9b8d-d93ac3a66a00 elapsed_us=5813
static_stage_us prepare=7297 prefill=3478 select=5844 decode=1050 total=17669
2026-09-26T22:57:21.164272Z	debug	dynamo_static_buffer_ready	static prefill channel buffer readiness	connection.id=864 request.id=286264 request_id=4ed0dc1b-5152-4c8e-8bd6-0f86ca4b6200 ready_us=0 ready_offset_us=4 is_ok=true
2026-09-26T22:57:21.167953Z	debug	dynamo_static_rpc_split	static prefill RPC split	connection.id=864 request.id=286264 request_id=4ed0dc1b-5152-4c8e-8bd6-0f86ca4b6200 headers_us=3662 stream_us=21
2026-09-26T22:57:21.171352Z	debug	dynamo_static_buffer_ready	static prefill channel buffer readiness	connection.id=844 request.id=286287 request_id=dda9b22b-1f4a-4edd-923b-4048418a8500 ready_us=0 ready_offset_us=4 is_ok=true
2026-09-26T22:57:21.173250Z	debug	dynamo_static_selector_rpc	static selector RPC	connection.id=864 request.id=286264 request_id=4ed0dc1b-5152-4c8e-8bd6-0f86ca4b6200 elapsed_us=5278
2026-09-26T22:57:21.173355Z	debug	dynamo_static_buffer_ready	static prefill channel buffer readiness	connection.id=818 request.id=286302 request_id=896dc500-a5e5-436a-ac3d-e144f328d500 ready_us=0 ready_offset_us=14 is_ok=true
static_stage_us prepare=5697 prefill=3703 select=5290 decode=1862 total=16552
2026-09-26T22:57:21.176609Z	debug	dynamo_static_rpc_split	static prefill RPC split	connection.id=844 request.id=286287 request_id=dda9b22b-1f4a-4edd-923b-4048418a8500 headers_us=5256 stream_us=5
2026-09-26T22:57:21.178708Z	debug	dynamo_static_rpc_split	static prefill RPC split	connection.id=818 request.id=286302 request_id=896dc500-a5e5-436a-ac3d-e144f328d500 headers_us=5363 stream_us=3
static_stage_us prepare=9233 prefill=5382 select=4380 decode=1096 total=20091
2026-09-26T22:57:21.183090Z	debug	dynamo_static_selector_rpc	static selector RPC	connection.id=818 request.id=286302 request_id=896dc500-a5e5-436a-ac3d-e144f328d500 elapsed_us=4367
2026-09-26T22:57:21.186143Z	debug	dynamo_static_selector_rpc	static selector RPC	connection.id=844 request.id=286287 request_id=dda9b22b-1f4a-4edd-923b-4048418a8500 elapsed_us=9515
static_stage_us prepare=9806 prefill=5280 select=9529 decode=983 total=25598
2026-09-26T22:57:21.206080Z	debug	dynamo_static_buffer_ready	static prefill channel buffer readiness	connection.id=951 request.id=286480 request_id=cb8b9473-f9eb-45ea-9fc7-595ea8492300 ready_us=0 ready_offset_us=5 is_ok=true
2026-09-26T22:57:21.208427Z	debug	dynamo_static_rpc_split	static prefill RPC split	connection.id=951 request.id=286480 request_id=cb8b9473-f9eb-45ea-9fc7-595ea8492300 headers_us=2343 stream_us=9
2026-09-26T22:57:21.212652Z	debug	dynamo_static_selector_rpc	static selector RPC	connection.id=951 request.id=286480 request_id=cb8b9473-f9eb-45ea-9fc7-595ea8492300 elapsed_us=4212
static_stage_us prepare=6615 prefill=2364 select=4227 decode=807 total=14013
2026-09-26T22:57:21.274090Z	debug	dynamo_static_buffer_ready	static prefill channel buffer readiness	connection.id=931 request.id=286837 request_id=134e0b53-fbd3-45d6-9697-6c197d3eff00 ready_us=1 ready_offset_us=4 is_ok=true
2026-09-26T22:57:21.278356Z	debug	dynamo_static_rpc_split	static prefill RPC split	connection.id=931 request.id=286837 request_id=134e0b53-fbd3-45d6-9697-6c197d3eff00 headers_us=4204 stream_us=65
2026-09-26T22:57:21.281795Z	debug	dynamo_static_selector_rpc	static selector RPC	connection.id=931 request.id=286837 request_id=134e0b53-fbd3-45d6-9697-6c197d3eff00 elapsed_us=3423
static_stage_us prepare=6732 prefill=4285 select=3438 decode=732 total=15187
2026-09-26T22:57:21.290768Z	debug	dynamo_static_buffer_ready	static prefill channel buffer readiness	connection.id=934 request.id=286922 request_id=5d5543d1-6eea-4fb4-9d75-deb79aee5700 ready_us=0 ready_offset_us=4 is_ok=true
2026-09-26T22:57:21.292761Z	debug	dynamo_static_rpc_split	static prefill RPC split	connection.id=934 request.id=286922 request_id=5d5543d1-6eea-4fb4-9d75-deb79aee5700 headers_us=1975 stream_us=21
2026-09-26T22:57:21.293620Z	debug	dynamo_static_selector_rpc	static selector RPC	connection.id=934 request.id=286922 request_id=5d5543d1-6eea-4fb4-9d75-deb79aee5700 elapsed_us=840
static_stage_us prepare=5192 prefill=2016 select=856 decode=844 total=8908
